grid_id,lat,long,week_num,crime_num,do_num,do_num_1,do_num_2,do_num_3,do_num_4,do_num_5,do_num_6,do_num_7,do_spill,do_spill_1,do_spill_2,do_spill_3,do_spill_4,do_spill_5,do_spill_6,do_spill_7
1_1,10.025,-61.875,0,0,0,,,,,,,,0,,,,,,,
1_1,10.025,-61.875,1,0,0,0,,,,,,,0,0,,,,,,
1_1,10.025,-61.875,2,0,0,0,0,,,,,,0,0,0,,,,,
1_1,10.025,-61.875,3,0,0,0,0,0,,,,,0,0,0,0,,,,
1_1,10.025,-61.875,4,0,0,0,0,0,0,,,,0,0,0,0,0,,,
1_1,10.025,-61.875,5,0,0,0,0,0,0,0,,,0,0,0,0,0,0,,
1_1,10.025,-61.875,6,0,0,0,0,0,0,0,0,,0,0,0,0,0,0,0,
1_1,10.025,-61.875,7,0,0,0,0,0,0,0,0,0,0,0,0,0,0,0,0,0
1_1,10.025,-61.875,8,0,0,0,0,0,0,0,0,0,0,0,0,0,0,0,0,0
1_1,10.025,-61.875,9,0,0,0,0,0,0,0,0,0,0.18552433173333394,0,0,0,0,0,0,0
1_1,10.025,-61.875,10,0,0,0,0,0,0,0,0,0,0,0.18552433173333394,0,0,0,0,0,0
1_1,10.025,-61.875,11,0,0,0,0,0,0,0,0,0,0,0,0.18552433173333394,0,0,0,0,0
1_1,10.025,-61.875,12,0,0,0,0,0,0,0,0,0,0,0,0,0.18552433173333394,0,0,0,0
1_1,10.025,-61.875,13,0,0,0,0,0,0,0,0,0,0,0,0,0,0.18552433173333394,0,0,0
1_1,10.025,-61.875,14,0,0,0,0,0,0,0,0,0,0,0,0,0,0,0.18552433173333394,0,0
1_1,10.025,-61.875,15,0,0,0,0,0,0,0,0,0,0,0,0,0,0,0,0.18552433173333394,0
1_1,10.025,-61.875,16,0,0,0,0,0,0,0,0,0,0,0,0,0,0,0,0,0.18552433173333394
1_1,10.025,-61.875,17,0,0,0,0,0,0,0,0,0,0,0,0,0,0,0,0,0
1_1,10.025,-61.875,18,0,0,0,0,0,0,0,0,0,0,0,0,0,0,0,0,0
1_1,10.025,-61.875,19,0,0,0,0,0,0,0,0,0,0,0,0,0,0,0,0,0
1_1,10.025,-61.875,20,0,0,0,0,0,0,0,0,0,0,0,0,0,0,0,0,0
1_1,10.025,-61.875,21,0,0,0,0,0,0,0,0,0,0,0,0,0,0,0,0,0
1_1,10.025,-61.875,22,0,0,0,0,0,0,0,0,0,0,0,0,0,0,0,0,0
1_1,10.025,-61.875,23,0,0,0,0,0,0,0,0,0,0,0,0,0,0,0,0,0
1_1,10.025,-61.875,24,0,0,0,0,0,0,0,0,0,0,0,0,0,0,0,0,0
1_1,10.025,-61.875,25,0,0,0,0,0,0,0,0,0,0,0,0,0,0,0,0,0
1_1,10.025,-61.875,26,0,0,0,0,0,0,0,0,0,0,0,0,0,0,0,0,0
1_1,10.025,-61.875,27,0,0,0,0,0,0,0,0,0,0,0,0,0,0,0,0,0
1_1,10.025,-61.875,28,0,0,0,0,0,0,0,0,0,0,0,0,0,0,0,0,0
1_1,10.025,-61.875,29,0,0,0,0,0,0,0,0,0,0,0,0,0,0,0,0,0
1_1,10.025,-61.875,30,0,0,0,0,0,0,0,0,0,0,0,0,0,0,0,0,0
1_1,10.025,-61.875,31,0,0,0,0,0,0,0,0,0,0,0,0,0,0,0,0,0
1_1,10.025,-61.875,32,0,0,0,0,0,0,0,0,0,0,0,0,0,0,0,0,0
1_1,10.025,-61.875,33,0,0,0,0,0,0,0,0,0,0,0,0,0,0,0,0,0
1_1,10.025,-61.875,34,0,0,0,0,0,0,0,0,0,0,0,0,0,0,0,0,0
1_1,10.025,-61.875,35,0,0,0,0,0,0,0,0,0,0,0,0,0,0,0,0,0
1_1,10.025,-61.875,36,0,0,0,0,0,0,0,0,0,0,0,0,0,0,0,0,0
1_1,10.025,-61.875,37,0,0,0,0,0,0,0,0,0,0,0,0,0,0,0,0,0
1_1,10.025,-61.875,38,0,0,0,0,0,0,0,0,0,0,0,0,0,0,0,0,0
1_1,10.025,-61.875,39,0,0,0,0,0,0,0,0,0,0,0,0,0,0,0,0,0
1_1,10.025,-61.875,40,0,0,0,0,0,0,0,0,0,0,0,0,0,0,0,0,0
1_1,10.025,-61.875,41,0,0,0,0,0,0,0,0,0,0,0,0,0,0,0,0,0
1_1,10.025,-61.875,42,0,0,0,0,0,0,0,0,0,0,0,0,0,0,0,0,0
1_1,10.025,-61.875,43,0,0,0,0,0,0,0,0,0,0,0,0,0,0,0,0,0
1_1,10.025,-61.875,44,0,0,0,0,0,0,0,0,0,0,0,0,0,0,0,0,0
1_1,10.025,-61.875,45,0,0,0,0,0,0,0,0,0,0,0,0,0,0,0,0,0
1_1,10.025,-61.875,46,0,0,0,0,0,0,0,0,0,0,0,0,0,0,0,0,0
1_1,10.025,-61.875,47,0,0,0,0,0,0,0,0,0,0,0,0,0,0,0,0,0
1_1,10.025,-61.875,48,0,0,0,0,0,0,0,0,0,0,0,0,0,0,0,0,0
1_1,10.025,-61.875,49,0,0,0,0,0,0,0,0,0,0,0,0,0,0,0,0,0
1_1,10.025,-61.875,50,0,0,0,0,0,0,0,0,0,0,0,0,0,0,0,0,0
1_1,10.025,-61.875,51,0,0,0,0,0,0,0,0,0,0,0,0,0,0,0,0,0
1_1,10.025,-61.875,52,0,0,0,0,0,0,0,0,0,0,0,0,0,0,0,0,0
1_2,10.075,-61.875,0,0,0,,,,,,,,0,,,,,,,
1_2,10.075,-61.875,1,0,0,0,,,,,,,0,0,,,,,,
1_2,10.075,-61.875,2,0,0,0,0,,,,,,0,0,0,,,,,
1_2,10.075,-61.875,3,0,0,0,0,0,,,,,0,0,0,0,,,,
1_2,10.075,-61.875,4,0,0,0,0,0,0,,,,0,0,0,0,0,,,
1_2,10.075,-61.875,5,0,0,0,0,0,0,0,,,0,0,0,0,0,0,,
1_2,10.075,-61.875,6,0,0,0,0,0,0,0,0,,0,0,0,0,0,0,0,
1_2,10.075,-61.875,7,0,0,0,0,0,0,0,0,0,0,0,0,0,0,0,0,0
1_2,10.075,-61.875,8,0,0,0,0,0,0,0,0,0,0,0,0,0,0,0,0,0
1_2,10.075,-61.875,9,0,0,0,0,0,0,0,0,0,0.17429842980508833,0,0,0,0,0,0,0
1_2,10.075,-61.875,10,0,0,0,0,0,0,0,0,0,0,0.17429842980508833,0,0,0,0,0,0
1_2,10.075,-61.875,11,0,0,0,0,0,0,0,0,0,0,0,0.17429842980508833,0,0,0,0,0
1_2,10.075,-61.875,12,0,0,0,0,0,0,0,0,0,0,0,0,0.17429842980508833,0,0,0,0
1_2,10.075,-61.875,13,0,0,0,0,0,0,0,0,0,0,0,0,0,0.17429842980508833,0,0,0
1_2,10.075,-61.875,14,0,0,0,0,0,0,0,0,0,0,0,0,0,0,0.17429842980508833,0,0
1_2,10.075,-61.875,15,0,0,0,0,0,0,0,0,0,0,0,0,0,0,0,0.17429842980508833,0
1_2,10.075,-61.875,16,0,0,0,0,0,0,0,0,0,0,0,0,0,0,0,0,0.17429842980508833
1_2,10.075,-61.875,17,0,0,0,0,0,0,0,0,0,0,0,0,0,0,0,0,0
1_2,10.075,-61.875,18,0,0,0,0,0,0,0,0,0,0,0,0,0,0,0,0,0
1_2,10.075,-61.875,19,0,0,0,0,0,0,0,0,0,0,0,0,0,0,0,0,0
1_2,10.075,-61.875,20,0,0,0,0,0,0,0,0,0,0,0,0,0,0,0,0,0
1_2,10.075,-61.875,21,0,0,0,0,0,0,0,0,0,0,0,0,0,0,0,0,0
1_2,10.075,-61.875,22,0,0,0,0,0,0,0,0,0,0,0,0,0,0,0,0,0
1_2,10.075,-61.875,23,0,0,0,0,0,0,0,0,0,0,0,0,0,0,0,0,0
1_2,10.075,-61.875,24,0,0,0,0,0,0,0,0,0,0,0,0,0,0,0,0,0
1_2,10.075,-61.875,25,0,0,0,0,0,0,0,0,0,0,0,0,0,0,0,0,0
1_2,10.075,-61.875,26,0,0,0,0,0,0,0,0,0,0,0,0,0,0,0,0,0
1_2,10.075,-61.875,27,0,0,0,0,0,0,0,0,0,0,0,0,0,0,0,0,0
1_2,10.075,-61.875,28,0,0,0,0,0,0,0,0,0,0,0,0,0,0,0,0,0
1_2,10.075,-61.875,29,0,0,0,0,0,0,0,0,0,0,0,0,0,0,0,0,0
1_2,10.075,-61.875,30,0,0,0,0,0,0,0,0,0,0,0,0,0,0,0,0,0
1_2,10.075,-61.875,31,0,0,0,0,0,0,0,0,0,0,0,0,0,0,0,0,0
1_2,10.075,-61.875,32,0,0,0,0,0,0,0,0,0,0,0,0,0,0,0,0,0
1_2,10.075,-61.875,33,0,0,0,0,0,0,0,0,0,0,0,0,0,0,0,0,0
1_2,10.075,-61.875,34,0,0,0,0,0,0,0,0,0,0,0,0,0,0,0,0,0
1_2,10.075,-61.875,35,0,0,0,0,0,0,0,0,0,0,0,0,0,0,0,0,0
1_2,10.075,-61.875,36,0,0,0,0,0,0,0,0,0,0,0,0,0,0,0,0,0
1_2,10.075,-61.875,37,0,0,0,0,0,0,0,0,0,0,0,0,0,0,0,0,0
1_2,10.075,-61.875,38,0,0,0,0,0,0,0,0,0,0,0,0,0,0,0,0,0
1_2,10.075,-61.875,39,0,0,0,0,0,0,0,0,0,0,0,0,0,0,0,0,0
1_2,10.075,-61.875,40,0,0,0,0,0,0,0,0,0,0,0,0,0,0,0,0,0
1_2,10.075,-61.875,41,0,0,0,0,0,0,0,0,0,0,0,0,0,0,0,0,0
1_2,10.075,-61.875,42,0,0,0,0,0,0,0,0,0,0,0,0,0,0,0,0,0
1_2,10.075,-61.875,43,0,0,0,0,0,0,0,0,0,0,0,0,0,0,0,0,0
1_2,10.075,-61.875,44,0,0,0,0,0,0,0,0,0,0,0,0,0,0,0,0,0
1_2,10.075,-61.875,45,0,0,0,0,0,0,0,0,0,0,0,0,0,0,0,0,0
1_2,10.075,-61.875,46,0,0,0,0,0,0,0,0,0,0,0,0,0,0,0,0,0
1_2,10.075,-61.875,47,0,0,0,0,0,0,0,0,0,0,0,0,0,0,0,0,0
1_2,10.075,-61.875,48,0,0,0,0,0,0,0,0,0,0,0,0,0,0,0,0,0
1_2,10.075,-61.875,49,0,0,0,0,0,0,0,0,0,0,0,0,0,0,0,0,0
1_2,10.075,-61.875,50,0,0,0,0,0,0,0,0,0,0,0,0,0,0,0,0,0
1_2,10.075,-61.875,51,0,0,0,0,0,0,0,0,0,0,0,0,0,0,0,0,0
1_2,10.075,-61.875,52,0,0,0,0,0,0,0,0,0,0,0,0,0,0,0,0,0
2_2,10.075,-61.825,0,0,0,,,,,,,,0,,,,,,,
2_2,10.075,-61.825,1,0,0,0,,,,,,,0,0,,,,,,
2_2,10.075,-61.825,2,0,0,0,0,,,,,,0,0,0,,,,,
2_2,10.075,-61.825,3,0,0,0,0,0,,,,,0,0,0,0,,,,
2_2,10.075,-61.825,4,0,0,0,0,0,0,,,,0,0,0,0,0,,,
2_2,10.075,-61.825,5,0,0,0,0,0,0,0,,,0,0,0,0,0,0,,
2_2,10.075,-61.825,6,0,0,0,0,0,0,0,0,,0,0,0,0,0,0,0,
2_2,10.075,-61.825,7,0,0,0,0,0,0,0,0,0,0,0,0,0,0,0,0,0
2_2,10.075,-61.825,8,0,0,0,0,0,0,0,0,0,0,0,0,0,0,0,0,0
2_2,10.075,-61.825,9,0,0,0,0,0,0,0,0,0,0,0,0,0,0,0,0,0
2_2,10.075,-61.825,10,0,0,0,0,0,0,0,0,0,0,0,0,0,0,0,0,0
2_2,10.075,-61.825,11,0,0,0,0,0,0,0,0,0,0,0,0,0,0,0,0,0
2_2,10.075,-61.825,12,0,0,0,0,0,0,0,0,0,0,0,0,0,0,0,0,0
2_2,10.075,-61.825,13,0,0,0,0,0,0,0,0,0,0,0,0,0,0,0,0,0
2_2,10.075,-61.825,14,0,0,0,0,0,0,0,0,0,0,0,0,0,0,0,0,0
2_2,10.075,-61.825,15,0,0,0,0,0,0,0,0,0,0,0,0,0,0,0,0,0
2_2,10.075,-61.825,16,0,0,0,0,0,0,0,0,0,0,0,0,0,0,0,0,0
2_2,10.075,-61.825,17,0,0,0,0,0,0,0,0,0,0,0,0,0,0,0,0,0
2_2,10.075,-61.825,18,0,0,0,0,0,0,0,0,0,0,0,0,0,0,0,0,0
2_2,10.075,-61.825,19,0,0,0,0,0,0,0,0,0,0,0,0,0,0,0,0,0
2_2,10.075,-61.825,20,0,0,0,0,0,0,0,0,0,0,0,0,0,0,0,0,0
2_2,10.075,-61.825,21,0,0,0,0,0,0,0,0,0,0,0,0,0,0,0,0,0
2_2,10.075,-61.825,22,0,0,0,0,0,0,0,0,0,0,0,0,0,0,0,0,0
2_2,10.075,-61.825,23,0,0,0,0,0,0,0,0,0,0,0,0,0,0,0,0,0
2_2,10.075,-61.825,24,0,0,0,0,0,0,0,0,0,0,0,0,0,0,0,0,0
2_2,10.075,-61.825,25,0,0,0,0,0,0,0,0,0,0,0,0,0,0,0,0,0
2_2,10.075,-61.825,26,0,0,0,0,0,0,0,0,0,0,0,0,0,0,0,0,0
2_2,10.075,-61.825,27,0,0,0,0,0,0,0,0,0,0,0,0,0,0,0,0,0
2_2,10.075,-61.825,28,0,0,0,0,0,0,0,0,0,0,0,0,0,0,0,0,0
2_2,10.075,-61.825,29,0,0,0,0,0,0,0,0,0,0,0,0,0,0,0,0,0
2_2,10.075,-61.825,30,0,0,0,0,0,0,0,0,0,0,0,0,0,0,0,0,0
2_2,10.075,-61.825,31,0,0,0,0,0,0,0,0,0,0,0,0,0,0,0,0,0
2_2,10.075,-61.825,32,0,0,0,0,0,0,0,0,0,0,0,0,0,0,0,0,0
2_2,10.075,-61.825,33,0,0,0,0,0,0,0,0,0,0,0,0,0,0,0,0,0
2_2,10.075,-61.825,34,0,0,0,0,0,0,0,0,0,0,0,0,0,0,0,0,0
2_2,10.075,-61.825,35,0,0,0,0,0,0,0,0,0,0,0,0,0,0,0,0,0
2_2,10.075,-61.825,36,0,0,0,0,0,0,0,0,0,0,0,0,0,0,0,0,0
2_2,10.075,-61.825,37,0,0,0,0,0,0,0,0,0,0,0,0,0,0,0,0,0
2_2,10.075,-61.825,38,0,0,0,0,0,0,0,0,0,0,0,0,0,0,0,0,0
2_2,10.075,-61.825,39,0,0,0,0,0,0,0,0,0,0,0,0,0,0,0,0,0
2_2,10.075,-61.825,40,0,0,0,0,0,0,0,0,0,0,0,0,0,0,0,0,0
2_2,10.075,-61.825,41,0,0,0,0,0,0,0,0,0,0,0,0,0,0,0,0,0
2_2,10.075,-61.825,42,0,0,0,0,0,0,0,0,0,0,0,0,0,0,0,0,0
2_2,10.075,-61.825,43,0,0,0,0,0,0,0,0,0,0,0,0,0,0,0,0,0
2_2,10.075,-61.825,44,0,0,0,0,0,0,0,0,0,0,0,0,0,0,0,0,0
2_2,10.075,-61.825,45,0,0,0,0,0,0,0,0,0,0,0,0,0,0,0,0,0
2_2,10.075,-61.825,46,0,0,0,0,0,0,0,0,0,0,0,0,0,0,0,0,0
2_2,10.075,-61.825,47,0,0,0,0,0,0,0,0,0,0,0,0,0,0,0,0,0
2_2,10.075,-61.825,48,0,0,0,0,0,0,0,0,0,0,0,0,0,0,0,0,0
2_2,10.075,-61.825,49,0,0,0,0,0,0,0,0,0,0,0,0,0,0,0,0,0
2_2,10.075,-61.825,50,0,0,0,0,0,0,0,0,0,0,0,0,0,0,0,0,0
2_2,10.075,-61.825,51,0,0,0,0,0,0,0,0,0,0,0,0,0,0,0,0,0
2_2,10.075,-61.825,52,0,0,0,0,0,0,0,0,0,0,0,0,0,0,0,0,0
2_3,10.124999999999998,-61.825,0,0,0,,,,,,,,0,,,,,,,
2_3,10.124999999999998,-61.825,1,0,0,0,,,,,,,0,0,,,,,,
2_3,10.124999999999998,-61.825,2,0,0,0,0,,,,,,0,0,0,,,,,
2_3,10.124999999999998,-61.825,3,0,0,0,0,0,,,,,0,0,0,0,,,,
2_3,10.124999999999998,-61.825,4,0,0,0,0,0,0,,,,0,0,0,0,0,,,
2_3,10.124999999999998,-61.825,5,0,0,0,0,0,0,0,,,0,0,0,0,0,0,,
2_3,10.124999999999998,-61.825,6,0,0,0,0,0,0,0,0,,0,0,0,0,0,0,0,
2_3,10.124999999999998,-61.825,7,0,0,0,0,0,0,0,0,0,0,0,0,0,0,0,0,0
2_3,10.124999999999998,-61.825,8,0,0,0,0,0,0,0,0,0,0,0,0,0,0,0,0,0
2_3,10.124999999999998,-61.825,9,0,0,0,0,0,0,0,0,0,0,0,0,0,0,0,0,0
2_3,10.124999999999998,-61.825,10,0,0,0,0,0,0,0,0,0,0,0,0,0,0,0,0,0
2_3,10.124999999999998,-61.825,11,0,0,0,0,0,0,0,0,0,0,0,0,0,0,0,0,0
2_3,10.124999999999998,-61.825,12,0,0,0,0,0,0,0,0,0,0,0,0,0,0,0,0,0
2_3,10.124999999999998,-61.825,13,0,0,0,0,0,0,0,0,0,0,0,0,0,0,0,0,0
2_3,10.124999999999998,-61.825,14,0,0,0,0,0,0,0,0,0,0,0,0,0,0,0,0,0
2_3,10.124999999999998,-61.825,15,0,0,0,0,0,0,0,0,0,0,0,0,0,0,0,0,0
2_3,10.124999999999998,-61.825,16,0,0,0,0,0,0,0,0,0,0,0,0,0,0,0,0,0
2_3,10.124999999999998,-61.825,17,0,0,0,0,0,0,0,0,0,0,0,0,0,0,0,0,0
2_3,10.124999999999998,-61.825,18,0,0,0,0,0,0,0,0,0,0,0,0,0,0,0,0,0
2_3,10.124999999999998,-61.825,19,0,0,0,0,0,0,0,0,0,0,0,0,0,0,0,0,0
2_3,10.124999999999998,-61.825,20,0,0,0,0,0,0,0,0,0,0,0,0,0,0,0,0,0
2_3,10.124999999999998,-61.825,21,0,0,0,0,0,0,0,0,0,0,0,0,0,0,0,0,0
2_3,10.124999999999998,-61.825,22,0,0,0,0,0,0,0,0,0,0,0,0,0,0,0,0,0
2_3,10.124999999999998,-61.825,23,0,0,0,0,0,0,0,0,0,0,0,0,0,0,0,0,0
2_3,10.124999999999998,-61.825,24,0,0,0,0,0,0,0,0,0,0,0,0,0,0,0,0,0
2_3,10.124999999999998,-61.825,25,0,0,0,0,0,0,0,0,0,0,0,0,0,0,0,0,0
2_3,10.124999999999998,-61.825,26,0,0,0,0,0,0,0,0,0,0,0,0,0,0,0,0,0
2_3,10.124999999999998,-61.825,27,0,0,0,0,0,0,0,0,0,0,0,0,0,0,0,0,0
2_3,10.124999999999998,-61.825,28,0,0,0,0,0,0,0,0,0,0,0,0,0,0,0,0,0
2_3,10.124999999999998,-61.825,29,0,0,0,0,0,0,0,0,0,0,0,0,0,0,0,0,0
2_3,10.124999999999998,-61.825,30,0,0,0,0,0,0,0,0,0,0,0,0,0,0,0,0,0
2_3,10.124999999999998,-61.825,31,0,0,0,0,0,0,0,0,0,0,0,0,0,0,0,0,0
2_3,10.124999999999998,-61.825,32,0,0,0,0,0,0,0,0,0,0,0,0,0,0,0,0,0
2_3,10.124999999999998,-61.825,33,0,0,0,0,0,0,0,0,0,0,0,0,0,0,0,0,0
2_3,10.124999999999998,-61.825,34,0,0,0,0,0,0,0,0,0,0,0,0,0,0,0,0,0
2_3,10.124999999999998,-61.825,35,0,0,0,0,0,0,0,0,0,0,0,0,0,0,0,0,0
2_3,10.124999999999998,-61.825,36,0,0,0,0,0,0,0,0,0,0,0,0,0,0,0,0,0
2_3,10.124999999999998,-61.825,37,0,0,0,0,0,0,0,0,0,0,0,0,0,0,0,0,0
2_3,10.124999999999998,-61.825,38,0,0,0,0,0,0,0,0,0,0,0,0,0,0,0,0,0
2_3,10.124999999999998,-61.825,39,0,0,0,0,0,0,0,0,0,0,0,0,0,0,0,0,0
2_3,10.124999999999998,-61.825,40,0,0,0,0,0,0,0,0,0,0,0,0,0,0,0,0,0
2_3,10.124999999999998,-61.825,41,0,0,0,0,0,0,0,0,0,0,0,0,0,0,0,0,0
2_3,10.124999999999998,-61.825,42,0,0,0,0,0,0,0,0,0,0,0,0,0,0,0,0,0
2_3,10.124999999999998,-61.825,43,0,0,0,0,0,0,0,0,0,0,0,0,0,0,0,0,0
2_3,10.124999999999998,-61.825,44,0,0,0,0,0,0,0,0,0,0,0,0,0,0,0,0,0
2_3,10.124999999999998,-61.825,45,0,0,0,0,0,0,0,0,0,0,0,0,0,0,0,0,0
2_3,10.124999999999998,-61.825,46,0,0,0,0,0,0,0,0,0,0,0,0,0,0,0,0,0
2_3,10.124999999999998,-61.825,47,0,0,0,0,0,0,0,0,0,0,0,0,0,0,0,0,0
2_3,10.124999999999998,-61.825,48,0,0,0,0,0,0,0,0,0,0,0,0,0,0,0,0,0
2_3,10.124999999999998,-61.825,49,0,0,0,0,0,0,0,0,0,0,0,0,0,0,0,0,0
2_3,10.124999999999998,-61.825,50,0,0,0,0,0,0,0,0,0,0,0,0,0,0,0,0,0
2_3,10.124999999999998,-61.825,51,0,0,0,0,0,0,0,0,0,0,0,0,0,0,0,0,0
2_3,10.124999999999998,-61.825,52,0,0,0,0,0,0,0,0,0,0,0,0,0,0,0,0,0
3_2,10.075,-61.775000000000006,0,0,0,,,,,,,,0,,,,,,,
3_2,10.075,-61.775000000000006,1,0,0,0,,,,,,,0,0,,,,,,
3_2,10.075,-61.775000000000006,2,0,0,0,0,,,,,,0,0,0,,,,,
3_2,10.075,-61.775000000000006,3,0,0,0,0,0,,,,,0,0,0,0,,,,
3_2,10.075,-61.775000000000006,4,0,0,0,0,0,0,,,,0,0,0,0,0,,,
3_2,10.075,-61.775000000000006,5,0,0,0,0,0,0,0,,,0,0,0,0,0,0,,
3_2,10.075,-61.775000000000006,6,0,0,0,0,0,0,0,0,,0,0,0,0,0,0,0,
3_2,10.075,-61.775000000000006,7,0,0,0,0,0,0,0,0,0,0,0,0,0,0,0,0,0
3_2,10.075,-61.775000000000006,8,0,0,0,0,0,0,0,0,0,0,0,0,0,0,0,0,0
3_2,10.075,-61.775000000000006,9,0,0,0,0,0,0,0,0,0,0,0,0,0,0,0,0,0
3_2,10.075,-61.775000000000006,10,0,0,0,0,0,0,0,0,0,0,0,0,0,0,0,0,0
3_2,10.075,-61.775000000000006,11,0,0,0,0,0,0,0,0,0,0,0,0,0,0,0,0,0
3_2,10.075,-61.775000000000006,12,0,0,0,0,0,0,0,0,0,0,0,0,0,0,0,0,0
3_2,10.075,-61.775000000000006,13,0,0,0,0,0,0,0,0,0,0,0,0,0,0,0,0,0
3_2,10.075,-61.775000000000006,14,0,0,0,0,0,0,0,0,0,0,0,0,0,0,0,0,0
3_2,10.075,-61.775000000000006,15,0,0,0,0,0,0,0,0,0,0,0,0,0,0,0,0,0
3_2,10.075,-61.775000000000006,16,0,0,0,0,0,0,0,0,0,0,0,0,0,0,0,0,0
3_2,10.075,-61.775000000000006,17,0,0,0,0,0,0,0,0,0,0,0,0,0,0,0,0,0
3_2,10.075,-61.775000000000006,18,0,0,0,0,0,0,0,0,0,0,0,0,0,0,0,0,0
3_2,10.075,-61.775000000000006,19,0,0,0,0,0,0,0,0,0,0,0,0,0,0,0,0,0
3_2,10.075,-61.775000000000006,20,0,0,0,0,0,0,0,0,0,0,0,0,0,0,0,0,0
3_2,10.075,-61.775000000000006,21,0,0,0,0,0,0,0,0,0,0,0,0,0,0,0,0,0
3_2,10.075,-61.775000000000006,22,0,0,0,0,0,0,0,0,0,0,0,0,0,0,0,0,0
3_2,10.075,-61.775000000000006,23,0,0,0,0,0,0,0,0,0,0,0,0,0,0,0,0,0
3_2,10.075,-61.775000000000006,24,0,0,0,0,0,0,0,0,0,0,0,0,0,0,0,0,0
3_2,10.075,-61.775000000000006,25,0,0,0,0,0,0,0,0,0,0,0,0,0,0,0,0,0
3_2,10.075,-61.775000000000006,26,0,0,0,0,0,0,0,0,0,0,0,0,0,0,0,0,0
3_2,10.075,-61.775000000000006,27,0,0,0,0,0,0,0,0,0,0,0,0,0,0,0,0,0
3_2,10.075,-61.775000000000006,28,0,0,0,0,0,0,0,0,0,0,0,0,0,0,0,0,0
3_2,10.075,-61.775000000000006,29,0,0,0,0,0,0,0,0,0,0,0,0,0,0,0,0,0
3_2,10.075,-61.775000000000006,30,0,0,0,0,0,0,0,0,0,0,0,0,0,0,0,0,0
3_2,10.075,-61.775000000000006,31,0,0,0,0,0,0,0,0,0,0,0,0,0,0,0,0,0
3_2,10.075,-61.775000000000006,32,0,0,0,0,0,0,0,0,0,0,0,0,0,0,0,0,0
3_2,10.075,-61.775000000000006,33,0,0,0,0,0,0,0,0,0,0,0,0,0,0,0,0,0
3_2,10.075,-61.775000000000006,34,0,0,0,0,0,0,0,0,0,0,0,0,0,0,0,0,0
3_2,10.075,-61.775000000000006,35,0,0,0,0,0,0,0,0,0,0,0,0,0,0,0,0,0
3_2,10.075,-61.775000000000006,36,0,0,0,0,0,0,0,0,0,0,0,0,0,0,0,0,0
3_2,10.075,-61.775000000000006,37,0,0,0,0,0,0,0,0,0,0,0,0,0,0,0,0,0
3_2,10.075,-61.775000000000006,38,0,0,0,0,0,0,0,0,0,0,0,0,0,0,0,0,0
3_2,10.075,-61.775000000000006,39,0,0,0,0,0,0,0,0,0,0,0,0,0,0,0,0,0
3_2,10.075,-61.775000000000006,40,0,0,0,0,0,0,0,0,0,0,0,0,0,0,0,0,0
3_2,10.075,-61.775000000000006,41,0,0,0,0,0,0,0,0,0,0,0,0,0,0,0,0,0
3_2,10.075,-61.775000000000006,42,0,0,0,0,0,0,0,0,0,0,0,0,0,0,0,0,0
3_2,10.075,-61.775000000000006,43,0,0,0,0,0,0,0,0,0,0,0,0,0,0,0,0,0
3_2,10.075,-61.775000000000006,44,0,0,0,0,0,0,0,0,0,0,0,0,0,0,0,0,0
3_2,10.075,-61.775000000000006,45,0,0,0,0,0,0,0,0,0,0,0,0,0,0,0,0,0
3_2,10.075,-61.775000000000006,46,0,0,0,0,0,0,0,0,0,0,0,0,0,0,0,0,0
3_2,10.075,-61.775000000000006,47,0,0,0,0,0,0,0,0,0,0,0,0,0,0,0,0,0
3_2,10.075,-61.775000000000006,48,0,0,0,0,0,0,0,0,0,0,0,0,0,0,0,0,0
3_2,10.075,-61.775000000000006,49,0,0,0,0,0,0,0,0,0,0,0,0,0,0,0,0,0
3_2,10.075,-61.775000000000006,50,0,0,0,0,0,0,0,0,0,0,0,0,0,0,0,0,0
3_2,10.075,-61.775000000000006,51,0,0,0,0,0,0,0,0,0,0,0,0,0,0,0,0,0
3_2,10.075,-61.775000000000006,52,0,0,0,0,0,0,0,0,0,0,0,0,0,0,0,0,0
3_3,10.125,-61.775000000000006,0,0,0,,,,,,,,0,,,,,,,
3_3,10.125,-61.775000000000006,1,0,0,0,,,,,,,0,0,,,,,,
3_3,10.125,-61.775000000000006,2,0,0,0,0,,,,,,0,0,0,,,,,
3_3,10.125,-61.775000000000006,3,0,0,0,0,0,,,,,0,0,0,0,,,,
3_3,10.125,-61.775000000000006,4,0,0,0,0,0,0,,,,0,0,0,0,0,,,
3_3,10.125,-61.775000000000006,5,0,0,0,0,0,0,0,,,0,0,0,0,0,0,,
3_3,10.125,-61.775000000000006,6,0,0,0,0,0,0,0,0,,0,0,0,0,0,0,0,
3_3,10.125,-61.775000000000006,7,0,0,0,0,0,0,0,0,0,0,0,0,0,0,0,0,0
3_3,10.125,-61.775000000000006,8,0,0,0,0,0,0,0,0,0,0,0,0,0,0,0,0,0
3_3,10.125,-61.775000000000006,9,0,0,0,0,0,0,0,0,0,0,0,0,0,0,0,0,0
3_3,10.125,-61.775000000000006,10,0,0,0,0,0,0,0,0,0,0,0,0,0,0,0,0,0
3_3,10.125,-61.775000000000006,11,0,0,0,0,0,0,0,0,0,0,0,0,0,0,0,0,0
3_3,10.125,-61.775000000000006,12,0,0,0,0,0,0,0,0,0,0,0,0,0,0,0,0,0
3_3,10.125,-61.775000000000006,13,0,0,0,0,0,0,0,0,0,0,0,0,0,0,0,0,0
3_3,10.125,-61.775000000000006,14,0,0,0,0,0,0,0,0,0,0,0,0,0,0,0,0,0
3_3,10.125,-61.775000000000006,15,0,0,0,0,0,0,0,0,0,0,0,0,0,0,0,0,0
3_3,10.125,-61.775000000000006,16,0,0,0,0,0,0,0,0,0,0,0,0,0,0,0,0,0
3_3,10.125,-61.775000000000006,17,0,0,0,0,0,0,0,0,0,0,0,0,0,0,0,0,0
3_3,10.125,-61.775000000000006,18,0,0,0,0,0,0,0,0,0,0,0,0,0,0,0,0,0
3_3,10.125,-61.775000000000006,19,0,0,0,0,0,0,0,0,0,0,0,0,0,0,0,0,0
3_3,10.125,-61.775000000000006,20,0,0,0,0,0,0,0,0,0,0,0,0,0,0,0,0,0
3_3,10.125,-61.775000000000006,21,0,0,0,0,0,0,0,0,0,0,0,0,0,0,0,0,0
3_3,10.125,-61.775000000000006,22,0,0,0,0,0,0,0,0,0,0,0,0,0,0,0,0,0
3_3,10.125,-61.775000000000006,23,0,0,0,0,0,0,0,0,0,0,0,0,0,0,0,0,0
3_3,10.125,-61.775000000000006,24,0,0,0,0,0,0,0,0,0,0,0,0,0,0,0,0,0
3_3,10.125,-61.775000000000006,25,0,0,0,0,0,0,0,0,0,0,0,0,0,0,0,0,0
3_3,10.125,-61.775000000000006,26,0,0,0,0,0,0,0,0,0,0,0,0,0,0,0,0,0
3_3,10.125,-61.775000000000006,27,0,0,0,0,0,0,0,0,0,0,0,0,0,0,0,0,0
3_3,10.125,-61.775000000000006,28,0,0,0,0,0,0,0,0,0,0,0,0,0,0,0,0,0
3_3,10.125,-61.775000000000006,29,0,0,0,0,0,0,0,0,0,0,0,0,0,0,0,0,0
3_3,10.125,-61.775000000000006,30,0,0,0,0,0,0,0,0,0,0,0,0,0,0,0,0,0
3_3,10.125,-61.775000000000006,31,0,0,0,0,0,0,0,0,0,0,0,0,0,0,0,0,0
3_3,10.125,-61.775000000000006,32,0,0,0,0,0,0,0,0,0,0.25358207491805085,0,0,0,0,0,0,0
3_3,10.125,-61.775000000000006,33,0,0,0,0,0,0,0,0,0,0,0.25358207491805085,0,0,0,0,0,0
3_3,10.125,-61.775000000000006,34,0,0,0,0,0,0,0,0,0,0,0,0.25358207491805085,0,0,0,0,0
3_3,10.125,-61.775000000000006,35,0,0,0,0,0,0,0,0,0,0,0,0,0.25358207491805085,0,0,0,0
3_3,10.125,-61.775000000000006,36,0,0,0,0,0,0,0,0,0,0,0,0,0,0.25358207491805085,0,0,0
3_3,10.125,-61.775000000000006,37,0,0,0,0,0,0,0,0,0,0,0,0,0,0,0.25358207491805085,0,0
3_3,10.125,-61.775000000000006,38,0,0,0,0,0,0,0,0,0,0,0,0,0,0,0,0.25358207491805085,0
3_3,10.125,-61.775000000000006,39,0,0,0,0,0,0,0,0,0,0,0,0,0,0,0,0,0.25358207491805085
3_3,10.125,-61.775000000000006,40,0,0,0,0,0,0,0,0,0,0,0,0,0,0,0,0,0
3_3,10.125,-61.775000000000006,41,0,0,0,0,0,0,0,0,0,0,0,0,0,0,0,0,0
3_3,10.125,-61.775000000000006,42,0,0,0,0,0,0,0,0,0,0,0,0,0,0,0,0,0
3_3,10.125,-61.775000000000006,43,0,0,0,0,0,0,0,0,0,0,0,0,0,0,0,0,0
3_3,10.125,-61.775000000000006,44,0,0,0,0,0,0,0,0,0,0,0,0,0,0,0,0,0
3_3,10.125,-61.775000000000006,45,0,0,0,0,0,0,0,0,0,0,0,0,0,0,0,0,0
3_3,10.125,-61.775000000000006,46,0,0,0,0,0,0,0,0,0,0,0,0,0,0,0,0,0
3_3,10.125,-61.775000000000006,47,0,0,0,0,0,0,0,0,0,0,0,0,0,0,0,0,0
3_3,10.125,-61.775000000000006,48,0,0,0,0,0,0,0,0,0,0,0,0,0,0,0,0,0
3_3,10.125,-61.775000000000006,49,0,0,0,0,0,0,0,0,0,0,0,0,0,0,0,0,0
3_3,10.125,-61.775000000000006,50,0,0,0,0,0,0,0,0,0,0,0,0,0,0,0,0,0
3_3,10.125,-61.775000000000006,51,0,0,0,0,0,0,0,0,0,0,0,0,0,0,0,0,0
3_3,10.125,-61.775000000000006,52,0,0,0,0,0,0,0,0,0,0,0,0,0,0,0,0,0
3_4,10.175,-61.775000000000006,0,0,0,,,,,,,,0,,,,,,,
3_4,10.175,-61.775000000000006,1,0,0,0,,,,,,,0,0,,,,,,
3_4,10.175,-61.775000000000006,2,0,0,0,0,,,,,,0,0,0,,,,,
3_4,10.175,-61.775000000000006,3,0,0,0,0,0,,,,,0,0,0,0,,,,
3_4,10.175,-61.775000000000006,4,0,0,0,0,0,0,,,,0,0,0,0,0,,,
3_4,10.175,-61.775000000000006,5,0,0,0,0,0,0,0,,,0,0,0,0,0,0,,
3_4,10.175,-61.775000000000006,6,0,0,0,0,0,0,0,0,,0,0,0,0,0,0,0,
3_4,10.175,-61.775000000000006,7,0,0,0,0,0,0,0,0,0,0,0,0,0,0,0,0,0
3_4,10.175,-61.775000000000006,8,0,0,0,0,0,0,0,0,0,0,0,0,0,0,0,0,0
3_4,10.175,-61.775000000000006,9,0,0,0,0,0,0,0,0,0,0,0,0,0,0,0,0,0
3_4,10.175,-61.775000000000006,10,0,0,0,0,0,0,0,0,0,0,0,0,0,0,0,0,0
3_4,10.175,-61.775000000000006,11,0,0,0,0,0,0,0,0,0,0,0,0,0,0,0,0,0
3_4,10.175,-61.775000000000006,12,0,0,0,0,0,0,0,0,0,0,0,0,0,0,0,0,0
3_4,10.175,-61.775000000000006,13,0,0,0,0,0,0,0,0,0,0,0,0,0,0,0,0,0
3_4,10.175,-61.775000000000006,14,0,0,0,0,0,0,0,0,0,0,0,0,0,0,0,0,0
3_4,10.175,-61.775000000000006,15,0,0,0,0,0,0,0,0,0,0,0,0,0,0,0,0,0
3_4,10.175,-61.775000000000006,16,0,0,0,0,0,0,0,0,0,0,0,0,0,0,0,0,0
3_4,10.175,-61.775000000000006,17,0,0,0,0,0,0,0,0,0,0,0,0,0,0,0,0,0
3_4,10.175,-61.775000000000006,18,0,0,0,0,0,0,0,0,0,0,0,0,0,0,0,0,0
3_4,10.175,-61.775000000000006,19,0,0,0,0,0,0,0,0,0,0,0,0,0,0,0,0,0
3_4,10.175,-61.775000000000006,20,0,0,0,0,0,0,0,0,0,0,0,0,0,0,0,0,0
3_4,10.175,-61.775000000000006,21,0,0,0,0,0,0,0,0,0,0,0,0,0,0,0,0,0
3_4,10.175,-61.775000000000006,22,0,0,0,0,0,0,0,0,0,0,0,0,0,0,0,0,0
3_4,10.175,-61.775000000000006,23,0,0,0,0,0,0,0,0,0,0,0,0,0,0,0,0,0
3_4,10.175,-61.775000000000006,24,0,0,0,0,0,0,0,0,0,0,0,0,0,0,0,0,0
3_4,10.175,-61.775000000000006,25,0,0,0,0,0,0,0,0,0,0,0,0,0,0,0,0,0
3_4,10.175,-61.775000000000006,26,0,0,0,0,0,0,0,0,0,0,0,0,0,0,0,0,0
3_4,10.175,-61.775000000000006,27,0,0,0,0,0,0,0,0,0,0,0,0,0,0,0,0,0
3_4,10.175,-61.775000000000006,28,0,0,0,0,0,0,0,0,0,0,0,0,0,0,0,0,0
3_4,10.175,-61.775000000000006,29,0,0,0,0,0,0,0,0,0,0,0,0,0,0,0,0,0
3_4,10.175,-61.775000000000006,30,0,0,0,0,0,0,0,0,0,0,0,0,0,0,0,0,0
3_4,10.175,-61.775000000000006,31,0,0,0,0,0,0,0,0,0,0,0,0,0,0,0,0,0
3_4,10.175,-61.775000000000006,32,0,0,0,0,0,0,0,0,0,0.17128009493703755,0,0,0,0,0,0,0
3_4,10.175,-61.775000000000006,33,0,0,0,0,0,0,0,0,0,0,0.17128009493703755,0,0,0,0,0,0
3_4,10.175,-61.775000000000006,34,0,0,0,0,0,0,0,0,0,0,0,0.17128009493703755,0,0,0,0,0
3_4,10.175,-61.775000000000006,35,0,0,0,0,0,0,0,0,0,0,0,0,0.17128009493703755,0,0,0,0
3_4,10.175,-61.775000000000006,36,0,0,0,0,0,0,0,0,0,0,0,0,0,0.17128009493703755,0,0,0
3_4,10.175,-61.775000000000006,37,0,0,0,0,0,0,0,0,0,0,0,0,0,0,0.17128009493703755,0,0
3_4,10.175,-61.775000000000006,38,0,0,0,0,0,0,0,0,0,0,0,0,0,0,0,0.17128009493703755,0
3_4,10.175,-61.775000000000006,39,0,0,0,0,0,0,0,0,0,0,0,0,0,0,0,0,0.17128009493703755
3_4,10.175,-61.775000000000006,40,0,0,0,0,0,0,0,0,0,0,0,0,0,0,0,0,0
3_4,10.175,-61.775000000000006,41,0,0,0,0,0,0,0,0,0,0,0,0,0,0,0,0,0
3_4,10.175,-61.775000000000006,42,0,0,0,0,0,0,0,0,0,0,0,0,0,0,0,0,0
3_4,10.175,-61.775000000000006,43,0,0,0,0,0,0,0,0,0,0,0,0,0,0,0,0,0
3_4,10.175,-61.775000000000006,44,0,0,0,0,0,0,0,0,0,0,0,0,0,0,0,0,0
3_4,10.175,-61.775000000000006,45,0,0,0,0,0,0,0,0,0,0,0,0,0,0,0,0,0
3_4,10.175,-61.775000000000006,46,0,0,0,0,0,0,0,0,0,0,0,0,0,0,0,0,0
3_4,10.175,-61.775000000000006,47,0,0,0,0,0,0,0,0,0,0,0,0,0,0,0,0,0
3_4,10.175,-61.775000000000006,48,0,0,0,0,0,0,0,0,0,0,0,0,0,0,0,0,0
3_4,10.175,-61.775000000000006,49,0,0,0,0,0,0,0,0,0,0,0,0,0,0,0,0,0
3_4,10.175,-61.775000000000006,50,0,0,0,0,0,0,0,0,0,0,0,0,0,0,0,0,0
3_4,10.175,-61.775000000000006,51,0,0,0,0,0,0,0,0,0,0,0,0,0,0,0,0,0
3_4,10.175,-61.775000000000006,52,0,0,0,0,0,0,0,0,0,0,0,0,0,0,0,0,0
3_14,10.675,-61.775000000000006,0,0,0,,,,,,,,0,,,,,,,
3_14,10.675,-61.775000000000006,1,0,0,0,,,,,,,0,0,,,,,,
3_14,10.675,-61.775000000000006,2,0,0,0,0,,,,,,0,0,0,,,,,
3_14,10.675,-61.775000000000006,3,0,0,0,0,0,,,,,0,0,0,0,,,,
3_14,10.675,-61.775000000000006,4,0,0,0,0,0,0,,,,0,0,0,0,0,,,
3_14,10.675,-61.775000000000006,5,0,0,0,0,0,0,0,,,0,0,0,0,0,0,,
3_14,10.675,-61.775000000000006,6,0,0,0,0,0,0,0,0,,0,0,0,0,0,0,0,
3_14,10.675,-61.775000000000006,7,0,0,0,0,0,0,0,0,0,0,0,0,0,0,0,0,0
3_14,10.675,-61.775000000000006,8,0,0,0,0,0,0,0,0,0,0,0,0,0,0,0,0,0
3_14,10.675,-61.775000000000006,9,0,0,0,0,0,0,0,0,0,0,0,0,0,0,0,0,0
3_14,10.675,-61.775000000000006,10,0,0,0,0,0,0,0,0,0,0,0,0,0,0,0,0,0
3_14,10.675,-61.775000000000006,11,0,0,0,0,0,0,0,0,0,0,0,0,0,0,0,0,0
3_14,10.675,-61.775000000000006,12,0,0,0,0,0,0,0,0,0,0,0,0,0,0,0,0,0
3_14,10.675,-61.775000000000006,13,0,0,0,0,0,0,0,0,0,0,0,0,0,0,0,0,0
3_14,10.675,-61.775000000000006,14,0,0,0,0,0,0,0,0,0,0,0,0,0,0,0,0,0
3_14,10.675,-61.775000000000006,15,0,0,0,0,0,0,0,0,0,0,0,0,0,0,0,0,0
3_14,10.675,-61.775000000000006,16,0,0,0,0,0,0,0,0,0,0,0,0,0,0,0,0,0
3_14,10.675,-61.775000000000006,17,0,0,0,0,0,0,0,0,0,0,0,0,0,0,0,0,0
3_14,10.675,-61.775000000000006,18,0,0,0,0,0,0,0,0,0,0,0,0,0,0,0,0,0
3_14,10.675,-61.775000000000006,19,0,0,0,0,0,0,0,0,0,0,0,0,0,0,0,0,0
3_14,10.675,-61.775000000000006,20,0,0,0,0,0,0,0,0,0,0,0,0,0,0,0,0,0
3_14,10.675,-61.775000000000006,21,0,0,0,0,0,0,0,0,0,0,0,0,0,0,0,0,0
3_14,10.675,-61.775000000000006,22,0,0,0,0,0,0,0,0,0,0,0,0,0,0,0,0,0
3_14,10.675,-61.775000000000006,23,0,0,0,0,0,0,0,0,0,0,0,0,0,0,0,0,0
3_14,10.675,-61.775000000000006,24,0,0,0,0,0,0,0,0,0,0,0,0,0,0,0,0,0
3_14,10.675,-61.775000000000006,25,0,0,0,0,0,0,0,0,0,0,0,0,0,0,0,0,0
3_14,10.675,-61.775000000000006,26,0,0,0,0,0,0,0,0,0,0,0,0,0,0,0,0,0
3_14,10.675,-61.775000000000006,27,0,0,0,0,0,0,0,0,0,0,0,0,0,0,0,0,0
3_14,10.675,-61.775000000000006,28,0,0,0,0,0,0,0,0,0,0,0,0,0,0,0,0,0
3_14,10.675,-61.775000000000006,29,0,0,0,0,0,0,0,0,0,0,0,0,0,0,0,0,0
3_14,10.675,-61.775000000000006,30,0,0,0,0,0,0,0,0,0,0,0,0,0,0,0,0,0
3_14,10.675,-61.775000000000006,31,0,0,0,0,0,0,0,0,0,0,0,0,0,0,0,0,0
3_14,10.675,-61.775000000000006,32,0,0,0,0,0,0,0,0,0,0,0,0,0,0,0,0,0
3_14,10.675,-61.775000000000006,33,0,0,0,0,0,0,0,0,0,0,0,0,0,0,0,0,0
3_14,10.675,-61.775000000000006,34,0,0,0,0,0,0,0,0,0,0,0,0,0,0,0,0,0
3_14,10.675,-61.775000000000006,35,0,0,0,0,0,0,0,0,0,0,0,0,0,0,0,0,0
3_14,10.675,-61.775000000000006,36,0,0,0,0,0,0,0,0,0,0,0,0,0,0,0,0,0
3_14,10.675,-61.775000000000006,37,0,0,0,0,0,0,0,0,0,0,0,0,0,0,0,0,0
3_14,10.675,-61.775000000000006,38,0,0,0,0,0,0,0,0,0,0,0,0,0,0,0,0,0
3_14,10.675,-61.775000000000006,39,0,0,0,0,0,0,0,0,0,0,0,0,0,0,0,0,0
3_14,10.675,-61.775000000000006,40,0,0,0,0,0,0,0,0,0,0,0,0,0,0,0,0,0
3_14,10.675,-61.775000000000006,41,0,0,0,0,0,0,0,0,0,0,0,0,0,0,0,0,0
3_14,10.675,-61.775000000000006,42,0,0,0,0,0,0,0,0,0,0,0,0,0,0,0,0,0
3_14,10.675,-61.775000000000006,43,0,0,0,0,0,0,0,0,0,0,0,0,0,0,0,0,0
3_14,10.675,-61.775000000000006,44,0,0,0,0,0,0,0,0,0,0,0,0,0,0,0,0,0
3_14,10.675,-61.775000000000006,45,0,0,0,0,0,0,0,0,0,0,0,0,0,0,0,0,0
3_14,10.675,-61.775000000000006,46,0,0,0,0,0,0,0,0,0,0,0,0,0,0,0,0,0
3_14,10.675,-61.775000000000006,47,0,0,0,0,0,0,0,0,0,0,0,0,0,0,0,0,0
3_14,10.675,-61.775000000000006,48,0,0,0,0,0,0,0,0,0,0,0,0,0,0,0,0,0
3_14,10.675,-61.775000000000006,49,0,0,0,0,0,0,0,0,0,0,0,0,0,0,0,0,0
3_14,10.675,-61.775000000000006,50,0,0,0,0,0,0,0,0,0,0,0,0,0,0,0,0,0
3_14,10.675,-61.775000000000006,51,0,0,0,0,0,0,0,0,0,0,0,0,0,0,0,0,0
3_14,10.675,-61.775000000000006,52,0,0,0,0,0,0,0,0,0,0,0,0,0,0,0,0,0
3_15,10.725,-61.775000000000006,0,0,0,,,,,,,,0,,,,,,,
3_15,10.725,-61.775000000000006,1,0,0,0,,,,,,,0,0,,,,,,
3_15,10.725,-61.775000000000006,2,0,0,0,0,,,,,,0,0,0,,,,,
3_15,10.725,-61.775000000000006,3,0,0,0,0,0,,,,,0,0,0,0,,,,
3_15,10.725,-61.775000000000006,4,0,0,0,0,0,0,,,,0,0,0,0,0,,,
3_15,10.725,-61.775000000000006,5,0,0,0,0,0,0,0,,,0,0,0,0,0,0,,
3_15,10.725,-61.775000000000006,6,0,0,0,0,0,0,0,0,,0,0,0,0,0,0,0,
3_15,10.725,-61.775000000000006,7,0,0,0,0,0,0,0,0,0,0,0,0,0,0,0,0,0
3_15,10.725,-61.775000000000006,8,0,0,0,0,0,0,0,0,0,0,0,0,0,0,0,0,0
3_15,10.725,-61.775000000000006,9,0,0,0,0,0,0,0,0,0,0,0,0,0,0,0,0,0
3_15,10.725,-61.775000000000006,10,0,0,0,0,0,0,0,0,0,0,0,0,0,0,0,0,0
3_15,10.725,-61.775000000000006,11,0,0,0,0,0,0,0,0,0,0,0,0,0,0,0,0,0
3_15,10.725,-61.775000000000006,12,0,0,0,0,0,0,0,0,0,0,0,0,0,0,0,0,0
3_15,10.725,-61.775000000000006,13,0,0,0,0,0,0,0,0,0,0,0,0,0,0,0,0,0
3_15,10.725,-61.775000000000006,14,0,0,0,0,0,0,0,0,0,0,0,0,0,0,0,0,0
3_15,10.725,-61.775000000000006,15,0,0,0,0,0,0,0,0,0,0,0,0,0,0,0,0,0
3_15,10.725,-61.775000000000006,16,0,0,0,0,0,0,0,0,0,0,0,0,0,0,0,0,0
3_15,10.725,-61.775000000000006,17,0,0,0,0,0,0,0,0,0,0,0,0,0,0,0,0,0
3_15,10.725,-61.775000000000006,18,0,0,0,0,0,0,0,0,0,0,0,0,0,0,0,0,0
3_15,10.725,-61.775000000000006,19,0,0,0,0,0,0,0,0,0,0,0,0,0,0,0,0,0
3_15,10.725,-61.775000000000006,20,0,0,0,0,0,0,0,0,0,0,0,0,0,0,0,0,0
3_15,10.725,-61.775000000000006,21,0,0,0,0,0,0,0,0,0,0,0,0,0,0,0,0,0
3_15,10.725,-61.775000000000006,22,0,0,0,0,0,0,0,0,0,0,0,0,0,0,0,0,0
3_15,10.725,-61.775000000000006,23,0,0,0,0,0,0,0,0,0,0,0,0,0,0,0,0,0
3_15,10.725,-61.775000000000006,24,0,0,0,0,0,0,0,0,0,0,0,0,0,0,0,0,0
3_15,10.725,-61.775000000000006,25,0,0,0,0,0,0,0,0,0,0,0,0,0,0,0,0,0
3_15,10.725,-61.775000000000006,26,0,0,0,0,0,0,0,0,0,0,0,0,0,0,0,0,0
3_15,10.725,-61.775000000000006,27,0,0,0,0,0,0,0,0,0,0,0,0,0,0,0,0,0
3_15,10.725,-61.775000000000006,28,0,0,0,0,0,0,0,0,0,0,0,0,0,0,0,0,0
3_15,10.725,-61.775000000000006,29,0,0,0,0,0,0,0,0,0,0,0,0,0,0,0,0,0
3_15,10.725,-61.775000000000006,30,0,0,0,0,0,0,0,0,0,0,0,0,0,0,0,0,0
3_15,10.725,-61.775000000000006,31,0,0,0,0,0,0,0,0,0,0,0,0,0,0,0,0,0
3_15,10.725,-61.775000000000006,32,0,0,0,0,0,0,0,0,0,0,0,0,0,0,0,0,0
3_15,10.725,-61.775000000000006,33,0,0,0,0,0,0,0,0,0,0,0,0,0,0,0,0,0
3_15,10.725,-61.775000000000006,34,0,0,0,0,0,0,0,0,0,0,0,0,0,0,0,0,0
3_15,10.725,-61.775000000000006,35,0,0,0,0,0,0,0,0,0,0,0,0,0,0,0,0,0
3_15,10.725,-61.775000000000006,36,0,0,0,0,0,0,0,0,0,0,0,0,0,0,0,0,0
3_15,10.725,-61.775000000000006,37,0,0,0,0,0,0,0,0,0,0,0,0,0,0,0,0,0
3_15,10.725,-61.775000000000006,38,0,0,0,0,0,0,0,0,0,0,0,0,0,0,0,0,0
3_15,10.725,-61.775000000000006,39,0,0,0,0,0,0,0,0,0,0,0,0,0,0,0,0,0
3_15,10.725,-61.775000000000006,40,0,0,0,0,0,0,0,0,0,0,0,0,0,0,0,0,0
3_15,10.725,-61.775000000000006,41,0,0,0,0,0,0,0,0,0,0,0,0,0,0,0,0,0
3_15,10.725,-61.775000000000006,42,0,0,0,0,0,0,0,0,0,0,0,0,0,0,0,0,0
3_15,10.725,-61.775000000000006,43,0,0,0,0,0,0,0,0,0,0,0,0,0,0,0,0,0
3_15,10.725,-61.775000000000006,44,0,0,0,0,0,0,0,0,0,0,0,0,0,0,0,0,0
3_15,10.725,-61.775000000000006,45,0,0,0,0,0,0,0,0,0,0,0,0,0,0,0,0,0
3_15,10.725,-61.775000000000006,46,0,0,0,0,0,0,0,0,0,0,0,0,0,0,0,0,0
3_15,10.725,-61.775000000000006,47,0,0,0,0,0,0,0,0,0,0,0,0,0,0,0,0,0
3_15,10.725,-61.775000000000006,48,0,0,0,0,0,0,0,0,0,0,0,0,0,0,0,0,0
3_15,10.725,-61.775000000000006,49,0,0,0,0,0,0,0,0,0,0,0,0,0,0,0,0,0
3_15,10.725,-61.775000000000006,50,0,0,0,0,0,0,0,0,0,0,0,0,0,0,0,0,0
3_15,10.725,-61.775000000000006,51,0,0,0,0,0,0,0,0,0,0,0,0,0,0,0,0,0
3_15,10.725,-61.775000000000006,52,0,0,0,0,0,0,0,0,0,0,0,0,0,0,0,0,0
4_2,10.075,-61.725,0,0,0,,,,,,,,0,,,,,,,
4_2,10.075,-61.725,1,0,0,0,,,,,,,0,0,,,,,,
4_2,10.075,-61.725,2,0,0,0,0,,,,,,0,0,0,,,,,
4_2,10.075,-61.725,3,0,0,0,0,0,,,,,0,0,0,0,,,,
4_2,10.075,-61.725,4,0,0,0,0,0,0,,,,0,0,0,0,0,,,
4_2,10.075,-61.725,5,0,0,0,0,0,0,0,,,0,0,0,0,0,0,,
4_2,10.075,-61.725,6,0,0,0,0,0,0,0,0,,0,0,0,0,0,0,0,
4_2,10.075,-61.725,7,0,0,0,0,0,0,0,0,0,0,0,0,0,0,0,0,0
4_2,10.075,-61.725,8,0,0,0,0,0,0,0,0,0,0,0,0,0,0,0,0,0
4_2,10.075,-61.725,9,0,0,0,0,0,0,0,0,0,0,0,0,0,0,0,0,0
4_2,10.075,-61.725,10,0,0,0,0,0,0,0,0,0,0,0,0,0,0,0,0,0
4_2,10.075,-61.725,11,0,0,0,0,0,0,0,0,0,0,0,0,0,0,0,0,0
4_2,10.075,-61.725,12,0,0,0,0,0,0,0,0,0,0,0,0,0,0,0,0,0
4_2,10.075,-61.725,13,0,0,0,0,0,0,0,0,0,0,0,0,0,0,0,0,0
4_2,10.075,-61.725,14,0,0,0,0,0,0,0,0,0,0,0,0,0,0,0,0,0
4_2,10.075,-61.725,15,0,0,0,0,0,0,0,0,0,0,0,0,0,0,0,0,0
4_2,10.075,-61.725,16,0,0,0,0,0,0,0,0,0,0,0,0,0,0,0,0,0
4_2,10.075,-61.725,17,0,0,0,0,0,0,0,0,0,0,0,0,0,0,0,0,0
4_2,10.075,-61.725,18,0,0,0,0,0,0,0,0,0,0,0,0,0,0,0,0,0
4_2,10.075,-61.725,19,0,0,0,0,0,0,0,0,0,0,0,0,0,0,0,0,0
4_2,10.075,-61.725,20,0,0,0,0,0,0,0,0,0,0,0,0,0,0,0,0,0
4_2,10.075,-61.725,21,0,0,0,0,0,0,0,0,0,0,0,0,0,0,0,0,0
4_2,10.075,-61.725,22,0,0,0,0,0,0,0,0,0,0,0,0,0,0,0,0,0
4_2,10.075,-61.725,23,0,0,0,0,0,0,0,0,0,0,0,0,0,0,0,0,0
4_2,10.075,-61.725,24,0,0,0,0,0,0,0,0,0,0,0,0,0,0,0,0,0
4_2,10.075,-61.725,25,0,0,0,0,0,0,0,0,0,0,0,0,0,0,0,0,0
4_2,10.075,-61.725,26,0,0,0,0,0,0,0,0,0,0,0,0,0,0,0,0,0
4_2,10.075,-61.725,27,0,0,0,0,0,0,0,0,0,0,0,0,0,0,0,0,0
4_2,10.075,-61.725,28,0,0,0,0,0,0,0,0,0,0,0,0,0,0,0,0,0
4_2,10.075,-61.725,29,0,0,0,0,0,0,0,0,0,0,0,0,0,0,0,0,0
4_2,10.075,-61.725,30,0,0,0,0,0,0,0,0,0,0,0,0,0,0,0,0,0
4_2,10.075,-61.725,31,0,0,0,0,0,0,0,0,0,0,0,0,0,0,0,0,0
4_2,10.075,-61.725,32,0,0,0,0,0,0,0,0,0,0,0,0,0,0,0,0,0
4_2,10.075,-61.725,33,0,0,0,0,0,0,0,0,0,0,0,0,0,0,0,0,0
4_2,10.075,-61.725,34,0,0,0,0,0,0,0,0,0,0,0,0,0,0,0,0,0
4_2,10.075,-61.725,35,0,0,0,0,0,0,0,0,0,0,0,0,0,0,0,0,0
4_2,10.075,-61.725,36,0,0,0,0,0,0,0,0,0,0,0,0,0,0,0,0,0
4_2,10.075,-61.725,37,0,0,0,0,0,0,0,0,0,0,0,0,0,0,0,0,0
4_2,10.075,-61.725,38,0,0,0,0,0,0,0,0,0,0,0,0,0,0,0,0,0
4_2,10.075,-61.725,39,0,0,0,0,0,0,0,0,0,0,0,0,0,0,0,0,0
4_2,10.075,-61.725,40,0,0,0,0,0,0,0,0,0,0,0,0,0,0,0,0,0
4_2,10.075,-61.725,41,0,0,0,0,0,0,0,0,0,0,0,0,0,0,0,0,0
4_2,10.075,-61.725,42,0,0,0,0,0,0,0,0,0,0,0,0,0,0,0,0,0
4_2,10.075,-61.725,43,0,0,0,0,0,0,0,0,0,0,0,0,0,0,0,0,0
4_2,10.075,-61.725,44,0,0,0,0,0,0,0,0,0,0,0,0,0,0,0,0,0
4_2,10.075,-61.725,45,0,0,0,0,0,0,0,0,0,0,0,0,0,0,0,0,0
4_2,10.075,-61.725,46,0,0,0,0,0,0,0,0,0,0,0,0,0,0,0,0,0
4_2,10.075,-61.725,47,0,0,0,0,0,0,0,0,0,0,0,0,0,0,0,0,0
4_2,10.075,-61.725,48,0,0,0,0,0,0,0,0,0,0,0,0,0,0,0,0,0
4_2,10.075,-61.725,49,0,0,0,0,0,0,0,0,0,0,0,0,0,0,0,0,0
4_2,10.075,-61.725,50,0,0,0,0,0,0,0,0,0,0,0,0,0,0,0,0,0
4_2,10.075,-61.725,51,0,0,0,0,0,0,0,0,0,0,0,0,0,0,0,0,0
4_2,10.075,-61.725,52,0,0,0,0,0,0,0,0,0,0,0,0,0,0,0,0,0
4_3,10.124999999999998,-61.72499999999999,0,0,0,,,,,,,,0,,,,,,,
4_3,10.124999999999998,-61.72499999999999,1,0,0,0,,,,,,,0,0,,,,,,
4_3,10.124999999999998,-61.72499999999999,2,0,0,0,0,,,,,,0,0,0,,,,,
4_3,10.124999999999998,-61.72499999999999,3,0,0,0,0,0,,,,,0,0,0,0,,,,
4_3,10.124999999999998,-61.72499999999999,4,0,0,0,0,0,0,,,,0,0,0,0,0,,,
4_3,10.124999999999998,-61.72499999999999,5,0,0,0,0,0,0,0,,,0,0,0,0,0,0,,
4_3,10.124999999999998,-61.72499999999999,6,0,0,0,0,0,0,0,0,,0,0,0,0,0,0,0,
4_3,10.124999999999998,-61.72499999999999,7,0,0,0,0,0,0,0,0,0,0,0,0,0,0,0,0,0
4_3,10.124999999999998,-61.72499999999999,8,0,0,0,0,0,0,0,0,0,0,0,0,0,0,0,0,0
4_3,10.124999999999998,-61.72499999999999,9,0,0,0,0,0,0,0,0,0,0,0,0,0,0,0,0,0
4_3,10.124999999999998,-61.72499999999999,10,0,0,0,0,0,0,0,0,0,0,0,0,0,0,0,0,0
4_3,10.124999999999998,-61.72499999999999,11,0,0,0,0,0,0,0,0,0,0,0,0,0,0,0,0,0
4_3,10.124999999999998,-61.72499999999999,12,0,0,0,0,0,0,0,0,0,0,0,0,0,0,0,0,0
4_3,10.124999999999998,-61.72499999999999,13,0,0,0,0,0,0,0,0,0,0,0,0,0,0,0,0,0
4_3,10.124999999999998,-61.72499999999999,14,0,0,0,0,0,0,0,0,0,0,0,0,0,0,0,0,0
4_3,10.124999999999998,-61.72499999999999,15,0,0,0,0,0,0,0,0,0,0,0,0,0,0,0,0,0
4_3,10.124999999999998,-61.72499999999999,16,0,0,0,0,0,0,0,0,0,0,0,0,0,0,0,0,0
4_3,10.124999999999998,-61.72499999999999,17,0,0,0,0,0,0,0,0,0,0,0,0,0,0,0,0,0
4_3,10.124999999999998,-61.72499999999999,18,0,0,0,0,0,0,0,0,0,0,0,0,0,0,0,0,0
4_3,10.124999999999998,-61.72499999999999,19,0,0,0,0,0,0,0,0,0,0,0,0,0,0,0,0,0
4_3,10.124999999999998,-61.72499999999999,20,0,0,0,0,0,0,0,0,0,0,0,0,0,0,0,0,0
4_3,10.124999999999998,-61.72499999999999,21,0,0,0,0,0,0,0,0,0,0,0,0,0,0,0,0,0
4_3,10.124999999999998,-61.72499999999999,22,0,0,0,0,0,0,0,0,0,0,0,0,0,0,0,0,0
4_3,10.124999999999998,-61.72499999999999,23,0,0,0,0,0,0,0,0,0,0,0,0,0,0,0,0,0
4_3,10.124999999999998,-61.72499999999999,24,0,0,0,0,0,0,0,0,0,0,0,0,0,0,0,0,0
4_3,10.124999999999998,-61.72499999999999,25,0,0,0,0,0,0,0,0,0,0,0,0,0,0,0,0,0
4_3,10.124999999999998,-61.72499999999999,26,0,0,0,0,0,0,0,0,0,0,0,0,0,0,0,0,0
4_3,10.124999999999998,-61.72499999999999,27,0,0,0,0,0,0,0,0,0,0,0,0,0,0,0,0,0
4_3,10.124999999999998,-61.72499999999999,28,0,0,0,0,0,0,0,0,0,0,0,0,0,0,0,0,0
4_3,10.124999999999998,-61.72499999999999,29,0,0,0,0,0,0,0,0,0,0,0,0,0,0,0,0,0
4_3,10.124999999999998,-61.72499999999999,30,0,0,0,0,0,0,0,0,0,0,0,0,0,0,0,0,0
4_3,10.124999999999998,-61.72499999999999,31,0,0,0,0,0,0,0,0,0,0,0,0,0,0,0,0,0
4_3,10.124999999999998,-61.72499999999999,32,0,2,0,0,0,0,0,0,0,0,0,0,0,0,0,0,0
4_3,10.124999999999998,-61.72499999999999,33,0,0,2,0,0,0,0,0,0,0,0,0,0,0,0,0,0
4_3,10.124999999999998,-61.72499999999999,34,0,0,0,2,0,0,0,0,0,0,0,0,0,0,0,0,0
4_3,10.124999999999998,-61.72499999999999,35,0,0,0,0,2,0,0,0,0,0,0,0,0,0,0,0,0
4_3,10.124999999999998,-61.72499999999999,36,0,0,0,0,0,2,0,0,0,0,0,0,0,0,0,0,0
4_3,10.124999999999998,-61.72499999999999,37,0,0,0,0,0,0,2,0,0,0,0,0,0,0,0,0,0
4_3,10.124999999999998,-61.72499999999999,38,0,0,0,0,0,0,0,2,0,0,0,0,0,0,0,0,0
4_3,10.124999999999998,-61.72499999999999,39,0,0,0,0,0,0,0,0,2,0,0,0,0,0,0,0,0
4_3,10.124999999999998,-61.72499999999999,40,0,0,0,0,0,0,0,0,0,0,0,0,0,0,0,0,0
4_3,10.124999999999998,-61.72499999999999,41,0,0,0,0,0,0,0,0,0,0,0,0,0,0,0,0,0
4_3,10.124999999999998,-61.72499999999999,42,0,0,0,0,0,0,0,0,0,0,0,0,0,0,0,0,0
4_3,10.124999999999998,-61.72499999999999,43,0,0,0,0,0,0,0,0,0,0,0,0,0,0,0,0,0
4_3,10.124999999999998,-61.72499999999999,44,0,0,0,0,0,0,0,0,0,0,0,0,0,0,0,0,0
4_3,10.124999999999998,-61.72499999999999,45,0,0,0,0,0,0,0,0,0,0,0,0,0,0,0,0,0
4_3,10.124999999999998,-61.72499999999999,46,0,0,0,0,0,0,0,0,0,0,0,0,0,0,0,0,0
4_3,10.124999999999998,-61.72499999999999,47,0,0,0,0,0,0,0,0,0,0,0,0,0,0,0,0,0
4_3,10.124999999999998,-61.72499999999999,48,0,0,0,0,0,0,0,0,0,0,0,0,0,0,0,0,0
4_3,10.124999999999998,-61.72499999999999,49,1,0,0,0,0,0,0,0,0,0,0,0,0,0,0,0,0
4_3,10.124999999999998,-61.72499999999999,50,0,0,0,0,0,0,0,0,0,0,0,0,0,0,0,0,0
4_3,10.124999999999998,-61.72499999999999,51,0,0,0,0,0,0,0,0,0,0,0,0,0,0,0,0,0
4_3,10.124999999999998,-61.72499999999999,52,0,0,0,0,0,0,0,0,0,0,0,0,0,0,0,0,0
4_4,10.175,-61.725,0,0,0,,,,,,,,0,,,,,,,
4_4,10.175,-61.725,1,0,0,0,,,,,,,0,0,,,,,,
4_4,10.175,-61.725,2,0,0,0,0,,,,,,0,0,0,,,,,
4_4,10.175,-61.725,3,0,0,0,0,0,,,,,0,0,0,0,,,,
4_4,10.175,-61.725,4,0,0,0,0,0,0,,,,0,0,0,0,0,,,
4_4,10.175,-61.725,5,0,0,0,0,0,0,0,,,0,0,0,0,0,0,,
4_4,10.175,-61.725,6,0,0,0,0,0,0,0,0,,0,0,0,0,0,0,0,
4_4,10.175,-61.725,7,0,0,0,0,0,0,0,0,0,0,0,0,0,0,0,0,0
4_4,10.175,-61.725,8,0,0,0,0,0,0,0,0,0,0,0,0,0,0,0,0,0
4_4,10.175,-61.725,9,0,0,0,0,0,0,0,0,0,0,0,0,0,0,0,0,0
4_4,10.175,-61.725,10,0,0,0,0,0,0,0,0,0,0,0,0,0,0,0,0,0
4_4,10.175,-61.725,11,0,0,0,0,0,0,0,0,0,0,0,0,0,0,0,0,0
4_4,10.175,-61.725,12,0,0,0,0,0,0,0,0,0,0,0,0,0,0,0,0,0
4_4,10.175,-61.725,13,0,0,0,0,0,0,0,0,0,0,0,0,0,0,0,0,0
4_4,10.175,-61.725,14,0,0,0,0,0,0,0,0,0,0,0,0,0,0,0,0,0
4_4,10.175,-61.725,15,0,0,0,0,0,0,0,0,0,0,0,0,0,0,0,0,0
4_4,10.175,-61.725,16,0,0,0,0,0,0,0,0,0,0,0,0,0,0,0,0,0
4_4,10.175,-61.725,17,0,0,0,0,0,0,0,0,0,0,0,0,0,0,0,0,0
4_4,10.175,-61.725,18,0,0,0,0,0,0,0,0,0,0,0,0,0,0,0,0,0
4_4,10.175,-61.725,19,0,0,0,0,0,0,0,0,0,0,0,0,0,0,0,0,0
4_4,10.175,-61.725,20,0,0,0,0,0,0,0,0,0,0,0,0,0,0,0,0,0
4_4,10.175,-61.725,21,0,0,0,0,0,0,0,0,0,0,0,0,0,0,0,0,0
4_4,10.175,-61.725,22,0,0,0,0,0,0,0,0,0,0,0,0,0,0,0,0,0
4_4,10.175,-61.725,23,0,0,0,0,0,0,0,0,0,0,0,0,0,0,0,0,0
4_4,10.175,-61.725,24,0,0,0,0,0,0,0,0,0,0,0,0,0,0,0,0,0
4_4,10.175,-61.725,25,0,0,0,0,0,0,0,0,0,0,0,0,0,0,0,0,0
4_4,10.175,-61.725,26,0,0,0,0,0,0,0,0,0,0,0,0,0,0,0,0,0
4_4,10.175,-61.725,27,0,0,0,0,0,0,0,0,0,0,0,0,0,0,0,0,0
4_4,10.175,-61.725,28,0,0,0,0,0,0,0,0,0,0,0,0,0,0,0,0,0
4_4,10.175,-61.725,29,0,0,0,0,0,0,0,0,0,0,0,0,0,0,0,0,0
4_4,10.175,-61.725,30,0,0,0,0,0,0,0,0,0,0,0,0,0,0,0,0,0
4_4,10.175,-61.725,31,0,0,0,0,0,0,0,0,0,0,0,0,0,0,0,0,0
4_4,10.175,-61.725,32,0,0,0,0,0,0,0,0,0,0.39254634136090194,0,0,0,0,0,0,0
4_4,10.175,-61.725,33,0,0,0,0,0,0,0,0,0,0,0.39254634136090194,0,0,0,0,0,0
4_4,10.175,-61.725,34,0,0,0,0,0,0,0,0,0,0,0,0.39254634136090194,0,0,0,0,0
4_4,10.175,-61.725,35,0,0,0,0,0,0,0,0,0,0,0,0,0.39254634136090194,0,0,0,0
4_4,10.175,-61.725,36,0,0,0,0,0,0,0,0,0,0,0,0,0,0.39254634136090194,0,0,0
4_4,10.175,-61.725,37,0,0,0,0,0,0,0,0,0,0,0,0,0,0,0.39254634136090194,0,0
4_4,10.175,-61.725,38,0,0,0,0,0,0,0,0,0,0,0,0,0,0,0,0.39254634136090194,0
4_4,10.175,-61.725,39,0,0,0,0,0,0,0,0,0,0,0,0,0,0,0,0,0.39254634136090194
4_4,10.175,-61.725,40,0,0,0,0,0,0,0,0,0,0,0,0,0,0,0,0,0
4_4,10.175,-61.725,41,0,0,0,0,0,0,0,0,0,0,0,0,0,0,0,0,0
4_4,10.175,-61.725,42,0,0,0,0,0,0,0,0,0,0,0,0,0,0,0,0,0
4_4,10.175,-61.725,43,0,0,0,0,0,0,0,0,0,0,0,0,0,0,0,0,0
4_4,10.175,-61.725,44,0,0,0,0,0,0,0,0,0,0,0,0,0,0,0,0,0
4_4,10.175,-61.725,45,0,0,0,0,0,0,0,0,0,0,0,0,0,0,0,0,0
4_4,10.175,-61.725,46,0,0,0,0,0,0,0,0,0,0,0,0,0,0,0,0,0
4_4,10.175,-61.725,47,0,0,0,0,0,0,0,0,0,0,0,0,0,0,0,0,0
4_4,10.175,-61.725,48,0,0,0,0,0,0,0,0,0,0,0,0,0,0,0,0,0
4_4,10.175,-61.725,49,0,0,0,0,0,0,0,0,0,0,0,0,0,0,0,0,0
4_4,10.175,-61.725,50,0,0,0,0,0,0,0,0,0,0,0,0,0,0,0,0,0
4_4,10.175,-61.725,51,0,0,0,0,0,0,0,0,0,0,0,0,0,0,0,0,0
4_4,10.175,-61.725,52,0,0,0,0,0,0,0,0,0,0,0,0,0,0,0,0,0
4_5,10.225,-61.72499999999999,0,0,0,,,,,,,,0,,,,,,,
4_5,10.225,-61.72499999999999,1,0,0,0,,,,,,,0,0,,,,,,
4_5,10.225,-61.72499999999999,2,0,0,0,0,,,,,,0,0,0,,,,,
4_5,10.225,-61.72499999999999,3,0,0,0,0,0,,,,,0,0,0,0,,,,
4_5,10.225,-61.72499999999999,4,0,0,0,0,0,0,,,,0,0,0,0,0,,,
4_5,10.225,-61.72499999999999,5,0,0,0,0,0,0,0,,,0,0,0,0,0,0,,
4_5,10.225,-61.72499999999999,6,0,0,0,0,0,0,0,0,,0,0,0,0,0,0,0,
4_5,10.225,-61.72499999999999,7,0,0,0,0,0,0,0,0,0,0,0,0,0,0,0,0,0
4_5,10.225,-61.72499999999999,8,0,0,0,0,0,0,0,0,0,0,0,0,0,0,0,0,0
4_5,10.225,-61.72499999999999,9,0,0,0,0,0,0,0,0,0,0,0,0,0,0,0,0,0
4_5,10.225,-61.72499999999999,10,0,0,0,0,0,0,0,0,0,0,0,0,0,0,0,0,0
4_5,10.225,-61.72499999999999,11,0,0,0,0,0,0,0,0,0,0,0,0,0,0,0,0,0
4_5,10.225,-61.72499999999999,12,0,0,0,0,0,0,0,0,0,0,0,0,0,0,0,0,0
4_5,10.225,-61.72499999999999,13,0,0,0,0,0,0,0,0,0,0,0,0,0,0,0,0,0
4_5,10.225,-61.72499999999999,14,0,0,0,0,0,0,0,0,0,0,0,0,0,0,0,0,0
4_5,10.225,-61.72499999999999,15,0,0,0,0,0,0,0,0,0,0,0,0,0,0,0,0,0
4_5,10.225,-61.72499999999999,16,0,0,0,0,0,0,0,0,0,0,0,0,0,0,0,0,0
4_5,10.225,-61.72499999999999,17,0,0,0,0,0,0,0,0,0,0,0,0,0,0,0,0,0
4_5,10.225,-61.72499999999999,18,0,0,0,0,0,0,0,0,0,0,0,0,0,0,0,0,0
4_5,10.225,-61.72499999999999,19,0,0,0,0,0,0,0,0,0,0,0,0,0,0,0,0,0
4_5,10.225,-61.72499999999999,20,0,0,0,0,0,0,0,0,0,0,0,0,0,0,0,0,0
4_5,10.225,-61.72499999999999,21,0,0,0,0,0,0,0,0,0,0,0,0,0,0,0,0,0
4_5,10.225,-61.72499999999999,22,0,0,0,0,0,0,0,0,0,0,0,0,0,0,0,0,0
4_5,10.225,-61.72499999999999,23,0,0,0,0,0,0,0,0,0,0,0,0,0,0,0,0,0
4_5,10.225,-61.72499999999999,24,0,0,0,0,0,0,0,0,0,0,0,0,0,0,0,0,0
4_5,10.225,-61.72499999999999,25,0,0,0,0,0,0,0,0,0,0,0,0,0,0,0,0,0
4_5,10.225,-61.72499999999999,26,0,0,0,0,0,0,0,0,0,0,0,0,0,0,0,0,0
4_5,10.225,-61.72499999999999,27,0,0,0,0,0,0,0,0,0,0,0,0,0,0,0,0,0
4_5,10.225,-61.72499999999999,28,0,0,0,0,0,0,0,0,0,0,0,0,0,0,0,0,0
4_5,10.225,-61.72499999999999,29,0,0,0,0,0,0,0,0,0,0,0,0,0,0,0,0,0
4_5,10.225,-61.72499999999999,30,0,0,0,0,0,0,0,0,0,0,0,0,0,0,0,0,0
4_5,10.225,-61.72499999999999,31,0,0,0,0,0,0,0,0,0,0,0,0,0,0,0,0,0
4_5,10.225,-61.72499999999999,32,0,0,0,0,0,0,0,0,0,0,0,0,0,0,0,0,0
4_5,10.225,-61.72499999999999,33,0,0,0,0,0,0,0,0,0,0,0,0,0,0,0,0,0
4_5,10.225,-61.72499999999999,34,0,0,0,0,0,0,0,0,0,0,0,0,0,0,0,0,0
4_5,10.225,-61.72499999999999,35,0,0,0,0,0,0,0,0,0,0,0,0,0,0,0,0,0
4_5,10.225,-61.72499999999999,36,0,0,0,0,0,0,0,0,0,0,0,0,0,0,0,0,0
4_5,10.225,-61.72499999999999,37,0,0,0,0,0,0,0,0,0,0,0,0,0,0,0,0,0
4_5,10.225,-61.72499999999999,38,0,0,0,0,0,0,0,0,0,0,0,0,0,0,0,0,0
4_5,10.225,-61.72499999999999,39,0,0,0,0,0,0,0,0,0,0,0,0,0,0,0,0,0
4_5,10.225,-61.72499999999999,40,0,0,0,0,0,0,0,0,0,0,0,0,0,0,0,0,0
4_5,10.225,-61.72499999999999,41,0,0,0,0,0,0,0,0,0,0,0,0,0,0,0,0,0
4_5,10.225,-61.72499999999999,42,0,0,0,0,0,0,0,0,0,0,0,0,0,0,0,0,0
4_5,10.225,-61.72499999999999,43,0,0,0,0,0,0,0,0,0,0,0,0,0,0,0,0,0
4_5,10.225,-61.72499999999999,44,0,0,0,0,0,0,0,0,0,0,0,0,0,0,0,0,0
4_5,10.225,-61.72499999999999,45,0,0,0,0,0,0,0,0,0,0,0,0,0,0,0,0,0
4_5,10.225,-61.72499999999999,46,0,0,0,0,0,0,0,0,0,0,0,0,0,0,0,0,0
4_5,10.225,-61.72499999999999,47,0,0,0,0,0,0,0,0,0,0,0,0,0,0,0,0,0
4_5,10.225,-61.72499999999999,48,0,0,0,0,0,0,0,0,0,0,0,0,0,0,0,0,0
4_5,10.225,-61.72499999999999,49,0,0,0,0,0,0,0,0,0,0,0,0,0,0,0,0,0
4_5,10.225,-61.72499999999999,50,0,0,0,0,0,0,0,0,0,0,0,0,0,0,0,0,0
4_5,10.225,-61.72499999999999,51,0,0,0,0,0,0,0,0,0,0,0,0,0,0,0,0,0
4_5,10.225,-61.72499999999999,52,0,0,0,0,0,0,0,0,0,0,0,0,0,0,0,0,0
4_14,10.675,-61.725,0,0,0,,,,,,,,0,,,,,,,
4_14,10.675,-61.725,1,0,0,0,,,,,,,0,0,,,,,,
4_14,10.675,-61.725,2,0,0,0,0,,,,,,0,0,0,,,,,
4_14,10.675,-61.725,3,0,0,0,0,0,,,,,0,0,0,0,,,,
4_14,10.675,-61.725,4,0,0,0,0,0,0,,,,0,0,0,0,0,,,
4_14,10.675,-61.725,5,0,0,0,0,0,0,0,,,0,0,0,0,0,0,,
4_14,10.675,-61.725,6,0,0,0,0,0,0,0,0,,0,0,0,0,0,0,0,
4_14,10.675,-61.725,7,0,0,0,0,0,0,0,0,0,0,0,0,0,0,0,0,0
4_14,10.675,-61.725,8,0,0,0,0,0,0,0,0,0,0,0,0,0,0,0,0,0
4_14,10.675,-61.725,9,0,0,0,0,0,0,0,0,0,0,0,0,0,0,0,0,0
4_14,10.675,-61.725,10,0,0,0,0,0,0,0,0,0,0,0,0,0,0,0,0,0
4_14,10.675,-61.725,11,0,0,0,0,0,0,0,0,0,0,0,0,0,0,0,0,0
4_14,10.675,-61.725,12,0,0,0,0,0,0,0,0,0,0,0,0,0,0,0,0,0
4_14,10.675,-61.725,13,0,0,0,0,0,0,0,0,0,0,0,0,0,0,0,0,0
4_14,10.675,-61.725,14,0,0,0,0,0,0,0,0,0,0,0,0,0,0,0,0,0
4_14,10.675,-61.725,15,0,0,0,0,0,0,0,0,0,0,0,0,0,0,0,0,0
4_14,10.675,-61.725,16,0,0,0,0,0,0,0,0,0,0,0,0,0,0,0,0,0
4_14,10.675,-61.725,17,0,0,0,0,0,0,0,0,0,0,0,0,0,0,0,0,0
4_14,10.675,-61.725,18,0,0,0,0,0,0,0,0,0,0,0,0,0,0,0,0,0
4_14,10.675,-61.725,19,0,0,0,0,0,0,0,0,0,0,0,0,0,0,0,0,0
4_14,10.675,-61.725,20,0,0,0,0,0,0,0,0,0,0,0,0,0,0,0,0,0
4_14,10.675,-61.725,21,0,0,0,0,0,0,0,0,0,0,0,0,0,0,0,0,0
4_14,10.675,-61.725,22,0,0,0,0,0,0,0,0,0,0,0,0,0,0,0,0,0
4_14,10.675,-61.725,23,0,0,0,0,0,0,0,0,0,0,0,0,0,0,0,0,0
4_14,10.675,-61.725,24,0,0,0,0,0,0,0,0,0,0,0,0,0,0,0,0,0
4_14,10.675,-61.725,25,0,0,0,0,0,0,0,0,0,0,0,0,0,0,0,0,0
4_14,10.675,-61.725,26,0,0,0,0,0,0,0,0,0,0,0,0,0,0,0,0,0
4_14,10.675,-61.725,27,0,0,0,0,0,0,0,0,0,0,0,0,0,0,0,0,0
4_14,10.675,-61.725,28,0,0,0,0,0,0,0,0,0,0,0,0,0,0,0,0,0
4_14,10.675,-61.725,29,0,0,0,0,0,0,0,0,0,0,0,0,0,0,0,0,0
4_14,10.675,-61.725,30,0,0,0,0,0,0,0,0,0,0,0,0,0,0,0,0,0
4_14,10.675,-61.725,31,0,0,0,0,0,0,0,0,0,0,0,0,0,0,0,0,0
4_14,10.675,-61.725,32,0,0,0,0,0,0,0,0,0,0,0,0,0,0,0,0,0
4_14,10.675,-61.725,33,0,0,0,0,0,0,0,0,0,0,0,0,0,0,0,0,0
4_14,10.675,-61.725,34,0,0,0,0,0,0,0,0,0,0,0,0,0,0,0,0,0
4_14,10.675,-61.725,35,0,0,0,0,0,0,0,0,0,0,0,0,0,0,0,0,0
4_14,10.675,-61.725,36,0,0,0,0,0,0,0,0,0,0,0,0,0,0,0,0,0
4_14,10.675,-61.725,37,0,0,0,0,0,0,0,0,0,0,0,0,0,0,0,0,0
4_14,10.675,-61.725,38,0,0,0,0,0,0,0,0,0,0,0,0,0,0,0,0,0
4_14,10.675,-61.725,39,0,0,0,0,0,0,0,0,0,0,0,0,0,0,0,0,0
4_14,10.675,-61.725,40,0,0,0,0,0,0,0,0,0,0,0,0,0,0,0,0,0
4_14,10.675,-61.725,41,0,0,0,0,0,0,0,0,0,0,0,0,0,0,0,0,0
4_14,10.675,-61.725,42,0,0,0,0,0,0,0,0,0,0,0,0,0,0,0,0,0
4_14,10.675,-61.725,43,0,0,0,0,0,0,0,0,0,0,0,0,0,0,0,0,0
4_14,10.675,-61.725,44,0,0,0,0,0,0,0,0,0,0,0,0,0,0,0,0,0
4_14,10.675,-61.725,45,0,0,0,0,0,0,0,0,0,0,0,0,0,0,0,0,0
4_14,10.675,-61.725,46,0,0,0,0,0,0,0,0,0,0,0,0,0,0,0,0,0
4_14,10.675,-61.725,47,0,0,0,0,0,0,0,0,0,0,0,0,0,0,0,0,0
4_14,10.675,-61.725,48,0,0,0,0,0,0,0,0,0,0,0,0,0,0,0,0,0
4_14,10.675,-61.725,49,0,0,0,0,0,0,0,0,0,0,0,0,0,0,0,0,0
4_14,10.675,-61.725,50,0,0,0,0,0,0,0,0,0,0,0,0,0,0,0,0,0
4_14,10.675,-61.725,51,0,0,0,0,0,0,0,0,0,0,0,0,0,0,0,0,0
4_14,10.675,-61.725,52,0,0,0,0,0,0,0,0,0,0,0,0,0,0,0,0,0
4_15,10.725,-61.72499999999999,0,0,0,,,,,,,,0,,,,,,,
4_15,10.725,-61.72499999999999,1,0,0,0,,,,,,,0,0,,,,,,
4_15,10.725,-61.72499999999999,2,0,0,0,0,,,,,,0,0,0,,,,,
4_15,10.725,-61.72499999999999,3,0,0,0,0,0,,,,,0,0,0,0,,,,
4_15,10.725,-61.72499999999999,4,0,0,0,0,0,0,,,,0,0,0,0,0,,,
4_15,10.725,-61.72499999999999,5,0,0,0,0,0,0,0,,,0,0,0,0,0,0,,
4_15,10.725,-61.72499999999999,6,0,0,0,0,0,0,0,0,,0,0,0,0,0,0,0,
4_15,10.725,-61.72499999999999,7,0,0,0,0,0,0,0,0,0,0,0,0,0,0,0,0,0
4_15,10.725,-61.72499999999999,8,0,0,0,0,0,0,0,0,0,0,0,0,0,0,0,0,0
4_15,10.725,-61.72499999999999,9,0,0,0,0,0,0,0,0,0,0,0,0,0,0,0,0,0
4_15,10.725,-61.72499999999999,10,0,0,0,0,0,0,0,0,0,0,0,0,0,0,0,0,0
4_15,10.725,-61.72499999999999,11,0,0,0,0,0,0,0,0,0,0,0,0,0,0,0,0,0
4_15,10.725,-61.72499999999999,12,0,0,0,0,0,0,0,0,0,0,0,0,0,0,0,0,0
4_15,10.725,-61.72499999999999,13,0,0,0,0,0,0,0,0,0,0,0,0,0,0,0,0,0
4_15,10.725,-61.72499999999999,14,0,0,0,0,0,0,0,0,0,0,0,0,0,0,0,0,0
4_15,10.725,-61.72499999999999,15,0,0,0,0,0,0,0,0,0,0,0,0,0,0,0,0,0
4_15,10.725,-61.72499999999999,16,0,0,0,0,0,0,0,0,0,0,0,0,0,0,0,0,0
4_15,10.725,-61.72499999999999,17,0,0,0,0,0,0,0,0,0,0,0,0,0,0,0,0,0
4_15,10.725,-61.72499999999999,18,0,0,0,0,0,0,0,0,0,0,0,0,0,0,0,0,0
4_15,10.725,-61.72499999999999,19,0,0,0,0,0,0,0,0,0,0,0,0,0,0,0,0,0
4_15,10.725,-61.72499999999999,20,0,0,0,0,0,0,0,0,0,0,0,0,0,0,0,0,0
4_15,10.725,-61.72499999999999,21,0,0,0,0,0,0,0,0,0,0,0,0,0,0,0,0,0
4_15,10.725,-61.72499999999999,22,0,0,0,0,0,0,0,0,0,0,0,0,0,0,0,0,0
4_15,10.725,-61.72499999999999,23,0,0,0,0,0,0,0,0,0,0,0,0,0,0,0,0,0
4_15,10.725,-61.72499999999999,24,0,0,0,0,0,0,0,0,0,0,0,0,0,0,0,0,0
4_15,10.725,-61.72499999999999,25,0,0,0,0,0,0,0,0,0,0,0,0,0,0,0,0,0
4_15,10.725,-61.72499999999999,26,0,0,0,0,0,0,0,0,0,0,0,0,0,0,0,0,0
4_15,10.725,-61.72499999999999,27,0,0,0,0,0,0,0,0,0,0,0,0,0,0,0,0,0
4_15,10.725,-61.72499999999999,28,0,0,0,0,0,0,0,0,0,0,0,0,0,0,0,0,0
4_15,10.725,-61.72499999999999,29,0,0,0,0,0,0,0,0,0,0,0,0,0,0,0,0,0
4_15,10.725,-61.72499999999999,30,0,0,0,0,0,0,0,0,0,0,0,0,0,0,0,0,0
4_15,10.725,-61.72499999999999,31,0,0,0,0,0,0,0,0,0,0,0,0,0,0,0,0,0
4_15,10.725,-61.72499999999999,32,0,0,0,0,0,0,0,0,0,0,0,0,0,0,0,0,0
4_15,10.725,-61.72499999999999,33,0,0,0,0,0,0,0,0,0,0,0,0,0,0,0,0,0
4_15,10.725,-61.72499999999999,34,0,0,0,0,0,0,0,0,0,0,0,0,0,0,0,0,0
4_15,10.725,-61.72499999999999,35,0,0,0,0,0,0,0,0,0,0,0,0,0,0,0,0,0
4_15,10.725,-61.72499999999999,36,0,0,0,0,0,0,0,0,0,0,0,0,0,0,0,0,0
4_15,10.725,-61.72499999999999,37,0,0,0,0,0,0,0,0,0,0,0,0,0,0,0,0,0
4_15,10.725,-61.72499999999999,38,0,0,0,0,0,0,0,0,0,0,0,0,0,0,0,0,0
4_15,10.725,-61.72499999999999,39,0,0,0,0,0,0,0,0,0,0,0,0,0,0,0,0,0
4_15,10.725,-61.72499999999999,40,0,0,0,0,0,0,0,0,0,0,0,0,0,0,0,0,0
4_15,10.725,-61.72499999999999,41,0,0,0,0,0,0,0,0,0,0,0,0,0,0,0,0,0
4_15,10.725,-61.72499999999999,42,0,0,0,0,0,0,0,0,0,0,0,0,0,0,0,0,0
4_15,10.725,-61.72499999999999,43,0,0,0,0,0,0,0,0,0,0,0,0,0,0,0,0,0
4_15,10.725,-61.72499999999999,44,0,0,0,0,0,0,0,0,0,0,0,0,0,0,0,0,0
4_15,10.725,-61.72499999999999,45,0,0,0,0,0,0,0,0,0,0,0,0,0,0,0,0,0
4_15,10.725,-61.72499999999999,46,0,0,0,0,0,0,0,0,0,0,0,0,0,0,0,0,0
4_15,10.725,-61.72499999999999,47,0,0,0,0,0,0,0,0,0,0,0,0,0,0,0,0,0
4_15,10.725,-61.72499999999999,48,0,0,0,0,0,0,0,0,0,0,0,0,0,0,0,0,0
4_15,10.725,-61.72499999999999,49,0,0,0,0,0,0,0,0,0,0,0,0,0,0,0,0,0
4_15,10.725,-61.72499999999999,50,0,0,0,0,0,0,0,0,0,0,0,0,0,0,0,0,0
4_15,10.725,-61.72499999999999,51,0,0,0,0,0,0,0,0,0,0,0,0,0,0,0,0,0
4_15,10.725,-61.72499999999999,52,0,0,0,0,0,0,0,0,0,0,0,0,0,0,0,0,0
5_2,10.075,-61.675,0,0,0,,,,,,,,0,,,,,,,
5_2,10.075,-61.675,1,0,0,0,,,,,,,0,0,,,,,,
5_2,10.075,-61.675,2,0,0,0,0,,,,,,0,0,0,,,,,
5_2,10.075,-61.675,3,0,0,0,0,0,,,,,0,0,0,0,,,,
5_2,10.075,-61.675,4,0,0,0,0,0,0,,,,0,0,0,0,0,,,
5_2,10.075,-61.675,5,0,0,0,0,0,0,0,,,0,0,0,0,0,0,,
5_2,10.075,-61.675,6,0,0,0,0,0,0,0,0,,0,0,0,0,0,0,0,
5_2,10.075,-61.675,7,0,0,0,0,0,0,0,0,0,0,0,0,0,0,0,0,0
5_2,10.075,-61.675,8,0,0,0,0,0,0,0,0,0,0,0,0,0,0,0,0,0
5_2,10.075,-61.675,9,0,0,0,0,0,0,0,0,0,0,0,0,0,0,0,0,0
5_2,10.075,-61.675,10,0,0,0,0,0,0,0,0,0,0,0,0,0,0,0,0,0
5_2,10.075,-61.675,11,0,0,0,0,0,0,0,0,0,0,0,0,0,0,0,0,0
5_2,10.075,-61.675,12,0,0,0,0,0,0,0,0,0,0,0,0,0,0,0,0,0
5_2,10.075,-61.675,13,0,0,0,0,0,0,0,0,0,0,0,0,0,0,0,0,0
5_2,10.075,-61.675,14,0,0,0,0,0,0,0,0,0,0,0,0,0,0,0,0,0
5_2,10.075,-61.675,15,0,0,0,0,0,0,0,0,0,0,0,0,0,0,0,0,0
5_2,10.075,-61.675,16,0,0,0,0,0,0,0,0,0,0,0,0,0,0,0,0,0
5_2,10.075,-61.675,17,0,0,0,0,0,0,0,0,0,0,0,0,0,0,0,0,0
5_2,10.075,-61.675,18,0,0,0,0,0,0,0,0,0,0,0,0,0,0,0,0,0
5_2,10.075,-61.675,19,0,0,0,0,0,0,0,0,0,0,0,0,0,0,0,0,0
5_2,10.075,-61.675,20,0,0,0,0,0,0,0,0,0,0,0,0,0,0,0,0,0
5_2,10.075,-61.675,21,0,0,0,0,0,0,0,0,0,0,0,0,0,0,0,0,0
5_2,10.075,-61.675,22,0,0,0,0,0,0,0,0,0,0,0,0,0,0,0,0,0
5_2,10.075,-61.675,23,0,0,0,0,0,0,0,0,0,0,0,0,0,0,0,0,0
5_2,10.075,-61.675,24,0,0,0,0,0,0,0,0,0,0,0,0,0,0,0,0,0
5_2,10.075,-61.675,25,0,0,0,0,0,0,0,0,0,0,0,0,0,0,0,0,0
5_2,10.075,-61.675,26,0,0,0,0,0,0,0,0,0,0,0,0,0,0,0,0,0
5_2,10.075,-61.675,27,0,0,0,0,0,0,0,0,0,0,0,0,0,0,0,0,0
5_2,10.075,-61.675,28,0,0,0,0,0,0,0,0,0,0,0,0,0,0,0,0,0
5_2,10.075,-61.675,29,0,0,0,0,0,0,0,0,0,0,0,0,0,0,0,0,0
5_2,10.075,-61.675,30,0,0,0,0,0,0,0,0,0,0,0,0,0,0,0,0,0
5_2,10.075,-61.675,31,0,0,0,0,0,0,0,0,0,0,0,0,0,0,0,0,0
5_2,10.075,-61.675,32,0,0,0,0,0,0,0,0,0,0,0,0,0,0,0,0,0
5_2,10.075,-61.675,33,0,0,0,0,0,0,0,0,0,0,0,0,0,0,0,0,0
5_2,10.075,-61.675,34,0,0,0,0,0,0,0,0,0,0,0,0,0,0,0,0,0
5_2,10.075,-61.675,35,0,0,0,0,0,0,0,0,0,0,0,0,0,0,0,0,0
5_2,10.075,-61.675,36,0,0,0,0,0,0,0,0,0,0,0,0,0,0,0,0,0
5_2,10.075,-61.675,37,0,0,0,0,0,0,0,0,0,0,0,0,0,0,0,0,0
5_2,10.075,-61.675,38,0,0,0,0,0,0,0,0,0,0,0,0,0,0,0,0,0
5_2,10.075,-61.675,39,0,0,0,0,0,0,0,0,0,0,0,0,0,0,0,0,0
5_2,10.075,-61.675,40,0,0,0,0,0,0,0,0,0,0,0,0,0,0,0,0,0
5_2,10.075,-61.675,41,0,0,0,0,0,0,0,0,0,0,0,0,0,0,0,0,0
5_2,10.075,-61.675,42,0,0,0,0,0,0,0,0,0,0,0,0,0,0,0,0,0
5_2,10.075,-61.675,43,0,0,0,0,0,0,0,0,0,0,0,0,0,0,0,0,0
5_2,10.075,-61.675,44,0,0,0,0,0,0,0,0,0,0,0,0,0,0,0,0,0
5_2,10.075,-61.675,45,0,0,0,0,0,0,0,0,0,0,0,0,0,0,0,0,0
5_2,10.075,-61.675,46,0,0,0,0,0,0,0,0,0,0,0,0,0,0,0,0,0
5_2,10.075,-61.675,47,0,0,0,0,0,0,0,0,0,0,0,0,0,0,0,0,0
5_2,10.075,-61.675,48,0,0,0,0,0,0,0,0,0,0,0,0,0,0,0,0,0
5_2,10.075,-61.675,49,0,0,0,0,0,0,0,0,0,0,0,0,0,0,0,0,0
5_2,10.075,-61.675,50,0,0,0,0,0,0,0,0,0,0,0,0,0,0,0,0,0
5_2,10.075,-61.675,51,0,0,0,0,0,0,0,0,0,0,0,0,0,0,0,0,0
5_2,10.075,-61.675,52,0,0,0,0,0,0,0,0,0,0,0,0,0,0,0,0,0
5_3,10.125,-61.67499999999999,0,0,0,,,,,,,,0,,,,,,,
5_3,10.125,-61.67499999999999,1,0,0,0,,,,,,,0,0,,,,,,
5_3,10.125,-61.67499999999999,2,0,0,0,0,,,,,,0,0,0,,,,,
5_3,10.125,-61.67499999999999,3,0,0,0,0,0,,,,,0,0,0,0,,,,
5_3,10.125,-61.67499999999999,4,0,0,0,0,0,0,,,,0,0,0,0,0,,,
5_3,10.125,-61.67499999999999,5,0,0,0,0,0,0,0,,,0,0,0,0,0,0,,
5_3,10.125,-61.67499999999999,6,0,0,0,0,0,0,0,0,,0,0,0,0,0,0,0,
5_3,10.125,-61.67499999999999,7,0,0,0,0,0,0,0,0,0,0,0,0,0,0,0,0,0
5_3,10.125,-61.67499999999999,8,0,0,0,0,0,0,0,0,0,0,0,0,0,0,0,0,0
5_3,10.125,-61.67499999999999,9,0,0,0,0,0,0,0,0,0,0,0,0,0,0,0,0,0
5_3,10.125,-61.67499999999999,10,0,0,0,0,0,0,0,0,0,0,0,0,0,0,0,0,0
5_3,10.125,-61.67499999999999,11,0,0,0,0,0,0,0,0,0,0,0,0,0,0,0,0,0
5_3,10.125,-61.67499999999999,12,0,0,0,0,0,0,0,0,0,0,0,0,0,0,0,0,0
5_3,10.125,-61.67499999999999,13,0,0,0,0,0,0,0,0,0,0,0,0,0,0,0,0,0
5_3,10.125,-61.67499999999999,14,0,0,0,0,0,0,0,0,0,0,0,0,0,0,0,0,0
5_3,10.125,-61.67499999999999,15,0,0,0,0,0,0,0,0,0,0,0,0,0,0,0,0,0
5_3,10.125,-61.67499999999999,16,0,0,0,0,0,0,0,0,0,0,0,0,0,0,0,0,0
5_3,10.125,-61.67499999999999,17,0,0,0,0,0,0,0,0,0,0,0,0,0,0,0,0,0
5_3,10.125,-61.67499999999999,18,0,0,0,0,0,0,0,0,0,0,0,0,0,0,0,0,0
5_3,10.125,-61.67499999999999,19,0,0,0,0,0,0,0,0,0,0,0,0,0,0,0,0,0
5_3,10.125,-61.67499999999999,20,0,0,0,0,0,0,0,0,0,0,0,0,0,0,0,0,0
5_3,10.125,-61.67499999999999,21,0,0,0,0,0,0,0,0,0,0,0,0,0,0,0,0,0
5_3,10.125,-61.67499999999999,22,0,0,0,0,0,0,0,0,0,0,0,0,0,0,0,0,0
5_3,10.125,-61.67499999999999,23,0,0,0,0,0,0,0,0,0,0,0,0,0,0,0,0,0
5_3,10.125,-61.67499999999999,24,0,0,0,0,0,0,0,0,0,0,0,0,0,0,0,0,0
5_3,10.125,-61.67499999999999,25,0,0,0,0,0,0,0,0,0,0,0,0,0,0,0,0,0
5_3,10.125,-61.67499999999999,26,0,0,0,0,0,0,0,0,0,0,0,0,0,0,0,0,0
5_3,10.125,-61.67499999999999,27,0,0,0,0,0,0,0,0,0,0,0,0,0,0,0,0,0
5_3,10.125,-61.67499999999999,28,0,0,0,0,0,0,0,0,0,0,0,0,0,0,0,0,0
5_3,10.125,-61.67499999999999,29,0,0,0,0,0,0,0,0,0,0,0,0,0,0,0,0,0
5_3,10.125,-61.67499999999999,30,0,0,0,0,0,0,0,0,0,0,0,0,0,0,0,0,0
5_3,10.125,-61.67499999999999,31,0,0,0,0,0,0,0,0,0,0,0,0,0,0,0,0,0
5_3,10.125,-61.67499999999999,32,0,0,0,0,0,0,0,0,0,0.25083095643586306,0,0,0,0,0,0,0
5_3,10.125,-61.67499999999999,33,0,0,0,0,0,0,0,0,0,0,0.25083095643586306,0,0,0,0,0,0
5_3,10.125,-61.67499999999999,34,0,0,0,0,0,0,0,0,0,0,0,0.25083095643586306,0,0,0,0,0
5_3,10.125,-61.67499999999999,35,0,0,0,0,0,0,0,0,0,0,0,0,0.25083095643586306,0,0,0,0
5_3,10.125,-61.67499999999999,36,0,0,0,0,0,0,0,0,0,0,0,0,0,0.25083095643586306,0,0,0
5_3,10.125,-61.67499999999999,37,0,0,0,0,0,0,0,0,0,0,0,0,0,0,0.25083095643586306,0,0
5_3,10.125,-61.67499999999999,38,0,0,0,0,0,0,0,0,0,0,0,0,0,0,0,0.25083095643586306,0
5_3,10.125,-61.67499999999999,39,0,0,0,0,0,0,0,0,0,0,0,0,0,0,0,0,0.25083095643586306
5_3,10.125,-61.67499999999999,40,0,0,0,0,0,0,0,0,0,0,0,0,0,0,0,0,0
5_3,10.125,-61.67499999999999,41,0,0,0,0,0,0,0,0,0,0,0,0,0,0,0,0,0
5_3,10.125,-61.67499999999999,42,0,0,0,0,0,0,0,0,0,0,0,0,0,0,0,0,0
5_3,10.125,-61.67499999999999,43,0,0,0,0,0,0,0,0,0,0,0,0,0,0,0,0,0
5_3,10.125,-61.67499999999999,44,0,0,0,0,0,0,0,0,0,0,0,0,0,0,0,0,0
5_3,10.125,-61.67499999999999,45,0,0,0,0,0,0,0,0,0,0,0,0,0,0,0,0,0
5_3,10.125,-61.67499999999999,46,0,0,0,0,0,0,0,0,0,0,0,0,0,0,0,0,0
5_3,10.125,-61.67499999999999,47,0,0,0,0,0,0,0,0,0,0,0,0,0,0,0,0,0
5_3,10.125,-61.67499999999999,48,0,0,0,0,0,0,0,0,0,0,0,0,0,0,0,0,0
5_3,10.125,-61.67499999999999,49,0,0,0,0,0,0,0,0,0,0,0,0,0,0,0,0,0
5_3,10.125,-61.67499999999999,50,0,0,0,0,0,0,0,0,0,0,0,0,0,0,0,0,0
5_3,10.125,-61.67499999999999,51,0,0,0,0,0,0,0,0,0,0,0,0,0,0,0,0,0
5_3,10.125,-61.67499999999999,52,0,0,0,0,0,0,0,0,0,0,0,0,0,0,0,0,0
5_4,10.175,-61.675,0,0,0,,,,,,,,0,,,,,,,
5_4,10.175,-61.675,1,0,0,0,,,,,,,0,0,,,,,,
5_4,10.175,-61.675,2,0,0,0,0,,,,,,0,0,0,,,,,
5_4,10.175,-61.675,3,0,0,0,0,0,,,,,0,0,0,0,,,,
5_4,10.175,-61.675,4,0,0,0,0,0,0,,,,0,0,0,0,0,,,
5_4,10.175,-61.675,5,0,0,0,0,0,0,0,,,0,0,0,0,0,0,,
5_4,10.175,-61.675,6,0,0,0,0,0,0,0,0,,0,0,0,0,0,0,0,
5_4,10.175,-61.675,7,0,0,0,0,0,0,0,0,0,0,0,0,0,0,0,0,0
5_4,10.175,-61.675,8,0,0,0,0,0,0,0,0,0,0,0,0,0,0,0,0,0
5_4,10.175,-61.675,9,0,0,0,0,0,0,0,0,0,0,0,0,0,0,0,0,0
5_4,10.175,-61.675,10,0,0,0,0,0,0,0,0,0,0,0,0,0,0,0,0,0
5_4,10.175,-61.675,11,0,0,0,0,0,0,0,0,0,0,0,0,0,0,0,0,0
5_4,10.175,-61.675,12,0,0,0,0,0,0,0,0,0,0,0,0,0,0,0,0,0
5_4,10.175,-61.675,13,0,0,0,0,0,0,0,0,0,0,0,0,0,0,0,0,0
5_4,10.175,-61.675,14,0,0,0,0,0,0,0,0,0,0,0,0,0,0,0,0,0
5_4,10.175,-61.675,15,0,0,0,0,0,0,0,0,0,0,0,0,0,0,0,0,0
5_4,10.175,-61.675,16,0,0,0,0,0,0,0,0,0,0,0,0,0,0,0,0,0
5_4,10.175,-61.675,17,3,0,0,0,0,0,0,0,0,0,0,0,0,0,0,0,0
5_4,10.175,-61.675,18,0,0,0,0,0,0,0,0,0,0,0,0,0,0,0,0,0
5_4,10.175,-61.675,19,1,0,0,0,0,0,0,0,0,0,0,0,0,0,0,0,0
5_4,10.175,-61.675,20,1,0,0,0,0,0,0,0,0,0,0,0,0,0,0,0,0
5_4,10.175,-61.675,21,0,0,0,0,0,0,0,0,0,0,0,0,0,0,0,0,0
5_4,10.175,-61.675,22,1,0,0,0,0,0,0,0,0,0,0,0,0,0,0,0,0
5_4,10.175,-61.675,23,0,0,0,0,0,0,0,0,0,0,0,0,0,0,0,0,0
5_4,10.175,-61.675,24,0,0,0,0,0,0,0,0,0,0,0,0,0,0,0,0,0
5_4,10.175,-61.675,25,0,0,0,0,0,0,0,0,0,0,0,0,0,0,0,0,0
5_4,10.175,-61.675,26,0,0,0,0,0,0,0,0,0,0,0,0,0,0,0,0,0
5_4,10.175,-61.675,27,1,0,0,0,0,0,0,0,0,0,0,0,0,0,0,0,0
5_4,10.175,-61.675,28,0,0,0,0,0,0,0,0,0,0,0,0,0,0,0,0,0
5_4,10.175,-61.675,29,0,0,0,0,0,0,0,0,0,0,0,0,0,0,0,0,0
5_4,10.175,-61.675,30,0,0,0,0,0,0,0,0,0,0,0,0,0,0,0,0,0
5_4,10.175,-61.675,31,0,0,0,0,0,0,0,0,0,0,0,0,0,0,0,0,0
5_4,10.175,-61.675,32,0,0,0,0,0,0,0,0,0,0.20183462370167338,0,0,0,0,0,0,0
5_4,10.175,-61.675,33,0,0,0,0,0,0,0,0,0,0,0.20183462370167338,0,0,0,0,0,0
5_4,10.175,-61.675,34,0,0,0,0,0,0,0,0,0,0,0,0.20183462370167338,0,0,0,0,0
5_4,10.175,-61.675,35,0,0,0,0,0,0,0,0,0,0,0,0,0.20183462370167338,0,0,0,0
5_4,10.175,-61.675,36,0,0,0,0,0,0,0,0,0,0,0,0,0,0.20183462370167338,0,0,0
5_4,10.175,-61.675,37,0,0,0,0,0,0,0,0,0,0,0,0,0,0,0.20183462370167338,0,0
5_4,10.175,-61.675,38,0,0,0,0,0,0,0,0,0,0,0,0,0,0,0,0.20183462370167338,0
5_4,10.175,-61.675,39,0,0,0,0,0,0,0,0,0,0,0,0,0,0,0,0,0.20183462370167338
5_4,10.175,-61.675,40,0,0,0,0,0,0,0,0,0,0,0,0,0,0,0,0,0
5_4,10.175,-61.675,41,0,0,0,0,0,0,0,0,0,0,0,0,0,0,0,0,0
5_4,10.175,-61.675,42,0,0,0,0,0,0,0,0,0,0,0,0,0,0,0,0,0
5_4,10.175,-61.675,43,0,0,0,0,0,0,0,0,0,0,0,0,0,0,0,0,0
5_4,10.175,-61.675,44,0,0,0,0,0,0,0,0,0,0,0,0,0,0,0,0,0
5_4,10.175,-61.675,45,0,0,0,0,0,0,0,0,0,0,0,0,0,0,0,0,0
5_4,10.175,-61.675,46,0,0,0,0,0,0,0,0,0,0,0,0,0,0,0,0,0
5_4,10.175,-61.675,47,0,0,0,0,0,0,0,0,0,0,0,0,0,0,0,0,0
5_4,10.175,-61.675,48,0,0,0,0,0,0,0,0,0,0,0,0,0,0,0,0,0
5_4,10.175,-61.675,49,0,0,0,0,0,0,0,0,0,0,0,0,0,0,0,0,0
5_4,10.175,-61.675,50,0,0,0,0,0,0,0,0,0,0,0,0,0,0,0,0,0
5_4,10.175,-61.675,51,0,0,0,0,0,0,0,0,0,0,0,0,0,0,0,0,0
5_4,10.175,-61.675,52,0,0,0,0,0,0,0,0,0,0,0,0,0,0,0,0,0
5_5,10.224999999999998,-61.67499999999999,0,0,0,,,,,,,,0,,,,,,,
5_5,10.224999999999998,-61.67499999999999,1,0,0,0,,,,,,,0,0,,,,,,
5_5,10.224999999999998,-61.67499999999999,2,0,0,0,0,,,,,,0,0,0,,,,,
5_5,10.224999999999998,-61.67499999999999,3,0,0,0,0,0,,,,,0,0,0,0,,,,
5_5,10.224999999999998,-61.67499999999999,4,0,0,0,0,0,0,,,,0,0,0,0,0,,,
5_5,10.224999999999998,-61.67499999999999,5,0,0,0,0,0,0,0,,,0,0,0,0,0,0,,
5_5,10.224999999999998,-61.67499999999999,6,0,0,0,0,0,0,0,0,,0,0,0,0,0,0,0,
5_5,10.224999999999998,-61.67499999999999,7,0,0,0,0,0,0,0,0,0,0,0,0,0,0,0,0,0
5_5,10.224999999999998,-61.67499999999999,8,0,0,0,0,0,0,0,0,0,0,0,0,0,0,0,0,0
5_5,10.224999999999998,-61.67499999999999,9,0,0,0,0,0,0,0,0,0,0,0,0,0,0,0,0,0
5_5,10.224999999999998,-61.67499999999999,10,0,0,0,0,0,0,0,0,0,0,0,0,0,0,0,0,0
5_5,10.224999999999998,-61.67499999999999,11,0,0,0,0,0,0,0,0,0,0,0,0,0,0,0,0,0
5_5,10.224999999999998,-61.67499999999999,12,0,0,0,0,0,0,0,0,0,0,0,0,0,0,0,0,0
5_5,10.224999999999998,-61.67499999999999,13,0,0,0,0,0,0,0,0,0,0,0,0,0,0,0,0,0
5_5,10.224999999999998,-61.67499999999999,14,0,0,0,0,0,0,0,0,0,0,0,0,0,0,0,0,0
5_5,10.224999999999998,-61.67499999999999,15,0,0,0,0,0,0,0,0,0,0,0,0,0,0,0,0,0
5_5,10.224999999999998,-61.67499999999999,16,0,0,0,0,0,0,0,0,0,0,0,0,0,0,0,0,0
5_5,10.224999999999998,-61.67499999999999,17,0,0,0,0,0,0,0,0,0,0,0,0,0,0,0,0,0
5_5,10.224999999999998,-61.67499999999999,18,0,0,0,0,0,0,0,0,0,0,0,0,0,0,0,0,0
5_5,10.224999999999998,-61.67499999999999,19,0,0,0,0,0,0,0,0,0,0,0,0,0,0,0,0,0
5_5,10.224999999999998,-61.67499999999999,20,0,0,0,0,0,0,0,0,0,0,0,0,0,0,0,0,0
5_5,10.224999999999998,-61.67499999999999,21,0,0,0,0,0,0,0,0,0,0,0,0,0,0,0,0,0
5_5,10.224999999999998,-61.67499999999999,22,0,0,0,0,0,0,0,0,0,0,0,0,0,0,0,0,0
5_5,10.224999999999998,-61.67499999999999,23,0,0,0,0,0,0,0,0,0,0,0,0,0,0,0,0,0
5_5,10.224999999999998,-61.67499999999999,24,0,0,0,0,0,0,0,0,0,0,0,0,0,0,0,0,0
5_5,10.224999999999998,-61.67499999999999,25,0,0,0,0,0,0,0,0,0,0,0,0,0,0,0,0,0
5_5,10.224999999999998,-61.67499999999999,26,0,0,0,0,0,0,0,0,0,0,0,0,0,0,0,0,0
5_5,10.224999999999998,-61.67499999999999,27,0,0,0,0,0,0,0,0,0,0,0,0,0,0,0,0,0
5_5,10.224999999999998,-61.67499999999999,28,0,0,0,0,0,0,0,0,0,0,0,0,0,0,0,0,0
5_5,10.224999999999998,-61.67499999999999,29,0,0,0,0,0,0,0,0,0,0,0,0,0,0,0,0,0
5_5,10.224999999999998,-61.67499999999999,30,0,0,0,0,0,0,0,0,0,0,0,0,0,0,0,0,0
5_5,10.224999999999998,-61.67499999999999,31,0,0,0,0,0,0,0,0,0,0,0,0,0,0,0,0,0
5_5,10.224999999999998,-61.67499999999999,32,0,0,0,0,0,0,0,0,0,0.168207890425451,0,0,0,0,0,0,0
5_5,10.224999999999998,-61.67499999999999,33,0,0,0,0,0,0,0,0,0,0,0.168207890425451,0,0,0,0,0,0
5_5,10.224999999999998,-61.67499999999999,34,0,0,0,0,0,0,0,0,0,0,0,0.168207890425451,0,0,0,0,0
5_5,10.224999999999998,-61.67499999999999,35,0,0,0,0,0,0,0,0,0,0,0,0,0.168207890425451,0,0,0,0
5_5,10.224999999999998,-61.67499999999999,36,0,0,0,0,0,0,0,0,0,0,0,0,0,0.168207890425451,0,0,0
5_5,10.224999999999998,-61.67499999999999,37,0,0,0,0,0,0,0,0,0,0,0,0,0,0,0.168207890425451,0,0
5_5,10.224999999999998,-61.67499999999999,38,0,0,0,0,0,0,0,0,0,0,0,0,0,0,0,0.168207890425451,0
5_5,10.224999999999998,-61.67499999999999,39,0,0,0,0,0,0,0,0,0,0,0,0,0,0,0,0,0.168207890425451
5_5,10.224999999999998,-61.67499999999999,40,0,0,0,0,0,0,0,0,0,0,0,0,0,0,0,0,0
5_5,10.224999999999998,-61.67499999999999,41,0,0,0,0,0,0,0,0,0,0,0,0,0,0,0,0,0
5_5,10.224999999999998,-61.67499999999999,42,0,0,0,0,0,0,0,0,0,0,0,0,0,0,0,0,0
5_5,10.224999999999998,-61.67499999999999,43,0,0,0,0,0,0,0,0,0,0,0,0,0,0,0,0,0
5_5,10.224999999999998,-61.67499999999999,44,0,0,0,0,0,0,0,0,0,0,0,0,0,0,0,0,0
5_5,10.224999999999998,-61.67499999999999,45,0,0,0,0,0,0,0,0,0,0,0,0,0,0,0,0,0
5_5,10.224999999999998,-61.67499999999999,46,0,0,0,0,0,0,0,0,0,0,0,0,0,0,0,0,0
5_5,10.224999999999998,-61.67499999999999,47,0,0,0,0,0,0,0,0,0,0.5458976163026988,0,0,0,0,0,0,0
5_5,10.224999999999998,-61.67499999999999,48,0,0,0,0,0,0,0,0,0,0,0.5458976163026988,0,0,0,0,0,0
5_5,10.224999999999998,-61.67499999999999,49,0,0,0,0,0,0,0,0,0,0,0,0.5458976163026988,0,0,0,0,0
5_5,10.224999999999998,-61.67499999999999,50,0,0,0,0,0,0,0,0,0,0,0,0,0.5458976163026988,0,0,0,0
5_5,10.224999999999998,-61.67499999999999,51,0,0,0,0,0,0,0,0,0,0,0,0,0,0.5458976163026988,0,0,0
5_5,10.224999999999998,-61.67499999999999,52,0,0,0,0,0,0,0,0,0,0,0,0,0,0,0.5458976163026988,0,0
5_14,10.675,-61.675,0,0,0,,,,,,,,0,,,,,,,
5_14,10.675,-61.675,1,0,0,0,,,,,,,0,0,,,,,,
5_14,10.675,-61.675,2,0,0,0,0,,,,,,0,0,0,,,,,
5_14,10.675,-61.675,3,0,0,0,0,0,,,,,0,0,0,0,,,,
5_14,10.675,-61.675,4,0,0,0,0,0,0,,,,0,0,0,0,0,,,
5_14,10.675,-61.675,5,0,0,0,0,0,0,0,,,0,0,0,0,0,0,,
5_14,10.675,-61.675,6,0,0,0,0,0,0,0,0,,0,0,0,0,0,0,0,
5_14,10.675,-61.675,7,0,0,0,0,0,0,0,0,0,0,0,0,0,0,0,0,0
5_14,10.675,-61.675,8,0,0,0,0,0,0,0,0,0,0,0,0,0,0,0,0,0
5_14,10.675,-61.675,9,0,0,0,0,0,0,0,0,0,0,0,0,0,0,0,0,0
5_14,10.675,-61.675,10,0,0,0,0,0,0,0,0,0,0,0,0,0,0,0,0,0
5_14,10.675,-61.675,11,0,0,0,0,0,0,0,0,0,0,0,0,0,0,0,0,0
5_14,10.675,-61.675,12,0,0,0,0,0,0,0,0,0,0,0,0,0,0,0,0,0
5_14,10.675,-61.675,13,0,0,0,0,0,0,0,0,0,0,0,0,0,0,0,0,0
5_14,10.675,-61.675,14,0,0,0,0,0,0,0,0,0,0,0,0,0,0,0,0,0
5_14,10.675,-61.675,15,0,0,0,0,0,0,0,0,0,0,0,0,0,0,0,0,0
5_14,10.675,-61.675,16,0,0,0,0,0,0,0,0,0,0,0,0,0,0,0,0,0
5_14,10.675,-61.675,17,0,0,0,0,0,0,0,0,0,0,0,0,0,0,0,0,0
5_14,10.675,-61.675,18,0,0,0,0,0,0,0,0,0,0,0,0,0,0,0,0,0
5_14,10.675,-61.675,19,0,0,0,0,0,0,0,0,0,0,0,0,0,0,0,0,0
5_14,10.675,-61.675,20,0,0,0,0,0,0,0,0,0,0,0,0,0,0,0,0,0
5_14,10.675,-61.675,21,0,0,0,0,0,0,0,0,0,0,0,0,0,0,0,0,0
5_14,10.675,-61.675,22,0,0,0,0,0,0,0,0,0,0,0,0,0,0,0,0,0
5_14,10.675,-61.675,23,0,0,0,0,0,0,0,0,0,0,0,0,0,0,0,0,0
5_14,10.675,-61.675,24,0,0,0,0,0,0,0,0,0,0,0,0,0,0,0,0,0
5_14,10.675,-61.675,25,0,0,0,0,0,0,0,0,0,0,0,0,0,0,0,0,0
5_14,10.675,-61.675,26,0,0,0,0,0,0,0,0,0,0,0,0,0,0,0,0,0
5_14,10.675,-61.675,27,0,0,0,0,0,0,0,0,0,0,0,0,0,0,0,0,0
5_14,10.675,-61.675,28,0,0,0,0,0,0,0,0,0,0,0,0,0,0,0,0,0
5_14,10.675,-61.675,29,0,0,0,0,0,0,0,0,0,0,0,0,0,0,0,0,0
5_14,10.675,-61.675,30,0,0,0,0,0,0,0,0,0,0,0,0,0,0,0,0,0
5_14,10.675,-61.675,31,0,0,0,0,0,0,0,0,0,0,0,0,0,0,0,0,0
5_14,10.675,-61.675,32,0,0,0,0,0,0,0,0,0,0,0,0,0,0,0,0,0
5_14,10.675,-61.675,33,0,0,0,0,0,0,0,0,0,0,0,0,0,0,0,0,0
5_14,10.675,-61.675,34,0,0,0,0,0,0,0,0,0,0,0,0,0,0,0,0,0
5_14,10.675,-61.675,35,0,0,0,0,0,0,0,0,0,0,0,0,0,0,0,0,0
5_14,10.675,-61.675,36,0,0,0,0,0,0,0,0,0,0,0,0,0,0,0,0,0
5_14,10.675,-61.675,37,0,0,0,0,0,0,0,0,0,0,0,0,0,0,0,0,0
5_14,10.675,-61.675,38,0,0,0,0,0,0,0,0,0,0,0,0,0,0,0,0,0
5_14,10.675,-61.675,39,0,0,0,0,0,0,0,0,0,0,0,0,0,0,0,0,0
5_14,10.675,-61.675,40,0,0,0,0,0,0,0,0,0,0,0,0,0,0,0,0,0
5_14,10.675,-61.675,41,0,0,0,0,0,0,0,0,0,0,0,0,0,0,0,0,0
5_14,10.675,-61.675,42,0,0,0,0,0,0,0,0,0,0,0,0,0,0,0,0,0
5_14,10.675,-61.675,43,0,0,0,0,0,0,0,0,0,0,0,0,0,0,0,0,0
5_14,10.675,-61.675,44,0,0,0,0,0,0,0,0,0,0,0,0,0,0,0,0,0
5_14,10.675,-61.675,45,0,0,0,0,0,0,0,0,0,0,0,0,0,0,0,0,0
5_14,10.675,-61.675,46,0,0,0,0,0,0,0,0,0,0,0,0,0,0,0,0,0
5_14,10.675,-61.675,47,0,0,0,0,0,0,0,0,0,0,0,0,0,0,0,0,0
5_14,10.675,-61.675,48,1,0,0,0,0,0,0,0,0,0,0,0,0,0,0,0,0
5_14,10.675,-61.675,49,0,0,0,0,0,0,0,0,0,0,0,0,0,0,0,0,0
5_14,10.675,-61.675,50,0,0,0,0,0,0,0,0,0,0,0,0,0,0,0,0,0
5_14,10.675,-61.675,51,0,0,0,0,0,0,0,0,0,0,0,0,0,0,0,0,0
5_14,10.675,-61.675,52,0,0,0,0,0,0,0,0,0,0,0,0,0,0,0,0,0
5_15,10.725,-61.67499999999999,0,0,0,,,,,,,,0,,,,,,,
5_15,10.725,-61.67499999999999,1,0,0,0,,,,,,,0,0,,,,,,
5_15,10.725,-61.67499999999999,2,0,0,0,0,,,,,,0,0,0,,,,,
5_15,10.725,-61.67499999999999,3,0,0,0,0,0,,,,,0,0,0,0,,,,
5_15,10.725,-61.67499999999999,4,0,0,0,0,0,0,,,,0,0,0,0,0,,,
5_15,10.725,-61.67499999999999,5,0,0,0,0,0,0,0,,,0,0,0,0,0,0,,
5_15,10.725,-61.67499999999999,6,0,0,0,0,0,0,0,0,,0,0,0,0,0,0,0,
5_15,10.725,-61.67499999999999,7,0,0,0,0,0,0,0,0,0,0,0,0,0,0,0,0,0
5_15,10.725,-61.67499999999999,8,0,0,0,0,0,0,0,0,0,0,0,0,0,0,0,0,0
5_15,10.725,-61.67499999999999,9,0,0,0,0,0,0,0,0,0,0,0,0,0,0,0,0,0
5_15,10.725,-61.67499999999999,10,0,0,0,0,0,0,0,0,0,0,0,0,0,0,0,0,0
5_15,10.725,-61.67499999999999,11,0,0,0,0,0,0,0,0,0,0,0,0,0,0,0,0,0
5_15,10.725,-61.67499999999999,12,0,0,0,0,0,0,0,0,0,0,0,0,0,0,0,0,0
5_15,10.725,-61.67499999999999,13,0,0,0,0,0,0,0,0,0,0,0,0,0,0,0,0,0
5_15,10.725,-61.67499999999999,14,0,0,0,0,0,0,0,0,0,0,0,0,0,0,0,0,0
5_15,10.725,-61.67499999999999,15,0,0,0,0,0,0,0,0,0,0,0,0,0,0,0,0,0
5_15,10.725,-61.67499999999999,16,0,0,0,0,0,0,0,0,0,0,0,0,0,0,0,0,0
5_15,10.725,-61.67499999999999,17,0,0,0,0,0,0,0,0,0,0,0,0,0,0,0,0,0
5_15,10.725,-61.67499999999999,18,0,0,0,0,0,0,0,0,0,0,0,0,0,0,0,0,0
5_15,10.725,-61.67499999999999,19,0,0,0,0,0,0,0,0,0,0,0,0,0,0,0,0,0
5_15,10.725,-61.67499999999999,20,0,0,0,0,0,0,0,0,0,0,0,0,0,0,0,0,0
5_15,10.725,-61.67499999999999,21,0,0,0,0,0,0,0,0,0,0,0,0,0,0,0,0,0
5_15,10.725,-61.67499999999999,22,0,0,0,0,0,0,0,0,0,0,0,0,0,0,0,0,0
5_15,10.725,-61.67499999999999,23,0,0,0,0,0,0,0,0,0,0,0,0,0,0,0,0,0
5_15,10.725,-61.67499999999999,24,0,0,0,0,0,0,0,0,0,0,0,0,0,0,0,0,0
5_15,10.725,-61.67499999999999,25,0,0,0,0,0,0,0,0,0,0,0,0,0,0,0,0,0
5_15,10.725,-61.67499999999999,26,0,0,0,0,0,0,0,0,0,0,0,0,0,0,0,0,0
5_15,10.725,-61.67499999999999,27,0,0,0,0,0,0,0,0,0,0,0,0,0,0,0,0,0
5_15,10.725,-61.67499999999999,28,0,0,0,0,0,0,0,0,0,0,0,0,0,0,0,0,0
5_15,10.725,-61.67499999999999,29,0,0,0,0,0,0,0,0,0,0,0,0,0,0,0,0,0
5_15,10.725,-61.67499999999999,30,0,0,0,0,0,0,0,0,0,0,0,0,0,0,0,0,0
5_15,10.725,-61.67499999999999,31,0,0,0,0,0,0,0,0,0,0,0,0,0,0,0,0,0
5_15,10.725,-61.67499999999999,32,0,0,0,0,0,0,0,0,0,0,0,0,0,0,0,0,0
5_15,10.725,-61.67499999999999,33,0,0,0,0,0,0,0,0,0,0,0,0,0,0,0,0,0
5_15,10.725,-61.67499999999999,34,0,0,0,0,0,0,0,0,0,0,0,0,0,0,0,0,0
5_15,10.725,-61.67499999999999,35,0,0,0,0,0,0,0,0,0,0,0,0,0,0,0,0,0
5_15,10.725,-61.67499999999999,36,0,0,0,0,0,0,0,0,0,0,0,0,0,0,0,0,0
5_15,10.725,-61.67499999999999,37,0,0,0,0,0,0,0,0,0,0,0,0,0,0,0,0,0
5_15,10.725,-61.67499999999999,38,0,0,0,0,0,0,0,0,0,0,0,0,0,0,0,0,0
5_15,10.725,-61.67499999999999,39,0,0,0,0,0,0,0,0,0,0,0,0,0,0,0,0,0
5_15,10.725,-61.67499999999999,40,0,0,0,0,0,0,0,0,0,0,0,0,0,0,0,0,0
5_15,10.725,-61.67499999999999,41,0,0,0,0,0,0,0,0,0,0,0,0,0,0,0,0,0
5_15,10.725,-61.67499999999999,42,0,0,0,0,0,0,0,0,0,0,0,0,0,0,0,0,0
5_15,10.725,-61.67499999999999,43,0,0,0,0,0,0,0,0,0,0,0,0,0,0,0,0,0
5_15,10.725,-61.67499999999999,44,0,0,0,0,0,0,0,0,0,0,0,0,0,0,0,0,0
5_15,10.725,-61.67499999999999,45,0,0,0,0,0,0,0,0,0,0,0,0,0,0,0,0,0
5_15,10.725,-61.67499999999999,46,0,0,0,0,0,0,0,0,0,0,0,0,0,0,0,0,0
5_15,10.725,-61.67499999999999,47,0,0,0,0,0,0,0,0,0,0,0,0,0,0,0,0,0
5_15,10.725,-61.67499999999999,48,0,0,0,0,0,0,0,0,0,0,0,0,0,0,0,0,0
5_15,10.725,-61.67499999999999,49,0,0,0,0,0,0,0,0,0,0,0,0,0,0,0,0,0
5_15,10.725,-61.67499999999999,50,0,0,0,0,0,0,0,0,0,0,0,0,0,0,0,0,0
5_15,10.725,-61.67499999999999,51,0,0,0,0,0,0,0,0,0,0,0,0,0,0,0,0,0
5_15,10.725,-61.67499999999999,52,0,0,0,0,0,0,0,0,0,0,0,0,0,0,0,0,0
6_2,10.075,-61.625,0,0,0,,,,,,,,0,,,,,,,
6_2,10.075,-61.625,1,0,0,0,,,,,,,0,0,,,,,,
6_2,10.075,-61.625,2,0,0,0,0,,,,,,0,0,0,,,,,
6_2,10.075,-61.625,3,0,0,0,0,0,,,,,0,0,0,0,,,,
6_2,10.075,-61.625,4,0,0,0,0,0,0,,,,0,0,0,0,0,,,
6_2,10.075,-61.625,5,0,0,0,0,0,0,0,,,0,0,0,0,0,0,,
6_2,10.075,-61.625,6,0,0,0,0,0,0,0,0,,0,0,0,0,0,0,0,
6_2,10.075,-61.625,7,0,0,0,0,0,0,0,0,0,0,0,0,0,0,0,0,0
6_2,10.075,-61.625,8,0,0,0,0,0,0,0,0,0,0,0,0,0,0,0,0,0
6_2,10.075,-61.625,9,0,0,0,0,0,0,0,0,0,0,0,0,0,0,0,0,0
6_2,10.075,-61.625,10,0,0,0,0,0,0,0,0,0,0,0,0,0,0,0,0,0
6_2,10.075,-61.625,11,0,0,0,0,0,0,0,0,0,0,0,0,0,0,0,0,0
6_2,10.075,-61.625,12,0,0,0,0,0,0,0,0,0,0,0,0,0,0,0,0,0
6_2,10.075,-61.625,13,0,0,0,0,0,0,0,0,0,0,0,0,0,0,0,0,0
6_2,10.075,-61.625,14,0,0,0,0,0,0,0,0,0,0,0,0,0,0,0,0,0
6_2,10.075,-61.625,15,0,0,0,0,0,0,0,0,0,0,0,0,0,0,0,0,0
6_2,10.075,-61.625,16,0,0,0,0,0,0,0,0,0,0,0,0,0,0,0,0,0
6_2,10.075,-61.625,17,0,0,0,0,0,0,0,0,0,0,0,0,0,0,0,0,0
6_2,10.075,-61.625,18,0,0,0,0,0,0,0,0,0,0,0,0,0,0,0,0,0
6_2,10.075,-61.625,19,0,0,0,0,0,0,0,0,0,0,0,0,0,0,0,0,0
6_2,10.075,-61.625,20,0,0,0,0,0,0,0,0,0,0,0,0,0,0,0,0,0
6_2,10.075,-61.625,21,0,0,0,0,0,0,0,0,0,0,0,0,0,0,0,0,0
6_2,10.075,-61.625,22,1,0,0,0,0,0,0,0,0,0,0,0,0,0,0,0,0
6_2,10.075,-61.625,23,0,0,0,0,0,0,0,0,0,0,0,0,0,0,0,0,0
6_2,10.075,-61.625,24,1,0,0,0,0,0,0,0,0,0,0,0,0,0,0,0,0
6_2,10.075,-61.625,25,0,0,0,0,0,0,0,0,0,0,0,0,0,0,0,0,0
6_2,10.075,-61.625,26,0,0,0,0,0,0,0,0,0,0,0,0,0,0,0,0,0
6_2,10.075,-61.625,27,0,0,0,0,0,0,0,0,0,0,0,0,0,0,0,0,0
6_2,10.075,-61.625,28,0,0,0,0,0,0,0,0,0,0,0,0,0,0,0,0,0
6_2,10.075,-61.625,29,0,0,0,0,0,0,0,0,0,0,0,0,0,0,0,0,0
6_2,10.075,-61.625,30,0,0,0,0,0,0,0,0,0,0,0,0,0,0,0,0,0
6_2,10.075,-61.625,31,0,0,0,0,0,0,0,0,0,0,0,0,0,0,0,0,0
6_2,10.075,-61.625,32,0,0,0,0,0,0,0,0,0,0,0,0,0,0,0,0,0
6_2,10.075,-61.625,33,0,0,0,0,0,0,0,0,0,0,0,0,0,0,0,0,0
6_2,10.075,-61.625,34,0,0,0,0,0,0,0,0,0,0,0,0,0,0,0,0,0
6_2,10.075,-61.625,35,0,0,0,0,0,0,0,0,0,0,0,0,0,0,0,0,0
6_2,10.075,-61.625,36,0,0,0,0,0,0,0,0,0,0,0,0,0,0,0,0,0
6_2,10.075,-61.625,37,0,0,0,0,0,0,0,0,0,0,0,0,0,0,0,0,0
6_2,10.075,-61.625,38,0,0,0,0,0,0,0,0,0,0,0,0,0,0,0,0,0
6_2,10.075,-61.625,39,0,0,0,0,0,0,0,0,0,0,0,0,0,0,0,0,0
6_2,10.075,-61.625,40,0,0,0,0,0,0,0,0,0,0,0,0,0,0,0,0,0
6_2,10.075,-61.625,41,0,0,0,0,0,0,0,0,0,0,0,0,0,0,0,0,0
6_2,10.075,-61.625,42,0,0,0,0,0,0,0,0,0,0,0,0,0,0,0,0,0
6_2,10.075,-61.625,43,0,0,0,0,0,0,0,0,0,0,0,0,0,0,0,0,0
6_2,10.075,-61.625,44,0,0,0,0,0,0,0,0,0,0,0,0,0,0,0,0,0
6_2,10.075,-61.625,45,0,0,0,0,0,0,0,0,0,0,0,0,0,0,0,0,0
6_2,10.075,-61.625,46,0,0,0,0,0,0,0,0,0,0,0,0,0,0,0,0,0
6_2,10.075,-61.625,47,0,0,0,0,0,0,0,0,0,0,0,0,0,0,0,0,0
6_2,10.075,-61.625,48,0,0,0,0,0,0,0,0,0,0,0,0,0,0,0,0,0
6_2,10.075,-61.625,49,0,0,0,0,0,0,0,0,0,0,0,0,0,0,0,0,0
6_2,10.075,-61.625,50,0,0,0,0,0,0,0,0,0,0,0,0,0,0,0,0,0
6_2,10.075,-61.625,51,0,0,0,0,0,0,0,0,0,0,0,0,0,0,0,0,0
6_2,10.075,-61.625,52,0,0,0,0,0,0,0,0,0,0,0,0,0,0,0,0,0
6_3,10.125,-61.62500000000001,0,0,0,,,,,,,,0,,,,,,,
6_3,10.125,-61.62500000000001,1,0,0,0,,,,,,,0,0,,,,,,
6_3,10.125,-61.62500000000001,2,0,0,0,0,,,,,,0,0,0,,,,,
6_3,10.125,-61.62500000000001,3,0,0,0,0,0,,,,,0,0,0,0,,,,
6_3,10.125,-61.62500000000001,4,0,0,0,0,0,0,,,,0,0,0,0,0,,,
6_3,10.125,-61.62500000000001,5,0,0,0,0,0,0,0,,,0,0,0,0,0,0,,
6_3,10.125,-61.62500000000001,6,0,0,0,0,0,0,0,0,,0,0,0,0,0,0,0,
6_3,10.125,-61.62500000000001,7,0,0,0,0,0,0,0,0,0,0,0,0,0,0,0,0,0
6_3,10.125,-61.62500000000001,8,0,0,0,0,0,0,0,0,0,0,0,0,0,0,0,0,0
6_3,10.125,-61.62500000000001,9,0,0,0,0,0,0,0,0,0,0,0,0,0,0,0,0,0
6_3,10.125,-61.62500000000001,10,0,0,0,0,0,0,0,0,0,0,0,0,0,0,0,0,0
6_3,10.125,-61.62500000000001,11,0,0,0,0,0,0,0,0,0,0,0,0,0,0,0,0,0
6_3,10.125,-61.62500000000001,12,0,0,0,0,0,0,0,0,0,0,0,0,0,0,0,0,0
6_3,10.125,-61.62500000000001,13,0,0,0,0,0,0,0,0,0,0,0,0,0,0,0,0,0
6_3,10.125,-61.62500000000001,14,0,0,0,0,0,0,0,0,0,0,0,0,0,0,0,0,0
6_3,10.125,-61.62500000000001,15,0,0,0,0,0,0,0,0,0,0,0,0,0,0,0,0,0
6_3,10.125,-61.62500000000001,16,0,0,0,0,0,0,0,0,0,0,0,0,0,0,0,0,0
6_3,10.125,-61.62500000000001,17,0,0,0,0,0,0,0,0,0,0,0,0,0,0,0,0,0
6_3,10.125,-61.62500000000001,18,0,0,0,0,0,0,0,0,0,0,0,0,0,0,0,0,0
6_3,10.125,-61.62500000000001,19,0,0,0,0,0,0,0,0,0,0,0,0,0,0,0,0,0
6_3,10.125,-61.62500000000001,20,0,0,0,0,0,0,0,0,0,0,0,0,0,0,0,0,0
6_3,10.125,-61.62500000000001,21,0,0,0,0,0,0,0,0,0,0,0,0,0,0,0,0,0
6_3,10.125,-61.62500000000001,22,0,0,0,0,0,0,0,0,0,0,0,0,0,0,0,0,0
6_3,10.125,-61.62500000000001,23,0,0,0,0,0,0,0,0,0,0,0,0,0,0,0,0,0
6_3,10.125,-61.62500000000001,24,0,0,0,0,0,0,0,0,0,0,0,0,0,0,0,0,0
6_3,10.125,-61.62500000000001,25,0,0,0,0,0,0,0,0,0,0,0,0,0,0,0,0,0
6_3,10.125,-61.62500000000001,26,0,0,0,0,0,0,0,0,0,0,0,0,0,0,0,0,0
6_3,10.125,-61.62500000000001,27,0,0,0,0,0,0,0,0,0,0,0,0,0,0,0,0,0
6_3,10.125,-61.62500000000001,28,0,0,0,0,0,0,0,0,0,0,0,0,0,0,0,0,0
6_3,10.125,-61.62500000000001,29,0,0,0,0,0,0,0,0,0,0,0,0,0,0,0,0,0
6_3,10.125,-61.62500000000001,30,0,0,0,0,0,0,0,0,0,0,0,0,0,0,0,0,0
6_3,10.125,-61.62500000000001,31,0,0,0,0,0,0,0,0,0,0,0,0,0,0,0,0,0
6_3,10.125,-61.62500000000001,32,0,0,0,0,0,0,0,0,0,0,0,0,0,0,0,0,0
6_3,10.125,-61.62500000000001,33,0,0,0,0,0,0,0,0,0,0,0,0,0,0,0,0,0
6_3,10.125,-61.62500000000001,34,0,0,0,0,0,0,0,0,0,0,0,0,0,0,0,0,0
6_3,10.125,-61.62500000000001,35,0,0,0,0,0,0,0,0,0,0,0,0,0,0,0,0,0
6_3,10.125,-61.62500000000001,36,0,0,0,0,0,0,0,0,0,0,0,0,0,0,0,0,0
6_3,10.125,-61.62500000000001,37,0,0,0,0,0,0,0,0,0,0,0,0,0,0,0,0,0
6_3,10.125,-61.62500000000001,38,0,0,0,0,0,0,0,0,0,0,0,0,0,0,0,0,0
6_3,10.125,-61.62500000000001,39,0,0,0,0,0,0,0,0,0,0,0,0,0,0,0,0,0
6_3,10.125,-61.62500000000001,40,0,0,0,0,0,0,0,0,0,0,0,0,0,0,0,0,0
6_3,10.125,-61.62500000000001,41,0,0,0,0,0,0,0,0,0,0,0,0,0,0,0,0,0
6_3,10.125,-61.62500000000001,42,0,0,0,0,0,0,0,0,0,0,0,0,0,0,0,0,0
6_3,10.125,-61.62500000000001,43,0,0,0,0,0,0,0,0,0,0,0,0,0,0,0,0,0
6_3,10.125,-61.62500000000001,44,0,0,0,0,0,0,0,0,0,0,0,0,0,0,0,0,0
6_3,10.125,-61.62500000000001,45,0,0,0,0,0,0,0,0,0,0,0,0,0,0,0,0,0
6_3,10.125,-61.62500000000001,46,0,0,0,0,0,0,0,0,0,0,0,0,0,0,0,0,0
6_3,10.125,-61.62500000000001,47,0,0,0,0,0,0,0,0,0,0,0,0,0,0,0,0,0
6_3,10.125,-61.62500000000001,48,0,0,0,0,0,0,0,0,0,0,0,0,0,0,0,0,0
6_3,10.125,-61.62500000000001,49,0,0,0,0,0,0,0,0,0,0,0,0,0,0,0,0,0
6_3,10.125,-61.62500000000001,50,0,0,0,0,0,0,0,0,0,0,0,0,0,0,0,0,0
6_3,10.125,-61.62500000000001,51,0,0,0,0,0,0,0,0,0,0,0,0,0,0,0,0,0
6_3,10.125,-61.62500000000001,52,0,0,0,0,0,0,0,0,0,0,0,0,0,0,0,0,0
6_4,10.175,-61.625,0,0,0,,,,,,,,0,,,,,,,
6_4,10.175,-61.625,1,0,0,0,,,,,,,0,0,,,,,,
6_4,10.175,-61.625,2,0,0,0,0,,,,,,0,0,0,,,,,
6_4,10.175,-61.625,3,0,0,0,0,0,,,,,0,0,0,0,,,,
6_4,10.175,-61.625,4,0,0,0,0,0,0,,,,0,0,0,0,0,,,
6_4,10.175,-61.625,5,0,0,0,0,0,0,0,,,0,0,0,0,0,0,,
6_4,10.175,-61.625,6,0,0,0,0,0,0,0,0,,0,0,0,0,0,0,0,
6_4,10.175,-61.625,7,0,0,0,0,0,0,0,0,0,0,0,0,0,0,0,0,0
6_4,10.175,-61.625,8,0,0,0,0,0,0,0,0,0,0,0,0,0,0,0,0,0
6_4,10.175,-61.625,9,0,0,0,0,0,0,0,0,0,0,0,0,0,0,0,0,0
6_4,10.175,-61.625,10,0,0,0,0,0,0,0,0,0,0,0,0,0,0,0,0,0
6_4,10.175,-61.625,11,0,0,0,0,0,0,0,0,0,0,0,0,0,0,0,0,0
6_4,10.175,-61.625,12,0,0,0,0,0,0,0,0,0,0,0,0,0,0,0,0,0
6_4,10.175,-61.625,13,0,0,0,0,0,0,0,0,0,0,0,0,0,0,0,0,0
6_4,10.175,-61.625,14,0,0,0,0,0,0,0,0,0,0,0,0,0,0,0,0,0
6_4,10.175,-61.625,15,0,0,0,0,0,0,0,0,0,0,0,0,0,0,0,0,0
6_4,10.175,-61.625,16,0,0,0,0,0,0,0,0,0,0,0,0,0,0,0,0,0
6_4,10.175,-61.625,17,0,0,0,0,0,0,0,0,0,0,0,0,0,0,0,0,0
6_4,10.175,-61.625,18,0,0,0,0,0,0,0,0,0,0,0,0,0,0,0,0,0
6_4,10.175,-61.625,19,0,0,0,0,0,0,0,0,0,0,0,0,0,0,0,0,0
6_4,10.175,-61.625,20,0,0,0,0,0,0,0,0,0,0,0,0,0,0,0,0,0
6_4,10.175,-61.625,21,0,0,0,0,0,0,0,0,0,0,0,0,0,0,0,0,0
6_4,10.175,-61.625,22,0,0,0,0,0,0,0,0,0,0,0,0,0,0,0,0,0
6_4,10.175,-61.625,23,0,0,0,0,0,0,0,0,0,0,0,0,0,0,0,0,0
6_4,10.175,-61.625,24,0,0,0,0,0,0,0,0,0,0,0,0,0,0,0,0,0
6_4,10.175,-61.625,25,0,0,0,0,0,0,0,0,0,0,0,0,0,0,0,0,0
6_4,10.175,-61.625,26,0,0,0,0,0,0,0,0,0,0,0,0,0,0,0,0,0
6_4,10.175,-61.625,27,1,0,0,0,0,0,0,0,0,0,0,0,0,0,0,0,0
6_4,10.175,-61.625,28,0,0,0,0,0,0,0,0,0,0,0,0,0,0,0,0,0
6_4,10.175,-61.625,29,0,0,0,0,0,0,0,0,0,0,0,0,0,0,0,0,0
6_4,10.175,-61.625,30,0,0,0,0,0,0,0,0,0,0,0,0,0,0,0,0,0
6_4,10.175,-61.625,31,0,0,0,0,0,0,0,0,0,0,0,0,0,0,0,0,0
6_4,10.175,-61.625,32,0,0,0,0,0,0,0,0,0,0.28307991340029476,0,0,0,0,0,0,0
6_4,10.175,-61.625,33,0,0,0,0,0,0,0,0,0,0,0.28307991340029476,0,0,0,0,0,0
6_4,10.175,-61.625,34,0,0,0,0,0,0,0,0,0,0,0,0.28307991340029476,0,0,0,0,0
6_4,10.175,-61.625,35,0,0,0,0,0,0,0,0,0,0,0,0,0.28307991340029476,0,0,0,0
6_4,10.175,-61.625,36,0,0,0,0,0,0,0,0,0,0,0,0,0,0.28307991340029476,0,0,0
6_4,10.175,-61.625,37,0,0,0,0,0,0,0,0,0,0.18605318424765413,0,0,0,0,0.28307991340029476,0,0
6_4,10.175,-61.625,38,0,0,0,0,0,0,0,0,0,0,0.18605318424765413,0,0,0,0,0.28307991340029476,0
6_4,10.175,-61.625,39,0,0,0,0,0,0,0,0,0,0,0,0.18605318424765413,0,0,0,0,0.28307991340029476
6_4,10.175,-61.625,40,0,0,0,0,0,0,0,0,0,0,0,0,0.18605318424765413,0,0,0,0
6_4,10.175,-61.625,41,0,0,0,0,0,0,0,0,0,0,0,0,0,0.18605318424765413,0,0,0
6_4,10.175,-61.625,42,0,0,0,0,0,0,0,0,0,0,0,0,0,0,0.18605318424765413,0,0
6_4,10.175,-61.625,43,0,0,0,0,0,0,0,0,0,0,0,0,0,0,0,0.18605318424765413,0
6_4,10.175,-61.625,44,0,0,0,0,0,0,0,0,0,0,0,0,0,0,0,0,0.18605318424765413
6_4,10.175,-61.625,45,0,0,0,0,0,0,0,0,0,0,0,0,0,0,0,0,0
6_4,10.175,-61.625,46,0,0,0,0,0,0,0,0,0,0,0,0,0,0,0,0,0
6_4,10.175,-61.625,47,0,0,0,0,0,0,0,0,0,0.34744894322955305,0,0,0,0,0,0,0
6_4,10.175,-61.625,48,0,0,0,0,0,0,0,0,0,0,0.34744894322955305,0,0,0,0,0,0
6_4,10.175,-61.625,49,0,0,0,0,0,0,0,0,0,0,0,0.34744894322955305,0,0,0,0,0
6_4,10.175,-61.625,50,0,0,0,0,0,0,0,0,0,0,0,0,0.34744894322955305,0,0,0,0
6_4,10.175,-61.625,51,0,0,0,0,0,0,0,0,0,0,0,0,0,0.34744894322955305,0,0,0
6_4,10.175,-61.625,52,0,0,0,0,0,0,0,0,0,0,0,0,0,0,0.34744894322955305,0,0
6_5,10.224999999999998,-61.62500000000001,0,0,0,,,,,,,,0,,,,,,,
6_5,10.224999999999998,-61.62500000000001,1,0,0,0,,,,,,,0,0,,,,,,
6_5,10.224999999999998,-61.62500000000001,2,0,0,0,0,,,,,,0,0,0,,,,,
6_5,10.224999999999998,-61.62500000000001,3,0,0,0,0,0,,,,,0,0,0,0,,,,
6_5,10.224999999999998,-61.62500000000001,4,0,0,0,0,0,0,,,,0,0,0,0,0,,,
6_5,10.224999999999998,-61.62500000000001,5,0,0,0,0,0,0,0,,,0,0,0,0,0,0,,
6_5,10.224999999999998,-61.62500000000001,6,0,0,0,0,0,0,0,0,,0,0,0,0,0,0,0,
6_5,10.224999999999998,-61.62500000000001,7,1,0,0,0,0,0,0,0,0,0,0,0,0,0,0,0,0
6_5,10.224999999999998,-61.62500000000001,8,0,0,0,0,0,0,0,0,0,0,0,0,0,0,0,0,0
6_5,10.224999999999998,-61.62500000000001,9,0,0,0,0,0,0,0,0,0,0,0,0,0,0,0,0,0
6_5,10.224999999999998,-61.62500000000001,10,0,0,0,0,0,0,0,0,0,0,0,0,0,0,0,0,0
6_5,10.224999999999998,-61.62500000000001,11,0,0,0,0,0,0,0,0,0,0,0,0,0,0,0,0,0
6_5,10.224999999999998,-61.62500000000001,12,0,0,0,0,0,0,0,0,0,0,0,0,0,0,0,0,0
6_5,10.224999999999998,-61.62500000000001,13,0,0,0,0,0,0,0,0,0,0,0,0,0,0,0,0,0
6_5,10.224999999999998,-61.62500000000001,14,0,0,0,0,0,0,0,0,0,0,0,0,0,0,0,0,0
6_5,10.224999999999998,-61.62500000000001,15,1,0,0,0,0,0,0,0,0,0,0,0,0,0,0,0,0
6_5,10.224999999999998,-61.62500000000001,16,1,0,0,0,0,0,0,0,0,0,0,0,0,0,0,0,0
6_5,10.224999999999998,-61.62500000000001,17,0,0,0,0,0,0,0,0,0,0,0,0,0,0,0,0,0
6_5,10.224999999999998,-61.62500000000001,18,0,0,0,0,0,0,0,0,0,0,0,0,0,0,0,0,0
6_5,10.224999999999998,-61.62500000000001,19,0,0,0,0,0,0,0,0,0,0,0,0,0,0,0,0,0
6_5,10.224999999999998,-61.62500000000001,20,0,0,0,0,0,0,0,0,0,0,0,0,0,0,0,0,0
6_5,10.224999999999998,-61.62500000000001,21,3,0,0,0,0,0,0,0,0,0,0,0,0,0,0,0,0
6_5,10.224999999999998,-61.62500000000001,22,0,0,0,0,0,0,0,0,0,0,0,0,0,0,0,0,0
6_5,10.224999999999998,-61.62500000000001,23,0,0,0,0,0,0,0,0,0,0,0,0,0,0,0,0,0
6_5,10.224999999999998,-61.62500000000001,24,0,0,0,0,0,0,0,0,0,0,0,0,0,0,0,0,0
6_5,10.224999999999998,-61.62500000000001,25,0,0,0,0,0,0,0,0,0,0,0,0,0,0,0,0,0
6_5,10.224999999999998,-61.62500000000001,26,0,0,0,0,0,0,0,0,0,0,0,0,0,0,0,0,0
6_5,10.224999999999998,-61.62500000000001,27,0,0,0,0,0,0,0,0,0,0,0,0,0,0,0,0,0
6_5,10.224999999999998,-61.62500000000001,28,0,0,0,0,0,0,0,0,0,0,0,0,0,0,0,0,0
6_5,10.224999999999998,-61.62500000000001,29,0,0,0,0,0,0,0,0,0,0,0,0,0,0,0,0,0
6_5,10.224999999999998,-61.62500000000001,30,0,0,0,0,0,0,0,0,0,0,0,0,0,0,0,0,0
6_5,10.224999999999998,-61.62500000000001,31,0,0,0,0,0,0,0,0,0,0,0,0,0,0,0,0,0
6_5,10.224999999999998,-61.62500000000001,32,0,1,0,0,0,0,0,0,0,0,0,0,0,0,0,0,0
6_5,10.224999999999998,-61.62500000000001,33,0,0,1,0,0,0,0,0,0,0,0,0,0,0,0,0,0
6_5,10.224999999999998,-61.62500000000001,34,0,0,0,1,0,0,0,0,0,0,0,0,0,0,0,0,0
6_5,10.224999999999998,-61.62500000000001,35,0,0,0,0,1,0,0,0,0,0,0,0,0,0,0,0,0
6_5,10.224999999999998,-61.62500000000001,36,0,0,0,0,0,1,0,0,0,0,0,0,0,0,0,0,0
6_5,10.224999999999998,-61.62500000000001,37,0,1,0,0,0,0,1,0,0,0,0,0,0,0,0,0,0
6_5,10.224999999999998,-61.62500000000001,38,0,0,1,0,0,0,0,1,0,0,0,0,0,0,0,0,0
6_5,10.224999999999998,-61.62500000000001,39,0,0,0,1,0,0,0,0,1,0,0,0,0,0,0,0,0
6_5,10.224999999999998,-61.62500000000001,40,0,0,0,0,1,0,0,0,0,0,0,0,0,0,0,0,0
6_5,10.224999999999998,-61.62500000000001,41,0,0,0,0,0,1,0,0,0,0,0,0,0,0,0,0,0
6_5,10.224999999999998,-61.62500000000001,42,0,0,0,0,0,0,1,0,0,0,0,0,0,0,0,0,0
6_5,10.224999999999998,-61.62500000000001,43,0,0,0,0,0,0,0,1,0,0,0,0,0,0,0,0,0
6_5,10.224999999999998,-61.62500000000001,44,0,0,0,0,0,0,0,0,1,0,0,0,0,0,0,0,0
6_5,10.224999999999998,-61.62500000000001,45,0,0,0,0,0,0,0,0,0,0,0,0,0,0,0,0,0
6_5,10.224999999999998,-61.62500000000001,46,0,0,0,0,0,0,0,0,0,0,0,0,0,0,0,0,0
6_5,10.224999999999998,-61.62500000000001,47,0,3,0,0,0,0,0,0,0,0,0,0,0,0,0,0,0
6_5,10.224999999999998,-61.62500000000001,48,0,0,3,0,0,0,0,0,0,0,0,0,0,0,0,0,0
6_5,10.224999999999998,-61.62500000000001,49,0,0,0,3,0,0,0,0,0,0,0,0,0,0,0,0,0
6_5,10.224999999999998,-61.62500000000001,50,0,0,0,0,3,0,0,0,0,0,0,0,0,0,0,0,0
6_5,10.224999999999998,-61.62500000000001,51,0,0,0,0,0,3,0,0,0,0,0,0,0,0,0,0,0
6_5,10.224999999999998,-61.62500000000001,52,0,0,0,0,0,0,3,0,0,0,0,0,0,0,0,0,0
6_6,10.275,-61.62500000000001,0,0,0,,,,,,,,0,,,,,,,
6_6,10.275,-61.62500000000001,1,0,0,0,,,,,,,0,0,,,,,,
6_6,10.275,-61.62500000000001,2,0,0,0,0,,,,,,0,0,0,,,,,
6_6,10.275,-61.62500000000001,3,0,0,0,0,0,,,,,0,0,0,0,,,,
6_6,10.275,-61.62500000000001,4,0,0,0,0,0,0,,,,0,0,0,0,0,,,
6_6,10.275,-61.62500000000001,5,0,0,0,0,0,0,0,,,0,0,0,0,0,0,,
6_6,10.275,-61.62500000000001,6,0,0,0,0,0,0,0,0,,0,0,0,0,0,0,0,
6_6,10.275,-61.62500000000001,7,0,0,0,0,0,0,0,0,0,0,0,0,0,0,0,0,0
6_6,10.275,-61.62500000000001,8,0,0,0,0,0,0,0,0,0,0,0,0,0,0,0,0,0
6_6,10.275,-61.62500000000001,9,0,0,0,0,0,0,0,0,0,0,0,0,0,0,0,0,0
6_6,10.275,-61.62500000000001,10,0,0,0,0,0,0,0,0,0,0,0,0,0,0,0,0,0
6_6,10.275,-61.62500000000001,11,0,0,0,0,0,0,0,0,0,0,0,0,0,0,0,0,0
6_6,10.275,-61.62500000000001,12,0,0,0,0,0,0,0,0,0,0,0,0,0,0,0,0,0
6_6,10.275,-61.62500000000001,13,0,0,0,0,0,0,0,0,0,0,0,0,0,0,0,0,0
6_6,10.275,-61.62500000000001,14,0,0,0,0,0,0,0,0,0,0,0,0,0,0,0,0,0
6_6,10.275,-61.62500000000001,15,0,0,0,0,0,0,0,0,0,0,0,0,0,0,0,0,0
6_6,10.275,-61.62500000000001,16,0,0,0,0,0,0,0,0,0,0,0,0,0,0,0,0,0
6_6,10.275,-61.62500000000001,17,0,0,0,0,0,0,0,0,0,0,0,0,0,0,0,0,0
6_6,10.275,-61.62500000000001,18,0,0,0,0,0,0,0,0,0,0,0,0,0,0,0,0,0
6_6,10.275,-61.62500000000001,19,0,0,0,0,0,0,0,0,0,0,0,0,0,0,0,0,0
6_6,10.275,-61.62500000000001,20,0,0,0,0,0,0,0,0,0,0,0,0,0,0,0,0,0
6_6,10.275,-61.62500000000001,21,0,0,0,0,0,0,0,0,0,0,0,0,0,0,0,0,0
6_6,10.275,-61.62500000000001,22,0,0,0,0,0,0,0,0,0,0,0,0,0,0,0,0,0
6_6,10.275,-61.62500000000001,23,0,0,0,0,0,0,0,0,0,0,0,0,0,0,0,0,0
6_6,10.275,-61.62500000000001,24,0,0,0,0,0,0,0,0,0,0,0,0,0,0,0,0,0
6_6,10.275,-61.62500000000001,25,0,0,0,0,0,0,0,0,0,0,0,0,0,0,0,0,0
6_6,10.275,-61.62500000000001,26,0,0,0,0,0,0,0,0,0,0,0,0,0,0,0,0,0
6_6,10.275,-61.62500000000001,27,0,0,0,0,0,0,0,0,0,0,0,0,0,0,0,0,0
6_6,10.275,-61.62500000000001,28,0,0,0,0,0,0,0,0,0,0,0,0,0,0,0,0,0
6_6,10.275,-61.62500000000001,29,0,0,0,0,0,0,0,0,0,0,0,0,0,0,0,0,0
6_6,10.275,-61.62500000000001,30,0,0,0,0,0,0,0,0,0,0,0,0,0,0,0,0,0
6_6,10.275,-61.62500000000001,31,0,0,0,0,0,0,0,0,0,0,0,0,0,0,0,0,0
6_6,10.275,-61.62500000000001,32,0,0,0,0,0,0,0,0,0,0,0,0,0,0,0,0,0
6_6,10.275,-61.62500000000001,33,0,0,0,0,0,0,0,0,0,0,0,0,0,0,0,0,0
6_6,10.275,-61.62500000000001,34,0,0,0,0,0,0,0,0,0,0,0,0,0,0,0,0,0
6_6,10.275,-61.62500000000001,35,0,0,0,0,0,0,0,0,0,0,0,0,0,0,0,0,0
6_6,10.275,-61.62500000000001,36,0,0,0,0,0,0,0,0,0,0,0,0,0,0,0,0,0
6_6,10.275,-61.62500000000001,37,0,0,0,0,0,0,0,0,0,0,0,0,0,0,0,0,0
6_6,10.275,-61.62500000000001,38,0,0,0,0,0,0,0,0,0,0,0,0,0,0,0,0,0
6_6,10.275,-61.62500000000001,39,0,0,0,0,0,0,0,0,0,0,0,0,0,0,0,0,0
6_6,10.275,-61.62500000000001,40,0,0,0,0,0,0,0,0,0,0,0,0,0,0,0,0,0
6_6,10.275,-61.62500000000001,41,0,0,0,0,0,0,0,0,0,0,0,0,0,0,0,0,0
6_6,10.275,-61.62500000000001,42,0,0,0,0,0,0,0,0,0,0,0,0,0,0,0,0,0
6_6,10.275,-61.62500000000001,43,0,0,0,0,0,0,0,0,0,0,0,0,0,0,0,0,0
6_6,10.275,-61.62500000000001,44,0,0,0,0,0,0,0,0,0,0,0,0,0,0,0,0,0
6_6,10.275,-61.62500000000001,45,0,0,0,0,0,0,0,0,0,0,0,0,0,0,0,0,0
6_6,10.275,-61.62500000000001,46,0,0,0,0,0,0,0,0,0,0,0,0,0,0,0,0,0
6_6,10.275,-61.62500000000001,47,0,0,0,0,0,0,0,0,0,0,0,0,0,0,0,0,0
6_6,10.275,-61.62500000000001,48,0,0,0,0,0,0,0,0,0,0,0,0,0,0,0,0,0
6_6,10.275,-61.62500000000001,49,0,0,0,0,0,0,0,0,0,0,0,0,0,0,0,0,0
6_6,10.275,-61.62500000000001,50,1,0,0,0,0,0,0,0,0,0,0,0,0,0,0,0,0
6_6,10.275,-61.62500000000001,51,0,0,0,0,0,0,0,0,0,0,0,0,0,0,0,0,0
6_6,10.275,-61.62500000000001,52,0,0,0,0,0,0,0,0,0,0,0,0,0,0,0,0,0
6_14,10.675,-61.625,0,0,0,,,,,,,,0,,,,,,,
6_14,10.675,-61.625,1,0,0,0,,,,,,,0,0,,,,,,
6_14,10.675,-61.625,2,0,0,0,0,,,,,,0,0,0,,,,,
6_14,10.675,-61.625,3,0,0,0,0,0,,,,,0,0,0,0,,,,
6_14,10.675,-61.625,4,0,0,0,0,0,0,,,,0,0,0,0,0,,,
6_14,10.675,-61.625,5,0,0,0,0,0,0,0,,,0,0,0,0,0,0,,
6_14,10.675,-61.625,6,0,0,0,0,0,0,0,0,,0,0,0,0,0,0,0,
6_14,10.675,-61.625,7,0,0,0,0,0,0,0,0,0,0,0,0,0,0,0,0,0
6_14,10.675,-61.625,8,0,0,0,0,0,0,0,0,0,0,0,0,0,0,0,0,0
6_14,10.675,-61.625,9,0,0,0,0,0,0,0,0,0,0,0,0,0,0,0,0,0
6_14,10.675,-61.625,10,0,0,0,0,0,0,0,0,0,0,0,0,0,0,0,0,0
6_14,10.675,-61.625,11,0,0,0,0,0,0,0,0,0,0,0,0,0,0,0,0,0
6_14,10.675,-61.625,12,0,0,0,0,0,0,0,0,0,0,0,0,0,0,0,0,0
6_14,10.675,-61.625,13,0,0,0,0,0,0,0,0,0,0,0,0,0,0,0,0,0
6_14,10.675,-61.625,14,0,0,0,0,0,0,0,0,0,0,0,0,0,0,0,0,0
6_14,10.675,-61.625,15,0,0,0,0,0,0,0,0,0,0,0,0,0,0,0,0,0
6_14,10.675,-61.625,16,0,0,0,0,0,0,0,0,0,0,0,0,0,0,0,0,0
6_14,10.675,-61.625,17,0,0,0,0,0,0,0,0,0,0,0,0,0,0,0,0,0
6_14,10.675,-61.625,18,0,0,0,0,0,0,0,0,0,0,0,0,0,0,0,0,0
6_14,10.675,-61.625,19,0,0,0,0,0,0,0,0,0,0,0,0,0,0,0,0,0
6_14,10.675,-61.625,20,0,0,0,0,0,0,0,0,0,0,0,0,0,0,0,0,0
6_14,10.675,-61.625,21,0,0,0,0,0,0,0,0,0,0,0,0,0,0,0,0,0
6_14,10.675,-61.625,22,0,0,0,0,0,0,0,0,0,0,0,0,0,0,0,0,0
6_14,10.675,-61.625,23,0,0,0,0,0,0,0,0,0,0,0,0,0,0,0,0,0
6_14,10.675,-61.625,24,0,0,0,0,0,0,0,0,0,0,0,0,0,0,0,0,0
6_14,10.675,-61.625,25,0,0,0,0,0,0,0,0,0,0,0,0,0,0,0,0,0
6_14,10.675,-61.625,26,0,0,0,0,0,0,0,0,0,0,0,0,0,0,0,0,0
6_14,10.675,-61.625,27,0,0,0,0,0,0,0,0,0,0,0,0,0,0,0,0,0
6_14,10.675,-61.625,28,1,0,0,0,0,0,0,0,0,0,0,0,0,0,0,0,0
6_14,10.675,-61.625,29,0,0,0,0,0,0,0,0,0,0,0,0,0,0,0,0,0
6_14,10.675,-61.625,30,0,0,0,0,0,0,0,0,0,0,0,0,0,0,0,0,0
6_14,10.675,-61.625,31,0,0,0,0,0,0,0,0,0,0,0,0,0,0,0,0,0
6_14,10.675,-61.625,32,0,0,0,0,0,0,0,0,0,0,0,0,0,0,0,0,0
6_14,10.675,-61.625,33,0,0,0,0,0,0,0,0,0,0,0,0,0,0,0,0,0
6_14,10.675,-61.625,34,0,0,0,0,0,0,0,0,0,0,0,0,0,0,0,0,0
6_14,10.675,-61.625,35,0,0,0,0,0,0,0,0,0,0,0,0,0,0,0,0,0
6_14,10.675,-61.625,36,0,0,0,0,0,0,0,0,0,0,0,0,0,0,0,0,0
6_14,10.675,-61.625,37,0,0,0,0,0,0,0,0,0,0,0,0,0,0,0,0,0
6_14,10.675,-61.625,38,0,0,0,0,0,0,0,0,0,0,0,0,0,0,0,0,0
6_14,10.675,-61.625,39,0,0,0,0,0,0,0,0,0,0,0,0,0,0,0,0,0
6_14,10.675,-61.625,40,0,0,0,0,0,0,0,0,0,0,0,0,0,0,0,0,0
6_14,10.675,-61.625,41,0,0,0,0,0,0,0,0,0,0,0,0,0,0,0,0,0
6_14,10.675,-61.625,42,0,0,0,0,0,0,0,0,0,0,0,0,0,0,0,0,0
6_14,10.675,-61.625,43,0,0,0,0,0,0,0,0,0,0,0,0,0,0,0,0,0
6_14,10.675,-61.625,44,0,0,0,0,0,0,0,0,0,0,0,0,0,0,0,0,0
6_14,10.675,-61.625,45,0,0,0,0,0,0,0,0,0,0,0,0,0,0,0,0,0
6_14,10.675,-61.625,46,0,0,0,0,0,0,0,0,0,0,0,0,0,0,0,0,0
6_14,10.675,-61.625,47,0,0,0,0,0,0,0,0,0,0,0,0,0,0,0,0,0
6_14,10.675,-61.625,48,0,0,0,0,0,0,0,0,0,0,0,0,0,0,0,0,0
6_14,10.675,-61.625,49,0,0,0,0,0,0,0,0,0,0,0,0,0,0,0,0,0
6_14,10.675,-61.625,50,0,0,0,0,0,0,0,0,0,0,0,0,0,0,0,0,0
6_14,10.675,-61.625,51,0,0,0,0,0,0,0,0,0,0,0,0,0,0,0,0,0
6_14,10.675,-61.625,52,0,0,0,0,0,0,0,0,0,0,0,0,0,0,0,0,0
6_15,10.725,-61.62500000000001,0,0,0,,,,,,,,0,,,,,,,
6_15,10.725,-61.62500000000001,1,0,0,0,,,,,,,0,0,,,,,,
6_15,10.725,-61.62500000000001,2,0,0,0,0,,,,,,0,0,0,,,,,
6_15,10.725,-61.62500000000001,3,0,0,0,0,0,,,,,0,0,0,0,,,,
6_15,10.725,-61.62500000000001,4,0,0,0,0,0,0,,,,0,0,0,0,0,,,
6_15,10.725,-61.62500000000001,5,0,0,0,0,0,0,0,,,0,0,0,0,0,0,,
6_15,10.725,-61.62500000000001,6,0,0,0,0,0,0,0,0,,0,0,0,0,0,0,0,
6_15,10.725,-61.62500000000001,7,0,0,0,0,0,0,0,0,0,0,0,0,0,0,0,0,0
6_15,10.725,-61.62500000000001,8,0,0,0,0,0,0,0,0,0,0,0,0,0,0,0,0,0
6_15,10.725,-61.62500000000001,9,0,0,0,0,0,0,0,0,0,0,0,0,0,0,0,0,0
6_15,10.725,-61.62500000000001,10,0,0,0,0,0,0,0,0,0,0,0,0,0,0,0,0,0
6_15,10.725,-61.62500000000001,11,0,0,0,0,0,0,0,0,0,0,0,0,0,0,0,0,0
6_15,10.725,-61.62500000000001,12,0,0,0,0,0,0,0,0,0,0,0,0,0,0,0,0,0
6_15,10.725,-61.62500000000001,13,0,0,0,0,0,0,0,0,0,0,0,0,0,0,0,0,0
6_15,10.725,-61.62500000000001,14,0,0,0,0,0,0,0,0,0,0,0,0,0,0,0,0,0
6_15,10.725,-61.62500000000001,15,0,0,0,0,0,0,0,0,0,0,0,0,0,0,0,0,0
6_15,10.725,-61.62500000000001,16,0,0,0,0,0,0,0,0,0,0,0,0,0,0,0,0,0
6_15,10.725,-61.62500000000001,17,0,0,0,0,0,0,0,0,0,0,0,0,0,0,0,0,0
6_15,10.725,-61.62500000000001,18,0,0,0,0,0,0,0,0,0,0,0,0,0,0,0,0,0
6_15,10.725,-61.62500000000001,19,0,0,0,0,0,0,0,0,0,0,0,0,0,0,0,0,0
6_15,10.725,-61.62500000000001,20,0,0,0,0,0,0,0,0,0,0,0,0,0,0,0,0,0
6_15,10.725,-61.62500000000001,21,0,0,0,0,0,0,0,0,0,0,0,0,0,0,0,0,0
6_15,10.725,-61.62500000000001,22,0,0,0,0,0,0,0,0,0,0,0,0,0,0,0,0,0
6_15,10.725,-61.62500000000001,23,0,0,0,0,0,0,0,0,0,0,0,0,0,0,0,0,0
6_15,10.725,-61.62500000000001,24,0,0,0,0,0,0,0,0,0,0,0,0,0,0,0,0,0
6_15,10.725,-61.62500000000001,25,0,0,0,0,0,0,0,0,0,0,0,0,0,0,0,0,0
6_15,10.725,-61.62500000000001,26,0,0,0,0,0,0,0,0,0,0,0,0,0,0,0,0,0
6_15,10.725,-61.62500000000001,27,0,0,0,0,0,0,0,0,0,0,0,0,0,0,0,0,0
6_15,10.725,-61.62500000000001,28,0,0,0,0,0,0,0,0,0,0,0,0,0,0,0,0,0
6_15,10.725,-61.62500000000001,29,0,0,0,0,0,0,0,0,0,0,0,0,0,0,0,0,0
6_15,10.725,-61.62500000000001,30,0,0,0,0,0,0,0,0,0,0,0,0,0,0,0,0,0
6_15,10.725,-61.62500000000001,31,0,0,0,0,0,0,0,0,0,0,0,0,0,0,0,0,0
6_15,10.725,-61.62500000000001,32,0,0,0,0,0,0,0,0,0,0,0,0,0,0,0,0,0
6_15,10.725,-61.62500000000001,33,0,0,0,0,0,0,0,0,0,0,0,0,0,0,0,0,0
6_15,10.725,-61.62500000000001,34,0,0,0,0,0,0,0,0,0,0,0,0,0,0,0,0,0
6_15,10.725,-61.62500000000001,35,0,0,0,0,0,0,0,0,0,0,0,0,0,0,0,0,0
6_15,10.725,-61.62500000000001,36,0,0,0,0,0,0,0,0,0,0,0,0,0,0,0,0,0
6_15,10.725,-61.62500000000001,37,0,0,0,0,0,0,0,0,0,0,0,0,0,0,0,0,0
6_15,10.725,-61.62500000000001,38,0,0,0,0,0,0,0,0,0,0,0,0,0,0,0,0,0
6_15,10.725,-61.62500000000001,39,0,0,0,0,0,0,0,0,0,0,0,0,0,0,0,0,0
6_15,10.725,-61.62500000000001,40,0,0,0,0,0,0,0,0,0,0,0,0,0,0,0,0,0
6_15,10.725,-61.62500000000001,41,0,0,0,0,0,0,0,0,0,0,0,0,0,0,0,0,0
6_15,10.725,-61.62500000000001,42,0,0,0,0,0,0,0,0,0,0,0,0,0,0,0,0,0
6_15,10.725,-61.62500000000001,43,0,0,0,0,0,0,0,0,0,0,0,0,0,0,0,0,0
6_15,10.725,-61.62500000000001,44,0,0,0,0,0,0,0,0,0,0,0,0,0,0,0,0,0
6_15,10.725,-61.62500000000001,45,0,0,0,0,0,0,0,0,0,0,0,0,0,0,0,0,0
6_15,10.725,-61.62500000000001,46,0,0,0,0,0,0,0,0,0,0,0,0,0,0,0,0,0
6_15,10.725,-61.62500000000001,47,0,0,0,0,0,0,0,0,0,0,0,0,0,0,0,0,0
6_15,10.725,-61.62500000000001,48,0,0,0,0,0,0,0,0,0,0,0,0,0,0,0,0,0
6_15,10.725,-61.62500000000001,49,0,0,0,0,0,0,0,0,0,0,0,0,0,0,0,0,0
6_15,10.725,-61.62500000000001,50,0,0,0,0,0,0,0,0,0,0,0,0,0,0,0,0,0
6_15,10.725,-61.62500000000001,51,0,0,0,0,0,0,0,0,0,0,0,0,0,0,0,0,0
6_15,10.725,-61.62500000000001,52,0,0,0,0,0,0,0,0,0,0,0,0,0,0,0,0,0
7_2,10.075,-61.575,0,0,0,,,,,,,,0,,,,,,,
7_2,10.075,-61.575,1,0,0,0,,,,,,,0,0,,,,,,
7_2,10.075,-61.575,2,0,0,0,0,,,,,,0,0,0,,,,,
7_2,10.075,-61.575,3,0,0,0,0,0,,,,,0,0,0,0,,,,
7_2,10.075,-61.575,4,0,0,0,0,0,0,,,,0,0,0,0,0,,,
7_2,10.075,-61.575,5,0,0,0,0,0,0,0,,,0,0,0,0,0,0,,
7_2,10.075,-61.575,6,0,0,0,0,0,0,0,0,,0,0,0,0,0,0,0,
7_2,10.075,-61.575,7,0,0,0,0,0,0,0,0,0,0,0,0,0,0,0,0,0
7_2,10.075,-61.575,8,0,0,0,0,0,0,0,0,0,0,0,0,0,0,0,0,0
7_2,10.075,-61.575,9,0,0,0,0,0,0,0,0,0,0,0,0,0,0,0,0,0
7_2,10.075,-61.575,10,0,0,0,0,0,0,0,0,0,0,0,0,0,0,0,0,0
7_2,10.075,-61.575,11,0,0,0,0,0,0,0,0,0,0,0,0,0,0,0,0,0
7_2,10.075,-61.575,12,0,0,0,0,0,0,0,0,0,0,0,0,0,0,0,0,0
7_2,10.075,-61.575,13,0,0,0,0,0,0,0,0,0,0,0,0,0,0,0,0,0
7_2,10.075,-61.575,14,0,0,0,0,0,0,0,0,0,0,0,0,0,0,0,0,0
7_2,10.075,-61.575,15,2,0,0,0,0,0,0,0,0,0,0,0,0,0,0,0,0
7_2,10.075,-61.575,16,0,0,0,0,0,0,0,0,0,0,0,0,0,0,0,0,0
7_2,10.075,-61.575,17,0,0,0,0,0,0,0,0,0,0,0,0,0,0,0,0,0
7_2,10.075,-61.575,18,0,0,0,0,0,0,0,0,0,0,0,0,0,0,0,0,0
7_2,10.075,-61.575,19,0,0,0,0,0,0,0,0,0,0,0,0,0,0,0,0,0
7_2,10.075,-61.575,20,0,0,0,0,0,0,0,0,0,0,0,0,0,0,0,0,0
7_2,10.075,-61.575,21,0,0,0,0,0,0,0,0,0,0,0,0,0,0,0,0,0
7_2,10.075,-61.575,22,0,0,0,0,0,0,0,0,0,0,0,0,0,0,0,0,0
7_2,10.075,-61.575,23,0,0,0,0,0,0,0,0,0,0,0,0,0,0,0,0,0
7_2,10.075,-61.575,24,0,0,0,0,0,0,0,0,0,0,0,0,0,0,0,0,0
7_2,10.075,-61.575,25,0,0,0,0,0,0,0,0,0,0,0,0,0,0,0,0,0
7_2,10.075,-61.575,26,0,0,0,0,0,0,0,0,0,0,0,0,0,0,0,0,0
7_2,10.075,-61.575,27,0,0,0,0,0,0,0,0,0,0,0,0,0,0,0,0,0
7_2,10.075,-61.575,28,0,0,0,0,0,0,0,0,0,0,0,0,0,0,0,0,0
7_2,10.075,-61.575,29,0,0,0,0,0,0,0,0,0,0,0,0,0,0,0,0,0
7_2,10.075,-61.575,30,0,0,0,0,0,0,0,0,0,0,0,0,0,0,0,0,0
7_2,10.075,-61.575,31,0,0,0,0,0,0,0,0,0,0,0,0,0,0,0,0,0
7_2,10.075,-61.575,32,0,0,0,0,0,0,0,0,0,0,0,0,0,0,0,0,0
7_2,10.075,-61.575,33,0,0,0,0,0,0,0,0,0,0,0,0,0,0,0,0,0
7_2,10.075,-61.575,34,0,0,0,0,0,0,0,0,0,0,0,0,0,0,0,0,0
7_2,10.075,-61.575,35,0,0,0,0,0,0,0,0,0,0,0,0,0,0,0,0,0
7_2,10.075,-61.575,36,0,0,0,0,0,0,0,0,0,0,0,0,0,0,0,0,0
7_2,10.075,-61.575,37,0,0,0,0,0,0,0,0,0,0,0,0,0,0,0,0,0
7_2,10.075,-61.575,38,0,0,0,0,0,0,0,0,0,0,0,0,0,0,0,0,0
7_2,10.075,-61.575,39,0,0,0,0,0,0,0,0,0,0,0,0,0,0,0,0,0
7_2,10.075,-61.575,40,0,0,0,0,0,0,0,0,0,0,0,0,0,0,0,0,0
7_2,10.075,-61.575,41,0,0,0,0,0,0,0,0,0,0,0,0,0,0,0,0,0
7_2,10.075,-61.575,42,1,0,0,0,0,0,0,0,0,0,0,0,0,0,0,0,0
7_2,10.075,-61.575,43,0,0,0,0,0,0,0,0,0,0,0,0,0,0,0,0,0
7_2,10.075,-61.575,44,0,0,0,0,0,0,0,0,0,0,0,0,0,0,0,0,0
7_2,10.075,-61.575,45,0,0,0,0,0,0,0,0,0,0,0,0,0,0,0,0,0
7_2,10.075,-61.575,46,0,0,0,0,0,0,0,0,0,0,0,0,0,0,0,0,0
7_2,10.075,-61.575,47,0,0,0,0,0,0,0,0,0,0,0,0,0,0,0,0,0
7_2,10.075,-61.575,48,0,0,0,0,0,0,0,0,0,0,0,0,0,0,0,0,0
7_2,10.075,-61.575,49,0,0,0,0,0,0,0,0,0,0,0,0,0,0,0,0,0
7_2,10.075,-61.575,50,0,0,0,0,0,0,0,0,0,0,0,0,0,0,0,0,0
7_2,10.075,-61.575,51,0,0,0,0,0,0,0,0,0,0,0,0,0,0,0,0,0
7_2,10.075,-61.575,52,0,0,0,0,0,0,0,0,0,0,0,0,0,0,0,0,0
7_3,10.124999999999998,-61.575,0,0,0,,,,,,,,0,,,,,,,
7_3,10.124999999999998,-61.575,1,0,0,0,,,,,,,0,0,,,,,,
7_3,10.124999999999998,-61.575,2,0,0,0,0,,,,,,0,0,0,,,,,
7_3,10.124999999999998,-61.575,3,0,0,0,0,0,,,,,0,0,0,0,,,,
7_3,10.124999999999998,-61.575,4,0,0,0,0,0,0,,,,0,0,0,0,0,,,
7_3,10.124999999999998,-61.575,5,0,0,0,0,0,0,0,,,0,0,0,0,0,0,,
7_3,10.124999999999998,-61.575,6,0,0,0,0,0,0,0,0,,0,0,0,0,0,0,0,
7_3,10.124999999999998,-61.575,7,0,0,0,0,0,0,0,0,0,0,0,0,0,0,0,0,0
7_3,10.124999999999998,-61.575,8,0,0,0,0,0,0,0,0,0,0,0,0,0,0,0,0,0
7_3,10.124999999999998,-61.575,9,0,0,0,0,0,0,0,0,0,0,0,0,0,0,0,0,0
7_3,10.124999999999998,-61.575,10,0,0,0,0,0,0,0,0,0,0,0,0,0,0,0,0,0
7_3,10.124999999999998,-61.575,11,0,0,0,0,0,0,0,0,0,0,0,0,0,0,0,0,0
7_3,10.124999999999998,-61.575,12,0,0,0,0,0,0,0,0,0,0,0,0,0,0,0,0,0
7_3,10.124999999999998,-61.575,13,0,0,0,0,0,0,0,0,0,0,0,0,0,0,0,0,0
7_3,10.124999999999998,-61.575,14,0,0,0,0,0,0,0,0,0,0,0,0,0,0,0,0,0
7_3,10.124999999999998,-61.575,15,0,0,0,0,0,0,0,0,0,0,0,0,0,0,0,0,0
7_3,10.124999999999998,-61.575,16,0,0,0,0,0,0,0,0,0,0,0,0,0,0,0,0,0
7_3,10.124999999999998,-61.575,17,0,0,0,0,0,0,0,0,0,0,0,0,0,0,0,0,0
7_3,10.124999999999998,-61.575,18,0,0,0,0,0,0,0,0,0,0,0,0,0,0,0,0,0
7_3,10.124999999999998,-61.575,19,0,0,0,0,0,0,0,0,0,0,0,0,0,0,0,0,0
7_3,10.124999999999998,-61.575,20,1,0,0,0,0,0,0,0,0,0,0,0,0,0,0,0,0
7_3,10.124999999999998,-61.575,21,0,0,0,0,0,0,0,0,0,0,0,0,0,0,0,0,0
7_3,10.124999999999998,-61.575,22,0,0,0,0,0,0,0,0,0,0,0,0,0,0,0,0,0
7_3,10.124999999999998,-61.575,23,0,0,0,0,0,0,0,0,0,0,0,0,0,0,0,0,0
7_3,10.124999999999998,-61.575,24,0,0,0,0,0,0,0,0,0,0,0,0,0,0,0,0,0
7_3,10.124999999999998,-61.575,25,0,0,0,0,0,0,0,0,0,0,0,0,0,0,0,0,0
7_3,10.124999999999998,-61.575,26,0,0,0,0,0,0,0,0,0,0,0,0,0,0,0,0,0
7_3,10.124999999999998,-61.575,27,0,0,0,0,0,0,0,0,0,0,0,0,0,0,0,0,0
7_3,10.124999999999998,-61.575,28,0,0,0,0,0,0,0,0,0,0,0,0,0,0,0,0,0
7_3,10.124999999999998,-61.575,29,0,0,0,0,0,0,0,0,0,0,0,0,0,0,0,0,0
7_3,10.124999999999998,-61.575,30,0,0,0,0,0,0,0,0,0,0,0,0,0,0,0,0,0
7_3,10.124999999999998,-61.575,31,0,0,0,0,0,0,0,0,0,0,0,0,0,0,0,0,0
7_3,10.124999999999998,-61.575,32,0,0,0,0,0,0,0,0,0,0,0,0,0,0,0,0,0
7_3,10.124999999999998,-61.575,33,0,0,0,0,0,0,0,0,0,0,0,0,0,0,0,0,0
7_3,10.124999999999998,-61.575,34,0,0,0,0,0,0,0,0,0,0,0,0,0,0,0,0,0
7_3,10.124999999999998,-61.575,35,0,0,0,0,0,0,0,0,0,0,0,0,0,0,0,0,0
7_3,10.124999999999998,-61.575,36,0,0,0,0,0,0,0,0,0,0,0,0,0,0,0,0,0
7_3,10.124999999999998,-61.575,37,0,0,0,0,0,0,0,0,0,0,0,0,0,0,0,0,0
7_3,10.124999999999998,-61.575,38,0,0,0,0,0,0,0,0,0,0,0,0,0,0,0,0,0
7_3,10.124999999999998,-61.575,39,0,0,0,0,0,0,0,0,0,0,0,0,0,0,0,0,0
7_3,10.124999999999998,-61.575,40,0,0,0,0,0,0,0,0,0,0,0,0,0,0,0,0,0
7_3,10.124999999999998,-61.575,41,0,0,0,0,0,0,0,0,0,0,0,0,0,0,0,0,0
7_3,10.124999999999998,-61.575,42,0,0,0,0,0,0,0,0,0,0,0,0,0,0,0,0,0
7_3,10.124999999999998,-61.575,43,0,0,0,0,0,0,0,0,0,0,0,0,0,0,0,0,0
7_3,10.124999999999998,-61.575,44,0,0,0,0,0,0,0,0,0,0,0,0,0,0,0,0,0
7_3,10.124999999999998,-61.575,45,0,0,0,0,0,0,0,0,0,0,0,0,0,0,0,0,0
7_3,10.124999999999998,-61.575,46,0,0,0,0,0,0,0,0,0,0,0,0,0,0,0,0,0
7_3,10.124999999999998,-61.575,47,0,0,0,0,0,0,0,0,0,0,0,0,0,0,0,0,0
7_3,10.124999999999998,-61.575,48,0,0,0,0,0,0,0,0,0,0,0,0,0,0,0,0,0
7_3,10.124999999999998,-61.575,49,0,0,0,0,0,0,0,0,0,0,0,0,0,0,0,0,0
7_3,10.124999999999998,-61.575,50,0,0,0,0,0,0,0,0,0,0,0,0,0,0,0,0,0
7_3,10.124999999999998,-61.575,51,0,0,0,0,0,0,0,0,0,0,0,0,0,0,0,0,0
7_3,10.124999999999998,-61.575,52,0,0,0,0,0,0,0,0,0,0,0,0,0,0,0,0,0
7_4,10.175,-61.575,0,0,0,,,,,,,,0,,,,,,,
7_4,10.175,-61.575,1,0,0,0,,,,,,,0,0,,,,,,
7_4,10.175,-61.575,2,0,0,0,0,,,,,,0,0,0,,,,,
7_4,10.175,-61.575,3,0,0,0,0,0,,,,,0,0,0,0,,,,
7_4,10.175,-61.575,4,0,0,0,0,0,0,,,,0,0,0,0,0,,,
7_4,10.175,-61.575,5,1,0,0,0,0,0,0,,,0,0,0,0,0,0,,
7_4,10.175,-61.575,6,0,0,0,0,0,0,0,0,,0.20828508199913362,0,0,0,0,0,0,
7_4,10.175,-61.575,7,0,0,0,0,0,0,0,0,0,0.20828508199913362,0.20828508199913362,0,0,0,0,0,0
7_4,10.175,-61.575,8,0,0,0,0,0,0,0,0,0,0,0.20828508199913362,0.20828508199913362,0,0,0,0,0
7_4,10.175,-61.575,9,0,0,0,0,0,0,0,0,0,0,0,0.20828508199913362,0.20828508199913362,0,0,0,0
7_4,10.175,-61.575,10,0,0,0,0,0,0,0,0,0,0,0,0,0.20828508199913362,0.20828508199913362,0,0,0
7_4,10.175,-61.575,11,0,0,0,0,0,0,0,0,0,0,0,0,0,0.20828508199913362,0.20828508199913362,0,0
7_4,10.175,-61.575,12,0,0,0,0,0,0,0,0,0,0,0,0,0,0,0.20828508199913362,0.20828508199913362,0
7_4,10.175,-61.575,13,0,0,0,0,0,0,0,0,0,0,0,0,0,0,0,0.20828508199913362,0.20828508199913362
7_4,10.175,-61.575,14,0,0,0,0,0,0,0,0,0,0,0,0,0,0,0,0,0.20828508199913362
7_4,10.175,-61.575,15,1,0,0,0,0,0,0,0,0,0,0,0,0,0,0,0,0
7_4,10.175,-61.575,16,0,0,0,0,0,0,0,0,0,0,0,0,0,0,0,0,0
7_4,10.175,-61.575,17,0,0,0,0,0,0,0,0,0,0,0,0,0,0,0,0,0
7_4,10.175,-61.575,18,0,0,0,0,0,0,0,0,0,0,0,0,0,0,0,0,0
7_4,10.175,-61.575,19,0,0,0,0,0,0,0,0,0,0,0,0,0,0,0,0,0
7_4,10.175,-61.575,20,0,0,0,0,0,0,0,0,0,0,0,0,0,0,0,0,0
7_4,10.175,-61.575,21,0,0,0,0,0,0,0,0,0,0,0,0,0,0,0,0,0
7_4,10.175,-61.575,22,0,0,0,0,0,0,0,0,0,0,0,0,0,0,0,0,0
7_4,10.175,-61.575,23,0,0,0,0,0,0,0,0,0,0,0,0,0,0,0,0,0
7_4,10.175,-61.575,24,0,0,0,0,0,0,0,0,0,0,0,0,0,0,0,0,0
7_4,10.175,-61.575,25,0,0,0,0,0,0,0,0,0,0,0,0,0,0,0,0,0
7_4,10.175,-61.575,26,0,0,0,0,0,0,0,0,0,0,0,0,0,0,0,0,0
7_4,10.175,-61.575,27,1,0,0,0,0,0,0,0,0,0,0,0,0,0,0,0,0
7_4,10.175,-61.575,28,0,0,0,0,0,0,0,0,0,0,0,0,0,0,0,0,0
7_4,10.175,-61.575,29,0,0,0,0,0,0,0,0,0,0,0,0,0,0,0,0,0
7_4,10.175,-61.575,30,0,0,0,0,0,0,0,0,0,0,0,0,0,0,0,0,0
7_4,10.175,-61.575,31,0,0,0,0,0,0,0,0,0,0,0,0,0,0,0,0,0
7_4,10.175,-61.575,32,0,0,0,0,0,0,0,0,0,0,0,0,0,0,0,0,0
7_4,10.175,-61.575,33,0,0,0,0,0,0,0,0,0,0.8353788382037053,0,0,0,0,0,0,0
7_4,10.175,-61.575,34,0,0,0,0,0,0,0,0,0,0,0.8353788382037053,0,0,0,0,0,0
7_4,10.175,-61.575,35,0,0,0,0,0,0,0,0,0,0,0,0.8353788382037053,0,0,0,0,0
7_4,10.175,-61.575,36,0,0,0,0,0,0,0,0,0,0.2622138309270255,0,0,0.8353788382037053,0,0,0,0
7_4,10.175,-61.575,37,0,0,0,0,0,0,0,0,0,0.17568344254156648,0.2622138309270255,0,0,0.8353788382037053,0,0,0
7_4,10.175,-61.575,38,0,0,0,0,0,0,0,0,0,0,0.17568344254156648,0.2622138309270255,0,0,0.8353788382037053,0,0
7_4,10.175,-61.575,39,0,0,0,0,0,0,0,0,0,0,0,0.17568344254156648,0.2622138309270255,0,0,0.8353788382037053,0
7_4,10.175,-61.575,40,0,0,0,0,0,0,0,0,0,0,0,0,0.17568344254156648,0.2622138309270255,0,0,0.8353788382037053
7_4,10.175,-61.575,41,0,1,0,0,0,0,0,0,0,0,0,0,0,0.17568344254156648,0.2622138309270255,0,0
7_4,10.175,-61.575,42,0,0,1,0,0,0,0,0,0,0,0,0,0,0,0.17568344254156648,0.2622138309270255,0
7_4,10.175,-61.575,43,0,0,0,1,0,0,0,0,0,0,0,0,0,0,0,0.17568344254156648,0.2622138309270255
7_4,10.175,-61.575,44,0,0,0,0,1,0,0,0,0,0,0,0,0,0,0,0,0.17568344254156648
7_4,10.175,-61.575,45,0,0,0,0,0,1,0,0,0,0,0,0,0,0,0,0,0
7_4,10.175,-61.575,46,0,0,0,0,0,0,1,0,0,0,0,0,0,0,0,0,0
7_4,10.175,-61.575,47,0,0,0,0,0,0,0,1,0,0,0,0,0,0,0,0,0
7_4,10.175,-61.575,48,0,0,0,0,0,0,0,0,1,0,0,0,0,0,0,0,0
7_4,10.175,-61.575,49,0,0,0,0,0,0,0,0,0,0,0,0,0,0,0,0,0
7_4,10.175,-61.575,50,0,0,0,0,0,0,0,0,0,0,0,0,0,0,0,0,0
7_4,10.175,-61.575,51,0,0,0,0,0,0,0,0,0,0,0,0,0,0,0,0,0
7_4,10.175,-61.575,52,0,0,0,0,0,0,0,0,0,0,0,0,0,0,0,0,0
7_5,10.225,-61.575,0,0,0,,,,,,,,0,,,,,,,
7_5,10.225,-61.575,1,0,0,0,,,,,,,0,0,,,,,,
7_5,10.225,-61.575,2,0,0,0,0,,,,,,0,0,0,,,,,
7_5,10.225,-61.575,3,0,0,0,0,0,,,,,0,0,0,0,,,,
7_5,10.225,-61.575,4,0,0,0,0,0,0,,,,0,0,0,0,0,,,
7_5,10.225,-61.575,5,0,0,0,0,0,0,0,,,0,0,0,0,0,0,,
7_5,10.225,-61.575,6,0,0,0,0,0,0,0,0,,0.39711804761263925,0,0,0,0,0,0,
7_5,10.225,-61.575,7,0,0,0,0,0,0,0,0,0,0.17933983955021923,0.39711804761263925,0,0,0,0,0,0
7_5,10.225,-61.575,8,0,0,0,0,0,0,0,0,0,0,0.17933983955021923,0.39711804761263925,0,0,0,0,0
7_5,10.225,-61.575,9,0,0,0,0,0,0,0,0,0,0,0,0.17933983955021923,0.39711804761263925,0,0,0,0
7_5,10.225,-61.575,10,0,0,0,0,0,0,0,0,0,0,0,0,0.17933983955021923,0.39711804761263925,0,0,0
7_5,10.225,-61.575,11,0,0,0,0,0,0,0,0,0,0,0,0,0,0.17933983955021923,0.39711804761263925,0,0
7_5,10.225,-61.575,12,0,0,0,0,0,0,0,0,0,0,0,0,0,0,0.17933983955021923,0.39711804761263925,0
7_5,10.225,-61.575,13,0,0,0,0,0,0,0,0,0,0,0,0,0,0,0,0.17933983955021923,0.39711804761263925
7_5,10.225,-61.575,14,0,0,0,0,0,0,0,0,0,0,0,0,0,0,0,0,0.17933983955021923
7_5,10.225,-61.575,15,0,0,0,0,0,0,0,0,0,0,0,0,0,0,0,0,0
7_5,10.225,-61.575,16,0,0,0,0,0,0,0,0,0,0,0,0,0,0,0,0,0
7_5,10.225,-61.575,17,0,0,0,0,0,0,0,0,0,0,0,0,0,0,0,0,0
7_5,10.225,-61.575,18,0,0,0,0,0,0,0,0,0,0,0,0,0,0,0,0,0
7_5,10.225,-61.575,19,0,0,0,0,0,0,0,0,0,0,0,0,0,0,0,0,0
7_5,10.225,-61.575,20,0,0,0,0,0,0,0,0,0,0,0,0,0,0,0,0,0
7_5,10.225,-61.575,21,0,0,0,0,0,0,0,0,0,0,0,0,0,0,0,0,0
7_5,10.225,-61.575,22,0,0,0,0,0,0,0,0,0,0,0,0,0,0,0,0,0
7_5,10.225,-61.575,23,1,0,0,0,0,0,0,0,0,0,0,0,0,0,0,0,0
7_5,10.225,-61.575,24,0,0,0,0,0,0,0,0,0,0,0,0,0,0,0,0,0
7_5,10.225,-61.575,25,0,0,0,0,0,0,0,0,0,0,0,0,0,0,0,0,0
7_5,10.225,-61.575,26,0,0,0,0,0,0,0,0,0,0,0,0,0,0,0,0,0
7_5,10.225,-61.575,27,0,0,0,0,0,0,0,0,0,0,0,0,0,0,0,0,0
7_5,10.225,-61.575,28,0,0,0,0,0,0,0,0,0,0,0,0,0,0,0,0,0
7_5,10.225,-61.575,29,0,0,0,0,0,0,0,0,0,0,0,0,0,0,0,0,0
7_5,10.225,-61.575,30,0,0,0,0,0,0,0,0,0,0,0,0,0,0,0,0,0
7_5,10.225,-61.575,31,0,0,0,0,0,0,0,0,0,0,0,0,0,0,0,0,0
7_5,10.225,-61.575,32,0,0,0,0,0,0,0,0,0,0,0,0,0,0,0,0,0
7_5,10.225,-61.575,33,0,0,0,0,0,0,0,0,0,0,0,0,0,0,0,0,0
7_5,10.225,-61.575,34,1,0,0,0,0,0,0,0,0,0,0,0,0,0,0,0,0
7_5,10.225,-61.575,35,0,0,0,0,0,0,0,0,0,0,0,0,0,0,0,0,0
7_5,10.225,-61.575,36,0,0,0,0,0,0,0,0,0,0.19517679404117613,0,0,0,0,0,0,0
7_5,10.225,-61.575,37,0,0,0,0,0,0,0,0,0,0.26291591751506815,0.19517679404117613,0,0,0,0,0,0
7_5,10.225,-61.575,38,0,0,0,0,0,0,0,0,0,0,0.26291591751506815,0.19517679404117613,0,0,0,0,0
7_5,10.225,-61.575,39,0,0,0,0,0,0,0,0,0,0,0,0.26291591751506815,0.19517679404117613,0,0,0,0
7_5,10.225,-61.575,40,0,0,0,0,0,0,0,0,0,0,0,0,0.26291591751506815,0.19517679404117613,0,0,0
7_5,10.225,-61.575,41,0,0,0,0,0,0,0,0,0,0.17742894398798426,0,0,0,0.26291591751506815,0.19517679404117613,0,0
7_5,10.225,-61.575,42,0,0,0,0,0,0,0,0,0,0,0.17742894398798426,0,0,0,0.26291591751506815,0.19517679404117613,0
7_5,10.225,-61.575,43,0,0,0,0,0,0,0,0,0,0,0,0.17742894398798426,0,0,0,0.26291591751506815,0.19517679404117613
7_5,10.225,-61.575,44,0,0,0,0,0,0,0,0,0,0,0,0,0.17742894398798426,0,0,0,0.26291591751506815
7_5,10.225,-61.575,45,0,0,0,0,0,0,0,0,0,0,0,0,0,0.17742894398798426,0,0,0
7_5,10.225,-61.575,46,0,0,0,0,0,0,0,0,0,0,0,0,0,0,0.17742894398798426,0,0
7_5,10.225,-61.575,47,0,0,0,0,0,0,0,0,0,0,0,0,0,0,0,0.17742894398798426,0
7_5,10.225,-61.575,48,0,0,0,0,0,0,0,0,0,0,0,0,0,0,0,0,0.17742894398798426
7_5,10.225,-61.575,49,0,0,0,0,0,0,0,0,0,0,0,0,0,0,0,0,0
7_5,10.225,-61.575,50,0,0,0,0,0,0,0,0,0,0,0,0,0,0,0,0,0
7_5,10.225,-61.575,51,0,0,0,0,0,0,0,0,0,0,0,0,0,0,0,0,0
7_5,10.225,-61.575,52,0,0,0,0,0,0,0,0,0,0,0,0,0,0,0,0,0
7_14,10.675,-61.575,0,0,0,,,,,,,,0,,,,,,,
7_14,10.675,-61.575,1,1,0,0,,,,,,,0,0,,,,,,
7_14,10.675,-61.575,2,0,0,0,0,,,,,,0,0,0,,,,,
7_14,10.675,-61.575,3,0,0,0,0,0,,,,,0,0,0,0,,,,
7_14,10.675,-61.575,4,1,0,0,0,0,0,,,,0,0,0,0,0,,,
7_14,10.675,-61.575,5,0,0,0,0,0,0,0,,,0,0,0,0,0,0,,
7_14,10.675,-61.575,6,0,0,0,0,0,0,0,0,,0,0,0,0,0,0,0,
7_14,10.675,-61.575,7,0,0,0,0,0,0,0,0,0,0.25774732269474665,0,0,0,0,0,0,0
7_14,10.675,-61.575,8,0,0,0,0,0,0,0,0,0,0,0.25774732269474665,0,0,0,0,0,0
7_14,10.675,-61.575,9,0,0,0,0,0,0,0,0,0,0,0,0.25774732269474665,0,0,0,0,0
7_14,10.675,-61.575,10,0,0,0,0,0,0,0,0,0,0,0,0,0.25774732269474665,0,0,0,0
7_14,10.675,-61.575,11,0,0,0,0,0,0,0,0,0,0,0,0,0,0.25774732269474665,0,0,0
7_14,10.675,-61.575,12,1,0,0,0,0,0,0,0,0,0,0,0,0,0,0.25774732269474665,0,0
7_14,10.675,-61.575,13,0,0,0,0,0,0,0,0,0,0,0,0,0,0,0,0.25774732269474665,0
7_14,10.675,-61.575,14,1,0,0,0,0,0,0,0,0,0,0,0,0,0,0,0,0.25774732269474665
7_14,10.675,-61.575,15,0,0,0,0,0,0,0,0,0,0,0,0,0,0,0,0,0
7_14,10.675,-61.575,16,0,0,0,0,0,0,0,0,0,0,0,0,0,0,0,0,0
7_14,10.675,-61.575,17,0,0,0,0,0,0,0,0,0,0,0,0,0,0,0,0,0
7_14,10.675,-61.575,18,2,0,0,0,0,0,0,0,0,0,0,0,0,0,0,0,0
7_14,10.675,-61.575,19,0,0,0,0,0,0,0,0,0,0,0,0,0,0,0,0,0
7_14,10.675,-61.575,20,0,0,0,0,0,0,0,0,0,0,0,0,0,0,0,0,0
7_14,10.675,-61.575,21,0,0,0,0,0,0,0,0,0,0,0,0,0,0,0,0,0
7_14,10.675,-61.575,22,0,0,0,0,0,0,0,0,0,0,0,0,0,0,0,0,0
7_14,10.675,-61.575,23,1,0,0,0,0,0,0,0,0,0,0,0,0,0,0,0,0
7_14,10.675,-61.575,24,2,0,0,0,0,0,0,0,0,0,0,0,0,0,0,0,0
7_14,10.675,-61.575,25,0,0,0,0,0,0,0,0,0,0,0,0,0,0,0,0,0
7_14,10.675,-61.575,26,0,0,0,0,0,0,0,0,0,0,0,0,0,0,0,0,0
7_14,10.675,-61.575,27,0,0,0,0,0,0,0,0,0,0,0,0,0,0,0,0,0
7_14,10.675,-61.575,28,0,0,0,0,0,0,0,0,0,0,0,0,0,0,0,0,0
7_14,10.675,-61.575,29,0,0,0,0,0,0,0,0,0,0.25774732269474665,0,0,0,0,0,0,0
7_14,10.675,-61.575,30,0,0,0,0,0,0,0,0,0,0,0.25774732269474665,0,0,0,0,0,0
7_14,10.675,-61.575,31,0,0,0,0,0,0,0,0,0,0,0,0.25774732269474665,0,0,0,0,0
7_14,10.675,-61.575,32,0,0,0,0,0,0,0,0,0,0.28292038419097515,0,0,0.25774732269474665,0,0,0,0
7_14,10.675,-61.575,33,0,0,0,0,0,0,0,0,0,0,0.28292038419097515,0,0,0.25774732269474665,0,0,0
7_14,10.675,-61.575,34,0,0,0,0,0,0,0,0,0,0,0,0.28292038419097515,0,0,0.25774732269474665,0,0
7_14,10.675,-61.575,35,0,0,0,0,0,0,0,0,0,0,0,0,0.28292038419097515,0,0,0.25774732269474665,0
7_14,10.675,-61.575,36,0,0,0,0,0,0,0,0,0,0.18170594242420363,0,0,0,0.28292038419097515,0,0,0.25774732269474665
7_14,10.675,-61.575,37,0,0,0,0,0,0,0,0,0,0,0.18170594242420363,0,0,0,0.28292038419097515,0,0
7_14,10.675,-61.575,38,0,0,0,0,0,0,0,0,0,0.3716095740029091,0,0.18170594242420363,0,0,0,0.28292038419097515,0
7_14,10.675,-61.575,39,0,0,0,0,0,0,0,0,0,0,0.3716095740029091,0,0.18170594242420363,0,0,0,0.28292038419097515
7_14,10.675,-61.575,40,0,0,0,0,0,0,0,0,0,0,0,0.3716095740029091,0,0.18170594242420363,0,0,0
7_14,10.675,-61.575,41,0,0,0,0,0,0,0,0,0,0,0,0,0.3716095740029091,0,0.18170594242420363,0,0
7_14,10.675,-61.575,42,0,0,0,0,0,0,0,0,0,0.5543257977733133,0,0,0,0.3716095740029091,0,0.18170594242420363,0
7_14,10.675,-61.575,43,0,0,0,0,0,0,0,0,0,0,0.5543257977733133,0,0,0,0.3716095740029091,0,0.18170594242420363
7_14,10.675,-61.575,44,1,0,0,0,0,0,0,0,0,0,0,0.5543257977733133,0,0,0,0.3716095740029091,0
7_14,10.675,-61.575,45,0,1,0,0,0,0,0,0,0,0,0,0,0.5543257977733133,0,0,0,0.3716095740029091
7_14,10.675,-61.575,46,0,0,1,0,0,0,0,0,0,0,0,0,0,0.5543257977733133,0,0,0
7_14,10.675,-61.575,47,0,0,0,1,0,0,0,0,0,0,0,0,0,0,0.5543257977733133,0,0
7_14,10.675,-61.575,48,0,0,0,0,1,0,0,0,0,0,0,0,0,0,0,0.5543257977733133,0
7_14,10.675,-61.575,49,0,0,0,0,0,1,0,0,0,0,0,0,0,0,0,0,0.5543257977733133
7_14,10.675,-61.575,50,0,0,0,0,0,0,1,0,0,0,0,0,0,0,0,0,0
7_14,10.675,-61.575,51,0,0,0,0,0,0,0,1,0,0,0,0,0,0,0,0,0
7_14,10.675,-61.575,52,0,0,0,0,0,0,0,0,1,0,0,0,0,0,0,0,0
7_15,10.725,-61.575,0,0,0,,,,,,,,0,,,,,,,
7_15,10.725,-61.575,1,0,0,0,,,,,,,0,0,,,,,,
7_15,10.725,-61.575,2,1,0,0,0,,,,,,0,0,0,,,,,
7_15,10.725,-61.575,3,0,1,0,0,0,,,,,0,0,0,0,,,,
7_15,10.725,-61.575,4,0,0,1,0,0,0,,,,0,0,0,0,0,,,
7_15,10.725,-61.575,5,1,0,0,1,0,0,0,,,0,0,0,0,0,0,,
7_15,10.725,-61.575,6,0,0,0,0,1,0,0,0,,0,0,0,0,0,0,0,
7_15,10.725,-61.575,7,1,0,0,0,0,1,0,0,0,0,0,0,0,0,0,0,0
7_15,10.725,-61.575,8,0,0,0,0,0,0,1,0,0,0,0,0,0,0,0,0,0
7_15,10.725,-61.575,9,0,0,0,0,0,0,0,1,0,0,0,0,0,0,0,0,0
7_15,10.725,-61.575,10,0,0,0,0,0,0,0,0,1,0,0,0,0,0,0,0,0
7_15,10.725,-61.575,11,0,0,0,0,0,0,0,0,0,0,0,0,0,0,0,0,0
7_15,10.725,-61.575,12,3,0,0,0,0,0,0,0,0,0,0,0,0,0,0,0,0
7_15,10.725,-61.575,13,0,0,0,0,0,0,0,0,0,0,0,0,0,0,0,0,0
7_15,10.725,-61.575,14,0,0,0,0,0,0,0,0,0,0,0,0,0,0,0,0,0
7_15,10.725,-61.575,15,0,0,0,0,0,0,0,0,0,0,0,0,0,0,0,0,0
7_15,10.725,-61.575,16,1,0,0,0,0,0,0,0,0,0,0,0,0,0,0,0,0
7_15,10.725,-61.575,17,2,0,0,0,0,0,0,0,0,0,0,0,0,0,0,0,0
7_15,10.725,-61.575,18,0,0,0,0,0,0,0,0,0,0,0,0,0,0,0,0,0
7_15,10.725,-61.575,19,0,0,0,0,0,0,0,0,0,0,0,0,0,0,0,0,0
7_15,10.725,-61.575,20,1,0,0,0,0,0,0,0,0,0,0,0,0,0,0,0,0
7_15,10.725,-61.575,21,2,0,0,0,0,0,0,0,0,0,0,0,0,0,0,0,0
7_15,10.725,-61.575,22,2,0,0,0,0,0,0,0,0,0,0,0,0,0,0,0,0
7_15,10.725,-61.575,23,0,0,0,0,0,0,0,0,0,0,0,0,0,0,0,0,0
7_15,10.725,-61.575,24,0,0,0,0,0,0,0,0,0,0,0,0,0,0,0,0,0
7_15,10.725,-61.575,25,1,0,0,0,0,0,0,0,0,0,0,0,0,0,0,0,0
7_15,10.725,-61.575,26,0,0,0,0,0,0,0,0,0,0,0,0,0,0,0,0,0
7_15,10.725,-61.575,27,0,0,0,0,0,0,0,0,0,0,0,0,0,0,0,0,0
7_15,10.725,-61.575,28,1,0,0,0,0,0,0,0,0,0,0,0,0,0,0,0,0
7_15,10.725,-61.575,29,0,0,0,0,0,0,0,0,0,0,0,0,0,0,0,0,0
7_15,10.725,-61.575,30,0,0,0,0,0,0,0,0,0,0,0,0,0,0,0,0,0
7_15,10.725,-61.575,31,0,3,0,0,0,0,0,0,0,0.21016540981478413,0,0,0,0,0,0,0
7_15,10.725,-61.575,32,0,4,3,0,0,0,0,0,0,0,0.21016540981478413,0,0,0,0,0,0
7_15,10.725,-61.575,33,0,1,4,3,0,0,0,0,0,0,0,0.21016540981478413,0,0,0,0,0
7_15,10.725,-61.575,34,0,0,1,4,3,0,0,0,0,0,0,0,0.21016540981478413,0,0,0,0
7_15,10.725,-61.575,35,0,0,0,1,4,3,0,0,0,0,0,0,0,0.21016540981478413,0,0,0
7_15,10.725,-61.575,36,0,0,0,0,1,4,3,0,0,0,0,0,0,0,0.21016540981478413,0,0
7_15,10.725,-61.575,37,0,0,0,0,0,1,4,3,0,0,0,0,0,0,0,0.21016540981478413,0
7_15,10.725,-61.575,38,0,0,0,0,0,0,1,4,3,0.7210341354048908,0,0,0,0,0,0,0.21016540981478413
7_15,10.725,-61.575,39,4,0,0,0,0,0,0,1,4,0,0.7210341354048908,0,0,0,0,0,0
7_15,10.725,-61.575,40,1,0,0,0,0,0,0,0,1,0,0,0.7210341354048908,0,0,0,0,0
7_15,10.725,-61.575,41,0,0,0,0,0,0,0,0,0,0,0,0,0.7210341354048908,0,0,0,0
7_15,10.725,-61.575,42,0,5,0,0,0,0,0,0,0,0,0,0,0,0.7210341354048908,0,0,0
7_15,10.725,-61.575,43,0,0,5,0,0,0,0,0,0,0,0,0,0,0,0.7210341354048908,0,0
7_15,10.725,-61.575,44,1,0,0,5,0,0,0,0,0,0,0,0,0,0,0,0.7210341354048908,0
7_15,10.725,-61.575,45,0,0,0,0,5,0,0,0,0,0.21936702709813824,0,0,0,0,0,0,0.7210341354048908
7_15,10.725,-61.575,46,0,0,0,0,0,5,0,0,0,0,0.21936702709813824,0,0,0,0,0,0
7_15,10.725,-61.575,47,0,0,0,0,0,0,5,0,0,0,0,0.21936702709813824,0,0,0,0,0
7_15,10.725,-61.575,48,0,0,0,0,0,0,0,5,0,0,0,0,0.21936702709813824,0,0,0,0
7_15,10.725,-61.575,49,0,0,0,0,0,0,0,0,5,0,0,0,0,0.21936702709813824,0,0,0
7_15,10.725,-61.575,50,1,0,0,0,0,0,0,0,0,0,0,0,0,0,0.21936702709813824,0,0
7_15,10.725,-61.575,51,1,0,0,0,0,0,0,0,0,0,0,0,0,0,0,0.21936702709813824,0
7_15,10.725,-61.575,52,0,0,0,0,0,0,0,0,0,0,0,0,0,0,0,0,0.21936702709813824
7_16,10.775,-61.575,0,0,0,,,,,,,,0,,,,,,,
7_16,10.775,-61.575,1,0,0,0,,,,,,,0,0,,,,,,
7_16,10.775,-61.575,2,0,0,0,0,,,,,,0,0,0,,,,,
7_16,10.775,-61.575,3,0,0,0,0,0,,,,,0.1862532851092353,0,0,0,,,,
7_16,10.775,-61.575,4,0,0,0,0,0,0,,,,0,0.1862532851092353,0,0,0,,,
7_16,10.775,-61.575,5,0,0,0,0,0,0,0,,,0,0,0.1862532851092353,0,0,0,,
7_16,10.775,-61.575,6,0,0,0,0,0,0,0,0,,0,0,0,0.1862532851092353,0,0,0,
7_16,10.775,-61.575,7,0,0,0,0,0,0,0,0,0,0,0,0,0,0.1862532851092353,0,0,0
7_16,10.775,-61.575,8,0,0,0,0,0,0,0,0,0,0,0,0,0,0,0.1862532851092353,0,0
7_16,10.775,-61.575,9,0,0,0,0,0,0,0,0,0,0,0,0,0,0,0,0.1862532851092353,0
7_16,10.775,-61.575,10,0,0,0,0,0,0,0,0,0,0,0,0,0,0,0,0,0.1862532851092353
7_16,10.775,-61.575,11,0,0,0,0,0,0,0,0,0,0,0,0,0,0,0,0,0
7_16,10.775,-61.575,12,0,0,0,0,0,0,0,0,0,0,0,0,0,0,0,0,0
7_16,10.775,-61.575,13,0,0,0,0,0,0,0,0,0,0,0,0,0,0,0,0,0
7_16,10.775,-61.575,14,0,0,0,0,0,0,0,0,0,0,0,0,0,0,0,0,0
7_16,10.775,-61.575,15,0,0,0,0,0,0,0,0,0,0,0,0,0,0,0,0,0
7_16,10.775,-61.575,16,0,0,0,0,0,0,0,0,0,0,0,0,0,0,0,0,0
7_16,10.775,-61.575,17,0,0,0,0,0,0,0,0,0,0,0,0,0,0,0,0,0
7_16,10.775,-61.575,18,0,0,0,0,0,0,0,0,0,0,0,0,0,0,0,0,0
7_16,10.775,-61.575,19,0,0,0,0,0,0,0,0,0,0,0,0,0,0,0,0,0
7_16,10.775,-61.575,20,0,0,0,0,0,0,0,0,0,0,0,0,0,0,0,0,0
7_16,10.775,-61.575,21,0,0,0,0,0,0,0,0,0,0,0,0,0,0,0,0,0
7_16,10.775,-61.575,22,0,0,0,0,0,0,0,0,0,0,0,0,0,0,0,0,0
7_16,10.775,-61.575,23,0,0,0,0,0,0,0,0,0,0,0,0,0,0,0,0,0
7_16,10.775,-61.575,24,0,0,0,0,0,0,0,0,0,0,0,0,0,0,0,0,0
7_16,10.775,-61.575,25,0,0,0,0,0,0,0,0,0,0,0,0,0,0,0,0,0
7_16,10.775,-61.575,26,0,0,0,0,0,0,0,0,0,0,0,0,0,0,0,0,0
7_16,10.775,-61.575,27,0,0,0,0,0,0,0,0,0,0,0,0,0,0,0,0,0
7_16,10.775,-61.575,28,0,0,0,0,0,0,0,0,0,0,0,0,0,0,0,0,0
7_16,10.775,-61.575,29,0,0,0,0,0,0,0,0,0,0,0,0,0,0,0,0,0
7_16,10.775,-61.575,30,0,0,0,0,0,0,0,0,0,0,0,0,0,0,0,0,0
7_16,10.775,-61.575,31,0,0,0,0,0,0,0,0,0,0.5512232350218921,0,0,0,0,0,0,0
7_16,10.775,-61.575,32,0,0,0,0,0,0,0,0,0,0.755825689706664,0.5512232350218921,0,0,0,0,0,0
7_16,10.775,-61.575,33,0,0,0,0,0,0,0,0,0,0.17963637148414938,0.755825689706664,0.5512232350218921,0,0,0,0,0
7_16,10.775,-61.575,34,0,0,0,0,0,0,0,0,0,0,0.17963637148414938,0.755825689706664,0.5512232350218921,0,0,0,0
7_16,10.775,-61.575,35,0,0,0,0,0,0,0,0,0,0,0,0.17963637148414938,0.755825689706664,0.5512232350218921,0,0,0
7_16,10.775,-61.575,36,0,0,0,0,0,0,0,0,0,0,0,0,0.17963637148414938,0.755825689706664,0.5512232350218921,0,0
7_16,10.775,-61.575,37,0,0,0,0,0,0,0,0,0,0,0,0,0,0.17963637148414938,0.755825689706664,0.5512232350218921,0
7_16,10.775,-61.575,38,0,0,0,0,0,0,0,0,0,0,0,0,0,0,0.17963637148414938,0.755825689706664,0.5512232350218921
7_16,10.775,-61.575,39,0,0,0,0,0,0,0,0,0,0,0,0,0,0,0,0.17963637148414938,0.755825689706664
7_16,10.775,-61.575,40,0,0,0,0,0,0,0,0,0,0,0,0,0,0,0,0,0.17963637148414938
7_16,10.775,-61.575,41,0,0,0,0,0,0,0,0,0,0,0,0,0,0,0,0,0
7_16,10.775,-61.575,42,0,0,0,0,0,0,0,0,0,0,0,0,0,0,0,0,0
7_16,10.775,-61.575,43,0,0,0,0,0,0,0,0,0,0,0,0,0,0,0,0,0
7_16,10.775,-61.575,44,0,0,0,0,0,0,0,0,0,0,0,0,0,0,0,0,0
7_16,10.775,-61.575,45,0,0,0,0,0,0,0,0,0,0,0,0,0,0,0,0,0
7_16,10.775,-61.575,46,0,0,0,0,0,0,0,0,0,0,0,0,0,0,0,0,0
7_16,10.775,-61.575,47,0,0,0,0,0,0,0,0,0,0,0,0,0,0,0,0,0
7_16,10.775,-61.575,48,0,0,0,0,0,0,0,0,0,0,0,0,0,0,0,0,0
7_16,10.775,-61.575,49,0,0,0,0,0,0,0,0,0,0,0,0,0,0,0,0,0
7_16,10.775,-61.575,50,0,0,0,0,0,0,0,0,0,0,0,0,0,0,0,0,0
7_16,10.775,-61.575,51,0,0,0,0,0,0,0,0,0,0,0,0,0,0,0,0,0
7_16,10.775,-61.575,52,0,0,0,0,0,0,0,0,0,0,0,0,0,0,0,0,0
8_2,10.075,-61.525,0,0,0,,,,,,,,0,,,,,,,
8_2,10.075,-61.525,1,0,0,0,,,,,,,0,0,,,,,,
8_2,10.075,-61.525,2,0,0,0,0,,,,,,0,0,0,,,,,
8_2,10.075,-61.525,3,0,0,0,0,0,,,,,0,0,0,0,,,,
8_2,10.075,-61.525,4,0,0,0,0,0,0,,,,0,0,0,0,0,,,
8_2,10.075,-61.525,5,0,0,0,0,0,0,0,,,0,0,0,0,0,0,,
8_2,10.075,-61.525,6,0,0,0,0,0,0,0,0,,0,0,0,0,0,0,0,
8_2,10.075,-61.525,7,0,0,0,0,0,0,0,0,0,0,0,0,0,0,0,0,0
8_2,10.075,-61.525,8,0,0,0,0,0,0,0,0,0,0,0,0,0,0,0,0,0
8_2,10.075,-61.525,9,0,0,0,0,0,0,0,0,0,0,0,0,0,0,0,0,0
8_2,10.075,-61.525,10,0,0,0,0,0,0,0,0,0,0,0,0,0,0,0,0,0
8_2,10.075,-61.525,11,0,0,0,0,0,0,0,0,0,0,0,0,0,0,0,0,0
8_2,10.075,-61.525,12,0,0,0,0,0,0,0,0,0,0,0,0,0,0,0,0,0
8_2,10.075,-61.525,13,0,0,0,0,0,0,0,0,0,0,0,0,0,0,0,0,0
8_2,10.075,-61.525,14,0,0,0,0,0,0,0,0,0,0,0,0,0,0,0,0,0
8_2,10.075,-61.525,15,0,0,0,0,0,0,0,0,0,0,0,0,0,0,0,0,0
8_2,10.075,-61.525,16,0,0,0,0,0,0,0,0,0,0,0,0,0,0,0,0,0
8_2,10.075,-61.525,17,0,0,0,0,0,0,0,0,0,0,0,0,0,0,0,0,0
8_2,10.075,-61.525,18,0,0,0,0,0,0,0,0,0,0,0,0,0,0,0,0,0
8_2,10.075,-61.525,19,0,0,0,0,0,0,0,0,0,0,0,0,0,0,0,0,0
8_2,10.075,-61.525,20,0,0,0,0,0,0,0,0,0,0,0,0,0,0,0,0,0
8_2,10.075,-61.525,21,0,0,0,0,0,0,0,0,0,0,0,0,0,0,0,0,0
8_2,10.075,-61.525,22,0,0,0,0,0,0,0,0,0,0,0,0,0,0,0,0,0
8_2,10.075,-61.525,23,0,0,0,0,0,0,0,0,0,0,0,0,0,0,0,0,0
8_2,10.075,-61.525,24,0,0,0,0,0,0,0,0,0,0,0,0,0,0,0,0,0
8_2,10.075,-61.525,25,0,0,0,0,0,0,0,0,0,0,0,0,0,0,0,0,0
8_2,10.075,-61.525,26,0,0,0,0,0,0,0,0,0,0,0,0,0,0,0,0,0
8_2,10.075,-61.525,27,0,0,0,0,0,0,0,0,0,0,0,0,0,0,0,0,0
8_2,10.075,-61.525,28,0,0,0,0,0,0,0,0,0,0,0,0,0,0,0,0,0
8_2,10.075,-61.525,29,0,0,0,0,0,0,0,0,0,0,0,0,0,0,0,0,0
8_2,10.075,-61.525,30,0,0,0,0,0,0,0,0,0,0,0,0,0,0,0,0,0
8_2,10.075,-61.525,31,0,0,0,0,0,0,0,0,0,0,0,0,0,0,0,0,0
8_2,10.075,-61.525,32,0,0,0,0,0,0,0,0,0,0,0,0,0,0,0,0,0
8_2,10.075,-61.525,33,0,0,0,0,0,0,0,0,0,0,0,0,0,0,0,0,0
8_2,10.075,-61.525,34,0,0,0,0,0,0,0,0,0,0,0,0,0,0,0,0,0
8_2,10.075,-61.525,35,0,0,0,0,0,0,0,0,0,0,0,0,0,0,0,0,0
8_2,10.075,-61.525,36,0,0,0,0,0,0,0,0,0,0,0,0,0,0,0,0,0
8_2,10.075,-61.525,37,0,0,0,0,0,0,0,0,0,0,0,0,0,0,0,0,0
8_2,10.075,-61.525,38,0,0,0,0,0,0,0,0,0,0,0,0,0,0,0,0,0
8_2,10.075,-61.525,39,0,0,0,0,0,0,0,0,0,0,0,0,0,0,0,0,0
8_2,10.075,-61.525,40,0,0,0,0,0,0,0,0,0,0,0,0,0,0,0,0,0
8_2,10.075,-61.525,41,0,0,0,0,0,0,0,0,0,0,0,0,0,0,0,0,0
8_2,10.075,-61.525,42,0,0,0,0,0,0,0,0,0,0,0,0,0,0,0,0,0
8_2,10.075,-61.525,43,0,0,0,0,0,0,0,0,0,0,0,0,0,0,0,0,0
8_2,10.075,-61.525,44,0,0,0,0,0,0,0,0,0,0,0,0,0,0,0,0,0
8_2,10.075,-61.525,45,0,0,0,0,0,0,0,0,0,0,0,0,0,0,0,0,0
8_2,10.075,-61.525,46,0,0,0,0,0,0,0,0,0,0,0,0,0,0,0,0,0
8_2,10.075,-61.525,47,0,0,0,0,0,0,0,0,0,0,0,0,0,0,0,0,0
8_2,10.075,-61.525,48,0,0,0,0,0,0,0,0,0,0,0,0,0,0,0,0,0
8_2,10.075,-61.525,49,0,0,0,0,0,0,0,0,0,0,0,0,0,0,0,0,0
8_2,10.075,-61.525,50,0,0,0,0,0,0,0,0,0,0,0,0,0,0,0,0,0
8_2,10.075,-61.525,51,0,0,0,0,0,0,0,0,0,0,0,0,0,0,0,0,0
8_2,10.075,-61.525,52,0,0,0,0,0,0,0,0,0,0,0,0,0,0,0,0,0
8_3,10.125,-61.525,0,0,0,,,,,,,,0,,,,,,,
8_3,10.125,-61.525,1,0,0,0,,,,,,,0,0,,,,,,
8_3,10.125,-61.525,2,0,0,0,0,,,,,,0,0,0,,,,,
8_3,10.125,-61.525,3,0,0,0,0,0,,,,,0,0,0,0,,,,
8_3,10.125,-61.525,4,1,0,0,0,0,0,,,,0,0,0,0,0,,,
8_3,10.125,-61.525,5,0,0,0,0,0,0,0,,,0,0,0,0,0,0,,
8_3,10.125,-61.525,6,0,0,0,0,0,0,0,0,,0,0,0,0,0,0,0,
8_3,10.125,-61.525,7,0,0,0,0,0,0,0,0,0,0,0,0,0,0,0,0,0
8_3,10.125,-61.525,8,0,0,0,0,0,0,0,0,0,0,0,0,0,0,0,0,0
8_3,10.125,-61.525,9,1,0,0,0,0,0,0,0,0,0,0,0,0,0,0,0,0
8_3,10.125,-61.525,10,1,0,0,0,0,0,0,0,0,0,0,0,0,0,0,0,0
8_3,10.125,-61.525,11,0,0,0,0,0,0,0,0,0,0,0,0,0,0,0,0,0
8_3,10.125,-61.525,12,0,0,0,0,0,0,0,0,0,0,0,0,0,0,0,0,0
8_3,10.125,-61.525,13,1,0,0,0,0,0,0,0,0,0,0,0,0,0,0,0,0
8_3,10.125,-61.525,14,0,0,0,0,0,0,0,0,0,0,0,0,0,0,0,0,0
8_3,10.125,-61.525,15,0,0,0,0,0,0,0,0,0,0,0,0,0,0,0,0,0
8_3,10.125,-61.525,16,0,0,0,0,0,0,0,0,0,0,0,0,0,0,0,0,0
8_3,10.125,-61.525,17,0,0,0,0,0,0,0,0,0,0,0,0,0,0,0,0,0
8_3,10.125,-61.525,18,0,0,0,0,0,0,0,0,0,0,0,0,0,0,0,0,0
8_3,10.125,-61.525,19,0,0,0,0,0,0,0,0,0,0,0,0,0,0,0,0,0
8_3,10.125,-61.525,20,0,0,0,0,0,0,0,0,0,0,0,0,0,0,0,0,0
8_3,10.125,-61.525,21,0,0,0,0,0,0,0,0,0,0,0,0,0,0,0,0,0
8_3,10.125,-61.525,22,0,0,0,0,0,0,0,0,0,0,0,0,0,0,0,0,0
8_3,10.125,-61.525,23,1,0,0,0,0,0,0,0,0,0,0,0,0,0,0,0,0
8_3,10.125,-61.525,24,0,0,0,0,0,0,0,0,0,0,0,0,0,0,0,0,0
8_3,10.125,-61.525,25,0,0,0,0,0,0,0,0,0,0,0,0,0,0,0,0,0
8_3,10.125,-61.525,26,0,0,0,0,0,0,0,0,0,0,0,0,0,0,0,0,0
8_3,10.125,-61.525,27,0,0,0,0,0,0,0,0,0,0,0,0,0,0,0,0,0
8_3,10.125,-61.525,28,0,0,0,0,0,0,0,0,0,0,0,0,0,0,0,0,0
8_3,10.125,-61.525,29,0,0,0,0,0,0,0,0,0,0,0,0,0,0,0,0,0
8_3,10.125,-61.525,30,0,0,0,0,0,0,0,0,0,0,0,0,0,0,0,0,0
8_3,10.125,-61.525,31,0,0,0,0,0,0,0,0,0,0,0,0,0,0,0,0,0
8_3,10.125,-61.525,32,0,0,0,0,0,0,0,0,0,0.196328627353035,0,0,0,0,0,0,0
8_3,10.125,-61.525,33,0,0,0,0,0,0,0,0,0,0,0.196328627353035,0,0,0,0,0,0
8_3,10.125,-61.525,34,0,0,0,0,0,0,0,0,0,0,0,0.196328627353035,0,0,0,0,0
8_3,10.125,-61.525,35,0,0,0,0,0,0,0,0,0,0,0,0,0.196328627353035,0,0,0,0
8_3,10.125,-61.525,36,0,0,0,0,0,0,0,0,0,0.1968733440034708,0,0,0,0.196328627353035,0,0,0
8_3,10.125,-61.525,37,0,0,0,0,0,0,0,0,0,0,0.1968733440034708,0,0,0,0.196328627353035,0,0
8_3,10.125,-61.525,38,0,0,0,0,0,0,0,0,0,0,0,0.1968733440034708,0,0,0,0.196328627353035,0
8_3,10.125,-61.525,39,0,0,0,0,0,0,0,0,0,0,0,0,0.1968733440034708,0,0,0,0.196328627353035
8_3,10.125,-61.525,40,0,0,0,0,0,0,0,0,0,0,0,0,0,0.1968733440034708,0,0,0
8_3,10.125,-61.525,41,0,0,0,0,0,0,0,0,0,0.1968733440034708,0,0,0,0,0.1968733440034708,0,0
8_3,10.125,-61.525,42,0,0,0,0,0,0,0,0,0,0,0.1968733440034708,0,0,0,0,0.1968733440034708,0
8_3,10.125,-61.525,43,0,0,0,0,0,0,0,0,0,0,0,0.1968733440034708,0,0,0,0,0.1968733440034708
8_3,10.125,-61.525,44,0,0,0,0,0,0,0,0,0,0,0,0,0.1968733440034708,0,0,0,0
8_3,10.125,-61.525,45,0,0,0,0,0,0,0,0,0,0,0,0,0,0.1968733440034708,0,0,0
8_3,10.125,-61.525,46,1,0,0,0,0,0,0,0,0,0,0,0,0,0,0.1968733440034708,0,0
8_3,10.125,-61.525,47,1,0,0,0,0,0,0,0,0,0,0,0,0,0,0,0.1968733440034708,0
8_3,10.125,-61.525,48,0,0,0,0,0,0,0,0,0,0,0,0,0,0,0,0,0.1968733440034708
8_3,10.125,-61.525,49,0,0,0,0,0,0,0,0,0,0,0,0,0,0,0,0,0
8_3,10.125,-61.525,50,0,0,0,0,0,0,0,0,0,0,0,0,0,0,0,0,0
8_3,10.125,-61.525,51,0,0,0,0,0,0,0,0,0,0,0,0,0,0,0,0,0
8_3,10.125,-61.525,52,0,0,0,0,0,0,0,0,0,0,0,0,0,0,0,0,0
8_4,10.175,-61.525,0,0,0,,,,,,,,0,,,,,,,
8_4,10.175,-61.525,1,0,0,0,,,,,,,0,0,,,,,,
8_4,10.175,-61.525,2,0,0,0,0,,,,,,0,0,0,,,,,
8_4,10.175,-61.525,3,0,0,0,0,0,,,,,0,0,0,0,,,,
8_4,10.175,-61.525,4,0,0,0,0,0,0,,,,0,0,0,0,0,,,
8_4,10.175,-61.525,5,0,0,0,0,0,0,0,,,0,0,0,0,0,0,,
8_4,10.175,-61.525,6,0,1,0,0,0,0,0,0,,0,0,0,0,0,0,0,
8_4,10.175,-61.525,7,0,1,1,0,0,0,0,0,0,0,0,0,0,0,0,0,0
8_4,10.175,-61.525,8,0,0,1,1,0,0,0,0,0,0,0,0,0,0,0,0,0
8_4,10.175,-61.525,9,0,0,0,1,1,0,0,0,0,0,0,0,0,0,0,0,0
8_4,10.175,-61.525,10,0,0,0,0,1,1,0,0,0,0,0,0,0,0,0,0,0
8_4,10.175,-61.525,11,1,0,0,0,0,1,1,0,0,0,0,0,0,0,0,0,0
8_4,10.175,-61.525,12,0,0,0,0,0,0,1,1,0,0,0,0,0,0,0,0,0
8_4,10.175,-61.525,13,0,0,0,0,0,0,0,1,1,0,0,0,0,0,0,0,0
8_4,10.175,-61.525,14,0,0,0,0,0,0,0,0,1,0,0,0,0,0,0,0,0
8_4,10.175,-61.525,15,0,0,0,0,0,0,0,0,0,0,0,0,0,0,0,0,0
8_4,10.175,-61.525,16,0,0,0,0,0,0,0,0,0,0,0,0,0,0,0,0,0
8_4,10.175,-61.525,17,1,0,0,0,0,0,0,0,0,0,0,0,0,0,0,0,0
8_4,10.175,-61.525,18,0,0,0,0,0,0,0,0,0,0,0,0,0,0,0,0,0
8_4,10.175,-61.525,19,0,0,0,0,0,0,0,0,0,0,0,0,0,0,0,0,0
8_4,10.175,-61.525,20,1,0,0,0,0,0,0,0,0,0,0,0,0,0,0,0,0
8_4,10.175,-61.525,21,0,0,0,0,0,0,0,0,0,0,0,0,0,0,0,0,0
8_4,10.175,-61.525,22,0,0,0,0,0,0,0,0,0,0,0,0,0,0,0,0,0
8_4,10.175,-61.525,23,0,0,0,0,0,0,0,0,0,0,0,0,0,0,0,0,0
8_4,10.175,-61.525,24,0,0,0,0,0,0,0,0,0,0,0,0,0,0,0,0,0
8_4,10.175,-61.525,25,0,0,0,0,0,0,0,0,0,0,0,0,0,0,0,0,0
8_4,10.175,-61.525,26,0,0,0,0,0,0,0,0,0,0,0,0,0,0,0,0,0
8_4,10.175,-61.525,27,0,0,0,0,0,0,0,0,0,0,0,0,0,0,0,0,0
8_4,10.175,-61.525,28,0,0,0,0,0,0,0,0,0,0,0,0,0,0,0,0,0
8_4,10.175,-61.525,29,0,0,0,0,0,0,0,0,0,0,0,0,0,0,0,0,0
8_4,10.175,-61.525,30,0,0,0,0,0,0,0,0,0,0,0,0,0,0,0,0,0
8_4,10.175,-61.525,31,1,0,0,0,0,0,0,0,0,0,0,0,0,0,0,0,0
8_4,10.175,-61.525,32,0,0,0,0,0,0,0,0,0,0,0,0,0,0,0,0,0
8_4,10.175,-61.525,33,0,3,0,0,0,0,0,0,0,0,0,0,0,0,0,0,0
8_4,10.175,-61.525,34,0,0,3,0,0,0,0,0,0,0,0,0,0,0,0,0,0
8_4,10.175,-61.525,35,0,0,0,3,0,0,0,0,0,0,0,0,0,0,0,0,0
8_4,10.175,-61.525,36,0,2,0,0,3,0,0,0,0,0,0,0,0,0,0,0,0
8_4,10.175,-61.525,37,0,0,2,0,0,3,0,0,0,0,0,0,0,0,0,0,0
8_4,10.175,-61.525,38,0,0,0,2,0,0,3,0,0,0,0,0,0,0,0,0,0
8_4,10.175,-61.525,39,0,0,0,0,2,0,0,3,0,0,0,0,0,0,0,0,0
8_4,10.175,-61.525,40,0,0,0,0,0,2,0,0,3,0,0,0,0,0,0,0,0
8_4,10.175,-61.525,41,0,1,0,0,0,0,2,0,0,0.2815567663808793,0,0,0,0,0,0,0
8_4,10.175,-61.525,42,0,0,1,0,0,0,0,2,0,0,0.2815567663808793,0,0,0,0,0,0
8_4,10.175,-61.525,43,0,0,0,1,0,0,0,0,2,0,0,0.2815567663808793,0,0,0,0,0
8_4,10.175,-61.525,44,0,0,0,0,1,0,0,0,0,0,0,0,0.2815567663808793,0,0,0,0
8_4,10.175,-61.525,45,0,0,0,0,0,1,0,0,0,0,0,0,0,0.2815567663808793,0,0,0
8_4,10.175,-61.525,46,0,0,0,0,0,0,1,0,0,0,0,0,0,0,0.2815567663808793,0,0
8_4,10.175,-61.525,47,0,0,0,0,0,0,0,1,0,0,0,0,0,0,0,0.2815567663808793,0
8_4,10.175,-61.525,48,0,0,0,0,0,0,0,0,1,0,0,0,0,0,0,0,0.2815567663808793
8_4,10.175,-61.525,49,0,0,0,0,0,0,0,0,0,0,0,0,0,0,0,0,0
8_4,10.175,-61.525,50,0,0,0,0,0,0,0,0,0,0,0,0,0,0,0,0,0
8_4,10.175,-61.525,51,0,0,0,0,0,0,0,0,0,0,0,0,0,0,0,0,0
8_4,10.175,-61.525,52,0,0,0,0,0,0,0,0,0,0,0,0,0,0,0,0,0
8_5,10.224999999999998,-61.525,0,0,0,,,,,,,,0,,,,,,,
8_5,10.224999999999998,-61.525,1,0,0,0,,,,,,,0,0,,,,,,
8_5,10.224999999999998,-61.525,2,0,0,0,0,,,,,,0,0,0,,,,,
8_5,10.224999999999998,-61.525,3,0,0,0,0,0,,,,,0,0,0,0,,,,
8_5,10.224999999999998,-61.525,4,1,0,0,0,0,0,,,,0,0,0,0,0,,,
8_5,10.224999999999998,-61.525,5,0,0,0,0,0,0,0,,,0,0,0,0,0,0,,
8_5,10.224999999999998,-61.525,6,0,1,0,0,0,0,0,0,,0.23070140128562572,0,0,0,0,0,0,
8_5,10.224999999999998,-61.525,7,0,0,1,0,0,0,0,0,0,0.23070140128562572,0.23070140128562572,0,0,0,0,0,0
8_5,10.224999999999998,-61.525,8,0,0,0,1,0,0,0,0,0,0,0.23070140128562572,0.23070140128562572,0,0,0,0,0
8_5,10.224999999999998,-61.525,9,0,0,0,0,1,0,0,0,0,0,0,0.23070140128562572,0.23070140128562572,0,0,0,0
8_5,10.224999999999998,-61.525,10,0,0,0,0,0,1,0,0,0,0,0,0,0.23070140128562572,0.23070140128562572,0,0,0
8_5,10.224999999999998,-61.525,11,0,0,0,0,0,0,1,0,0,0,0,0,0,0.23070140128562572,0.23070140128562572,0,0
8_5,10.224999999999998,-61.525,12,0,0,0,0,0,0,0,1,0,0,0,0,0,0,0.23070140128562572,0.23070140128562572,0
8_5,10.224999999999998,-61.525,13,0,0,0,0,0,0,0,0,1,0,0,0,0,0,0,0.23070140128562572,0.23070140128562572
8_5,10.224999999999998,-61.525,14,0,0,0,0,0,0,0,0,0,0,0,0,0,0,0,0,0.23070140128562572
8_5,10.224999999999998,-61.525,15,0,0,0,0,0,0,0,0,0,0,0,0,0,0,0,0,0
8_5,10.224999999999998,-61.525,16,0,0,0,0,0,0,0,0,0,0,0,0,0,0,0,0,0
8_5,10.224999999999998,-61.525,17,0,0,0,0,0,0,0,0,0,0,0,0,0,0,0,0,0
8_5,10.224999999999998,-61.525,18,1,0,0,0,0,0,0,0,0,0,0,0,0,0,0,0,0
8_5,10.224999999999998,-61.525,19,0,0,0,0,0,0,0,0,0,0,0,0,0,0,0,0,0
8_5,10.224999999999998,-61.525,20,0,0,0,0,0,0,0,0,0,0,0,0,0,0,0,0,0
8_5,10.224999999999998,-61.525,21,0,0,0,0,0,0,0,0,0,0,0,0,0,0,0,0,0
8_5,10.224999999999998,-61.525,22,0,0,0,0,0,0,0,0,0,0,0,0,0,0,0,0,0
8_5,10.224999999999998,-61.525,23,0,0,0,0,0,0,0,0,0,0,0,0,0,0,0,0,0
8_5,10.224999999999998,-61.525,24,0,0,0,0,0,0,0,0,0,0,0,0,0,0,0,0,0
8_5,10.224999999999998,-61.525,25,0,0,0,0,0,0,0,0,0,0,0,0,0,0,0,0,0
8_5,10.224999999999998,-61.525,26,0,0,0,0,0,0,0,0,0,0,0,0,0,0,0,0,0
8_5,10.224999999999998,-61.525,27,0,0,0,0,0,0,0,0,0,0,0,0,0,0,0,0,0
8_5,10.224999999999998,-61.525,28,0,0,0,0,0,0,0,0,0,0,0,0,0,0,0,0,0
8_5,10.224999999999998,-61.525,29,0,0,0,0,0,0,0,0,0,0,0,0,0,0,0,0,0
8_5,10.224999999999998,-61.525,30,0,0,0,0,0,0,0,0,0,0,0,0,0,0,0,0,0
8_5,10.224999999999998,-61.525,31,0,0,0,0,0,0,0,0,0,0,0,0,0,0,0,0,0
8_5,10.224999999999998,-61.525,32,0,0,0,0,0,0,0,0,0,0,0,0,0,0,0,0,0
8_5,10.224999999999998,-61.525,33,0,0,0,0,0,0,0,0,0,0,0,0,0,0,0,0,0
8_5,10.224999999999998,-61.525,34,0,0,0,0,0,0,0,0,0,0,0,0,0,0,0,0,0
8_5,10.224999999999998,-61.525,35,0,0,0,0,0,0,0,0,0,0,0,0,0,0,0,0,0
8_5,10.224999999999998,-61.525,36,0,0,0,0,0,0,0,0,0,0.1963750903739736,0,0,0,0,0,0,0
8_5,10.224999999999998,-61.525,37,0,0,0,0,0,0,0,0,0,0,0.1963750903739736,0,0,0,0,0,0
8_5,10.224999999999998,-61.525,38,0,0,0,0,0,0,0,0,0,0.18521526673727626,0,0.1963750903739736,0,0,0,0,0
8_5,10.224999999999998,-61.525,39,0,0,0,0,0,0,0,0,0,0,0.18521526673727626,0,0.1963750903739736,0,0,0,0
8_5,10.224999999999998,-61.525,40,0,0,0,0,0,0,0,0,0,0,0,0.18521526673727626,0,0.1963750903739736,0,0,0
8_5,10.224999999999998,-61.525,41,0,0,0,0,0,0,0,0,0,0.17426935980320374,0,0,0.18521526673727626,0,0.1963750903739736,0,0
8_5,10.224999999999998,-61.525,42,0,0,0,0,0,0,0,0,0,0,0.17426935980320374,0,0,0.18521526673727626,0,0.1963750903739736,0
8_5,10.224999999999998,-61.525,43,0,0,0,0,0,0,0,0,0,0,0,0.17426935980320374,0,0,0.18521526673727626,0,0.1963750903739736
8_5,10.224999999999998,-61.525,44,0,0,0,0,0,0,0,0,0,0,0,0,0.17426935980320374,0,0,0.18521526673727626,0
8_5,10.224999999999998,-61.525,45,0,0,0,0,0,0,0,0,0,0,0,0,0,0.17426935980320374,0,0,0.18521526673727626
8_5,10.224999999999998,-61.525,46,0,0,0,0,0,0,0,0,0,0,0,0,0,0,0.17426935980320374,0,0
8_5,10.224999999999998,-61.525,47,0,0,0,0,0,0,0,0,0,0,0,0,0,0,0,0.17426935980320374,0
8_5,10.224999999999998,-61.525,48,1,0,0,0,0,0,0,0,0,0,0,0,0,0,0,0,0.17426935980320374
8_5,10.224999999999998,-61.525,49,0,0,0,0,0,0,0,0,0,0,0,0,0,0,0,0,0
8_5,10.224999999999998,-61.525,50,0,0,0,0,0,0,0,0,0,0,0,0,0,0,0,0,0
8_5,10.224999999999998,-61.525,51,0,0,0,0,0,0,0,0,0,0,0,0,0,0,0,0,0
8_5,10.224999999999998,-61.525,52,0,0,0,0,0,0,0,0,0,0,0,0,0,0,0,0,0
8_13,10.625,-61.525,0,0,0,,,,,,,,0,,,,,,,
8_13,10.625,-61.525,1,0,0,0,,,,,,,0,0,,,,,,
8_13,10.625,-61.525,2,1,0,0,0,,,,,,0.23511233715079857,0,0,,,,,
8_13,10.625,-61.525,3,0,0,0,0,0,,,,,0.36465995743495405,0.23511233715079857,0,0,,,,
8_13,10.625,-61.525,4,0,0,0,0,0,0,,,,0,0.36465995743495405,0.23511233715079857,0,0,,,
8_13,10.625,-61.525,5,0,0,0,0,0,0,0,,,0.16993299813837903,0,0.36465995743495405,0.23511233715079857,0,0,,
8_13,10.625,-61.525,6,0,0,0,0,0,0,0,0,,0,0.16993299813837903,0,0.36465995743495405,0.23511233715079857,0,0,
8_13,10.625,-61.525,7,0,0,0,0,0,0,0,0,0,0,0,0.16993299813837903,0,0.36465995743495405,0.23511233715079857,0,0
8_13,10.625,-61.525,8,0,0,0,0,0,0,0,0,0,0.8592216540513032,0,0,0.16993299813837903,0,0.36465995743495405,0.23511233715079857,0
8_13,10.625,-61.525,9,0,0,0,0,0,0,0,0,0,0,0.8592216540513032,0,0,0.16993299813837903,0,0.36465995743495405,0.23511233715079857
8_13,10.625,-61.525,10,0,0,0,0,0,0,0,0,0,0.4188600769602855,0,0.8592216540513032,0,0,0.16993299813837903,0,0.36465995743495405
8_13,10.625,-61.525,11,0,0,0,0,0,0,0,0,0,0.23974504249910894,0.4188600769602855,0,0.8592216540513032,0,0,0.16993299813837903,0
8_13,10.625,-61.525,12,0,0,0,0,0,0,0,0,0,0.2132046240610173,0.23974504249910894,0.4188600769602855,0,0.8592216540513032,0,0,0.16993299813837903
8_13,10.625,-61.525,13,0,0,0,0,0,0,0,0,0,0,0.2132046240610173,0.23974504249910894,0.4188600769602855,0,0.8592216540513032,0,0
8_13,10.625,-61.525,14,0,0,0,0,0,0,0,0,0,0.21053988936451953,0,0.2132046240610173,0.23974504249910894,0.4188600769602855,0,0.8592216540513032,0
8_13,10.625,-61.525,15,0,0,0,0,0,0,0,0,0,0,0.21053988936451953,0,0.2132046240610173,0.23974504249910894,0.4188600769602855,0,0.8592216540513032
8_13,10.625,-61.525,16,0,0,0,0,0,0,0,0,0,0,0,0.21053988936451953,0,0.2132046240610173,0.23974504249910894,0.4188600769602855,0
8_13,10.625,-61.525,17,0,0,0,0,0,0,0,0,0,0,0,0,0.21053988936451953,0,0.2132046240610173,0.23974504249910894,0.4188600769602855
8_13,10.625,-61.525,18,0,0,0,0,0,0,0,0,0,0,0,0,0,0.21053988936451953,0,0.2132046240610173,0.23974504249910894
8_13,10.625,-61.525,19,0,0,0,0,0,0,0,0,0,0,0,0,0,0,0.21053988936451953,0,0.2132046240610173
8_13,10.625,-61.525,20,0,0,0,0,0,0,0,0,0,0,0,0,0,0,0,0.21053988936451953,0
8_13,10.625,-61.525,21,0,0,0,0,0,0,0,0,0,0,0,0,0,0,0,0,0.21053988936451953
8_13,10.625,-61.525,22,0,0,0,0,0,0,0,0,0,0,0,0,0,0,0,0,0
8_13,10.625,-61.525,23,0,0,0,0,0,0,0,0,0,0,0,0,0,0,0,0,0
8_13,10.625,-61.525,24,0,0,0,0,0,0,0,0,0,0,0,0,0,0,0,0,0
8_13,10.625,-61.525,25,0,0,0,0,0,0,0,0,0,0,0,0,0,0,0,0,0
8_13,10.625,-61.525,26,0,0,0,0,0,0,0,0,0,0,0,0,0,0,0,0,0
8_13,10.625,-61.525,27,0,0,0,0,0,0,0,0,0,0,0,0,0,0,0,0,0
8_13,10.625,-61.525,28,0,0,0,0,0,0,0,0,0,0,0,0,0,0,0,0,0
8_13,10.625,-61.525,29,0,0,0,0,0,0,0,0,0,0.585614283563405,0,0,0,0,0,0,0
8_13,10.625,-61.525,30,0,1,0,0,0,0,0,0,0,0.7557207601326161,0.585614283563405,0,0,0,0,0,0
8_13,10.625,-61.525,31,0,0,1,0,0,0,0,0,0,0,0.7557207601326161,0.585614283563405,0,0,0,0,0
8_13,10.625,-61.525,32,0,0,0,1,0,0,0,0,0,0.38942892467939527,0,0.7557207601326161,0.585614283563405,0,0,0,0
8_13,10.625,-61.525,33,0,0,0,0,1,0,0,0,0,0,0.38942892467939527,0,0.7557207601326161,0.585614283563405,0,0,0
8_13,10.625,-61.525,34,0,0,0,0,0,1,0,0,0,0.18395139717494466,0,0.38942892467939527,0,0.7557207601326161,0.585614283563405,0,0
8_13,10.625,-61.525,35,0,0,0,0,0,0,1,0,0,0,0.18395139717494466,0,0.38942892467939527,0,0.7557207601326161,0.585614283563405,0
8_13,10.625,-61.525,36,0,0,0,0,0,0,0,1,0,0,0,0.18395139717494466,0,0.38942892467939527,0,0.7557207601326161,0.585614283563405
8_13,10.625,-61.525,37,0,0,0,0,0,0,0,0,1,0,0,0,0.18395139717494466,0,0.38942892467939527,0,0.7557207601326161
8_13,10.625,-61.525,38,0,0,0,0,0,0,0,0,0,0.35631251026720184,0,0,0,0.18395139717494466,0,0.38942892467939527,0
8_13,10.625,-61.525,39,1,0,0,0,0,0,0,0,0,0,0.35631251026720184,0,0,0,0.18395139717494466,0,0.38942892467939527
8_13,10.625,-61.525,40,1,0,0,0,0,0,0,0,0,0,0,0.35631251026720184,0,0,0,0.18395139717494466,0
8_13,10.625,-61.525,41,0,0,0,0,0,0,0,0,0,0,0,0,0.35631251026720184,0,0,0,0.18395139717494466
8_13,10.625,-61.525,42,0,0,0,0,0,0,0,0,0,0,0,0,0,0.35631251026720184,0,0,0
8_13,10.625,-61.525,43,0,0,0,0,0,0,0,0,0,0,0,0,0,0,0.35631251026720184,0,0
8_13,10.625,-61.525,44,0,0,0,0,0,0,0,0,0,0,0,0,0,0,0,0.35631251026720184,0
8_13,10.625,-61.525,45,1,0,0,0,0,0,0,0,0,0,0,0,0,0,0,0,0.35631251026720184
8_13,10.625,-61.525,46,0,0,0,0,0,0,0,0,0,0,0,0,0,0,0,0,0
8_13,10.625,-61.525,47,0,0,0,0,0,0,0,0,0,0,0,0,0,0,0,0,0
8_13,10.625,-61.525,48,0,0,0,0,0,0,0,0,0,0,0,0,0,0,0,0,0
8_13,10.625,-61.525,49,0,0,0,0,0,0,0,0,0,0,0,0,0,0,0,0,0
8_13,10.625,-61.525,50,0,0,0,0,0,0,0,0,0,0.18085120757738304,0,0,0,0,0,0,0
8_13,10.625,-61.525,51,0,0,0,0,0,0,0,0,0,0,0.18085120757738304,0,0,0,0,0,0
8_13,10.625,-61.525,52,0,0,0,0,0,0,0,0,0,0,0,0.18085120757738304,0,0,0,0,0
8_14,10.675,-61.525,0,1,0,,,,,,,,0,,,,,,,
8_14,10.675,-61.525,1,1,0,0,,,,,,,0,0,,,,,,
8_14,10.675,-61.525,2,1,1,0,0,,,,,,0,0,0,,,,,
8_14,10.675,-61.525,3,2,2,1,0,0,,,,,0,0,0,0,,,,
8_14,10.675,-61.525,4,2,0,2,1,0,0,,,,0,0,0,0,0,,,
8_14,10.675,-61.525,5,3,0,0,2,1,0,0,,,0,0,0,0,0,0,,
8_14,10.675,-61.525,6,2,0,0,0,2,1,0,0,,0.2790850665524229,0,0,0,0,0,0,
8_14,10.675,-61.525,7,1,1,0,0,0,2,1,0,0,0,0.2790850665524229,0,0,0,0,0,0
8_14,10.675,-61.525,8,0,3,1,0,0,0,2,1,0,0.18638502657098263,0,0.2790850665524229,0,0,0,0,0
8_14,10.675,-61.525,9,0,0,3,1,0,0,0,2,1,0,0.18638502657098263,0,0.2790850665524229,0,0,0,0
8_14,10.675,-61.525,10,0,1,0,3,1,0,0,0,2,0.4527962836729195,0,0.18638502657098263,0,0.2790850665524229,0,0,0
8_14,10.675,-61.525,11,0,1,1,0,3,1,0,0,0,0,0.4527962836729195,0,0.18638502657098263,0,0.2790850665524229,0,0
8_14,10.675,-61.525,12,3,1,1,1,0,3,1,0,0,0,0,0.4527962836729195,0,0.18638502657098263,0,0.2790850665524229,0
8_14,10.675,-61.525,13,0,0,1,1,1,0,3,1,0,0,0,0,0.4527962836729195,0,0.18638502657098263,0,0.2790850665524229
8_14,10.675,-61.525,14,2,1,0,1,1,1,0,3,1,0,0,0,0,0.4527962836729195,0,0.18638502657098263,0
8_14,10.675,-61.525,15,0,0,1,0,1,1,1,0,3,0,0,0,0,0,0.4527962836729195,0,0.18638502657098263
8_14,10.675,-61.525,16,1,0,0,1,0,1,1,1,0,0,0,0,0,0,0,0.4527962836729195,0
8_14,10.675,-61.525,17,0,0,0,0,1,0,1,1,1,0,0,0,0,0,0,0,0.4527962836729195
8_14,10.675,-61.525,18,2,0,0,0,0,1,0,1,1,0,0,0,0,0,0,0,0
8_14,10.675,-61.525,19,2,0,0,0,0,0,1,0,1,0,0,0,0,0,0,0,0
8_14,10.675,-61.525,20,3,0,0,0,0,0,0,1,0,0,0,0,0,0,0,0,0
8_14,10.675,-61.525,21,3,0,0,0,0,0,0,0,1,0,0,0,0,0,0,0,0
8_14,10.675,-61.525,22,2,0,0,0,0,0,0,0,0,0,0,0,0,0,0,0,0
8_14,10.675,-61.525,23,0,0,0,0,0,0,0,0,0,0,0,0,0,0,0,0,0
8_14,10.675,-61.525,24,1,0,0,0,0,0,0,0,0,0,0,0,0,0,0,0,0
8_14,10.675,-61.525,25,1,0,0,0,0,0,0,0,0,0,0,0,0,0,0,0,0
8_14,10.675,-61.525,26,3,0,0,0,0,0,0,0,0,0,0,0,0,0,0,0,0
8_14,10.675,-61.525,27,2,0,0,0,0,0,0,0,0,0,0,0,0,0,0,0,0
8_14,10.675,-61.525,28,0,0,0,0,0,0,0,0,0,0,0,0,0,0,0,0,0
8_14,10.675,-61.525,29,0,3,0,0,0,0,0,0,0,0.2681786106737766,0,0,0,0,0,0,0
8_14,10.675,-61.525,30,1,1,3,0,0,0,0,0,0,1.8333229822387485,0.2681786106737766,0,0,0,0,0,0
8_14,10.675,-61.525,31,1,0,1,3,0,0,0,0,0,0.4734001954631193,1.8333229822387485,0.2681786106737766,0,0,0,0,0
8_14,10.675,-61.525,32,0,2,0,1,3,0,0,0,0,0.2065574334268252,0.4734001954631193,1.8333229822387485,0.2681786106737766,0,0,0,0
8_14,10.675,-61.525,33,0,0,2,0,1,3,0,0,0,0.22625573874927044,0.2065574334268252,0.4734001954631193,1.8333229822387485,0.2681786106737766,0,0,0
8_14,10.675,-61.525,34,0,1,0,2,0,1,3,0,0,0.26740414976734833,0.22625573874927044,0.2065574334268252,0.4734001954631193,1.8333229822387485,0.2681786106737766,0,0
8_14,10.675,-61.525,35,0,0,1,0,2,0,1,3,0,0,0.26740414976734833,0.22625573874927044,0.2065574334268252,0.4734001954631193,1.8333229822387485,0.2681786106737766,0
8_14,10.675,-61.525,36,1,1,0,1,0,2,0,1,3,0,0,0.26740414976734833,0.22625573874927044,0.2065574334268252,0.4734001954631193,1.8333229822387485,0.2681786106737766
8_14,10.675,-61.525,37,2,0,1,0,1,0,2,0,1,0.22625573874927044,0,0,0.26740414976734833,0.22625573874927044,0.2065574334268252,0.4734001954631193,1.8333229822387485
8_14,10.675,-61.525,38,1,0,0,1,0,1,0,2,0,0.5977413133058328,0.22625573874927044,0,0,0.26740414976734833,0.22625573874927044,0.2065574334268252,0.4734001954631193
8_14,10.675,-61.525,39,2,0,0,0,1,0,1,0,2,0,0.5977413133058328,0.22625573874927044,0,0,0.26740414976734833,0.22625573874927044,0.2065574334268252
8_14,10.675,-61.525,40,0,0,0,0,0,1,0,1,0,0,0,0.5977413133058328,0.22625573874927044,0,0,0.26740414976734833,0.22625573874927044
8_14,10.675,-61.525,41,1,0,0,0,0,0,1,0,1,0,0,0,0.5977413133058328,0.22625573874927044,0,0,0.26740414976734833
8_14,10.675,-61.525,42,0,1,0,0,0,0,0,1,0,0.17182696599330205,0,0,0,0.5977413133058328,0.22625573874927044,0,0
8_14,10.675,-61.525,43,2,0,1,0,0,0,0,0,1,0,0.17182696599330205,0,0,0,0.5977413133058328,0.22625573874927044,0
8_14,10.675,-61.525,44,0,0,0,1,0,0,0,0,0,0,0,0.17182696599330205,0,0,0,0.5977413133058328,0.22625573874927044
8_14,10.675,-61.525,45,1,0,0,0,1,0,0,0,0,0.23359869619445006,0,0,0.17182696599330205,0,0,0,0.5977413133058328
8_14,10.675,-61.525,46,1,0,0,0,0,1,0,0,0,0,0.23359869619445006,0,0,0.17182696599330205,0,0,0
8_14,10.675,-61.525,47,0,0,0,0,0,0,1,0,0,0,0,0.23359869619445006,0,0,0.17182696599330205,0,0
8_14,10.675,-61.525,48,1,0,0,0,0,0,0,1,0,0,0,0,0.23359869619445006,0,0,0.17182696599330205,0
8_14,10.675,-61.525,49,3,0,0,0,0,0,0,0,1,0,0,0,0,0.23359869619445006,0,0,0.17182696599330205
8_14,10.675,-61.525,50,0,0,0,0,0,0,0,0,0,0.17926329537880323,0,0,0,0,0.23359869619445006,0,0
8_14,10.675,-61.525,51,2,0,0,0,0,0,0,0,0,0,0.17926329537880323,0,0,0,0,0.23359869619445006,0
8_14,10.675,-61.525,52,0,0,0,0,0,0,0,0,0,0,0,0.17926329537880323,0,0,0,0,0.23359869619445006
8_15,10.725,-61.525,0,0,0,,,,,,,,0,,,,,,,
8_15,10.725,-61.525,1,1,0,0,,,,,,,0,0,,,,,,
8_15,10.725,-61.525,2,1,0,0,0,,,,,,0,0,0,,,,,
8_15,10.725,-61.525,3,0,0,0,0,0,,,,,0.2310753824495148,0,0,0,,,,
8_15,10.725,-61.525,4,0,0,0,0,0,0,,,,0,0.2310753824495148,0,0,0,,,
8_15,10.725,-61.525,5,0,0,0,0,0,0,0,,,0,0,0.2310753824495148,0,0,0,,
8_15,10.725,-61.525,6,0,0,0,0,0,0,0,0,,0,0,0,0.2310753824495148,0,0,0,
8_15,10.725,-61.525,7,0,0,0,0,0,0,0,0,0,0.17237299590476254,0,0,0,0.2310753824495148,0,0,0
8_15,10.725,-61.525,8,0,0,0,0,0,0,0,0,0,0,0.17237299590476254,0,0,0,0.2310753824495148,0,0
8_15,10.725,-61.525,9,0,0,0,0,0,0,0,0,0,0,0,0.17237299590476254,0,0,0,0.2310753824495148,0
8_15,10.725,-61.525,10,0,0,0,0,0,0,0,0,0,0,0,0,0.17237299590476254,0,0,0,0.2310753824495148
8_15,10.725,-61.525,11,0,0,0,0,0,0,0,0,0,0,0,0,0,0.17237299590476254,0,0,0
8_15,10.725,-61.525,12,0,0,0,0,0,0,0,0,0,0,0,0,0,0,0.17237299590476254,0,0
8_15,10.725,-61.525,13,0,0,0,0,0,0,0,0,0,0,0,0,0,0,0,0.17237299590476254,0
8_15,10.725,-61.525,14,1,0,0,0,0,0,0,0,0,0,0,0,0,0,0,0,0.17237299590476254
8_15,10.725,-61.525,15,0,0,0,0,0,0,0,0,0,0,0,0,0,0,0,0,0
8_15,10.725,-61.525,16,1,0,0,0,0,0,0,0,0,0,0,0,0,0,0,0,0
8_15,10.725,-61.525,17,0,0,0,0,0,0,0,0,0,0,0,0,0,0,0,0,0
8_15,10.725,-61.525,18,0,0,0,0,0,0,0,0,0,0,0,0,0,0,0,0,0
8_15,10.725,-61.525,19,0,0,0,0,0,0,0,0,0,0,0,0,0,0,0,0,0
8_15,10.725,-61.525,20,1,0,0,0,0,0,0,0,0,0,0,0,0,0,0,0,0
8_15,10.725,-61.525,21,1,0,0,0,0,0,0,0,0,0,0,0,0,0,0,0,0
8_15,10.725,-61.525,22,2,0,0,0,0,0,0,0,0,0,0,0,0,0,0,0,0
8_15,10.725,-61.525,23,0,0,0,0,0,0,0,0,0,0,0,0,0,0,0,0,0
8_15,10.725,-61.525,24,0,0,0,0,0,0,0,0,0,0,0,0,0,0,0,0,0
8_15,10.725,-61.525,25,0,0,0,0,0,0,0,0,0,0,0,0,0,0,0,0,0
8_15,10.725,-61.525,26,0,0,0,0,0,0,0,0,0,0,0,0,0,0,0,0,0
8_15,10.725,-61.525,27,0,0,0,0,0,0,0,0,0,0,0,0,0,0,0,0,0
8_15,10.725,-61.525,28,0,0,0,0,0,0,0,0,0,0,0,0,0,0,0,0,0
8_15,10.725,-61.525,29,0,0,0,0,0,0,0,0,0,0.17237299590476254,0,0,0,0,0,0,0
8_15,10.725,-61.525,30,0,1,0,0,0,0,0,0,0,0,0.17237299590476254,0,0,0,0,0,0
8_15,10.725,-61.525,31,0,1,1,0,0,0,0,0,0,0.7024773483752479,0,0.17237299590476254,0,0,0,0,0
8_15,10.725,-61.525,32,0,0,1,1,0,0,0,0,0,1.0625632208907714,0.7024773483752479,0,0.17237299590476254,0,0,0,0
8_15,10.725,-61.525,33,0,0,0,1,1,0,0,0,0,0.26005108081896106,1.0625632208907714,0.7024773483752479,0,0.17237299590476254,0,0,0
8_15,10.725,-61.525,34,0,0,0,0,1,1,0,0,0,0,0.26005108081896106,1.0625632208907714,0.7024773483752479,0,0.17237299590476254,0,0
8_15,10.725,-61.525,35,1,0,0,0,0,1,1,0,0,0,0,0.26005108081896106,1.0625632208907714,0.7024773483752479,0,0.17237299590476254,0
8_15,10.725,-61.525,36,0,0,0,0,0,0,1,1,0,0.1928769577158437,0,0,0.26005108081896106,1.0625632208907714,0.7024773483752479,0,0.17237299590476254
8_15,10.725,-61.525,37,0,0,0,0,0,0,0,1,1,0,0.1928769577158437,0,0,0.26005108081896106,1.0625632208907714,0.7024773483752479,0
8_15,10.725,-61.525,38,0,3,0,0,0,0,0,0,1,0,0,0.1928769577158437,0,0,0.26005108081896106,1.0625632208907714,0.7024773483752479
8_15,10.725,-61.525,39,0,0,3,0,0,0,0,0,0,0,0,0,0.1928769577158437,0,0,0.26005108081896106,1.0625632208907714
8_15,10.725,-61.525,40,0,0,0,3,0,0,0,0,0,0,0,0,0,0.1928769577158437,0,0,0.26005108081896106
8_15,10.725,-61.525,41,0,0,0,0,3,0,0,0,0,0,0,0,0,0,0.1928769577158437,0,0
8_15,10.725,-61.525,42,0,0,0,0,0,3,0,0,0,1.4239643370469248,0,0,0,0,0,0.1928769577158437,0
8_15,10.725,-61.525,43,0,0,0,0,0,0,3,0,0,0,1.4239643370469248,0,0,0,0,0,0.1928769577158437
8_15,10.725,-61.525,44,0,0,0,0,0,0,0,3,0,0,0,1.4239643370469248,0,0,0,0,0
8_15,10.725,-61.525,45,0,0,0,0,0,0,0,0,3,0.20493876188503196,0,0,1.4239643370469248,0,0,0,0
8_15,10.725,-61.525,46,0,0,0,0,0,0,0,0,0,0,0.20493876188503196,0,0,1.4239643370469248,0,0,0
8_15,10.725,-61.525,47,0,0,0,0,0,0,0,0,0,0,0,0.20493876188503196,0,0,1.4239643370469248,0,0
8_15,10.725,-61.525,48,0,0,0,0,0,0,0,0,0,0,0,0,0.20493876188503196,0,0,1.4239643370469248,0
8_15,10.725,-61.525,49,0,0,0,0,0,0,0,0,0,0,0,0,0,0.20493876188503196,0,0,1.4239643370469248
8_15,10.725,-61.525,50,0,0,0,0,0,0,0,0,0,0,0,0,0,0,0.20493876188503196,0,0
8_15,10.725,-61.525,51,0,0,0,0,0,0,0,0,0,0,0,0,0,0,0,0.20493876188503196,0
8_15,10.725,-61.525,52,0,0,0,0,0,0,0,0,0,0,0,0,0,0,0,0,0.20493876188503196
8_16,10.775,-61.525,0,0,0,,,,,,,,0,,,,,,,
8_16,10.775,-61.525,1,0,0,0,,,,,,,0,0,,,,,,
8_16,10.775,-61.525,2,0,0,0,0,,,,,,0,0,0,,,,,
8_16,10.775,-61.525,3,0,0,0,0,0,,,,,0,0,0,0,,,,
8_16,10.775,-61.525,4,0,0,0,0,0,0,,,,0,0,0,0,0,,,
8_16,10.775,-61.525,5,0,0,0,0,0,0,0,,,0,0,0,0,0,0,,
8_16,10.775,-61.525,6,0,0,0,0,0,0,0,0,,0,0,0,0,0,0,0,
8_16,10.775,-61.525,7,0,0,0,0,0,0,0,0,0,0,0,0,0,0,0,0,0
8_16,10.775,-61.525,8,0,0,0,0,0,0,0,0,0,0,0,0,0,0,0,0,0
8_16,10.775,-61.525,9,0,0,0,0,0,0,0,0,0,0,0,0,0,0,0,0,0
8_16,10.775,-61.525,10,0,0,0,0,0,0,0,0,0,0,0,0,0,0,0,0,0
8_16,10.775,-61.525,11,0,0,0,0,0,0,0,0,0,0,0,0,0,0,0,0,0
8_16,10.775,-61.525,12,0,0,0,0,0,0,0,0,0,0,0,0,0,0,0,0,0
8_16,10.775,-61.525,13,0,0,0,0,0,0,0,0,0,0,0,0,0,0,0,0,0
8_16,10.775,-61.525,14,0,0,0,0,0,0,0,0,0,0,0,0,0,0,0,0,0
8_16,10.775,-61.525,15,0,0,0,0,0,0,0,0,0,0,0,0,0,0,0,0,0
8_16,10.775,-61.525,16,0,0,0,0,0,0,0,0,0,0,0,0,0,0,0,0,0
8_16,10.775,-61.525,17,0,0,0,0,0,0,0,0,0,0,0,0,0,0,0,0,0
8_16,10.775,-61.525,18,0,0,0,0,0,0,0,0,0,0,0,0,0,0,0,0,0
8_16,10.775,-61.525,19,0,0,0,0,0,0,0,0,0,0,0,0,0,0,0,0,0
8_16,10.775,-61.525,20,0,0,0,0,0,0,0,0,0,0,0,0,0,0,0,0,0
8_16,10.775,-61.525,21,0,0,0,0,0,0,0,0,0,0,0,0,0,0,0,0,0
8_16,10.775,-61.525,22,0,0,0,0,0,0,0,0,0,0,0,0,0,0,0,0,0
8_16,10.775,-61.525,23,0,0,0,0,0,0,0,0,0,0,0,0,0,0,0,0,0
8_16,10.775,-61.525,24,0,0,0,0,0,0,0,0,0,0,0,0,0,0,0,0,0
8_16,10.775,-61.525,25,0,0,0,0,0,0,0,0,0,0,0,0,0,0,0,0,0
8_16,10.775,-61.525,26,0,0,0,0,0,0,0,0,0,0,0,0,0,0,0,0,0
8_16,10.775,-61.525,27,0,0,0,0,0,0,0,0,0,0,0,0,0,0,0,0,0
8_16,10.775,-61.525,28,0,0,0,0,0,0,0,0,0,0,0,0,0,0,0,0,0
8_16,10.775,-61.525,29,0,0,0,0,0,0,0,0,0,0,0,0,0,0,0,0,0
8_16,10.775,-61.525,30,0,0,0,0,0,0,0,0,0,0,0,0,0,0,0,0,0
8_16,10.775,-61.525,31,0,0,0,0,0,0,0,0,0,0,0,0,0,0,0,0,0
8_16,10.775,-61.525,32,0,0,0,0,0,0,0,0,0,0,0,0,0,0,0,0,0
8_16,10.775,-61.525,33,0,0,0,0,0,0,0,0,0,0,0,0,0,0,0,0,0
8_16,10.775,-61.525,34,0,0,0,0,0,0,0,0,0,0,0,0,0,0,0,0,0
8_16,10.775,-61.525,35,0,0,0,0,0,0,0,0,0,0,0,0,0,0,0,0,0
8_16,10.775,-61.525,36,0,0,0,0,0,0,0,0,0,0,0,0,0,0,0,0,0
8_16,10.775,-61.525,37,0,0,0,0,0,0,0,0,0,0,0,0,0,0,0,0,0
8_16,10.775,-61.525,38,0,0,0,0,0,0,0,0,0,0,0,0,0,0,0,0,0
8_16,10.775,-61.525,39,0,0,0,0,0,0,0,0,0,0,0,0,0,0,0,0,0
8_16,10.775,-61.525,40,0,0,0,0,0,0,0,0,0,0,0,0,0,0,0,0,0
8_16,10.775,-61.525,41,0,0,0,0,0,0,0,0,0,0,0,0,0,0,0,0,0
8_16,10.775,-61.525,42,0,0,0,0,0,0,0,0,0,0,0,0,0,0,0,0,0
8_16,10.775,-61.525,43,0,0,0,0,0,0,0,0,0,0,0,0,0,0,0,0,0
8_16,10.775,-61.525,44,0,0,0,0,0,0,0,0,0,0,0,0,0,0,0,0,0
8_16,10.775,-61.525,45,0,0,0,0,0,0,0,0,0,0,0,0,0,0,0,0,0
8_16,10.775,-61.525,46,0,0,0,0,0,0,0,0,0,0,0,0,0,0,0,0,0
8_16,10.775,-61.525,47,0,0,0,0,0,0,0,0,0,0,0,0,0,0,0,0,0
8_16,10.775,-61.525,48,0,0,0,0,0,0,0,0,0,0,0,0,0,0,0,0,0
8_16,10.775,-61.525,49,0,0,0,0,0,0,0,0,0,0,0,0,0,0,0,0,0
8_16,10.775,-61.525,50,0,0,0,0,0,0,0,0,0,0,0,0,0,0,0,0,0
8_16,10.775,-61.525,51,0,0,0,0,0,0,0,0,0,0,0,0,0,0,0,0,0
8_16,10.775,-61.525,52,0,0,0,0,0,0,0,0,0,0,0,0,0,0,0,0,0
9_2,10.075,-61.475,0,0,0,,,,,,,,0,,,,,,,
9_2,10.075,-61.475,1,0,0,0,,,,,,,0,0,,,,,,
9_2,10.075,-61.475,2,0,0,0,0,,,,,,0,0,0,,,,,
9_2,10.075,-61.475,3,0,0,0,0,0,,,,,0,0,0,0,,,,
9_2,10.075,-61.475,4,0,0,0,0,0,0,,,,0,0,0,0,0,,,
9_2,10.075,-61.475,5,0,0,0,0,0,0,0,,,0,0,0,0,0,0,,
9_2,10.075,-61.475,6,0,0,0,0,0,0,0,0,,0,0,0,0,0,0,0,
9_2,10.075,-61.475,7,0,0,0,0,0,0,0,0,0,0,0,0,0,0,0,0,0
9_2,10.075,-61.475,8,0,0,0,0,0,0,0,0,0,0,0,0,0,0,0,0,0
9_2,10.075,-61.475,9,0,0,0,0,0,0,0,0,0,0,0,0,0,0,0,0,0
9_2,10.075,-61.475,10,0,0,0,0,0,0,0,0,0,0,0,0,0,0,0,0,0
9_2,10.075,-61.475,11,0,0,0,0,0,0,0,0,0,0,0,0,0,0,0,0,0
9_2,10.075,-61.475,12,0,0,0,0,0,0,0,0,0,0,0,0,0,0,0,0,0
9_2,10.075,-61.475,13,0,0,0,0,0,0,0,0,0,0,0,0,0,0,0,0,0
9_2,10.075,-61.475,14,0,0,0,0,0,0,0,0,0,0,0,0,0,0,0,0,0
9_2,10.075,-61.475,15,0,0,0,0,0,0,0,0,0,0,0,0,0,0,0,0,0
9_2,10.075,-61.475,16,0,0,0,0,0,0,0,0,0,0,0,0,0,0,0,0,0
9_2,10.075,-61.475,17,0,0,0,0,0,0,0,0,0,0,0,0,0,0,0,0,0
9_2,10.075,-61.475,18,0,0,0,0,0,0,0,0,0,0,0,0,0,0,0,0,0
9_2,10.075,-61.475,19,0,0,0,0,0,0,0,0,0,0,0,0,0,0,0,0,0
9_2,10.075,-61.475,20,0,0,0,0,0,0,0,0,0,0,0,0,0,0,0,0,0
9_2,10.075,-61.475,21,0,0,0,0,0,0,0,0,0,0,0,0,0,0,0,0,0
9_2,10.075,-61.475,22,0,0,0,0,0,0,0,0,0,0,0,0,0,0,0,0,0
9_2,10.075,-61.475,23,0,0,0,0,0,0,0,0,0,0,0,0,0,0,0,0,0
9_2,10.075,-61.475,24,0,0,0,0,0,0,0,0,0,0,0,0,0,0,0,0,0
9_2,10.075,-61.475,25,0,0,0,0,0,0,0,0,0,0,0,0,0,0,0,0,0
9_2,10.075,-61.475,26,0,0,0,0,0,0,0,0,0,0,0,0,0,0,0,0,0
9_2,10.075,-61.475,27,0,0,0,0,0,0,0,0,0,0,0,0,0,0,0,0,0
9_2,10.075,-61.475,28,0,0,0,0,0,0,0,0,0,0,0,0,0,0,0,0,0
9_2,10.075,-61.475,29,0,0,0,0,0,0,0,0,0,0,0,0,0,0,0,0,0
9_2,10.075,-61.475,30,0,0,0,0,0,0,0,0,0,0,0,0,0,0,0,0,0
9_2,10.075,-61.475,31,0,0,0,0,0,0,0,0,0,0,0,0,0,0,0,0,0
9_2,10.075,-61.475,32,0,0,0,0,0,0,0,0,0,0.37893926569064884,0,0,0,0,0,0,0
9_2,10.075,-61.475,33,0,0,0,0,0,0,0,0,0,0,0.37893926569064884,0,0,0,0,0,0
9_2,10.075,-61.475,34,0,0,0,0,0,0,0,0,0,0,0,0.37893926569064884,0,0,0,0,0
9_2,10.075,-61.475,35,0,0,0,0,0,0,0,0,0,0,0,0,0.37893926569064884,0,0,0,0
9_2,10.075,-61.475,36,0,0,0,0,0,0,0,0,0,0,0,0,0,0.37893926569064884,0,0,0
9_2,10.075,-61.475,37,0,0,0,0,0,0,0,0,0,0,0,0,0,0,0.37893926569064884,0,0
9_2,10.075,-61.475,38,0,0,0,0,0,0,0,0,0,0,0,0,0,0,0,0.37893926569064884,0
9_2,10.075,-61.475,39,0,0,0,0,0,0,0,0,0,0,0,0,0,0,0,0,0.37893926569064884
9_2,10.075,-61.475,40,0,0,0,0,0,0,0,0,0,0,0,0,0,0,0,0,0
9_2,10.075,-61.475,41,0,0,0,0,0,0,0,0,0,0,0,0,0,0,0,0,0
9_2,10.075,-61.475,42,0,0,0,0,0,0,0,0,0,0,0,0,0,0,0,0,0
9_2,10.075,-61.475,43,0,0,0,0,0,0,0,0,0,0,0,0,0,0,0,0,0
9_2,10.075,-61.475,44,0,0,0,0,0,0,0,0,0,0,0,0,0,0,0,0,0
9_2,10.075,-61.475,45,0,0,0,0,0,0,0,0,0,0,0,0,0,0,0,0,0
9_2,10.075,-61.475,46,0,0,0,0,0,0,0,0,0,0,0,0,0,0,0,0,0
9_2,10.075,-61.475,47,0,0,0,0,0,0,0,0,0,0,0,0,0,0,0,0,0
9_2,10.075,-61.475,48,0,0,0,0,0,0,0,0,0,0,0,0,0,0,0,0,0
9_2,10.075,-61.475,49,0,0,0,0,0,0,0,0,0,0,0,0,0,0,0,0,0
9_2,10.075,-61.475,50,0,0,0,0,0,0,0,0,0,0,0,0,0,0,0,0,0
9_2,10.075,-61.475,51,0,0,0,0,0,0,0,0,0,0,0,0,0,0,0,0,0
9_2,10.075,-61.475,52,0,0,0,0,0,0,0,0,0,0,0,0,0,0,0,0,0
9_3,10.124999999999998,-61.475,0,0,0,,,,,,,,0,,,,,,,
9_3,10.124999999999998,-61.475,1,0,0,0,,,,,,,0,0,,,,,,
9_3,10.124999999999998,-61.475,2,0,0,0,0,,,,,,0,0,0,,,,,
9_3,10.124999999999998,-61.475,3,0,0,0,0,0,,,,,0,0,0,0,,,,
9_3,10.124999999999998,-61.475,4,0,0,0,0,0,0,,,,0,0,0,0,0,,,
9_3,10.124999999999998,-61.475,5,0,0,0,0,0,0,0,,,0,0,0,0,0,0,,
9_3,10.124999999999998,-61.475,6,0,0,0,0,0,0,0,0,,0,0,0,0,0,0,0,
9_3,10.124999999999998,-61.475,7,0,0,0,0,0,0,0,0,0,0,0,0,0,0,0,0,0
9_3,10.124999999999998,-61.475,8,0,0,0,0,0,0,0,0,0,0,0,0,0,0,0,0,0
9_3,10.124999999999998,-61.475,9,0,0,0,0,0,0,0,0,0,0,0,0,0,0,0,0,0
9_3,10.124999999999998,-61.475,10,0,0,0,0,0,0,0,0,0,0,0,0,0,0,0,0,0
9_3,10.124999999999998,-61.475,11,0,0,0,0,0,0,0,0,0,0,0,0,0,0,0,0,0
9_3,10.124999999999998,-61.475,12,0,0,0,0,0,0,0,0,0,0,0,0,0,0,0,0,0
9_3,10.124999999999998,-61.475,13,0,0,0,0,0,0,0,0,0,0,0,0,0,0,0,0,0
9_3,10.124999999999998,-61.475,14,0,0,0,0,0,0,0,0,0,0,0,0,0,0,0,0,0
9_3,10.124999999999998,-61.475,15,0,0,0,0,0,0,0,0,0,0,0,0,0,0,0,0,0
9_3,10.124999999999998,-61.475,16,0,0,0,0,0,0,0,0,0,0,0,0,0,0,0,0,0
9_3,10.124999999999998,-61.475,17,0,0,0,0,0,0,0,0,0,0,0,0,0,0,0,0,0
9_3,10.124999999999998,-61.475,18,0,0,0,0,0,0,0,0,0,0,0,0,0,0,0,0,0
9_3,10.124999999999998,-61.475,19,0,0,0,0,0,0,0,0,0,0,0,0,0,0,0,0,0
9_3,10.124999999999998,-61.475,20,0,0,0,0,0,0,0,0,0,0,0,0,0,0,0,0,0
9_3,10.124999999999998,-61.475,21,0,0,0,0,0,0,0,0,0,0,0,0,0,0,0,0,0
9_3,10.124999999999998,-61.475,22,0,0,0,0,0,0,0,0,0,0,0,0,0,0,0,0,0
9_3,10.124999999999998,-61.475,23,0,0,0,0,0,0,0,0,0,0,0,0,0,0,0,0,0
9_3,10.124999999999998,-61.475,24,0,0,0,0,0,0,0,0,0,0,0,0,0,0,0,0,0
9_3,10.124999999999998,-61.475,25,0,0,0,0,0,0,0,0,0,0,0,0,0,0,0,0,0
9_3,10.124999999999998,-61.475,26,0,0,0,0,0,0,0,0,0,0,0,0,0,0,0,0,0
9_3,10.124999999999998,-61.475,27,1,0,0,0,0,0,0,0,0,0,0,0,0,0,0,0,0
9_3,10.124999999999998,-61.475,28,0,0,0,0,0,0,0,0,0,0,0,0,0,0,0,0,0
9_3,10.124999999999998,-61.475,29,0,0,0,0,0,0,0,0,0,0,0,0,0,0,0,0,0
9_3,10.124999999999998,-61.475,30,0,0,0,0,0,0,0,0,0,0,0,0,0,0,0,0,0
9_3,10.124999999999998,-61.475,31,0,0,0,0,0,0,0,0,0,0,0,0,0,0,0,0,0
9_3,10.124999999999998,-61.475,32,0,1,0,0,0,0,0,0,0,0.24173253443547393,0,0,0,0,0,0,0
9_3,10.124999999999998,-61.475,33,0,1,1,0,0,0,0,0,0,0.3998222409432959,0.24173253443547393,0,0,0,0,0,0
9_3,10.124999999999998,-61.475,34,0,0,1,1,0,0,0,0,0,0,0.3998222409432959,0.24173253443547393,0,0,0,0,0
9_3,10.124999999999998,-61.475,35,0,0,0,1,1,0,0,0,0,0.41258058418180416,0,0.3998222409432959,0.24173253443547393,0,0,0,0
9_3,10.124999999999998,-61.475,36,0,0,0,0,1,1,0,0,0,0,0.41258058418180416,0,0.3998222409432959,0.24173253443547393,0,0,0
9_3,10.124999999999998,-61.475,37,0,0,0,0,0,1,1,0,0,0,0,0.41258058418180416,0,0.3998222409432959,0.24173253443547393,0,0
9_3,10.124999999999998,-61.475,38,0,0,0,0,0,0,1,1,0,0,0,0,0.41258058418180416,0,0.3998222409432959,0.24173253443547393,0
9_3,10.124999999999998,-61.475,39,0,0,0,0,0,0,0,1,1,0,0,0,0,0.41258058418180416,0,0.3998222409432959,0.24173253443547393
9_3,10.124999999999998,-61.475,40,0,0,0,0,0,0,0,0,1,0,0,0,0,0,0.41258058418180416,0,0.3998222409432959
9_3,10.124999999999998,-61.475,41,0,0,0,0,0,0,0,0,0,0,0,0,0,0,0,0.41258058418180416,0
9_3,10.124999999999998,-61.475,42,0,0,0,0,0,0,0,0,0,0,0,0,0,0,0,0,0.41258058418180416
9_3,10.124999999999998,-61.475,43,0,0,0,0,0,0,0,0,0,0,0,0,0,0,0,0,0
9_3,10.124999999999998,-61.475,44,0,0,0,0,0,0,0,0,0,0,0,0,0,0,0,0,0
9_3,10.124999999999998,-61.475,45,0,0,0,0,0,0,0,0,0,0,0,0,0,0,0,0,0
9_3,10.124999999999998,-61.475,46,0,0,0,0,0,0,0,0,0,0,0,0,0,0,0,0,0
9_3,10.124999999999998,-61.475,47,0,0,0,0,0,0,0,0,0,0,0,0,0,0,0,0,0
9_3,10.124999999999998,-61.475,48,0,0,0,0,0,0,0,0,0,0,0,0,0,0,0,0,0
9_3,10.124999999999998,-61.475,49,0,0,0,0,0,0,0,0,0,0,0,0,0,0,0,0,0
9_3,10.124999999999998,-61.475,50,0,0,0,0,0,0,0,0,0,0,0,0,0,0,0,0,0
9_3,10.124999999999998,-61.475,51,0,0,0,0,0,0,0,0,0,0,0,0,0,0,0,0,0
9_3,10.124999999999998,-61.475,52,0,0,0,0,0,0,0,0,0,0,0,0,0,0,0,0,0
9_4,10.175,-61.475,0,0,0,,,,,,,,0,,,,,,,
9_4,10.175,-61.475,1,0,0,0,,,,,,,0,0,,,,,,
9_4,10.175,-61.475,2,0,0,0,0,,,,,,0,0,0,,,,,
9_4,10.175,-61.475,3,0,0,0,0,0,,,,,0,0,0,0,,,,
9_4,10.175,-61.475,4,1,0,0,0,0,0,,,,0,0,0,0,0,,,
9_4,10.175,-61.475,5,0,0,0,0,0,0,0,,,0,0,0,0,0,0,,
9_4,10.175,-61.475,6,0,0,0,0,0,0,0,0,,0,0,0,0,0,0,0,
9_4,10.175,-61.475,7,0,0,0,0,0,0,0,0,0,0,0,0,0,0,0,0,0
9_4,10.175,-61.475,8,0,0,0,0,0,0,0,0,0,0,0,0,0,0,0,0,0
9_4,10.175,-61.475,9,1,0,0,0,0,0,0,0,0,0,0,0,0,0,0,0,0
9_4,10.175,-61.475,10,0,0,0,0,0,0,0,0,0,0,0,0,0,0,0,0,0
9_4,10.175,-61.475,11,0,0,0,0,0,0,0,0,0,0,0,0,0,0,0,0,0
9_4,10.175,-61.475,12,0,0,0,0,0,0,0,0,0,0,0,0,0,0,0,0,0
9_4,10.175,-61.475,13,0,0,0,0,0,0,0,0,0,0,0,0,0,0,0,0,0
9_4,10.175,-61.475,14,0,0,0,0,0,0,0,0,0,0,0,0,0,0,0,0,0
9_4,10.175,-61.475,15,0,0,0,0,0,0,0,0,0,0,0,0,0,0,0,0,0
9_4,10.175,-61.475,16,0,0,0,0,0,0,0,0,0,0,0,0,0,0,0,0,0
9_4,10.175,-61.475,17,0,0,0,0,0,0,0,0,0,0,0,0,0,0,0,0,0
9_4,10.175,-61.475,18,1,0,0,0,0,0,0,0,0,0,0,0,0,0,0,0,0
9_4,10.175,-61.475,19,1,0,0,0,0,0,0,0,0,0,0,0,0,0,0,0,0
9_4,10.175,-61.475,20,0,0,0,0,0,0,0,0,0,0,0,0,0,0,0,0,0
9_4,10.175,-61.475,21,0,0,0,0,0,0,0,0,0,0,0,0,0,0,0,0,0
9_4,10.175,-61.475,22,0,0,0,0,0,0,0,0,0,0,0,0,0,0,0,0,0
9_4,10.175,-61.475,23,0,0,0,0,0,0,0,0,0,0,0,0,0,0,0,0,0
9_4,10.175,-61.475,24,0,0,0,0,0,0,0,0,0,0,0,0,0,0,0,0,0
9_4,10.175,-61.475,25,0,0,0,0,0,0,0,0,0,0,0,0,0,0,0,0,0
9_4,10.175,-61.475,26,0,0,0,0,0,0,0,0,0,0,0,0,0,0,0,0,0
9_4,10.175,-61.475,27,0,0,0,0,0,0,0,0,0,0,0,0,0,0,0,0,0
9_4,10.175,-61.475,28,1,0,0,0,0,0,0,0,0,0,0,0,0,0,0,0,0
9_4,10.175,-61.475,29,0,0,0,0,0,0,0,0,0,0,0,0,0,0,0,0,0
9_4,10.175,-61.475,30,0,0,0,0,0,0,0,0,0,0,0,0,0,0,0,0,0
9_4,10.175,-61.475,31,0,0,0,0,0,0,0,0,0,0,0,0,0,0,0,0,0
9_4,10.175,-61.475,32,0,0,0,0,0,0,0,0,0,0,0,0,0,0,0,0,0
9_4,10.175,-61.475,33,0,1,0,0,0,0,0,0,0,0.2160775542097757,0,0,0,0,0,0,0
9_4,10.175,-61.475,34,0,0,1,0,0,0,0,0,0,0,0.2160775542097757,0,0,0,0,0,0
9_4,10.175,-61.475,35,0,2,0,1,0,0,0,0,0,0,0,0.2160775542097757,0,0,0,0,0
9_4,10.175,-61.475,36,0,0,2,0,1,0,0,0,0,0.1746299310066082,0,0,0.2160775542097757,0,0,0,0
9_4,10.175,-61.475,37,1,0,0,2,0,1,0,0,0,0,0.1746299310066082,0,0,0.2160775542097757,0,0,0
9_4,10.175,-61.475,38,0,0,0,0,2,0,1,0,0,0,0,0.1746299310066082,0,0,0.2160775542097757,0,0
9_4,10.175,-61.475,39,0,0,0,0,0,2,0,1,0,0,0,0,0.1746299310066082,0,0,0.2160775542097757,0
9_4,10.175,-61.475,40,1,0,0,0,0,0,2,0,1,0,0,0,0,0.1746299310066082,0,0,0.2160775542097757
9_4,10.175,-61.475,41,0,0,0,0,0,0,0,2,0,0.1746299310066082,0,0,0,0,0.1746299310066082,0,0
9_4,10.175,-61.475,42,0,0,0,0,0,0,0,0,2,0,0.1746299310066082,0,0,0,0,0.1746299310066082,0
9_4,10.175,-61.475,43,0,0,0,0,0,0,0,0,0,0,0,0.1746299310066082,0,0,0,0,0.1746299310066082
9_4,10.175,-61.475,44,0,0,0,0,0,0,0,0,0,0,0,0,0.1746299310066082,0,0,0,0
9_4,10.175,-61.475,45,0,0,0,0,0,0,0,0,0,0,0,0,0,0.1746299310066082,0,0,0
9_4,10.175,-61.475,46,0,0,0,0,0,0,0,0,0,0,0,0,0,0,0.1746299310066082,0,0
9_4,10.175,-61.475,47,0,0,0,0,0,0,0,0,0,0,0,0,0,0,0,0.1746299310066082,0
9_4,10.175,-61.475,48,0,0,0,0,0,0,0,0,0,0,0,0,0,0,0,0,0.1746299310066082
9_4,10.175,-61.475,49,0,0,0,0,0,0,0,0,0,0,0,0,0,0,0,0,0
9_4,10.175,-61.475,50,0,0,0,0,0,0,0,0,0,0,0,0,0,0,0,0,0
9_4,10.175,-61.475,51,0,0,0,0,0,0,0,0,0,0,0,0,0,0,0,0,0
9_4,10.175,-61.475,52,1,0,0,0,0,0,0,0,0,0,0,0,0,0,0,0,0
9_5,10.225,-61.475,0,0,0,,,,,,,,0,,,,,,,
9_5,10.225,-61.475,1,0,0,0,,,,,,,0,0,,,,,,
9_5,10.225,-61.475,2,0,0,0,0,,,,,,0,0,0,,,,,
9_5,10.225,-61.475,3,0,0,0,0,0,,,,,0,0,0,0,,,,
9_5,10.225,-61.475,4,0,0,0,0,0,0,,,,0,0,0,0,0,,,
9_5,10.225,-61.475,5,0,0,0,0,0,0,0,,,0,0,0,0,0,0,,
9_5,10.225,-61.475,6,0,0,0,0,0,0,0,0,,0,0,0,0,0,0,0,
9_5,10.225,-61.475,7,1,0,0,0,0,0,0,0,0,0,0,0,0,0,0,0,0
9_5,10.225,-61.475,8,0,0,0,0,0,0,0,0,0,0,0,0,0,0,0,0,0
9_5,10.225,-61.475,9,2,0,0,0,0,0,0,0,0,0,0,0,0,0,0,0,0
9_5,10.225,-61.475,10,1,0,0,0,0,0,0,0,0,0,0,0,0,0,0,0,0
9_5,10.225,-61.475,11,0,0,0,0,0,0,0,0,0,0,0,0,0,0,0,0,0
9_5,10.225,-61.475,12,0,0,0,0,0,0,0,0,0,0,0,0,0,0,0,0,0
9_5,10.225,-61.475,13,0,0,0,0,0,0,0,0,0,0,0,0,0,0,0,0,0
9_5,10.225,-61.475,14,0,0,0,0,0,0,0,0,0,0,0,0,0,0,0,0,0
9_5,10.225,-61.475,15,0,0,0,0,0,0,0,0,0,0,0,0,0,0,0,0,0
9_5,10.225,-61.475,16,1,0,0,0,0,0,0,0,0,0,0,0,0,0,0,0,0
9_5,10.225,-61.475,17,0,0,0,0,0,0,0,0,0,0,0,0,0,0,0,0,0
9_5,10.225,-61.475,18,0,0,0,0,0,0,0,0,0,0,0,0,0,0,0,0,0
9_5,10.225,-61.475,19,0,0,0,0,0,0,0,0,0,0,0,0,0,0,0,0,0
9_5,10.225,-61.475,20,0,0,0,0,0,0,0,0,0,0,0,0,0,0,0,0,0
9_5,10.225,-61.475,21,0,0,0,0,0,0,0,0,0,0,0,0,0,0,0,0,0
9_5,10.225,-61.475,22,0,0,0,0,0,0,0,0,0,0,0,0,0,0,0,0,0
9_5,10.225,-61.475,23,2,0,0,0,0,0,0,0,0,0,0,0,0,0,0,0,0
9_5,10.225,-61.475,24,1,0,0,0,0,0,0,0,0,0,0,0,0,0,0,0,0
9_5,10.225,-61.475,25,0,0,0,0,0,0,0,0,0,0,0,0,0,0,0,0,0
9_5,10.225,-61.475,26,0,0,0,0,0,0,0,0,0,0,0,0,0,0,0,0,0
9_5,10.225,-61.475,27,0,0,0,0,0,0,0,0,0,0,0,0,0,0,0,0,0
9_5,10.225,-61.475,28,0,0,0,0,0,0,0,0,0,0,0,0,0,0,0,0,0
9_5,10.225,-61.475,29,0,0,0,0,0,0,0,0,0,0,0,0,0,0,0,0,0
9_5,10.225,-61.475,30,1,0,0,0,0,0,0,0,0,0,0,0,0,0,0,0,0
9_5,10.225,-61.475,31,0,0,0,0,0,0,0,0,0,0,0,0,0,0,0,0,0
9_5,10.225,-61.475,32,0,0,0,0,0,0,0,0,0,0,0,0,0,0,0,0,0
9_5,10.225,-61.475,33,0,0,0,0,0,0,0,0,0,0,0,0,0,0,0,0,0
9_5,10.225,-61.475,34,0,0,0,0,0,0,0,0,0,0,0,0,0,0,0,0,0
9_5,10.225,-61.475,35,0,0,0,0,0,0,0,0,0,0,0,0,0,0,0,0,0
9_5,10.225,-61.475,36,0,0,0,0,0,0,0,0,0,0,0,0,0,0,0,0,0
9_5,10.225,-61.475,37,0,0,0,0,0,0,0,0,0,0,0,0,0,0,0,0,0
9_5,10.225,-61.475,38,0,1,0,0,0,0,0,0,0,0,0,0,0,0,0,0,0
9_5,10.225,-61.475,39,0,0,1,0,0,0,0,0,0,0,0,0,0,0,0,0,0
9_5,10.225,-61.475,40,0,0,0,1,0,0,0,0,0,0,0,0,0,0,0,0,0
9_5,10.225,-61.475,41,0,0,0,0,1,0,0,0,0,0,0,0,0,0,0,0,0
9_5,10.225,-61.475,42,0,0,0,0,0,1,0,0,0,0,0,0,0,0,0,0,0
9_5,10.225,-61.475,43,1,0,0,0,0,0,1,0,0,0,0,0,0,0,0,0,0
9_5,10.225,-61.475,44,1,0,0,0,0,0,0,1,0,0,0,0,0,0,0,0,0
9_5,10.225,-61.475,45,0,0,0,0,0,0,0,0,1,0,0,0,0,0,0,0,0
9_5,10.225,-61.475,46,0,0,0,0,0,0,0,0,0,0,0,0,0,0,0,0,0
9_5,10.225,-61.475,47,0,0,0,0,0,0,0,0,0,0,0,0,0,0,0,0,0
9_5,10.225,-61.475,48,0,0,0,0,0,0,0,0,0,0,0,0,0,0,0,0,0
9_5,10.225,-61.475,49,0,0,0,0,0,0,0,0,0,0,0,0,0,0,0,0,0
9_5,10.225,-61.475,50,0,0,0,0,0,0,0,0,0,0,0,0,0,0,0,0,0
9_5,10.225,-61.475,51,2,0,0,0,0,0,0,0,0,0,0,0,0,0,0,0,0
9_5,10.225,-61.475,52,0,0,0,0,0,0,0,0,0,0,0,0,0,0,0,0,0
9_6,10.275,-61.475,0,0,0,,,,,,,,0,,,,,,,
9_6,10.275,-61.475,1,0,0,0,,,,,,,0,0,,,,,,
9_6,10.275,-61.475,2,0,0,0,0,,,,,,0,0,0,,,,,
9_6,10.275,-61.475,3,1,0,0,0,0,,,,,0,0,0,0,,,,
9_6,10.275,-61.475,4,0,0,0,0,0,0,,,,0,0,0,0,0,,,
9_6,10.275,-61.475,5,1,0,0,0,0,0,0,,,0,0,0,0,0,0,,
9_6,10.275,-61.475,6,0,0,0,0,0,0,0,0,,0,0,0,0,0,0,0,
9_6,10.275,-61.475,7,0,0,0,0,0,0,0,0,0,0,0,0,0,0,0,0,0
9_6,10.275,-61.475,8,0,0,0,0,0,0,0,0,0,0,0,0,0,0,0,0,0
9_6,10.275,-61.475,9,0,0,0,0,0,0,0,0,0,0,0,0,0,0,0,0,0
9_6,10.275,-61.475,10,0,0,0,0,0,0,0,0,0,0,0,0,0,0,0,0,0
9_6,10.275,-61.475,11,0,0,0,0,0,0,0,0,0,0,0,0,0,0,0,0,0
9_6,10.275,-61.475,12,0,0,0,0,0,0,0,0,0,0,0,0,0,0,0,0,0
9_6,10.275,-61.475,13,2,0,0,0,0,0,0,0,0,0,0,0,0,0,0,0,0
9_6,10.275,-61.475,14,2,0,0,0,0,0,0,0,0,0,0,0,0,0,0,0,0
9_6,10.275,-61.475,15,1,0,0,0,0,0,0,0,0,0,0,0,0,0,0,0,0
9_6,10.275,-61.475,16,1,0,0,0,0,0,0,0,0,0,0,0,0,0,0,0,0
9_6,10.275,-61.475,17,0,0,0,0,0,0,0,0,0,0,0,0,0,0,0,0,0
9_6,10.275,-61.475,18,1,0,0,0,0,0,0,0,0,0,0,0,0,0,0,0,0
9_6,10.275,-61.475,19,0,0,0,0,0,0,0,0,0,0,0,0,0,0,0,0,0
9_6,10.275,-61.475,20,1,0,0,0,0,0,0,0,0,0,0,0,0,0,0,0,0
9_6,10.275,-61.475,21,0,0,0,0,0,0,0,0,0,0,0,0,0,0,0,0,0
9_6,10.275,-61.475,22,0,0,0,0,0,0,0,0,0,0,0,0,0,0,0,0,0
9_6,10.275,-61.475,23,0,0,0,0,0,0,0,0,0,0,0,0,0,0,0,0,0
9_6,10.275,-61.475,24,0,0,0,0,0,0,0,0,0,0,0,0,0,0,0,0,0
9_6,10.275,-61.475,25,1,0,0,0,0,0,0,0,0,0,0,0,0,0,0,0,0
9_6,10.275,-61.475,26,0,0,0,0,0,0,0,0,0,0,0,0,0,0,0,0,0
9_6,10.275,-61.475,27,0,0,0,0,0,0,0,0,0,0,0,0,0,0,0,0,0
9_6,10.275,-61.475,28,0,0,0,0,0,0,0,0,0,0,0,0,0,0,0,0,0
9_6,10.275,-61.475,29,1,0,0,0,0,0,0,0,0,0,0,0,0,0,0,0,0
9_6,10.275,-61.475,30,0,0,0,0,0,0,0,0,0,0,0,0,0,0,0,0,0
9_6,10.275,-61.475,31,0,0,0,0,0,0,0,0,0,0,0,0,0,0,0,0,0
9_6,10.275,-61.475,32,0,0,0,0,0,0,0,0,0,0,0,0,0,0,0,0,0
9_6,10.275,-61.475,33,2,0,0,0,0,0,0,0,0,0.1937704135194909,0,0,0,0,0,0,0
9_6,10.275,-61.475,34,0,0,0,0,0,0,0,0,0,0,0.1937704135194909,0,0,0,0,0,0
9_6,10.275,-61.475,35,0,0,0,0,0,0,0,0,0,0,0,0.1937704135194909,0,0,0,0,0
9_6,10.275,-61.475,36,0,0,0,0,0,0,0,0,0,0,0,0,0.1937704135194909,0,0,0,0
9_6,10.275,-61.475,37,0,0,0,0,0,0,0,0,0,0,0,0,0,0.1937704135194909,0,0,0
9_6,10.275,-61.475,38,0,0,0,0,0,0,0,0,0,0.24128791332256988,0,0,0,0,0.1937704135194909,0,0
9_6,10.275,-61.475,39,1,0,0,0,0,0,0,0,0,0,0.24128791332256988,0,0,0,0,0.1937704135194909,0
9_6,10.275,-61.475,40,1,0,0,0,0,0,0,0,0,0,0,0.24128791332256988,0,0,0,0,0.1937704135194909
9_6,10.275,-61.475,41,0,0,0,0,0,0,0,0,0,0,0,0,0.24128791332256988,0,0,0,0
9_6,10.275,-61.475,42,0,0,0,0,0,0,0,0,0,0,0,0,0,0.24128791332256988,0,0,0
9_6,10.275,-61.475,43,0,0,0,0,0,0,0,0,0,0,0,0,0,0,0.24128791332256988,0,0
9_6,10.275,-61.475,44,0,0,0,0,0,0,0,0,0,0,0,0,0,0,0,0.24128791332256988,0
9_6,10.275,-61.475,45,1,0,0,0,0,0,0,0,0,0,0,0,0,0,0,0,0.24128791332256988
9_6,10.275,-61.475,46,0,0,0,0,0,0,0,0,0,0,0,0,0,0,0,0,0
9_6,10.275,-61.475,47,1,0,0,0,0,0,0,0,0,0,0,0,0,0,0,0,0
9_6,10.275,-61.475,48,1,0,0,0,0,0,0,0,0,0,0,0,0,0,0,0,0
9_6,10.275,-61.475,49,1,0,0,0,0,0,0,0,0,0,0,0,0,0,0,0,0
9_6,10.275,-61.475,50,0,0,0,0,0,0,0,0,0,0,0,0,0,0,0,0,0
9_6,10.275,-61.475,51,0,0,0,0,0,0,0,0,0,0,0,0,0,0,0,0,0
9_6,10.275,-61.475,52,0,0,0,0,0,0,0,0,0,0,0,0,0,0,0,0,0
9_7,10.325,-61.475,0,0,0,,,,,,,,0,,,,,,,
9_7,10.325,-61.475,1,0,0,0,,,,,,,0,0,,,,,,
9_7,10.325,-61.475,2,0,0,0,0,,,,,,0,0,0,,,,,
9_7,10.325,-61.475,3,0,0,0,0,0,,,,,0,0,0,0,,,,
9_7,10.325,-61.475,4,0,0,0,0,0,0,,,,0,0,0,0,0,,,
9_7,10.325,-61.475,5,0,0,0,0,0,0,0,,,0,0,0,0,0,0,,
9_7,10.325,-61.475,6,0,0,0,0,0,0,0,0,,0,0,0,0,0,0,0,
9_7,10.325,-61.475,7,0,0,0,0,0,0,0,0,0,0,0,0,0,0,0,0,0
9_7,10.325,-61.475,8,0,0,0,0,0,0,0,0,0,0,0,0,0,0,0,0,0
9_7,10.325,-61.475,9,0,0,0,0,0,0,0,0,0,0,0,0,0,0,0,0,0
9_7,10.325,-61.475,10,0,0,0,0,0,0,0,0,0,0,0,0,0,0,0,0,0
9_7,10.325,-61.475,11,0,0,0,0,0,0,0,0,0,0,0,0,0,0,0,0,0
9_7,10.325,-61.475,12,0,0,0,0,0,0,0,0,0,0,0,0,0,0,0,0,0
9_7,10.325,-61.475,13,1,0,0,0,0,0,0,0,0,0,0,0,0,0,0,0,0
9_7,10.325,-61.475,14,0,0,0,0,0,0,0,0,0,0,0,0,0,0,0,0,0
9_7,10.325,-61.475,15,0,0,0,0,0,0,0,0,0,0,0,0,0,0,0,0,0
9_7,10.325,-61.475,16,0,0,0,0,0,0,0,0,0,0,0,0,0,0,0,0,0
9_7,10.325,-61.475,17,0,0,0,0,0,0,0,0,0,0,0,0,0,0,0,0,0
9_7,10.325,-61.475,18,1,0,0,0,0,0,0,0,0,0,0,0,0,0,0,0,0
9_7,10.325,-61.475,19,0,0,0,0,0,0,0,0,0,0,0,0,0,0,0,0,0
9_7,10.325,-61.475,20,1,0,0,0,0,0,0,0,0,0,0,0,0,0,0,0,0
9_7,10.325,-61.475,21,0,0,0,0,0,0,0,0,0,0,0,0,0,0,0,0,0
9_7,10.325,-61.475,22,0,0,0,0,0,0,0,0,0,0,0,0,0,0,0,0,0
9_7,10.325,-61.475,23,0,0,0,0,0,0,0,0,0,0,0,0,0,0,0,0,0
9_7,10.325,-61.475,24,0,0,0,0,0,0,0,0,0,0,0,0,0,0,0,0,0
9_7,10.325,-61.475,25,0,0,0,0,0,0,0,0,0,0,0,0,0,0,0,0,0
9_7,10.325,-61.475,26,0,0,0,0,0,0,0,0,0,0,0,0,0,0,0,0,0
9_7,10.325,-61.475,27,0,0,0,0,0,0,0,0,0,0,0,0,0,0,0,0,0
9_7,10.325,-61.475,28,0,0,0,0,0,0,0,0,0,0,0,0,0,0,0,0,0
9_7,10.325,-61.475,29,0,0,0,0,0,0,0,0,0,0,0,0,0,0,0,0,0
9_7,10.325,-61.475,30,1,0,0,0,0,0,0,0,0,0,0,0,0,0,0,0,0
9_7,10.325,-61.475,31,0,1,0,0,0,0,0,0,0,0,0,0,0,0,0,0,0
9_7,10.325,-61.475,32,0,0,1,0,0,0,0,0,0,0,0,0,0,0,0,0,0
9_7,10.325,-61.475,33,0,0,0,1,0,0,0,0,0,0,0,0,0,0,0,0,0
9_7,10.325,-61.475,34,0,0,0,0,1,0,0,0,0,0,0,0,0,0,0,0,0
9_7,10.325,-61.475,35,0,0,0,0,0,1,0,0,0,0,0,0,0,0,0,0,0
9_7,10.325,-61.475,36,0,0,0,0,0,0,1,0,0,0,0,0,0,0,0,0,0
9_7,10.325,-61.475,37,0,0,0,0,0,0,0,1,0,0,0,0,0,0,0,0,0
9_7,10.325,-61.475,38,0,1,0,0,0,0,0,0,1,0,0,0,0,0,0,0,0
9_7,10.325,-61.475,39,0,0,1,0,0,0,0,0,0,0,0,0,0,0,0,0,0
9_7,10.325,-61.475,40,0,0,0,1,0,0,0,0,0,0,0,0,0,0,0,0,0
9_7,10.325,-61.475,41,0,0,0,0,1,0,0,0,0,0,0,0,0,0,0,0,0
9_7,10.325,-61.475,42,0,0,0,0,0,1,0,0,0,0,0,0,0,0,0,0,0
9_7,10.325,-61.475,43,0,0,0,0,0,0,1,0,0,0,0,0,0,0,0,0,0
9_7,10.325,-61.475,44,0,0,0,0,0,0,0,1,0,0,0,0,0,0,0,0,0
9_7,10.325,-61.475,45,0,0,0,0,0,0,0,0,1,0,0,0,0,0,0,0,0
9_7,10.325,-61.475,46,0,0,0,0,0,0,0,0,0,0,0,0,0,0,0,0,0
9_7,10.325,-61.475,47,0,0,0,0,0,0,0,0,0,0,0,0,0,0,0,0,0
9_7,10.325,-61.475,48,0,0,0,0,0,0,0,0,0,0,0,0,0,0,0,0,0
9_7,10.325,-61.475,49,0,0,0,0,0,0,0,0,0,0,0,0,0,0,0,0,0
9_7,10.325,-61.475,50,1,0,0,0,0,0,0,0,0,0,0,0,0,0,0,0,0
9_7,10.325,-61.475,51,0,0,0,0,0,0,0,0,0,0,0,0,0,0,0,0,0
9_7,10.325,-61.475,52,1,0,0,0,0,0,0,0,0,0,0,0,0,0,0,0,0
9_8,10.375,-61.475,0,0,0,,,,,,,,0,,,,,,,
9_8,10.375,-61.475,1,0,0,0,,,,,,,0,0,,,,,,
9_8,10.375,-61.475,2,0,0,0,0,,,,,,0,0,0,,,,,
9_8,10.375,-61.475,3,2,0,0,0,0,,,,,0,0,0,0,,,,
9_8,10.375,-61.475,4,1,0,0,0,0,0,,,,0,0,0,0,0,,,
9_8,10.375,-61.475,5,0,0,0,0,0,0,0,,,0,0,0,0,0,0,,
9_8,10.375,-61.475,6,0,0,0,0,0,0,0,0,,0,0,0,0,0,0,0,
9_8,10.375,-61.475,7,0,0,0,0,0,0,0,0,0,0,0,0,0,0,0,0,0
9_8,10.375,-61.475,8,0,0,0,0,0,0,0,0,0,0,0,0,0,0,0,0,0
9_8,10.375,-61.475,9,0,1,0,0,0,0,0,0,0,0,0,0,0,0,0,0,0
9_8,10.375,-61.475,10,0,0,1,0,0,0,0,0,0,0,0,0,0,0,0,0,0
9_8,10.375,-61.475,11,0,0,0,1,0,0,0,0,0,0,0,0,0,0,0,0,0
9_8,10.375,-61.475,12,0,0,0,0,1,0,0,0,0,0,0,0,0,0,0,0,0
9_8,10.375,-61.475,13,0,0,0,0,0,1,0,0,0,0,0,0,0,0,0,0,0
9_8,10.375,-61.475,14,0,0,0,0,0,0,1,0,0,0,0,0,0,0,0,0,0
9_8,10.375,-61.475,15,0,0,0,0,0,0,0,1,0,0,0,0,0,0,0,0,0
9_8,10.375,-61.475,16,0,0,0,0,0,0,0,0,1,0,0,0,0,0,0,0,0
9_8,10.375,-61.475,17,0,0,0,0,0,0,0,0,0,0,0,0,0,0,0,0,0
9_8,10.375,-61.475,18,0,0,0,0,0,0,0,0,0,0,0,0,0,0,0,0,0
9_8,10.375,-61.475,19,0,0,0,0,0,0,0,0,0,0,0,0,0,0,0,0,0
9_8,10.375,-61.475,20,0,0,0,0,0,0,0,0,0,0,0,0,0,0,0,0,0
9_8,10.375,-61.475,21,0,0,0,0,0,0,0,0,0,0,0,0,0,0,0,0,0
9_8,10.375,-61.475,22,0,0,0,0,0,0,0,0,0,0,0,0,0,0,0,0,0
9_8,10.375,-61.475,23,0,0,0,0,0,0,0,0,0,0,0,0,0,0,0,0,0
9_8,10.375,-61.475,24,1,0,0,0,0,0,0,0,0,0,0,0,0,0,0,0,0
9_8,10.375,-61.475,25,0,0,0,0,0,0,0,0,0,0,0,0,0,0,0,0,0
9_8,10.375,-61.475,26,0,0,0,0,0,0,0,0,0,0,0,0,0,0,0,0,0
9_8,10.375,-61.475,27,0,0,0,0,0,0,0,0,0,0,0,0,0,0,0,0,0
9_8,10.375,-61.475,28,0,0,0,0,0,0,0,0,0,0,0,0,0,0,0,0,0
9_8,10.375,-61.475,29,0,0,0,0,0,0,0,0,0,0,0,0,0,0,0,0,0
9_8,10.375,-61.475,30,0,0,0,0,0,0,0,0,0,0,0,0,0,0,0,0,0
9_8,10.375,-61.475,31,0,0,0,0,0,0,0,0,0,0.20130027750559112,0,0,0,0,0,0,0
9_8,10.375,-61.475,32,0,0,0,0,0,0,0,0,0,0,0.20130027750559112,0,0,0,0,0,0
9_8,10.375,-61.475,33,1,0,0,0,0,0,0,0,0,0,0,0.20130027750559112,0,0,0,0,0
9_8,10.375,-61.475,34,0,0,0,0,0,0,0,0,0,0,0,0,0.20130027750559112,0,0,0,0
9_8,10.375,-61.475,35,0,0,0,0,0,0,0,0,0,0,0,0,0,0.20130027750559112,0,0,0
9_8,10.375,-61.475,36,0,0,0,0,0,0,0,0,0,0,0,0,0,0,0.20130027750559112,0,0
9_8,10.375,-61.475,37,0,0,0,0,0,0,0,0,0,0,0,0,0,0,0,0.20130027750559112,0
9_8,10.375,-61.475,38,0,0,0,0,0,0,0,0,0,0.5081440575327131,0,0,0,0,0,0,0.20130027750559112
9_8,10.375,-61.475,39,0,0,0,0,0,0,0,0,0,0,0.5081440575327131,0,0,0,0,0,0
9_8,10.375,-61.475,40,1,0,0,0,0,0,0,0,0,0,0,0.5081440575327131,0,0,0,0,0
9_8,10.375,-61.475,41,0,0,0,0,0,0,0,0,0,0,0,0,0.5081440575327131,0,0,0,0
9_8,10.375,-61.475,42,0,0,0,0,0,0,0,0,0,0,0,0,0,0.5081440575327131,0,0,0
9_8,10.375,-61.475,43,0,0,0,0,0,0,0,0,0,0,0,0,0,0,0.5081440575327131,0,0
9_8,10.375,-61.475,44,0,0,0,0,0,0,0,0,0,0,0,0,0,0,0,0.5081440575327131,0
9_8,10.375,-61.475,45,0,0,0,0,0,0,0,0,0,0,0,0,0,0,0,0,0.5081440575327131
9_8,10.375,-61.475,46,1,0,0,0,0,0,0,0,0,0,0,0,0,0,0,0,0
9_8,10.375,-61.475,47,0,0,0,0,0,0,0,0,0,0,0,0,0,0,0,0,0
9_8,10.375,-61.475,48,1,0,0,0,0,0,0,0,0,0,0,0,0,0,0,0,0
9_8,10.375,-61.475,49,0,0,0,0,0,0,0,0,0,0,0,0,0,0,0,0,0
9_8,10.375,-61.475,50,0,0,0,0,0,0,0,0,0,0,0,0,0,0,0,0,0
9_8,10.375,-61.475,51,0,0,0,0,0,0,0,0,0,0,0,0,0,0,0,0,0
9_8,10.375,-61.475,52,0,0,0,0,0,0,0,0,0,0,0,0,0,0,0,0,0
9_9,10.425,-61.475,0,0,0,,,,,,,,0,,,,,,,
9_9,10.425,-61.475,1,0,0,0,,,,,,,0,0,,,,,,
9_9,10.425,-61.475,2,0,0,0,0,,,,,,0,0,0,,,,,
9_9,10.425,-61.475,3,0,0,0,0,0,,,,,0,0,0,0,,,,
9_9,10.425,-61.475,4,0,0,0,0,0,0,,,,0,0,0,0,0,,,
9_9,10.425,-61.475,5,0,0,0,0,0,0,0,,,0,0,0,0,0,0,,
9_9,10.425,-61.475,6,1,0,0,0,0,0,0,0,,0,0,0,0,0,0,0,
9_9,10.425,-61.475,7,0,0,0,0,0,0,0,0,0,0,0,0,0,0,0,0,0
9_9,10.425,-61.475,8,0,0,0,0,0,0,0,0,0,0,0,0,0,0,0,0,0
9_9,10.425,-61.475,9,0,0,0,0,0,0,0,0,0,0.29283398382587306,0,0,0,0,0,0,0
9_9,10.425,-61.475,10,0,0,0,0,0,0,0,0,0,0,0.29283398382587306,0,0,0,0,0,0
9_9,10.425,-61.475,11,0,0,0,0,0,0,0,0,0,0,0,0.29283398382587306,0,0,0,0,0
9_9,10.425,-61.475,12,0,0,0,0,0,0,0,0,0,0,0,0,0.29283398382587306,0,0,0,0
9_9,10.425,-61.475,13,0,0,0,0,0,0,0,0,0,0,0,0,0,0.29283398382587306,0,0,0
9_9,10.425,-61.475,14,0,0,0,0,0,0,0,0,0,0,0,0,0,0,0.29283398382587306,0,0
9_9,10.425,-61.475,15,0,0,0,0,0,0,0,0,0,0,0,0,0,0,0,0.29283398382587306,0
9_9,10.425,-61.475,16,0,0,0,0,0,0,0,0,0,0,0,0,0,0,0,0,0.29283398382587306
9_9,10.425,-61.475,17,0,0,0,0,0,0,0,0,0,0,0,0,0,0,0,0,0
9_9,10.425,-61.475,18,1,0,0,0,0,0,0,0,0,0,0,0,0,0,0,0,0
9_9,10.425,-61.475,19,0,0,0,0,0,0,0,0,0,0,0,0,0,0,0,0,0
9_9,10.425,-61.475,20,1,0,0,0,0,0,0,0,0,0,0,0,0,0,0,0,0
9_9,10.425,-61.475,21,0,0,0,0,0,0,0,0,0,0,0,0,0,0,0,0,0
9_9,10.425,-61.475,22,0,0,0,0,0,0,0,0,0,0,0,0,0,0,0,0,0
9_9,10.425,-61.475,23,0,0,0,0,0,0,0,0,0,0,0,0,0,0,0,0,0
9_9,10.425,-61.475,24,0,0,0,0,0,0,0,0,0,0,0,0,0,0,0,0,0
9_9,10.425,-61.475,25,1,0,0,0,0,0,0,0,0,0,0,0,0,0,0,0,0
9_9,10.425,-61.475,26,0,0,0,0,0,0,0,0,0,0,0,0,0,0,0,0,0
9_9,10.425,-61.475,27,1,0,0,0,0,0,0,0,0,0,0,0,0,0,0,0,0
9_9,10.425,-61.475,28,0,0,0,0,0,0,0,0,0,0,0,0,0,0,0,0,0
9_9,10.425,-61.475,29,1,0,0,0,0,0,0,0,0,0,0,0,0,0,0,0,0
9_9,10.425,-61.475,30,0,0,0,0,0,0,0,0,0,0,0,0,0,0,0,0,0
9_9,10.425,-61.475,31,0,0,0,0,0,0,0,0,0,0.21294156209324916,0,0,0,0,0,0,0
9_9,10.425,-61.475,32,0,0,0,0,0,0,0,0,0,0,0.21294156209324916,0,0,0,0,0,0
9_9,10.425,-61.475,33,0,0,0,0,0,0,0,0,0,0,0,0.21294156209324916,0,0,0,0,0
9_9,10.425,-61.475,34,0,0,0,0,0,0,0,0,0,0,0,0,0.21294156209324916,0,0,0,0
9_9,10.425,-61.475,35,0,0,0,0,0,0,0,0,0,0,0,0,0,0.21294156209324916,0,0,0
9_9,10.425,-61.475,36,0,0,0,0,0,0,0,0,0,0,0,0,0,0,0.21294156209324916,0,0
9_9,10.425,-61.475,37,0,0,0,0,0,0,0,0,0,0,0,0,0,0,0,0.21294156209324916,0
9_9,10.425,-61.475,38,0,1,0,0,0,0,0,0,0,0,0,0,0,0,0,0,0.21294156209324916
9_9,10.425,-61.475,39,0,0,1,0,0,0,0,0,0,0,0,0,0,0,0,0,0
9_9,10.425,-61.475,40,0,0,0,1,0,0,0,0,0,0,0,0,0,0,0,0,0
9_9,10.425,-61.475,41,0,0,0,0,1,0,0,0,0,0,0,0,0,0,0,0,0
9_9,10.425,-61.475,42,0,0,0,0,0,1,0,0,0,0,0,0,0,0,0,0,0
9_9,10.425,-61.475,43,1,0,0,0,0,0,1,0,0,0,0,0,0,0,0,0,0
9_9,10.425,-61.475,44,1,0,0,0,0,0,0,1,0,0,0,0,0,0,0,0,0
9_9,10.425,-61.475,45,0,0,0,0,0,0,0,0,1,0,0,0,0,0,0,0,0
9_9,10.425,-61.475,46,0,0,0,0,0,0,0,0,0,0,0,0,0,0,0,0,0
9_9,10.425,-61.475,47,0,0,0,0,0,0,0,0,0,0,0,0,0,0,0,0,0
9_9,10.425,-61.475,48,0,0,0,0,0,0,0,0,0,0,0,0,0,0,0,0,0
9_9,10.425,-61.475,49,0,0,0,0,0,0,0,0,0,0,0,0,0,0,0,0,0
9_9,10.425,-61.475,50,0,0,0,0,0,0,0,0,0,0,0,0,0,0,0,0,0
9_9,10.425,-61.475,51,0,0,0,0,0,0,0,0,0,0,0,0,0,0,0,0,0
9_9,10.425,-61.475,52,0,0,0,0,0,0,0,0,0,0,0,0,0,0,0,0,0
9_10,10.475,-61.475,0,0,0,,,,,,,,0,,,,,,,
9_10,10.475,-61.475,1,0,0,0,,,,,,,0,0,,,,,,
9_10,10.475,-61.475,2,0,0,0,0,,,,,,0,0,0,,,,,
9_10,10.475,-61.475,3,0,0,0,0,0,,,,,0,0,0,0,,,,
9_10,10.475,-61.475,4,1,0,0,0,0,0,,,,0,0,0,0,0,,,
9_10,10.475,-61.475,5,0,0,0,0,0,0,0,,,0,0,0,0,0,0,,
9_10,10.475,-61.475,6,0,0,0,0,0,0,0,0,,0,0,0,0,0,0,0,
9_10,10.475,-61.475,7,0,0,0,0,0,0,0,0,0,0,0,0,0,0,0,0,0
9_10,10.475,-61.475,8,0,0,0,0,0,0,0,0,0,0,0,0,0,0,0,0,0
9_10,10.475,-61.475,9,0,0,0,0,0,0,0,0,0,0,0,0,0,0,0,0,0
9_10,10.475,-61.475,10,0,0,0,0,0,0,0,0,0,0,0,0,0,0,0,0,0
9_10,10.475,-61.475,11,0,0,0,0,0,0,0,0,0,0,0,0,0,0,0,0,0
9_10,10.475,-61.475,12,0,0,0,0,0,0,0,0,0,0,0,0,0,0,0,0,0
9_10,10.475,-61.475,13,0,0,0,0,0,0,0,0,0,0,0,0,0,0,0,0,0
9_10,10.475,-61.475,14,0,0,0,0,0,0,0,0,0,0,0,0,0,0,0,0,0
9_10,10.475,-61.475,15,0,0,0,0,0,0,0,0,0,0,0,0,0,0,0,0,0
9_10,10.475,-61.475,16,0,0,0,0,0,0,0,0,0,0,0,0,0,0,0,0,0
9_10,10.475,-61.475,17,0,0,0,0,0,0,0,0,0,0,0,0,0,0,0,0,0
9_10,10.475,-61.475,18,0,0,0,0,0,0,0,0,0,0,0,0,0,0,0,0,0
9_10,10.475,-61.475,19,0,0,0,0,0,0,0,0,0,0,0,0,0,0,0,0,0
9_10,10.475,-61.475,20,0,0,0,0,0,0,0,0,0,0,0,0,0,0,0,0,0
9_10,10.475,-61.475,21,0,0,0,0,0,0,0,0,0,0,0,0,0,0,0,0,0
9_10,10.475,-61.475,22,0,0,0,0,0,0,0,0,0,0,0,0,0,0,0,0,0
9_10,10.475,-61.475,23,0,0,0,0,0,0,0,0,0,0,0,0,0,0,0,0,0
9_10,10.475,-61.475,24,0,0,0,0,0,0,0,0,0,0,0,0,0,0,0,0,0
9_10,10.475,-61.475,25,0,0,0,0,0,0,0,0,0,0,0,0,0,0,0,0,0
9_10,10.475,-61.475,26,0,0,0,0,0,0,0,0,0,0,0,0,0,0,0,0,0
9_10,10.475,-61.475,27,0,0,0,0,0,0,0,0,0,0,0,0,0,0,0,0,0
9_10,10.475,-61.475,28,0,0,0,0,0,0,0,0,0,0,0,0,0,0,0,0,0
9_10,10.475,-61.475,29,0,0,0,0,0,0,0,0,0,0,0,0,0,0,0,0,0
9_10,10.475,-61.475,30,0,0,0,0,0,0,0,0,0,0,0,0,0,0,0,0,0
9_10,10.475,-61.475,31,1,0,0,0,0,0,0,0,0,0.19471872160183146,0,0,0,0,0,0,0
9_10,10.475,-61.475,32,1,0,0,0,0,0,0,0,0,0,0.19471872160183146,0,0,0,0,0,0
9_10,10.475,-61.475,33,0,0,0,0,0,0,0,0,0,0,0,0.19471872160183146,0,0,0,0,0
9_10,10.475,-61.475,34,0,0,0,0,0,0,0,0,0,0,0,0,0.19471872160183146,0,0,0,0
9_10,10.475,-61.475,35,0,0,0,0,0,0,0,0,0,0,0,0,0,0.19471872160183146,0,0,0
9_10,10.475,-61.475,36,0,0,0,0,0,0,0,0,0,0,0,0,0,0,0.19471872160183146,0,0
9_10,10.475,-61.475,37,0,0,0,0,0,0,0,0,0,0,0,0,0,0,0,0.19471872160183146,0
9_10,10.475,-61.475,38,0,0,0,0,0,0,0,0,0,0,0,0,0,0,0,0,0.19471872160183146
9_10,10.475,-61.475,39,0,0,0,0,0,0,0,0,0,0,0,0,0,0,0,0,0
9_10,10.475,-61.475,40,0,0,0,0,0,0,0,0,0,0,0,0,0,0,0,0,0
9_10,10.475,-61.475,41,0,0,0,0,0,0,0,0,0,0,0,0,0,0,0,0,0
9_10,10.475,-61.475,42,0,0,0,0,0,0,0,0,0,0,0,0,0,0,0,0,0
9_10,10.475,-61.475,43,0,0,0,0,0,0,0,0,0,0,0,0,0,0,0,0,0
9_10,10.475,-61.475,44,0,0,0,0,0,0,0,0,0,0,0,0,0,0,0,0,0
9_10,10.475,-61.475,45,0,0,0,0,0,0,0,0,0,0,0,0,0,0,0,0,0
9_10,10.475,-61.475,46,2,0,0,0,0,0,0,0,0,0,0,0,0,0,0,0,0
9_10,10.475,-61.475,47,0,0,0,0,0,0,0,0,0,0,0,0,0,0,0,0,0
9_10,10.475,-61.475,48,1,0,0,0,0,0,0,0,0,0,0,0,0,0,0,0,0
9_10,10.475,-61.475,49,0,0,0,0,0,0,0,0,0,0,0,0,0,0,0,0,0
9_10,10.475,-61.475,50,0,0,0,0,0,0,0,0,0,0,0,0,0,0,0,0,0
9_10,10.475,-61.475,51,0,0,0,0,0,0,0,0,0,0,0,0,0,0,0,0,0
9_10,10.475,-61.475,52,0,0,0,0,0,0,0,0,0,0,0,0,0,0,0,0,0
9_11,10.525,-61.475,0,0,0,,,,,,,,0,,,,,,,
9_11,10.525,-61.475,1,0,0,0,,,,,,,0,0,,,,,,
9_11,10.525,-61.475,2,0,0,0,0,,,,,,0,0,0,,,,,
9_11,10.525,-61.475,3,0,0,0,0,0,,,,,0,0,0,0,,,,
9_11,10.525,-61.475,4,0,0,0,0,0,0,,,,0,0,0,0,0,,,
9_11,10.525,-61.475,5,0,0,0,0,0,0,0,,,0,0,0,0,0,0,,
9_11,10.525,-61.475,6,0,0,0,0,0,0,0,0,,0,0,0,0,0,0,0,
9_11,10.525,-61.475,7,0,0,0,0,0,0,0,0,0,0,0,0,0,0,0,0,0
9_11,10.525,-61.475,8,0,0,0,0,0,0,0,0,0,0,0,0,0,0,0,0,0
9_11,10.525,-61.475,9,0,0,0,0,0,0,0,0,0,0,0,0,0,0,0,0,0
9_11,10.525,-61.475,10,0,0,0,0,0,0,0,0,0,0,0,0,0,0,0,0,0
9_11,10.525,-61.475,11,0,0,0,0,0,0,0,0,0,0,0,0,0,0,0,0,0
9_11,10.525,-61.475,12,0,0,0,0,0,0,0,0,0,0,0,0,0,0,0,0,0
9_11,10.525,-61.475,13,0,0,0,0,0,0,0,0,0,0,0,0,0,0,0,0,0
9_11,10.525,-61.475,14,0,0,0,0,0,0,0,0,0,0,0,0,0,0,0,0,0
9_11,10.525,-61.475,15,0,0,0,0,0,0,0,0,0,0,0,0,0,0,0,0,0
9_11,10.525,-61.475,16,0,0,0,0,0,0,0,0,0,0,0,0,0,0,0,0,0
9_11,10.525,-61.475,17,0,0,0,0,0,0,0,0,0,0,0,0,0,0,0,0,0
9_11,10.525,-61.475,18,0,0,0,0,0,0,0,0,0,0,0,0,0,0,0,0,0
9_11,10.525,-61.475,19,0,0,0,0,0,0,0,0,0,0,0,0,0,0,0,0,0
9_11,10.525,-61.475,20,0,0,0,0,0,0,0,0,0,0,0,0,0,0,0,0,0
9_11,10.525,-61.475,21,0,0,0,0,0,0,0,0,0,0,0,0,0,0,0,0,0
9_11,10.525,-61.475,22,0,0,0,0,0,0,0,0,0,0,0,0,0,0,0,0,0
9_11,10.525,-61.475,23,0,0,0,0,0,0,0,0,0,0,0,0,0,0,0,0,0
9_11,10.525,-61.475,24,0,0,0,0,0,0,0,0,0,0,0,0,0,0,0,0,0
9_11,10.525,-61.475,25,0,0,0,0,0,0,0,0,0,0,0,0,0,0,0,0,0
9_11,10.525,-61.475,26,0,0,0,0,0,0,0,0,0,0,0,0,0,0,0,0,0
9_11,10.525,-61.475,27,0,0,0,0,0,0,0,0,0,0,0,0,0,0,0,0,0
9_11,10.525,-61.475,28,0,0,0,0,0,0,0,0,0,0,0,0,0,0,0,0,0
9_11,10.525,-61.475,29,0,0,0,0,0,0,0,0,0,0,0,0,0,0,0,0,0
9_11,10.525,-61.475,30,0,0,0,0,0,0,0,0,0,0,0,0,0,0,0,0,0
9_11,10.525,-61.475,31,0,0,0,0,0,0,0,0,0,0,0,0,0,0,0,0,0
9_11,10.525,-61.475,32,0,0,0,0,0,0,0,0,0,0,0,0,0,0,0,0,0
9_11,10.525,-61.475,33,0,0,0,0,0,0,0,0,0,0,0,0,0,0,0,0,0
9_11,10.525,-61.475,34,0,0,0,0,0,0,0,0,0,0,0,0,0,0,0,0,0
9_11,10.525,-61.475,35,0,0,0,0,0,0,0,0,0,0,0,0,0,0,0,0,0
9_11,10.525,-61.475,36,0,0,0,0,0,0,0,0,0,0,0,0,0,0,0,0,0
9_11,10.525,-61.475,37,0,0,0,0,0,0,0,0,0,0,0,0,0,0,0,0,0
9_11,10.525,-61.475,38,0,0,0,0,0,0,0,0,0,0,0,0,0,0,0,0,0
9_11,10.525,-61.475,39,0,0,0,0,0,0,0,0,0,0,0,0,0,0,0,0,0
9_11,10.525,-61.475,40,0,0,0,0,0,0,0,0,0,0,0,0,0,0,0,0,0
9_11,10.525,-61.475,41,0,0,0,0,0,0,0,0,0,0,0,0,0,0,0,0,0
9_11,10.525,-61.475,42,0,0,0,0,0,0,0,0,0,0,0,0,0,0,0,0,0
9_11,10.525,-61.475,43,0,0,0,0,0,0,0,0,0,0,0,0,0,0,0,0,0
9_11,10.525,-61.475,44,0,0,0,0,0,0,0,0,0,0,0,0,0,0,0,0,0
9_11,10.525,-61.475,45,0,0,0,0,0,0,0,0,0,0,0,0,0,0,0,0,0
9_11,10.525,-61.475,46,0,0,0,0,0,0,0,0,0,0,0,0,0,0,0,0,0
9_11,10.525,-61.475,47,0,0,0,0,0,0,0,0,0,0,0,0,0,0,0,0,0
9_11,10.525,-61.475,48,0,0,0,0,0,0,0,0,0,0,0,0,0,0,0,0,0
9_11,10.525,-61.475,49,0,0,0,0,0,0,0,0,0,0,0,0,0,0,0,0,0
9_11,10.525,-61.475,50,0,0,0,0,0,0,0,0,0,0,0,0,0,0,0,0,0
9_11,10.525,-61.475,51,0,0,0,0,0,0,0,0,0,0,0,0,0,0,0,0,0
9_11,10.525,-61.475,52,0,0,0,0,0,0,0,0,0,0,0,0,0,0,0,0,0
9_12,10.575,-61.475,0,0,0,,,,,,,,0,,,,,,,
9_12,10.575,-61.475,1,0,0,0,,,,,,,0,0,,,,,,
9_12,10.575,-61.475,2,0,0,0,0,,,,,,0,0,0,,,,,
9_12,10.575,-61.475,3,0,0,0,0,0,,,,,0,0,0,0,,,,
9_12,10.575,-61.475,4,0,0,0,0,0,0,,,,0,0,0,0,0,,,
9_12,10.575,-61.475,5,0,0,0,0,0,0,0,,,0,0,0,0,0,0,,
9_12,10.575,-61.475,6,0,0,0,0,0,0,0,0,,0,0,0,0,0,0,0,
9_12,10.575,-61.475,7,0,0,0,0,0,0,0,0,0,0,0,0,0,0,0,0,0
9_12,10.575,-61.475,8,0,0,0,0,0,0,0,0,0,0,0,0,0,0,0,0,0
9_12,10.575,-61.475,9,0,0,0,0,0,0,0,0,0,0,0,0,0,0,0,0,0
9_12,10.575,-61.475,10,0,0,0,0,0,0,0,0,0,0,0,0,0,0,0,0,0
9_12,10.575,-61.475,11,0,0,0,0,0,0,0,0,0,0,0,0,0,0,0,0,0
9_12,10.575,-61.475,12,0,0,0,0,0,0,0,0,0,0,0,0,0,0,0,0,0
9_12,10.575,-61.475,13,0,0,0,0,0,0,0,0,0,0,0,0,0,0,0,0,0
9_12,10.575,-61.475,14,0,0,0,0,0,0,0,0,0,0,0,0,0,0,0,0,0
9_12,10.575,-61.475,15,0,0,0,0,0,0,0,0,0,0,0,0,0,0,0,0,0
9_12,10.575,-61.475,16,0,0,0,0,0,0,0,0,0,0,0,0,0,0,0,0,0
9_12,10.575,-61.475,17,0,0,0,0,0,0,0,0,0,0,0,0,0,0,0,0,0
9_12,10.575,-61.475,18,0,0,0,0,0,0,0,0,0,0,0,0,0,0,0,0,0
9_12,10.575,-61.475,19,0,0,0,0,0,0,0,0,0,0,0,0,0,0,0,0,0
9_12,10.575,-61.475,20,0,0,0,0,0,0,0,0,0,0,0,0,0,0,0,0,0
9_12,10.575,-61.475,21,0,0,0,0,0,0,0,0,0,0,0,0,0,0,0,0,0
9_12,10.575,-61.475,22,0,0,0,0,0,0,0,0,0,0,0,0,0,0,0,0,0
9_12,10.575,-61.475,23,0,0,0,0,0,0,0,0,0,0,0,0,0,0,0,0,0
9_12,10.575,-61.475,24,0,0,0,0,0,0,0,0,0,0,0,0,0,0,0,0,0
9_12,10.575,-61.475,25,0,0,0,0,0,0,0,0,0,0,0,0,0,0,0,0,0
9_12,10.575,-61.475,26,0,0,0,0,0,0,0,0,0,0,0,0,0,0,0,0,0
9_12,10.575,-61.475,27,0,0,0,0,0,0,0,0,0,0,0,0,0,0,0,0,0
9_12,10.575,-61.475,28,0,0,0,0,0,0,0,0,0,0,0,0,0,0,0,0,0
9_12,10.575,-61.475,29,0,0,0,0,0,0,0,0,0,0,0,0,0,0,0,0,0
9_12,10.575,-61.475,30,0,0,0,0,0,0,0,0,0,0,0,0,0,0,0,0,0
9_12,10.575,-61.475,31,0,0,0,0,0,0,0,0,0,0,0,0,0,0,0,0,0
9_12,10.575,-61.475,32,0,0,0,0,0,0,0,0,0,0,0,0,0,0,0,0,0
9_12,10.575,-61.475,33,0,0,0,0,0,0,0,0,0,0,0,0,0,0,0,0,0
9_12,10.575,-61.475,34,0,0,0,0,0,0,0,0,0,0,0,0,0,0,0,0,0
9_12,10.575,-61.475,35,0,0,0,0,0,0,0,0,0,0,0,0,0,0,0,0,0
9_12,10.575,-61.475,36,0,0,0,0,0,0,0,0,0,0,0,0,0,0,0,0,0
9_12,10.575,-61.475,37,0,0,0,0,0,0,0,0,0,0,0,0,0,0,0,0,0
9_12,10.575,-61.475,38,0,0,0,0,0,0,0,0,0,0,0,0,0,0,0,0,0
9_12,10.575,-61.475,39,0,0,0,0,0,0,0,0,0,0,0,0,0,0,0,0,0
9_12,10.575,-61.475,40,0,0,0,0,0,0,0,0,0,0,0,0,0,0,0,0,0
9_12,10.575,-61.475,41,0,0,0,0,0,0,0,0,0,0,0,0,0,0,0,0,0
9_12,10.575,-61.475,42,0,0,0,0,0,0,0,0,0,0,0,0,0,0,0,0,0
9_12,10.575,-61.475,43,0,0,0,0,0,0,0,0,0,0,0,0,0,0,0,0,0
9_12,10.575,-61.475,44,0,0,0,0,0,0,0,0,0,0,0,0,0,0,0,0,0
9_12,10.575,-61.475,45,0,0,0,0,0,0,0,0,0,0,0,0,0,0,0,0,0
9_12,10.575,-61.475,46,0,0,0,0,0,0,0,0,0,0,0,0,0,0,0,0,0
9_12,10.575,-61.475,47,0,0,0,0,0,0,0,0,0,0,0,0,0,0,0,0,0
9_12,10.575,-61.475,48,0,0,0,0,0,0,0,0,0,0,0,0,0,0,0,0,0
9_12,10.575,-61.475,49,0,0,0,0,0,0,0,0,0,0,0,0,0,0,0,0,0
9_12,10.575,-61.475,50,0,0,0,0,0,0,0,0,0,0,0,0,0,0,0,0,0
9_12,10.575,-61.475,51,0,0,0,0,0,0,0,0,0,0,0,0,0,0,0,0,0
9_12,10.575,-61.475,52,0,0,0,0,0,0,0,0,0,0,0,0,0,0,0,0,0
9_13,10.625,-61.475,0,0,0,,,,,,,,0,,,,,,,
9_13,10.625,-61.475,1,0,0,0,,,,,,,0,0,,,,,,
9_13,10.625,-61.475,2,0,0,0,0,,,,,,0.20907142227391928,0,0,,,,,
9_13,10.625,-61.475,3,1,0,0,0,0,,,,,0.17179362122937664,0.20907142227391928,0,0,,,,
9_13,10.625,-61.475,4,0,0,0,0,0,0,,,,0,0.17179362122937664,0.20907142227391928,0,0,,,
9_13,10.625,-61.475,5,0,1,0,0,0,0,0,,,0,0,0.17179362122937664,0.20907142227391928,0,0,,
9_13,10.625,-61.475,6,2,0,1,0,0,0,0,0,,0,0,0,0.17179362122937664,0.20907142227391928,0,0,
9_13,10.625,-61.475,7,0,0,0,1,0,0,0,0,0,0,0,0,0,0.17179362122937664,0.20907142227391928,0,0
9_13,10.625,-61.475,8,0,1,0,0,1,0,0,0,0,0.8374275115872583,0,0,0,0,0.17179362122937664,0.20907142227391928,0
9_13,10.625,-61.475,9,0,0,1,0,0,1,0,0,0,0,0.8374275115872583,0,0,0,0,0.17179362122937664,0.20907142227391928
9_13,10.625,-61.475,10,0,1,0,1,0,0,1,0,0,0.20023088044785728,0,0.8374275115872583,0,0,0,0,0.17179362122937664
9_13,10.625,-61.475,11,0,0,1,0,1,0,0,1,0,0.2001076010124117,0.20023088044785728,0,0.8374275115872583,0,0,0,0
9_13,10.625,-61.475,12,0,0,0,1,0,1,0,0,1,0.20333466153582117,0.2001076010124117,0.20023088044785728,0,0.8374275115872583,0,0,0
9_13,10.625,-61.475,13,0,0,0,0,1,0,1,0,0,0,0.20333466153582117,0.2001076010124117,0.20023088044785728,0,0.8374275115872583,0,0
9_13,10.625,-61.475,14,0,0,0,0,0,1,0,1,0,0.20023088044785728,0,0.20333466153582117,0.2001076010124117,0.20023088044785728,0,0.8374275115872583,0
9_13,10.625,-61.475,15,0,0,0,0,0,0,1,0,1,0,0.20023088044785728,0,0.20333466153582117,0.2001076010124117,0.20023088044785728,0,0.8374275115872583
9_13,10.625,-61.475,16,0,0,0,0,0,0,0,1,0,0,0,0.20023088044785728,0,0.20333466153582117,0.2001076010124117,0.20023088044785728,0
9_13,10.625,-61.475,17,3,0,0,0,0,0,0,0,1,0,0,0,0.20023088044785728,0,0.20333466153582117,0.2001076010124117,0.20023088044785728
9_13,10.625,-61.475,18,2,0,0,0,0,0,0,0,0,0,0,0,0,0.20023088044785728,0,0.20333466153582117,0.2001076010124117
9_13,10.625,-61.475,19,0,0,0,0,0,0,0,0,0,0,0,0,0,0,0.20023088044785728,0,0.20333466153582117
9_13,10.625,-61.475,20,0,0,0,0,0,0,0,0,0,0,0,0,0,0,0,0.20023088044785728,0
9_13,10.625,-61.475,21,0,0,0,0,0,0,0,0,0,0,0,0,0,0,0,0,0.20023088044785728
9_13,10.625,-61.475,22,0,0,0,0,0,0,0,0,0,0,0,0,0,0,0,0,0
9_13,10.625,-61.475,23,4,0,0,0,0,0,0,0,0,0,0,0,0,0,0,0,0
9_13,10.625,-61.475,24,1,0,0,0,0,0,0,0,0,0,0,0,0,0,0,0,0
9_13,10.625,-61.475,25,0,0,0,0,0,0,0,0,0,0,0,0,0,0,0,0,0
9_13,10.625,-61.475,26,0,0,0,0,0,0,0,0,0,0,0,0,0,0,0,0,0
9_13,10.625,-61.475,27,0,0,0,0,0,0,0,0,0,0,0,0,0,0,0,0,0
9_13,10.625,-61.475,28,0,0,0,0,0,0,0,0,0,0,0,0,0,0,0,0,0
9_13,10.625,-61.475,29,0,1,0,0,0,0,0,0,0,0.7907056629954132,0,0,0,0,0,0,0
9_13,10.625,-61.475,30,0,0,1,0,0,0,0,0,0,1.6166498237708429,0.7907056629954132,0,0,0,0,0,0
9_13,10.625,-61.475,31,0,0,0,1,0,0,0,0,0,0,1.6166498237708429,0.7907056629954132,0,0,0,0,0
9_13,10.625,-61.475,32,0,1,0,0,1,0,0,0,0,0.42303782583291644,0,1.6166498237708429,0.7907056629954132,0,0,0,0
9_13,10.625,-61.475,33,0,0,1,0,0,1,0,0,0,0.4083786454431432,0.42303782583291644,0,1.6166498237708429,0.7907056629954132,0,0,0
9_13,10.625,-61.475,34,0,0,0,1,0,0,1,0,0,0.1708558339552743,0.4083786454431432,0.42303782583291644,0,1.6166498237708429,0.7907056629954132,0,0
9_13,10.625,-61.475,35,0,0,0,0,1,0,0,1,0,0,0.1708558339552743,0.4083786454431432,0.42303782583291644,0,1.6166498237708429,0.7907056629954132,0
9_13,10.625,-61.475,36,1,0,0,0,0,1,0,0,1,0,0,0.1708558339552743,0.4083786454431432,0.42303782583291644,0,1.6166498237708429,0.7907056629954132
9_13,10.625,-61.475,37,0,0,0,0,0,0,1,0,0,0.193196634692337,0,0,0.1708558339552743,0.4083786454431432,0.42303782583291644,0,1.6166498237708429
9_13,10.625,-61.475,38,2,2,0,0,0,0,0,1,0,0,0.193196634692337,0,0,0.1708558339552743,0.4083786454431432,0.42303782583291644,0
9_13,10.625,-61.475,39,0,0,2,0,0,0,0,0,1,0,0,0.193196634692337,0,0,0.1708558339552743,0.4083786454431432,0.42303782583291644
9_13,10.625,-61.475,40,0,0,0,2,0,0,0,0,0,0,0,0,0.193196634692337,0,0,0.1708558339552743,0.4083786454431432
9_13,10.625,-61.475,41,0,0,0,0,2,0,0,0,0,0,0,0,0,0.193196634692337,0,0,0.1708558339552743
9_13,10.625,-61.475,42,2,0,0,0,0,2,0,0,0,0.1759965972573676,0,0,0,0,0.193196634692337,0,0
9_13,10.625,-61.475,43,0,0,0,0,0,0,2,0,0,0,0.1759965972573676,0,0,0,0,0.193196634692337,0
9_13,10.625,-61.475,44,1,0,0,0,0,0,0,2,0,0.33846127140383225,0,0.1759965972573676,0,0,0,0,0.193196634692337
9_13,10.625,-61.475,45,0,0,0,0,0,0,0,0,2,0,0.33846127140383225,0,0.1759965972573676,0,0,0,0
9_13,10.625,-61.475,46,1,0,0,0,0,0,0,0,0,0,0,0.33846127140383225,0,0.1759965972573676,0,0,0
9_13,10.625,-61.475,47,0,0,0,0,0,0,0,0,0,0.28040935487337604,0,0,0.33846127140383225,0,0.1759965972573676,0,0
9_13,10.625,-61.475,48,0,0,0,0,0,0,0,0,0,0,0.28040935487337604,0,0,0.33846127140383225,0,0.1759965972573676,0
9_13,10.625,-61.475,49,1,0,0,0,0,0,0,0,0,0,0,0.28040935487337604,0,0,0.33846127140383225,0,0.1759965972573676
9_13,10.625,-61.475,50,4,1,0,0,0,0,0,0,0,0,0,0,0.28040935487337604,0,0,0.33846127140383225,0
9_13,10.625,-61.475,51,0,0,1,0,0,0,0,0,0,0.26772089633799157,0,0,0,0.28040935487337604,0,0,0.33846127140383225
9_13,10.625,-61.475,52,2,0,0,1,0,0,0,0,0,0,0.26772089633799157,0,0,0,0.28040935487337604,0,0
9_14,10.675,-61.475,0,3,0,,,,,,,,0,,,,,,,
9_14,10.675,-61.475,1,1,0,0,,,,,,,0,0,,,,,,
9_14,10.675,-61.475,2,1,0,0,0,,,,,,0.21903987291501018,0,0,,,,,
9_14,10.675,-61.475,3,3,0,0,0,0,,,,,0.5195033675095357,0.21903987291501018,0,0,,,,
9_14,10.675,-61.475,4,0,0,0,0,0,0,,,,0,0.5195033675095357,0.21903987291501018,0,0,,,
9_14,10.675,-61.475,5,0,0,0,0,0,0,0,,,0.26199025042662344,0,0.5195033675095357,0.21903987291501018,0,0,,
9_14,10.675,-61.475,6,4,1,0,0,0,0,0,0,,0,0.26199025042662344,0,0.5195033675095357,0.21903987291501018,0,0,
9_14,10.675,-61.475,7,1,0,1,0,0,0,0,0,0,0,0,0.26199025042662344,0,0.5195033675095357,0.21903987291501018,0,0
9_14,10.675,-61.475,8,0,1,0,1,0,0,0,0,0,0.9406805741689629,0,0,0.26199025042662344,0,0.5195033675095357,0.21903987291501018,0
9_14,10.675,-61.475,9,3,0,1,0,1,0,0,0,0,0,0.9406805741689629,0,0,0.26199025042662344,0,0.5195033675095357,0.21903987291501018
9_14,10.675,-61.475,10,1,1,0,1,0,1,0,0,0,0.47903829730673453,0,0.9406805741689629,0,0,0.26199025042662344,0,0.5195033675095357
9_14,10.675,-61.475,11,0,0,1,0,1,0,1,0,0,0.21271345872320477,0.47903829730673453,0,0.9406805741689629,0,0,0.26199025042662344,0
9_14,10.675,-61.475,12,0,0,0,1,0,1,0,1,0,0.24051546856234426,0.21271345872320477,0.47903829730673453,0,0.9406805741689629,0,0,0.26199025042662344
9_14,10.675,-61.475,13,1,0,0,0,1,0,1,0,1,0,0.24051546856234426,0.21271345872320477,0.47903829730673453,0,0.9406805741689629,0,0
9_14,10.675,-61.475,14,3,0,0,0,0,1,0,1,0,0.242770662900067,0,0.24051546856234426,0.21271345872320477,0.47903829730673453,0,0.9406805741689629,0
9_14,10.675,-61.475,15,1,0,0,0,0,0,1,0,1,0,0.242770662900067,0,0.24051546856234426,0.21271345872320477,0.47903829730673453,0,0.9406805741689629
9_14,10.675,-61.475,16,2,0,0,0,0,0,0,1,0,0,0,0.242770662900067,0,0.24051546856234426,0.21271345872320477,0.47903829730673453,0
9_14,10.675,-61.475,17,0,0,0,0,0,0,0,0,1,0,0,0,0.242770662900067,0,0.24051546856234426,0.21271345872320477,0.47903829730673453
9_14,10.675,-61.475,18,2,0,0,0,0,0,0,0,0,0,0,0,0,0.242770662900067,0,0.24051546856234426,0.21271345872320477
9_14,10.675,-61.475,19,1,0,0,0,0,0,0,0,0,0,0,0,0,0,0.242770662900067,0,0.24051546856234426
9_14,10.675,-61.475,20,1,0,0,0,0,0,0,0,0,0,0,0,0,0,0,0.242770662900067,0
9_14,10.675,-61.475,21,0,0,0,0,0,0,0,0,0,0,0,0,0,0,0,0,0.242770662900067
9_14,10.675,-61.475,22,1,0,0,0,0,0,0,0,0,0,0,0,0,0,0,0,0
9_14,10.675,-61.475,23,1,0,0,0,0,0,0,0,0,0,0,0,0,0,0,0,0
9_14,10.675,-61.475,24,0,0,0,0,0,0,0,0,0,0,0,0,0,0,0,0,0
9_14,10.675,-61.475,25,2,0,0,0,0,0,0,0,0,0,0,0,0,0,0,0,0
9_14,10.675,-61.475,26,3,0,0,0,0,0,0,0,0,0,0,0,0,0,0,0,0
9_14,10.675,-61.475,27,3,0,0,0,0,0,0,0,0,0,0,0,0,0,0,0,0
9_14,10.675,-61.475,28,2,0,0,0,0,0,0,0,0,0,0,0,0,0,0,0,0
9_14,10.675,-61.475,29,0,1,0,0,0,0,0,0,0,0.9668723421934762,0,0,0,0,0,0,0
9_14,10.675,-61.475,30,3,6,1,0,0,0,0,0,0,0.42453114575531287,0.9668723421934762,0,0,0,0,0,0
9_14,10.675,-61.475,31,0,1,6,1,0,0,0,0,0,0,0.42453114575531287,0.9668723421934762,0,0,0,0,0
9_14,10.675,-61.475,32,0,2,1,6,1,0,0,0,0,0.4688806495865832,0,0.42453114575531287,0.9668723421934762,0,0,0,0
9_14,10.675,-61.475,33,0,2,2,1,6,1,0,0,0,0,0.4688806495865832,0,0.42453114575531287,0.9668723421934762,0,0,0
9_14,10.675,-61.475,34,0,1,2,2,1,6,1,0,0,0.26011817729971753,0,0.4688806495865832,0,0.42453114575531287,0.9668723421934762,0,0
9_14,10.675,-61.475,35,0,0,1,2,2,1,6,1,0,0,0.26011817729971753,0,0.4688806495865832,0,0.42453114575531287,0.9668723421934762,0
9_14,10.675,-61.475,36,0,0,0,1,2,2,1,6,1,0,0,0.26011817729971753,0,0.4688806495865832,0,0.42453114575531287,0.9668723421934762
9_14,10.675,-61.475,37,0,1,0,0,1,2,2,1,6,0,0,0,0.26011817729971753,0,0.4688806495865832,0,0.42453114575531287
9_14,10.675,-61.475,38,1,0,1,0,0,1,2,2,1,0.5148191346434342,0,0,0,0.26011817729971753,0,0.4688806495865832,0
9_14,10.675,-61.475,39,2,0,0,1,0,0,1,2,2,0,0.5148191346434342,0,0,0,0.26011817729971753,0,0.4688806495865832
9_14,10.675,-61.475,40,1,0,0,0,1,0,0,1,2,0,0,0.5148191346434342,0,0,0,0.26011817729971753,0
9_14,10.675,-61.475,41,2,0,0,0,0,1,0,0,1,0,0,0,0.5148191346434342,0,0,0,0.26011817729971753
9_14,10.675,-61.475,42,0,0,0,0,0,0,1,0,0,0.43897054718332396,0,0,0,0.5148191346434342,0,0,0
9_14,10.675,-61.475,43,1,0,0,0,0,0,0,1,0,0,0.43897054718332396,0,0,0,0.5148191346434342,0,0
9_14,10.675,-61.475,44,3,0,0,0,0,0,0,0,1,0.9288554928108274,0,0.43897054718332396,0,0,0,0.5148191346434342,0
9_14,10.675,-61.475,45,1,0,0,0,0,0,0,0,0,0,0.9288554928108274,0,0.43897054718332396,0,0,0,0.5148191346434342
9_14,10.675,-61.475,46,1,0,0,0,0,0,0,0,0,0,0,0.9288554928108274,0,0.43897054718332396,0,0,0
9_14,10.675,-61.475,47,0,1,0,0,0,0,0,0,0,0.23708260301391879,0,0,0.9288554928108274,0,0.43897054718332396,0,0
9_14,10.675,-61.475,48,1,0,1,0,0,0,0,0,0,0,0.23708260301391879,0,0,0.9288554928108274,0,0.43897054718332396,0
9_14,10.675,-61.475,49,0,0,0,1,0,0,0,0,0,0,0,0.23708260301391879,0,0,0.9288554928108274,0,0.43897054718332396
9_14,10.675,-61.475,50,3,0,0,0,1,0,0,0,0,0.279957223263125,0,0,0.23708260301391879,0,0,0.9288554928108274,0
9_14,10.675,-61.475,51,2,1,0,0,0,1,0,0,0,0,0.279957223263125,0,0,0.23708260301391879,0,0,0.9288554928108274
9_14,10.675,-61.475,52,1,0,1,0,0,0,1,0,0,0,0,0.279957223263125,0,0,0.23708260301391879,0,0
9_15,10.725,-61.475,0,0,0,,,,,,,,0,,,,,,,
9_15,10.725,-61.475,1,0,0,0,,,,,,,0,0,,,,,,
9_15,10.725,-61.475,2,0,0,0,0,,,,,,0,0,0,,,,,
9_15,10.725,-61.475,3,0,0,0,0,0,,,,,0,0,0,0,,,,
9_15,10.725,-61.475,4,0,0,0,0,0,0,,,,0,0,0,0,0,,,
9_15,10.725,-61.475,5,3,0,0,0,0,0,0,,,0,0,0,0,0,0,,
9_15,10.725,-61.475,6,0,0,0,0,0,0,0,0,,0,0,0,0,0,0,0,
9_15,10.725,-61.475,7,0,0,0,0,0,0,0,0,0,0,0,0,0,0,0,0,0
9_15,10.725,-61.475,8,0,0,0,0,0,0,0,0,0,0,0,0,0,0,0,0,0
9_15,10.725,-61.475,9,1,0,0,0,0,0,0,0,0,0,0,0,0,0,0,0,0
9_15,10.725,-61.475,10,0,0,0,0,0,0,0,0,0,0,0,0,0,0,0,0,0
9_15,10.725,-61.475,11,0,0,0,0,0,0,0,0,0,0,0,0,0,0,0,0,0
9_15,10.725,-61.475,12,0,0,0,0,0,0,0,0,0,0,0,0,0,0,0,0,0
9_15,10.725,-61.475,13,1,0,0,0,0,0,0,0,0,0,0,0,0,0,0,0,0
9_15,10.725,-61.475,14,1,0,0,0,0,0,0,0,0,0,0,0,0,0,0,0,0
9_15,10.725,-61.475,15,0,0,0,0,0,0,0,0,0,0,0,0,0,0,0,0,0
9_15,10.725,-61.475,16,0,0,0,0,0,0,0,0,0,0,0,0,0,0,0,0,0
9_15,10.725,-61.475,17,0,0,0,0,0,0,0,0,0,0,0,0,0,0,0,0,0
9_15,10.725,-61.475,18,1,0,0,0,0,0,0,0,0,0,0,0,0,0,0,0,0
9_15,10.725,-61.475,19,0,0,0,0,0,0,0,0,0,0,0,0,0,0,0,0,0
9_15,10.725,-61.475,20,1,0,0,0,0,0,0,0,0,0,0,0,0,0,0,0,0
9_15,10.725,-61.475,21,0,0,0,0,0,0,0,0,0,0,0,0,0,0,0,0,0
9_15,10.725,-61.475,22,0,0,0,0,0,0,0,0,0,0,0,0,0,0,0,0,0
9_15,10.725,-61.475,23,0,0,0,0,0,0,0,0,0,0,0,0,0,0,0,0,0
9_15,10.725,-61.475,24,1,0,0,0,0,0,0,0,0,0,0,0,0,0,0,0,0
9_15,10.725,-61.475,25,1,0,0,0,0,0,0,0,0,0,0,0,0,0,0,0,0
9_15,10.725,-61.475,26,0,0,0,0,0,0,0,0,0,0,0,0,0,0,0,0,0
9_15,10.725,-61.475,27,0,0,0,0,0,0,0,0,0,0,0,0,0,0,0,0,0
9_15,10.725,-61.475,28,0,0,0,0,0,0,0,0,0,0,0,0,0,0,0,0,0
9_15,10.725,-61.475,29,0,0,0,0,0,0,0,0,0,0,0,0,0,0,0,0,0
9_15,10.725,-61.475,30,0,0,0,0,0,0,0,0,0,0.20871064797651048,0,0,0,0,0,0,0
9_15,10.725,-61.475,31,0,0,0,0,0,0,0,0,0,0,0.20871064797651048,0,0,0,0,0,0
9_15,10.725,-61.475,32,0,0,0,0,0,0,0,0,0,0,0,0.20871064797651048,0,0,0,0,0
9_15,10.725,-61.475,33,0,0,0,0,0,0,0,0,0,0,0,0,0.20871064797651048,0,0,0,0
9_15,10.725,-61.475,34,1,0,0,0,0,0,0,0,0,0,0,0,0,0.20871064797651048,0,0,0
9_15,10.725,-61.475,35,0,0,0,0,0,0,0,0,0,0,0,0,0,0,0.20871064797651048,0,0
9_15,10.725,-61.475,36,0,0,0,0,0,0,0,0,0,0,0,0,0,0,0,0.20871064797651048,0
9_15,10.725,-61.475,37,1,0,0,0,0,0,0,0,0,0,0,0,0,0,0,0,0.20871064797651048
9_15,10.725,-61.475,38,0,0,0,0,0,0,0,0,0,0,0,0,0,0,0,0,0
9_15,10.725,-61.475,39,0,0,0,0,0,0,0,0,0,0,0,0,0,0,0,0,0
9_15,10.725,-61.475,40,1,0,0,0,0,0,0,0,0,0,0,0,0,0,0,0,0
9_15,10.725,-61.475,41,0,0,0,0,0,0,0,0,0,0,0,0,0,0,0,0,0
9_15,10.725,-61.475,42,0,0,0,0,0,0,0,0,0,0.17774332205961615,0,0,0,0,0,0,0
9_15,10.725,-61.475,43,0,0,0,0,0,0,0,0,0,0,0.17774332205961615,0,0,0,0,0,0
9_15,10.725,-61.475,44,0,0,0,0,0,0,0,0,0,0,0,0.17774332205961615,0,0,0,0,0
9_15,10.725,-61.475,45,0,0,0,0,0,0,0,0,0,0,0,0,0.17774332205961615,0,0,0,0
9_15,10.725,-61.475,46,1,0,0,0,0,0,0,0,0,0,0,0,0,0.17774332205961615,0,0,0
9_15,10.725,-61.475,47,0,1,0,0,0,0,0,0,0,0,0,0,0,0,0.17774332205961615,0,0
9_15,10.725,-61.475,48,0,0,1,0,0,0,0,0,0,0,0,0,0,0,0,0.17774332205961615,0
9_15,10.725,-61.475,49,0,0,0,1,0,0,0,0,0,0,0,0,0,0,0,0,0.17774332205961615
9_15,10.725,-61.475,50,0,0,0,0,1,0,0,0,0,0,0,0,0,0,0,0,0
9_15,10.725,-61.475,51,0,0,0,0,0,1,0,0,0,0,0,0,0,0,0,0,0
9_15,10.725,-61.475,52,0,0,0,0,0,0,1,0,0,0,0,0,0,0,0,0,0
9_16,10.775,-61.475,0,0,0,,,,,,,,0,,,,,,,
9_16,10.775,-61.475,1,0,0,0,,,,,,,0,0,,,,,,
9_16,10.775,-61.475,2,0,0,0,0,,,,,,0,0,0,,,,,
9_16,10.775,-61.475,3,0,0,0,0,0,,,,,0,0,0,0,,,,
9_16,10.775,-61.475,4,0,0,0,0,0,0,,,,0,0,0,0,0,,,
9_16,10.775,-61.475,5,0,0,0,0,0,0,0,,,0,0,0,0,0,0,,
9_16,10.775,-61.475,6,0,0,0,0,0,0,0,0,,0,0,0,0,0,0,0,
9_16,10.775,-61.475,7,0,0,0,0,0,0,0,0,0,0,0,0,0,0,0,0,0
9_16,10.775,-61.475,8,0,0,0,0,0,0,0,0,0,0,0,0,0,0,0,0,0
9_16,10.775,-61.475,9,0,0,0,0,0,0,0,0,0,0,0,0,0,0,0,0,0
9_16,10.775,-61.475,10,0,0,0,0,0,0,0,0,0,0,0,0,0,0,0,0,0
9_16,10.775,-61.475,11,0,0,0,0,0,0,0,0,0,0,0,0,0,0,0,0,0
9_16,10.775,-61.475,12,0,0,0,0,0,0,0,0,0,0,0,0,0,0,0,0,0
9_16,10.775,-61.475,13,0,0,0,0,0,0,0,0,0,0,0,0,0,0,0,0,0
9_16,10.775,-61.475,14,0,0,0,0,0,0,0,0,0,0,0,0,0,0,0,0,0
9_16,10.775,-61.475,15,0,0,0,0,0,0,0,0,0,0,0,0,0,0,0,0,0
9_16,10.775,-61.475,16,0,0,0,0,0,0,0,0,0,0,0,0,0,0,0,0,0
9_16,10.775,-61.475,17,0,0,0,0,0,0,0,0,0,0,0,0,0,0,0,0,0
9_16,10.775,-61.475,18,0,0,0,0,0,0,0,0,0,0,0,0,0,0,0,0,0
9_16,10.775,-61.475,19,0,0,0,0,0,0,0,0,0,0,0,0,0,0,0,0,0
9_16,10.775,-61.475,20,0,0,0,0,0,0,0,0,0,0,0,0,0,0,0,0,0
9_16,10.775,-61.475,21,0,0,0,0,0,0,0,0,0,0,0,0,0,0,0,0,0
9_16,10.775,-61.475,22,0,0,0,0,0,0,0,0,0,0,0,0,0,0,0,0,0
9_16,10.775,-61.475,23,0,0,0,0,0,0,0,0,0,0,0,0,0,0,0,0,0
9_16,10.775,-61.475,24,0,0,0,0,0,0,0,0,0,0,0,0,0,0,0,0,0
9_16,10.775,-61.475,25,0,0,0,0,0,0,0,0,0,0,0,0,0,0,0,0,0
9_16,10.775,-61.475,26,0,0,0,0,0,0,0,0,0,0,0,0,0,0,0,0,0
9_16,10.775,-61.475,27,0,0,0,0,0,0,0,0,0,0,0,0,0,0,0,0,0
9_16,10.775,-61.475,28,0,0,0,0,0,0,0,0,0,0,0,0,0,0,0,0,0
9_16,10.775,-61.475,29,0,0,0,0,0,0,0,0,0,0,0,0,0,0,0,0,0
9_16,10.775,-61.475,30,0,0,0,0,0,0,0,0,0,0,0,0,0,0,0,0,0
9_16,10.775,-61.475,31,0,0,0,0,0,0,0,0,0,0,0,0,0,0,0,0,0
9_16,10.775,-61.475,32,0,0,0,0,0,0,0,0,0,0,0,0,0,0,0,0,0
9_16,10.775,-61.475,33,0,0,0,0,0,0,0,0,0,0,0,0,0,0,0,0,0
9_16,10.775,-61.475,34,0,0,0,0,0,0,0,0,0,0,0,0,0,0,0,0,0
9_16,10.775,-61.475,35,0,0,0,0,0,0,0,0,0,0,0,0,0,0,0,0,0
9_16,10.775,-61.475,36,0,0,0,0,0,0,0,0,0,0,0,0,0,0,0,0,0
9_16,10.775,-61.475,37,0,0,0,0,0,0,0,0,0,0,0,0,0,0,0,0,0
9_16,10.775,-61.475,38,0,0,0,0,0,0,0,0,0,0,0,0,0,0,0,0,0
9_16,10.775,-61.475,39,0,0,0,0,0,0,0,0,0,0,0,0,0,0,0,0,0
9_16,10.775,-61.475,40,0,0,0,0,0,0,0,0,0,0,0,0,0,0,0,0,0
9_16,10.775,-61.475,41,0,0,0,0,0,0,0,0,0,0,0,0,0,0,0,0,0
9_16,10.775,-61.475,42,0,0,0,0,0,0,0,0,0,0,0,0,0,0,0,0,0
9_16,10.775,-61.475,43,0,0,0,0,0,0,0,0,0,0,0,0,0,0,0,0,0
9_16,10.775,-61.475,44,0,0,0,0,0,0,0,0,0,0,0,0,0,0,0,0,0
9_16,10.775,-61.475,45,0,0,0,0,0,0,0,0,0,0,0,0,0,0,0,0,0
9_16,10.775,-61.475,46,0,0,0,0,0,0,0,0,0,0,0,0,0,0,0,0,0
9_16,10.775,-61.475,47,0,0,0,0,0,0,0,0,0,0,0,0,0,0,0,0,0
9_16,10.775,-61.475,48,0,0,0,0,0,0,0,0,0,0,0,0,0,0,0,0,0
9_16,10.775,-61.475,49,0,0,0,0,0,0,0,0,0,0,0,0,0,0,0,0,0
9_16,10.775,-61.475,50,0,0,0,0,0,0,0,0,0,0,0,0,0,0,0,0,0
9_16,10.775,-61.475,51,0,0,0,0,0,0,0,0,0,0,0,0,0,0,0,0,0
9_16,10.775,-61.475,52,0,0,0,0,0,0,0,0,0,0,0,0,0,0,0,0,0
10_2,10.075,-61.42499999999999,0,0,0,,,,,,,,0,,,,,,,
10_2,10.075,-61.42499999999999,1,0,0,0,,,,,,,0,0,,,,,,
10_2,10.075,-61.42499999999999,2,0,0,0,0,,,,,,0,0,0,,,,,
10_2,10.075,-61.42499999999999,3,0,0,0,0,0,,,,,0,0,0,0,,,,
10_2,10.075,-61.42499999999999,4,0,0,0,0,0,0,,,,0,0,0,0,0,,,
10_2,10.075,-61.42499999999999,5,0,0,0,0,0,0,0,,,0,0,0,0,0,0,,
10_2,10.075,-61.42499999999999,6,0,0,0,0,0,0,0,0,,0,0,0,0,0,0,0,
10_2,10.075,-61.42499999999999,7,0,0,0,0,0,0,0,0,0,0,0,0,0,0,0,0,0
10_2,10.075,-61.42499999999999,8,0,0,0,0,0,0,0,0,0,0,0,0,0,0,0,0,0
10_2,10.075,-61.42499999999999,9,0,0,0,0,0,0,0,0,0,0,0,0,0,0,0,0,0
10_2,10.075,-61.42499999999999,10,0,0,0,0,0,0,0,0,0,0,0,0,0,0,0,0,0
10_2,10.075,-61.42499999999999,11,0,0,0,0,0,0,0,0,0,0,0,0,0,0,0,0,0
10_2,10.075,-61.42499999999999,12,0,0,0,0,0,0,0,0,0,0,0,0,0,0,0,0,0
10_2,10.075,-61.42499999999999,13,0,0,0,0,0,0,0,0,0,0,0,0,0,0,0,0,0
10_2,10.075,-61.42499999999999,14,0,0,0,0,0,0,0,0,0,0,0,0,0,0,0,0,0
10_2,10.075,-61.42499999999999,15,0,0,0,0,0,0,0,0,0,0,0,0,0,0,0,0,0
10_2,10.075,-61.42499999999999,16,0,0,0,0,0,0,0,0,0,0,0,0,0,0,0,0,0
10_2,10.075,-61.42499999999999,17,0,0,0,0,0,0,0,0,0,0,0,0,0,0,0,0,0
10_2,10.075,-61.42499999999999,18,0,0,0,0,0,0,0,0,0,0,0,0,0,0,0,0,0
10_2,10.075,-61.42499999999999,19,0,0,0,0,0,0,0,0,0,0,0,0,0,0,0,0,0
10_2,10.075,-61.42499999999999,20,0,0,0,0,0,0,0,0,0,0,0,0,0,0,0,0,0
10_2,10.075,-61.42499999999999,21,0,0,0,0,0,0,0,0,0,0,0,0,0,0,0,0,0
10_2,10.075,-61.42499999999999,22,0,0,0,0,0,0,0,0,0,0,0,0,0,0,0,0,0
10_2,10.075,-61.42499999999999,23,0,0,0,0,0,0,0,0,0,0,0,0,0,0,0,0,0
10_2,10.075,-61.42499999999999,24,0,0,0,0,0,0,0,0,0,0,0,0,0,0,0,0,0
10_2,10.075,-61.42499999999999,25,0,0,0,0,0,0,0,0,0,0,0,0,0,0,0,0,0
10_2,10.075,-61.42499999999999,26,0,0,0,0,0,0,0,0,0,0,0,0,0,0,0,0,0
10_2,10.075,-61.42499999999999,27,0,0,0,0,0,0,0,0,0,0,0,0,0,0,0,0,0
10_2,10.075,-61.42499999999999,28,0,0,0,0,0,0,0,0,0,0,0,0,0,0,0,0,0
10_2,10.075,-61.42499999999999,29,0,0,0,0,0,0,0,0,0,0,0,0,0,0,0,0,0
10_2,10.075,-61.42499999999999,30,0,0,0,0,0,0,0,0,0,0,0,0,0,0,0,0,0
10_2,10.075,-61.42499999999999,31,0,0,0,0,0,0,0,0,0,0,0,0,0,0,0,0,0
10_2,10.075,-61.42499999999999,32,0,0,0,0,0,0,0,0,0,0.19832235240321255,0,0,0,0,0,0,0
10_2,10.075,-61.42499999999999,33,0,0,0,0,0,0,0,0,0,0,0.19832235240321255,0,0,0,0,0,0
10_2,10.075,-61.42499999999999,34,0,0,0,0,0,0,0,0,0,0,0,0.19832235240321255,0,0,0,0,0
10_2,10.075,-61.42499999999999,35,0,0,0,0,0,0,0,0,0,0,0,0,0.19832235240321255,0,0,0,0
10_2,10.075,-61.42499999999999,36,0,0,0,0,0,0,0,0,0,0,0,0,0,0.19832235240321255,0,0,0
10_2,10.075,-61.42499999999999,37,0,0,0,0,0,0,0,0,0,0,0,0,0,0,0.19832235240321255,0,0
10_2,10.075,-61.42499999999999,38,0,0,0,0,0,0,0,0,0,0,0,0,0,0,0,0.19832235240321255,0
10_2,10.075,-61.42499999999999,39,0,0,0,0,0,0,0,0,0,0,0,0,0,0,0,0,0.19832235240321255
10_2,10.075,-61.42499999999999,40,0,0,0,0,0,0,0,0,0,0,0,0,0,0,0,0,0
10_2,10.075,-61.42499999999999,41,0,0,0,0,0,0,0,0,0,0,0,0,0,0,0,0,0
10_2,10.075,-61.42499999999999,42,0,0,0,0,0,0,0,0,0,0,0,0,0,0,0,0,0
10_2,10.075,-61.42499999999999,43,0,0,0,0,0,0,0,0,0,0,0,0,0,0,0,0,0
10_2,10.075,-61.42499999999999,44,0,0,0,0,0,0,0,0,0,0,0,0,0,0,0,0,0
10_2,10.075,-61.42499999999999,45,0,0,0,0,0,0,0,0,0,0,0,0,0,0,0,0,0
10_2,10.075,-61.42499999999999,46,0,0,0,0,0,0,0,0,0,0,0,0,0,0,0,0,0
10_2,10.075,-61.42499999999999,47,0,0,0,0,0,0,0,0,0,0,0,0,0,0,0,0,0
10_2,10.075,-61.42499999999999,48,0,0,0,0,0,0,0,0,0,0,0,0,0,0,0,0,0
10_2,10.075,-61.42499999999999,49,0,0,0,0,0,0,0,0,0,0,0,0,0,0,0,0,0
10_2,10.075,-61.42499999999999,50,0,0,0,0,0,0,0,0,0,0,0,0,0,0,0,0,0
10_2,10.075,-61.42499999999999,51,0,0,0,0,0,0,0,0,0,0,0,0,0,0,0,0,0
10_2,10.075,-61.42499999999999,52,0,0,0,0,0,0,0,0,0,0,0,0,0,0,0,0,0
10_3,10.125,-61.425,0,0,0,,,,,,,,0,,,,,,,
10_3,10.125,-61.425,1,0,0,0,,,,,,,0,0,,,,,,
10_3,10.125,-61.425,2,0,0,0,0,,,,,,0,0,0,,,,,
10_3,10.125,-61.425,3,0,0,0,0,0,,,,,0,0,0,0,,,,
10_3,10.125,-61.425,4,0,0,0,0,0,0,,,,0,0,0,0,0,,,
10_3,10.125,-61.425,5,0,0,0,0,0,0,0,,,0,0,0,0,0,0,,
10_3,10.125,-61.425,6,0,0,0,0,0,0,0,0,,0,0,0,0,0,0,0,
10_3,10.125,-61.425,7,0,0,0,0,0,0,0,0,0,0,0,0,0,0,0,0,0
10_3,10.125,-61.425,8,0,0,0,0,0,0,0,0,0,0,0,0,0,0,0,0,0
10_3,10.125,-61.425,9,0,0,0,0,0,0,0,0,0,0,0,0,0,0,0,0,0
10_3,10.125,-61.425,10,0,0,0,0,0,0,0,0,0,0,0,0,0,0,0,0,0
10_3,10.125,-61.425,11,0,0,0,0,0,0,0,0,0,0,0,0,0,0,0,0,0
10_3,10.125,-61.425,12,1,0,0,0,0,0,0,0,0,0,0,0,0,0,0,0,0
10_3,10.125,-61.425,13,0,0,0,0,0,0,0,0,0,0,0,0,0,0,0,0,0
10_3,10.125,-61.425,14,0,0,0,0,0,0,0,0,0,0,0,0,0,0,0,0,0
10_3,10.125,-61.425,15,0,0,0,0,0,0,0,0,0,0,0,0,0,0,0,0,0
10_3,10.125,-61.425,16,0,0,0,0,0,0,0,0,0,0,0,0,0,0,0,0,0
10_3,10.125,-61.425,17,1,0,0,0,0,0,0,0,0,0,0,0,0,0,0,0,0
10_3,10.125,-61.425,18,0,0,0,0,0,0,0,0,0,0,0,0,0,0,0,0,0
10_3,10.125,-61.425,19,0,0,0,0,0,0,0,0,0,0,0,0,0,0,0,0,0
10_3,10.125,-61.425,20,0,0,0,0,0,0,0,0,0,0,0,0,0,0,0,0,0
10_3,10.125,-61.425,21,0,0,0,0,0,0,0,0,0,0,0,0,0,0,0,0,0
10_3,10.125,-61.425,22,0,0,0,0,0,0,0,0,0,0,0,0,0,0,0,0,0
10_3,10.125,-61.425,23,0,0,0,0,0,0,0,0,0,0,0,0,0,0,0,0,0
10_3,10.125,-61.425,24,1,0,0,0,0,0,0,0,0,0,0,0,0,0,0,0,0
10_3,10.125,-61.425,25,0,0,0,0,0,0,0,0,0,0,0,0,0,0,0,0,0
10_3,10.125,-61.425,26,0,0,0,0,0,0,0,0,0,0,0,0,0,0,0,0,0
10_3,10.125,-61.425,27,0,0,0,0,0,0,0,0,0,0,0,0,0,0,0,0,0
10_3,10.125,-61.425,28,0,0,0,0,0,0,0,0,0,0,0,0,0,0,0,0,0
10_3,10.125,-61.425,29,0,0,0,0,0,0,0,0,0,0,0,0,0,0,0,0,0
10_3,10.125,-61.425,30,0,0,0,0,0,0,0,0,0,0,0,0,0,0,0,0,0
10_3,10.125,-61.425,31,0,0,0,0,0,0,0,0,0,0,0,0,0,0,0,0,0
10_3,10.125,-61.425,32,0,1,0,0,0,0,0,0,0,0,0,0,0,0,0,0,0
10_3,10.125,-61.425,33,0,1,1,0,0,0,0,0,0,0.38967501639534774,0,0,0,0,0,0,0
10_3,10.125,-61.425,34,0,0,1,1,0,0,0,0,0,0,0.38967501639534774,0,0,0,0,0,0
10_3,10.125,-61.425,35,0,0,0,1,1,0,0,0,0,0,0,0.38967501639534774,0,0,0,0,0
10_3,10.125,-61.425,36,0,0,0,0,1,1,0,0,0,0,0,0,0.38967501639534774,0,0,0,0
10_3,10.125,-61.425,37,0,0,0,0,0,1,1,0,0,0,0,0,0,0.38967501639534774,0,0,0
10_3,10.125,-61.425,38,0,0,0,0,0,0,1,1,0,0,0,0,0,0,0.38967501639534774,0,0
10_3,10.125,-61.425,39,0,0,0,0,0,0,0,1,1,0,0,0,0,0,0,0.38967501639534774,0
10_3,10.125,-61.425,40,0,0,0,0,0,0,0,0,1,0,0,0,0,0,0,0,0.38967501639534774
10_3,10.125,-61.425,41,0,0,0,0,0,0,0,0,0,0,0,0,0,0,0,0,0
10_3,10.125,-61.425,42,1,0,0,0,0,0,0,0,0,0,0,0,0,0,0,0,0
10_3,10.125,-61.425,43,0,0,0,0,0,0,0,0,0,0,0,0,0,0,0,0,0
10_3,10.125,-61.425,44,0,0,0,0,0,0,0,0,0,0,0,0,0,0,0,0,0
10_3,10.125,-61.425,45,0,0,0,0,0,0,0,0,0,0,0,0,0,0,0,0,0
10_3,10.125,-61.425,46,0,0,0,0,0,0,0,0,0,0,0,0,0,0,0,0,0
10_3,10.125,-61.425,47,0,0,0,0,0,0,0,0,0,0,0,0,0,0,0,0,0
10_3,10.125,-61.425,48,0,0,0,0,0,0,0,0,0,0,0,0,0,0,0,0,0
10_3,10.125,-61.425,49,0,0,0,0,0,0,0,0,0,0,0,0,0,0,0,0,0
10_3,10.125,-61.425,50,0,0,0,0,0,0,0,0,0,0,0,0,0,0,0,0,0
10_3,10.125,-61.425,51,0,0,0,0,0,0,0,0,0,0,0,0,0,0,0,0,0
10_3,10.125,-61.425,52,0,0,0,0,0,0,0,0,0,0,0,0,0,0,0,0,0
10_4,10.175,-61.42499999999999,0,0,0,,,,,,,,0,,,,,,,
10_4,10.175,-61.42499999999999,1,0,0,0,,,,,,,0,0,,,,,,
10_4,10.175,-61.42499999999999,2,0,0,0,0,,,,,,0,0,0,,,,,
10_4,10.175,-61.42499999999999,3,0,0,0,0,0,,,,,0,0,0,0,,,,
10_4,10.175,-61.42499999999999,4,0,0,0,0,0,0,,,,0,0,0,0,0,,,
10_4,10.175,-61.42499999999999,5,0,0,0,0,0,0,0,,,0,0,0,0,0,0,,
10_4,10.175,-61.42499999999999,6,1,0,0,0,0,0,0,0,,0,0,0,0,0,0,0,
10_4,10.175,-61.42499999999999,7,2,0,0,0,0,0,0,0,0,0,0,0,0,0,0,0,0
10_4,10.175,-61.42499999999999,8,0,0,0,0,0,0,0,0,0,0,0,0,0,0,0,0,0
10_4,10.175,-61.42499999999999,9,0,0,0,0,0,0,0,0,0,0,0,0,0,0,0,0,0
10_4,10.175,-61.42499999999999,10,0,0,0,0,0,0,0,0,0,0,0,0,0,0,0,0,0
10_4,10.175,-61.42499999999999,11,0,0,0,0,0,0,0,0,0,0,0,0,0,0,0,0,0
10_4,10.175,-61.42499999999999,12,0,0,0,0,0,0,0,0,0,0,0,0,0,0,0,0,0
10_4,10.175,-61.42499999999999,13,0,0,0,0,0,0,0,0,0,0,0,0,0,0,0,0,0
10_4,10.175,-61.42499999999999,14,0,0,0,0,0,0,0,0,0,0,0,0,0,0,0,0,0
10_4,10.175,-61.42499999999999,15,0,0,0,0,0,0,0,0,0,0,0,0,0,0,0,0,0
10_4,10.175,-61.42499999999999,16,0,0,0,0,0,0,0,0,0,0,0,0,0,0,0,0,0
10_4,10.175,-61.42499999999999,17,0,0,0,0,0,0,0,0,0,0,0,0,0,0,0,0,0
10_4,10.175,-61.42499999999999,18,0,0,0,0,0,0,0,0,0,0,0,0,0,0,0,0,0
10_4,10.175,-61.42499999999999,19,0,0,0,0,0,0,0,0,0,0,0,0,0,0,0,0,0
10_4,10.175,-61.42499999999999,20,0,0,0,0,0,0,0,0,0,0,0,0,0,0,0,0,0
10_4,10.175,-61.42499999999999,21,0,0,0,0,0,0,0,0,0,0,0,0,0,0,0,0,0
10_4,10.175,-61.42499999999999,22,0,0,0,0,0,0,0,0,0,0,0,0,0,0,0,0,0
10_4,10.175,-61.42499999999999,23,0,0,0,0,0,0,0,0,0,0,0,0,0,0,0,0,0
10_4,10.175,-61.42499999999999,24,0,0,0,0,0,0,0,0,0,0,0,0,0,0,0,0,0
10_4,10.175,-61.42499999999999,25,1,0,0,0,0,0,0,0,0,0,0,0,0,0,0,0,0
10_4,10.175,-61.42499999999999,26,1,0,0,0,0,0,0,0,0,0,0,0,0,0,0,0,0
10_4,10.175,-61.42499999999999,27,0,0,0,0,0,0,0,0,0,0,0,0,0,0,0,0,0
10_4,10.175,-61.42499999999999,28,0,0,0,0,0,0,0,0,0,0,0,0,0,0,0,0,0
10_4,10.175,-61.42499999999999,29,0,0,0,0,0,0,0,0,0,0,0,0,0,0,0,0,0
10_4,10.175,-61.42499999999999,30,1,0,0,0,0,0,0,0,0,0,0,0,0,0,0,0,0
10_4,10.175,-61.42499999999999,31,0,0,0,0,0,0,0,0,0,0,0,0,0,0,0,0,0
10_4,10.175,-61.42499999999999,32,0,0,0,0,0,0,0,0,0,0,0,0,0,0,0,0,0
10_4,10.175,-61.42499999999999,33,0,0,0,0,0,0,0,0,0,0.4240405925956952,0,0,0,0,0,0,0
10_4,10.175,-61.42499999999999,34,0,0,0,0,0,0,0,0,0,0,0.4240405925956952,0,0,0,0,0,0
10_4,10.175,-61.42499999999999,35,0,0,0,0,0,0,0,0,0,0.3824007464807918,0,0.4240405925956952,0,0,0,0,0
10_4,10.175,-61.42499999999999,36,0,0,0,0,0,0,0,0,0,0,0.3824007464807918,0,0.4240405925956952,0,0,0,0
10_4,10.175,-61.42499999999999,37,0,0,0,0,0,0,0,0,0,0,0,0.3824007464807918,0,0.4240405925956952,0,0,0
10_4,10.175,-61.42499999999999,38,0,0,0,0,0,0,0,0,0,0,0,0,0.3824007464807918,0,0.4240405925956952,0,0
10_4,10.175,-61.42499999999999,39,0,0,0,0,0,0,0,0,0,0,0,0,0,0.3824007464807918,0,0.4240405925956952,0
10_4,10.175,-61.42499999999999,40,1,0,0,0,0,0,0,0,0,0,0,0,0,0,0.3824007464807918,0,0.4240405925956952
10_4,10.175,-61.42499999999999,41,0,0,0,0,0,0,0,0,0,0,0,0,0,0,0,0.3824007464807918,0
10_4,10.175,-61.42499999999999,42,0,0,0,0,0,0,0,0,0,0,0,0,0,0,0,0,0.3824007464807918
10_4,10.175,-61.42499999999999,43,0,0,0,0,0,0,0,0,0,0,0,0,0,0,0,0,0
10_4,10.175,-61.42499999999999,44,1,0,0,0,0,0,0,0,0,0,0,0,0,0,0,0,0
10_4,10.175,-61.42499999999999,45,0,0,0,0,0,0,0,0,0,0,0,0,0,0,0,0,0
10_4,10.175,-61.42499999999999,46,1,0,0,0,0,0,0,0,0,0,0,0,0,0,0,0,0
10_4,10.175,-61.42499999999999,47,0,0,0,0,0,0,0,0,0,0,0,0,0,0,0,0,0
10_4,10.175,-61.42499999999999,48,0,0,0,0,0,0,0,0,0,0,0,0,0,0,0,0,0
10_4,10.175,-61.42499999999999,49,0,0,0,0,0,0,0,0,0,0,0,0,0,0,0,0,0
10_4,10.175,-61.42499999999999,50,0,0,0,0,0,0,0,0,0,0,0,0,0,0,0,0,0
10_4,10.175,-61.42499999999999,51,0,0,0,0,0,0,0,0,0,0,0,0,0,0,0,0,0
10_4,10.175,-61.42499999999999,52,0,0,0,0,0,0,0,0,0,0,0,0,0,0,0,0,0
10_5,10.224999999999998,-61.425,0,0,0,,,,,,,,0,,,,,,,
10_5,10.224999999999998,-61.425,1,0,0,0,,,,,,,0,0,,,,,,
10_5,10.224999999999998,-61.425,2,0,0,0,0,,,,,,0,0,0,,,,,
10_5,10.224999999999998,-61.425,3,0,0,0,0,0,,,,,0,0,0,0,,,,
10_5,10.224999999999998,-61.425,4,0,0,0,0,0,0,,,,0,0,0,0,0,,,
10_5,10.224999999999998,-61.425,5,1,0,0,0,0,0,0,,,0,0,0,0,0,0,,
10_5,10.224999999999998,-61.425,6,0,0,0,0,0,0,0,0,,0,0,0,0,0,0,0,
10_5,10.224999999999998,-61.425,7,0,0,0,0,0,0,0,0,0,0,0,0,0,0,0,0,0
10_5,10.224999999999998,-61.425,8,0,0,0,0,0,0,0,0,0,0,0,0,0,0,0,0,0
10_5,10.224999999999998,-61.425,9,0,0,0,0,0,0,0,0,0,0,0,0,0,0,0,0,0
10_5,10.224999999999998,-61.425,10,0,0,0,0,0,0,0,0,0,0,0,0,0,0,0,0,0
10_5,10.224999999999998,-61.425,11,0,0,0,0,0,0,0,0,0,0,0,0,0,0,0,0,0
10_5,10.224999999999998,-61.425,12,0,0,0,0,0,0,0,0,0,0,0,0,0,0,0,0,0
10_5,10.224999999999998,-61.425,13,0,0,0,0,0,0,0,0,0,0,0,0,0,0,0,0,0
10_5,10.224999999999998,-61.425,14,0,0,0,0,0,0,0,0,0,0,0,0,0,0,0,0,0
10_5,10.224999999999998,-61.425,15,1,0,0,0,0,0,0,0,0,0,0,0,0,0,0,0,0
10_5,10.224999999999998,-61.425,16,0,0,0,0,0,0,0,0,0,0,0,0,0,0,0,0,0
10_5,10.224999999999998,-61.425,17,0,0,0,0,0,0,0,0,0,0,0,0,0,0,0,0,0
10_5,10.224999999999998,-61.425,18,0,0,0,0,0,0,0,0,0,0,0,0,0,0,0,0,0
10_5,10.224999999999998,-61.425,19,0,0,0,0,0,0,0,0,0,0,0,0,0,0,0,0,0
10_5,10.224999999999998,-61.425,20,1,0,0,0,0,0,0,0,0,0,0,0,0,0,0,0,0
10_5,10.224999999999998,-61.425,21,0,0,0,0,0,0,0,0,0,0,0,0,0,0,0,0,0
10_5,10.224999999999998,-61.425,22,0,0,0,0,0,0,0,0,0,0,0,0,0,0,0,0,0
10_5,10.224999999999998,-61.425,23,0,0,0,0,0,0,0,0,0,0,0,0,0,0,0,0,0
10_5,10.224999999999998,-61.425,24,0,0,0,0,0,0,0,0,0,0,0,0,0,0,0,0,0
10_5,10.224999999999998,-61.425,25,0,0,0,0,0,0,0,0,0,0,0,0,0,0,0,0,0
10_5,10.224999999999998,-61.425,26,0,0,0,0,0,0,0,0,0,0,0,0,0,0,0,0,0
10_5,10.224999999999998,-61.425,27,0,0,0,0,0,0,0,0,0,0,0,0,0,0,0,0,0
10_5,10.224999999999998,-61.425,28,0,0,0,0,0,0,0,0,0,0,0,0,0,0,0,0,0
10_5,10.224999999999998,-61.425,29,0,0,0,0,0,0,0,0,0,0,0,0,0,0,0,0,0
10_5,10.224999999999998,-61.425,30,1,0,0,0,0,0,0,0,0,0,0,0,0,0,0,0,0
10_5,10.224999999999998,-61.425,31,0,0,0,0,0,0,0,0,0,0,0,0,0,0,0,0,0
10_5,10.224999999999998,-61.425,32,0,0,0,0,0,0,0,0,0,0,0,0,0,0,0,0,0
10_5,10.224999999999998,-61.425,33,0,0,0,0,0,0,0,0,0,0.18844203545771812,0,0,0,0,0,0,0
10_5,10.224999999999998,-61.425,34,0,0,0,0,0,0,0,0,0,0,0.18844203545771812,0,0,0,0,0,0
10_5,10.224999999999998,-61.425,35,0,0,0,0,0,0,0,0,0,0,0,0.18844203545771812,0,0,0,0,0
10_5,10.224999999999998,-61.425,36,0,0,0,0,0,0,0,0,0,0,0,0,0.18844203545771812,0,0,0,0
10_5,10.224999999999998,-61.425,37,0,0,0,0,0,0,0,0,0,0,0,0,0,0.18844203545771812,0,0,0
10_5,10.224999999999998,-61.425,38,0,0,0,0,0,0,0,0,0,0.22116226196644193,0,0,0,0,0.18844203545771812,0,0
10_5,10.224999999999998,-61.425,39,0,0,0,0,0,0,0,0,0,0,0.22116226196644193,0,0,0,0,0.18844203545771812,0
10_5,10.224999999999998,-61.425,40,0,0,0,0,0,0,0,0,0,0,0,0.22116226196644193,0,0,0,0,0.18844203545771812
10_5,10.224999999999998,-61.425,41,0,0,0,0,0,0,0,0,0,0,0,0,0.22116226196644193,0,0,0,0
10_5,10.224999999999998,-61.425,42,0,0,0,0,0,0,0,0,0,0,0,0,0,0.22116226196644193,0,0,0
10_5,10.224999999999998,-61.425,43,0,0,0,0,0,0,0,0,0,0,0,0,0,0,0.22116226196644193,0,0
10_5,10.224999999999998,-61.425,44,0,0,0,0,0,0,0,0,0,0,0,0,0,0,0,0.22116226196644193,0
10_5,10.224999999999998,-61.425,45,0,0,0,0,0,0,0,0,0,0,0,0,0,0,0,0,0.22116226196644193
10_5,10.224999999999998,-61.425,46,0,0,0,0,0,0,0,0,0,0,0,0,0,0,0,0,0
10_5,10.224999999999998,-61.425,47,0,0,0,0,0,0,0,0,0,0,0,0,0,0,0,0,0
10_5,10.224999999999998,-61.425,48,0,0,0,0,0,0,0,0,0,0,0,0,0,0,0,0,0
10_5,10.224999999999998,-61.425,49,0,0,0,0,0,0,0,0,0,0,0,0,0,0,0,0,0
10_5,10.224999999999998,-61.425,50,0,0,0,0,0,0,0,0,0,0,0,0,0,0,0,0,0
10_5,10.224999999999998,-61.425,51,0,0,0,0,0,0,0,0,0,0,0,0,0,0,0,0,0
10_5,10.224999999999998,-61.425,52,0,0,0,0,0,0,0,0,0,0,0,0,0,0,0,0,0
10_6,10.275,-61.425,0,1,0,,,,,,,,0,,,,,,,
10_6,10.275,-61.425,1,0,0,0,,,,,,,0,0,,,,,,
10_6,10.275,-61.425,2,0,0,0,0,,,,,,0,0,0,,,,,
10_6,10.275,-61.425,3,1,0,0,0,0,,,,,0,0,0,0,,,,
10_6,10.275,-61.425,4,1,0,0,0,0,0,,,,0,0,0,0,0,,,
10_6,10.275,-61.425,5,0,0,0,0,0,0,0,,,0,0,0,0,0,0,,
10_6,10.275,-61.425,6,0,0,0,0,0,0,0,0,,0,0,0,0,0,0,0,
10_6,10.275,-61.425,7,0,0,0,0,0,0,0,0,0,0,0,0,0,0,0,0,0
10_6,10.275,-61.425,8,0,0,0,0,0,0,0,0,0,0,0,0,0,0,0,0,0
10_6,10.275,-61.425,9,1,0,0,0,0,0,0,0,0,0,0,0,0,0,0,0,0
10_6,10.275,-61.425,10,0,0,0,0,0,0,0,0,0,0,0,0,0,0,0,0,0
10_6,10.275,-61.425,11,1,0,0,0,0,0,0,0,0,0,0,0,0,0,0,0,0
10_6,10.275,-61.425,12,0,0,0,0,0,0,0,0,0,0,0,0,0,0,0,0,0
10_6,10.275,-61.425,13,0,0,0,0,0,0,0,0,0,0,0,0,0,0,0,0,0
10_6,10.275,-61.425,14,0,0,0,0,0,0,0,0,0,0,0,0,0,0,0,0,0
10_6,10.275,-61.425,15,0,0,0,0,0,0,0,0,0,0,0,0,0,0,0,0,0
10_6,10.275,-61.425,16,0,0,0,0,0,0,0,0,0,0,0,0,0,0,0,0,0
10_6,10.275,-61.425,17,0,0,0,0,0,0,0,0,0,0,0,0,0,0,0,0,0
10_6,10.275,-61.425,18,2,0,0,0,0,0,0,0,0,0,0,0,0,0,0,0,0
10_6,10.275,-61.425,19,1,0,0,0,0,0,0,0,0,0,0,0,0,0,0,0,0
10_6,10.275,-61.425,20,0,0,0,0,0,0,0,0,0,0,0,0,0,0,0,0,0
10_6,10.275,-61.425,21,0,0,0,0,0,0,0,0,0,0,0,0,0,0,0,0,0
10_6,10.275,-61.425,22,1,0,0,0,0,0,0,0,0,0,0,0,0,0,0,0,0
10_6,10.275,-61.425,23,0,0,0,0,0,0,0,0,0,0,0,0,0,0,0,0,0
10_6,10.275,-61.425,24,1,0,0,0,0,0,0,0,0,0,0,0,0,0,0,0,0
10_6,10.275,-61.425,25,0,0,0,0,0,0,0,0,0,0,0,0,0,0,0,0,0
10_6,10.275,-61.425,26,1,0,0,0,0,0,0,0,0,0,0,0,0,0,0,0,0
10_6,10.275,-61.425,27,0,0,0,0,0,0,0,0,0,0,0,0,0,0,0,0,0
10_6,10.275,-61.425,28,0,0,0,0,0,0,0,0,0,0,0,0,0,0,0,0,0
10_6,10.275,-61.425,29,0,0,0,0,0,0,0,0,0,0,0,0,0,0,0,0,0
10_6,10.275,-61.425,30,0,0,0,0,0,0,0,0,0,0,0,0,0,0,0,0,0
10_6,10.275,-61.425,31,0,0,0,0,0,0,0,0,0,0,0,0,0,0,0,0,0
10_6,10.275,-61.425,32,0,0,0,0,0,0,0,0,0,0,0,0,0,0,0,0,0
10_6,10.275,-61.425,33,0,1,0,0,0,0,0,0,0,0,0,0,0,0,0,0,0
10_6,10.275,-61.425,34,0,0,1,0,0,0,0,0,0,0,0,0,0,0,0,0,0
10_6,10.275,-61.425,35,0,0,0,1,0,0,0,0,0,0,0,0,0,0,0,0,0
10_6,10.275,-61.425,36,0,0,0,0,1,0,0,0,0,0,0,0,0,0,0,0,0
10_6,10.275,-61.425,37,1,0,0,0,0,1,0,0,0,0,0,0,0,0,0,0,0
10_6,10.275,-61.425,38,1,0,0,0,0,0,1,0,0,0,0,0,0,0,0,0,0
10_6,10.275,-61.425,39,0,0,0,0,0,0,0,1,0,0,0,0,0,0,0,0,0
10_6,10.275,-61.425,40,1,0,0,0,0,0,0,0,1,0,0,0,0,0,0,0,0
10_6,10.275,-61.425,41,0,0,0,0,0,0,0,0,0,0,0,0,0,0,0,0,0
10_6,10.275,-61.425,42,2,0,0,0,0,0,0,0,0,0,0,0,0,0,0,0,0
10_6,10.275,-61.425,43,1,0,0,0,0,0,0,0,0,0,0,0,0,0,0,0,0
10_6,10.275,-61.425,44,0,0,0,0,0,0,0,0,0,0,0,0,0,0,0,0,0
10_6,10.275,-61.425,45,0,0,0,0,0,0,0,0,0,0,0,0,0,0,0,0,0
10_6,10.275,-61.425,46,0,0,0,0,0,0,0,0,0,0,0,0,0,0,0,0,0
10_6,10.275,-61.425,47,0,0,0,0,0,0,0,0,0,0,0,0,0,0,0,0,0
10_6,10.275,-61.425,48,0,0,0,0,0,0,0,0,0,0,0,0,0,0,0,0,0
10_6,10.275,-61.425,49,1,0,0,0,0,0,0,0,0,0,0,0,0,0,0,0,0
10_6,10.275,-61.425,50,2,0,0,0,0,0,0,0,0,0,0,0,0,0,0,0,0
10_6,10.275,-61.425,51,1,0,0,0,0,0,0,0,0,0,0,0,0,0,0,0,0
10_6,10.275,-61.425,52,0,0,0,0,0,0,0,0,0,0,0,0,0,0,0,0,0
10_7,10.325,-61.42499999999999,0,0,0,,,,,,,,0,,,,,,,
10_7,10.325,-61.42499999999999,1,0,0,0,,,,,,,0,0,,,,,,
10_7,10.325,-61.42499999999999,2,0,0,0,0,,,,,,0,0,0,,,,,
10_7,10.325,-61.42499999999999,3,0,0,0,0,0,,,,,0,0,0,0,,,,
10_7,10.325,-61.42499999999999,4,0,0,0,0,0,0,,,,0,0,0,0,0,,,
10_7,10.325,-61.42499999999999,5,0,0,0,0,0,0,0,,,0,0,0,0,0,0,,
10_7,10.325,-61.42499999999999,6,1,0,0,0,0,0,0,0,,0,0,0,0,0,0,0,
10_7,10.325,-61.42499999999999,7,1,0,0,0,0,0,0,0,0,0,0,0,0,0,0,0,0
10_7,10.325,-61.42499999999999,8,0,0,0,0,0,0,0,0,0,0,0,0,0,0,0,0,0
10_7,10.325,-61.42499999999999,9,0,0,0,0,0,0,0,0,0,0,0,0,0,0,0,0,0
10_7,10.325,-61.42499999999999,10,0,0,0,0,0,0,0,0,0,0,0,0,0,0,0,0,0
10_7,10.325,-61.42499999999999,11,0,0,0,0,0,0,0,0,0,0,0,0,0,0,0,0,0
10_7,10.325,-61.42499999999999,12,0,0,0,0,0,0,0,0,0,0,0,0,0,0,0,0,0
10_7,10.325,-61.42499999999999,13,0,0,0,0,0,0,0,0,0,0,0,0,0,0,0,0,0
10_7,10.325,-61.42499999999999,14,1,0,0,0,0,0,0,0,0,0,0,0,0,0,0,0,0
10_7,10.325,-61.42499999999999,15,0,0,0,0,0,0,0,0,0,0,0,0,0,0,0,0,0
10_7,10.325,-61.42499999999999,16,0,0,0,0,0,0,0,0,0,0,0,0,0,0,0,0,0
10_7,10.325,-61.42499999999999,17,0,0,0,0,0,0,0,0,0,0,0,0,0,0,0,0,0
10_7,10.325,-61.42499999999999,18,0,0,0,0,0,0,0,0,0,0,0,0,0,0,0,0,0
10_7,10.325,-61.42499999999999,19,1,0,0,0,0,0,0,0,0,0,0,0,0,0,0,0,0
10_7,10.325,-61.42499999999999,20,1,0,0,0,0,0,0,0,0,0,0,0,0,0,0,0,0
10_7,10.325,-61.42499999999999,21,0,0,0,0,0,0,0,0,0,0,0,0,0,0,0,0,0
10_7,10.325,-61.42499999999999,22,1,0,0,0,0,0,0,0,0,0,0,0,0,0,0,0,0
10_7,10.325,-61.42499999999999,23,0,0,0,0,0,0,0,0,0,0,0,0,0,0,0,0,0
10_7,10.325,-61.42499999999999,24,0,0,0,0,0,0,0,0,0,0,0,0,0,0,0,0,0
10_7,10.325,-61.42499999999999,25,0,0,0,0,0,0,0,0,0,0,0,0,0,0,0,0,0
10_7,10.325,-61.42499999999999,26,0,0,0,0,0,0,0,0,0,0,0,0,0,0,0,0,0
10_7,10.325,-61.42499999999999,27,0,0,0,0,0,0,0,0,0,0,0,0,0,0,0,0,0
10_7,10.325,-61.42499999999999,28,0,0,0,0,0,0,0,0,0,0,0,0,0,0,0,0,0
10_7,10.325,-61.42499999999999,29,0,0,0,0,0,0,0,0,0,0,0,0,0,0,0,0,0
10_7,10.325,-61.42499999999999,30,2,0,0,0,0,0,0,0,0,0,0,0,0,0,0,0,0
10_7,10.325,-61.42499999999999,31,0,0,0,0,0,0,0,0,0,0.23893207353931104,0,0,0,0,0,0,0
10_7,10.325,-61.42499999999999,32,0,0,0,0,0,0,0,0,0,0,0.23893207353931104,0,0,0,0,0,0
10_7,10.325,-61.42499999999999,33,0,0,0,0,0,0,0,0,0,0,0,0.23893207353931104,0,0,0,0,0
10_7,10.325,-61.42499999999999,34,0,0,0,0,0,0,0,0,0,0,0,0,0.23893207353931104,0,0,0,0
10_7,10.325,-61.42499999999999,35,0,0,0,0,0,0,0,0,0,0,0,0,0,0.23893207353931104,0,0,0
10_7,10.325,-61.42499999999999,36,0,0,0,0,0,0,0,0,0,0,0,0,0,0,0.23893207353931104,0,0
10_7,10.325,-61.42499999999999,37,0,0,0,0,0,0,0,0,0,0,0,0,0,0,0,0.23893207353931104,0
10_7,10.325,-61.42499999999999,38,0,0,0,0,0,0,0,0,0,0.22571446448898416,0,0,0,0,0,0,0.23893207353931104
10_7,10.325,-61.42499999999999,39,0,0,0,0,0,0,0,0,0,0,0.22571446448898416,0,0,0,0,0,0
10_7,10.325,-61.42499999999999,40,0,0,0,0,0,0,0,0,0,0,0,0.22571446448898416,0,0,0,0,0
10_7,10.325,-61.42499999999999,41,0,0,0,0,0,0,0,0,0,0,0,0,0.22571446448898416,0,0,0,0
10_7,10.325,-61.42499999999999,42,0,0,0,0,0,0,0,0,0,0,0,0,0,0.22571446448898416,0,0,0
10_7,10.325,-61.42499999999999,43,0,0,0,0,0,0,0,0,0,0,0,0,0,0,0.22571446448898416,0,0
10_7,10.325,-61.42499999999999,44,1,0,0,0,0,0,0,0,0,0,0,0,0,0,0,0.22571446448898416,0
10_7,10.325,-61.42499999999999,45,0,0,0,0,0,0,0,0,0,0,0,0,0,0,0,0,0.22571446448898416
10_7,10.325,-61.42499999999999,46,0,0,0,0,0,0,0,0,0,0,0,0,0,0,0,0,0
10_7,10.325,-61.42499999999999,47,1,0,0,0,0,0,0,0,0,0,0,0,0,0,0,0,0
10_7,10.325,-61.42499999999999,48,0,0,0,0,0,0,0,0,0,0,0,0,0,0,0,0,0
10_7,10.325,-61.42499999999999,49,0,0,0,0,0,0,0,0,0,0,0,0,0,0,0,0,0
10_7,10.325,-61.42499999999999,50,2,0,0,0,0,0,0,0,0,0,0,0,0,0,0,0,0
10_7,10.325,-61.42499999999999,51,1,0,0,0,0,0,0,0,0,0,0,0,0,0,0,0,0
10_7,10.325,-61.42499999999999,52,0,0,0,0,0,0,0,0,0,0,0,0,0,0,0,0,0
10_8,10.375,-61.425,0,0,0,,,,,,,,0,,,,,,,
10_8,10.375,-61.425,1,0,0,0,,,,,,,0,0,,,,,,
10_8,10.375,-61.425,2,0,0,0,0,,,,,,0,0,0,,,,,
10_8,10.375,-61.425,3,1,0,0,0,0,,,,,0,0,0,0,,,,
10_8,10.375,-61.425,4,0,0,0,0,0,0,,,,0,0,0,0,0,,,
10_8,10.375,-61.425,5,0,0,0,0,0,0,0,,,0,0,0,0,0,0,,
10_8,10.375,-61.425,6,1,0,0,0,0,0,0,0,,0,0,0,0,0,0,0,
10_8,10.375,-61.425,7,1,0,0,0,0,0,0,0,0,0,0,0,0,0,0,0,0
10_8,10.375,-61.425,8,0,0,0,0,0,0,0,0,0,0,0,0,0,0,0,0,0
10_8,10.375,-61.425,9,0,0,0,0,0,0,0,0,0,0,0,0,0,0,0,0,0
10_8,10.375,-61.425,10,0,0,0,0,0,0,0,0,0,0,0,0,0,0,0,0,0
10_8,10.375,-61.425,11,0,0,0,0,0,0,0,0,0,0,0,0,0,0,0,0,0
10_8,10.375,-61.425,12,1,0,0,0,0,0,0,0,0,0,0,0,0,0,0,0,0
10_8,10.375,-61.425,13,0,0,0,0,0,0,0,0,0,0,0,0,0,0,0,0,0
10_8,10.375,-61.425,14,0,0,0,0,0,0,0,0,0,0,0,0,0,0,0,0,0
10_8,10.375,-61.425,15,0,0,0,0,0,0,0,0,0,0,0,0,0,0,0,0,0
10_8,10.375,-61.425,16,0,0,0,0,0,0,0,0,0,0,0,0,0,0,0,0,0
10_8,10.375,-61.425,17,0,0,0,0,0,0,0,0,0,0,0,0,0,0,0,0,0
10_8,10.375,-61.425,18,0,0,0,0,0,0,0,0,0,0,0,0,0,0,0,0,0
10_8,10.375,-61.425,19,0,0,0,0,0,0,0,0,0,0,0,0,0,0,0,0,0
10_8,10.375,-61.425,20,0,0,0,0,0,0,0,0,0,0,0,0,0,0,0,0,0
10_8,10.375,-61.425,21,0,0,0,0,0,0,0,0,0,0,0,0,0,0,0,0,0
10_8,10.375,-61.425,22,0,0,0,0,0,0,0,0,0,0,0,0,0,0,0,0,0
10_8,10.375,-61.425,23,0,0,0,0,0,0,0,0,0,0,0,0,0,0,0,0,0
10_8,10.375,-61.425,24,0,0,0,0,0,0,0,0,0,0,0,0,0,0,0,0,0
10_8,10.375,-61.425,25,0,0,0,0,0,0,0,0,0,0,0,0,0,0,0,0,0
10_8,10.375,-61.425,26,0,0,0,0,0,0,0,0,0,0,0,0,0,0,0,0,0
10_8,10.375,-61.425,27,0,0,0,0,0,0,0,0,0,0,0,0,0,0,0,0,0
10_8,10.375,-61.425,28,0,0,0,0,0,0,0,0,0,0,0,0,0,0,0,0,0
10_8,10.375,-61.425,29,1,0,0,0,0,0,0,0,0,0,0,0,0,0,0,0,0
10_8,10.375,-61.425,30,0,0,0,0,0,0,0,0,0,0,0,0,0,0,0,0,0
10_8,10.375,-61.425,31,0,0,0,0,0,0,0,0,0,0.17797402983572033,0,0,0,0,0,0,0
10_8,10.375,-61.425,32,0,0,0,0,0,0,0,0,0,0,0.17797402983572033,0,0,0,0,0,0
10_8,10.375,-61.425,33,0,0,0,0,0,0,0,0,0,0,0,0.17797402983572033,0,0,0,0,0
10_8,10.375,-61.425,34,0,0,0,0,0,0,0,0,0,0,0,0,0.17797402983572033,0,0,0,0
10_8,10.375,-61.425,35,0,0,0,0,0,0,0,0,0,0,0,0,0,0.17797402983572033,0,0,0
10_8,10.375,-61.425,36,0,0,0,0,0,0,0,0,0,0,0,0,0,0,0.17797402983572033,0,0
10_8,10.375,-61.425,37,0,0,0,0,0,0,0,0,0,0,0,0,0,0,0,0.17797402983572033,0
10_8,10.375,-61.425,38,0,0,0,0,0,0,0,0,0,0.1897958787161616,0,0,0,0,0,0,0.17797402983572033
10_8,10.375,-61.425,39,0,0,0,0,0,0,0,0,0,0,0.1897958787161616,0,0,0,0,0,0
10_8,10.375,-61.425,40,0,0,0,0,0,0,0,0,0,0,0,0.1897958787161616,0,0,0,0,0
10_8,10.375,-61.425,41,0,0,0,0,0,0,0,0,0,0,0,0,0.1897958787161616,0,0,0,0
10_8,10.375,-61.425,42,0,0,0,0,0,0,0,0,0,0,0,0,0,0.1897958787161616,0,0,0
10_8,10.375,-61.425,43,0,0,0,0,0,0,0,0,0,0,0,0,0,0,0.1897958787161616,0,0
10_8,10.375,-61.425,44,1,0,0,0,0,0,0,0,0,0,0,0,0,0,0,0.1897958787161616,0
10_8,10.375,-61.425,45,1,0,0,0,0,0,0,0,0,0,0,0,0,0,0,0,0.1897958787161616
10_8,10.375,-61.425,46,0,0,0,0,0,0,0,0,0,0,0,0,0,0,0,0,0
10_8,10.375,-61.425,47,0,0,0,0,0,0,0,0,0,0,0,0,0,0,0,0,0
10_8,10.375,-61.425,48,0,0,0,0,0,0,0,0,0,0,0,0,0,0,0,0,0
10_8,10.375,-61.425,49,1,0,0,0,0,0,0,0,0,0,0,0,0,0,0,0,0
10_8,10.375,-61.425,50,0,0,0,0,0,0,0,0,0,0,0,0,0,0,0,0,0
10_8,10.375,-61.425,51,0,0,0,0,0,0,0,0,0,0,0,0,0,0,0,0,0
10_8,10.375,-61.425,52,0,0,0,0,0,0,0,0,0,0,0,0,0,0,0,0,0
10_9,10.425,-61.42499999999999,0,1,0,,,,,,,,0,,,,,,,
10_9,10.425,-61.42499999999999,1,0,0,0,,,,,,,0,0,,,,,,
10_9,10.425,-61.42499999999999,2,0,0,0,0,,,,,,0,0,0,,,,,
10_9,10.425,-61.42499999999999,3,0,0,0,0,0,,,,,0,0,0,0,,,,
10_9,10.425,-61.42499999999999,4,0,0,0,0,0,0,,,,0,0,0,0,0,,,
10_9,10.425,-61.42499999999999,5,0,0,0,0,0,0,0,,,0,0,0,0,0,0,,
10_9,10.425,-61.42499999999999,6,0,0,0,0,0,0,0,0,,0,0,0,0,0,0,0,
10_9,10.425,-61.42499999999999,7,1,0,0,0,0,0,0,0,0,0,0,0,0,0,0,0,0
10_9,10.425,-61.42499999999999,8,0,0,0,0,0,0,0,0,0,0,0,0,0,0,0,0,0
10_9,10.425,-61.42499999999999,9,0,0,0,0,0,0,0,0,0,0,0,0,0,0,0,0,0
10_9,10.425,-61.42499999999999,10,0,0,0,0,0,0,0,0,0,0,0,0,0,0,0,0,0
10_9,10.425,-61.42499999999999,11,0,0,0,0,0,0,0,0,0,0,0,0,0,0,0,0,0
10_9,10.425,-61.42499999999999,12,0,0,0,0,0,0,0,0,0,0,0,0,0,0,0,0,0
10_9,10.425,-61.42499999999999,13,0,0,0,0,0,0,0,0,0,0,0,0,0,0,0,0,0
10_9,10.425,-61.42499999999999,14,0,0,0,0,0,0,0,0,0,0,0,0,0,0,0,0,0
10_9,10.425,-61.42499999999999,15,0,0,0,0,0,0,0,0,0,0,0,0,0,0,0,0,0
10_9,10.425,-61.42499999999999,16,0,0,0,0,0,0,0,0,0,0,0,0,0,0,0,0,0
10_9,10.425,-61.42499999999999,17,0,0,0,0,0,0,0,0,0,0,0,0,0,0,0,0,0
10_9,10.425,-61.42499999999999,18,0,0,0,0,0,0,0,0,0,0,0,0,0,0,0,0,0
10_9,10.425,-61.42499999999999,19,0,0,0,0,0,0,0,0,0,0,0,0,0,0,0,0,0
10_9,10.425,-61.42499999999999,20,2,0,0,0,0,0,0,0,0,0,0,0,0,0,0,0,0
10_9,10.425,-61.42499999999999,21,0,0,0,0,0,0,0,0,0,0,0,0,0,0,0,0,0
10_9,10.425,-61.42499999999999,22,0,0,0,0,0,0,0,0,0,0,0,0,0,0,0,0,0
10_9,10.425,-61.42499999999999,23,0,0,0,0,0,0,0,0,0,0,0,0,0,0,0,0,0
10_9,10.425,-61.42499999999999,24,1,0,0,0,0,0,0,0,0,0,0,0,0,0,0,0,0
10_9,10.425,-61.42499999999999,25,0,0,0,0,0,0,0,0,0,0,0,0,0,0,0,0,0
10_9,10.425,-61.42499999999999,26,0,0,0,0,0,0,0,0,0,0,0,0,0,0,0,0,0
10_9,10.425,-61.42499999999999,27,0,0,0,0,0,0,0,0,0,0,0,0,0,0,0,0,0
10_9,10.425,-61.42499999999999,28,0,0,0,0,0,0,0,0,0,0,0,0,0,0,0,0,0
10_9,10.425,-61.42499999999999,29,0,0,0,0,0,0,0,0,0,0,0,0,0,0,0,0,0
10_9,10.425,-61.42499999999999,30,0,1,0,0,0,0,0,0,0,0,0,0,0,0,0,0,0
10_9,10.425,-61.42499999999999,31,0,1,1,0,0,0,0,0,0,0,0,0,0,0,0,0,0
10_9,10.425,-61.42499999999999,32,0,0,1,1,0,0,0,0,0,0,0,0,0,0,0,0,0
10_9,10.425,-61.42499999999999,33,0,0,0,1,1,0,0,0,0,0,0,0,0,0,0,0,0
10_9,10.425,-61.42499999999999,34,0,0,0,0,1,1,0,0,0,0,0,0,0,0,0,0,0
10_9,10.425,-61.42499999999999,35,0,0,0,0,0,1,1,0,0,0,0,0,0,0,0,0,0
10_9,10.425,-61.42499999999999,36,0,0,0,0,0,0,1,1,0,0,0,0,0,0,0,0,0
10_9,10.425,-61.42499999999999,37,0,0,0,0,0,0,0,1,1,0,0,0,0,0,0,0,0
10_9,10.425,-61.42499999999999,38,0,0,0,0,0,0,0,0,1,0.16972670143273655,0,0,0,0,0,0,0
10_9,10.425,-61.42499999999999,39,0,0,0,0,0,0,0,0,0,0,0.16972670143273655,0,0,0,0,0,0
10_9,10.425,-61.42499999999999,40,0,0,0,0,0,0,0,0,0,0,0,0.16972670143273655,0,0,0,0,0
10_9,10.425,-61.42499999999999,41,0,0,0,0,0,0,0,0,0,0,0,0,0.16972670143273655,0,0,0,0
10_9,10.425,-61.42499999999999,42,0,0,0,0,0,0,0,0,0,0,0,0,0,0.16972670143273655,0,0,0
10_9,10.425,-61.42499999999999,43,0,0,0,0,0,0,0,0,0,0,0,0,0,0,0.16972670143273655,0,0
10_9,10.425,-61.42499999999999,44,0,0,0,0,0,0,0,0,0,0,0,0,0,0,0,0.16972670143273655,0
10_9,10.425,-61.42499999999999,45,0,0,0,0,0,0,0,0,0,0,0,0,0,0,0,0,0.16972670143273655
10_9,10.425,-61.42499999999999,46,0,0,0,0,0,0,0,0,0,0,0,0,0,0,0,0,0
10_9,10.425,-61.42499999999999,47,0,0,0,0,0,0,0,0,0,0,0,0,0,0,0,0,0
10_9,10.425,-61.42499999999999,48,0,0,0,0,0,0,0,0,0,0,0,0,0,0,0,0,0
10_9,10.425,-61.42499999999999,49,2,0,0,0,0,0,0,0,0,0,0,0,0,0,0,0,0
10_9,10.425,-61.42499999999999,50,0,0,0,0,0,0,0,0,0,0,0,0,0,0,0,0,0
10_9,10.425,-61.42499999999999,51,1,0,0,0,0,0,0,0,0,0,0,0,0,0,0,0,0
10_9,10.425,-61.42499999999999,52,0,0,0,0,0,0,0,0,0,0,0,0,0,0,0,0,0
10_10,10.475,-61.425,0,0,0,,,,,,,,0,,,,,,,
10_10,10.475,-61.425,1,0,0,0,,,,,,,0,0,,,,,,
10_10,10.475,-61.425,2,1,0,0,0,,,,,,0,0,0,,,,,
10_10,10.475,-61.425,3,1,0,0,0,0,,,,,0,0,0,0,,,,
10_10,10.475,-61.425,4,1,0,0,0,0,0,,,,0,0,0,0,0,,,
10_10,10.475,-61.425,5,0,0,0,0,0,0,0,,,0,0,0,0,0,0,,
10_10,10.475,-61.425,6,0,0,0,0,0,0,0,0,,0,0,0,0,0,0,0,
10_10,10.475,-61.425,7,0,0,0,0,0,0,0,0,0,0,0,0,0,0,0,0,0
10_10,10.475,-61.425,8,0,0,0,0,0,0,0,0,0,0,0,0,0,0,0,0,0
10_10,10.475,-61.425,9,0,0,0,0,0,0,0,0,0,0,0,0,0,0,0,0,0
10_10,10.475,-61.425,10,2,0,0,0,0,0,0,0,0,0,0,0,0,0,0,0,0
10_10,10.475,-61.425,11,0,0,0,0,0,0,0,0,0,0,0,0,0,0,0,0,0
10_10,10.475,-61.425,12,1,0,0,0,0,0,0,0,0,0,0,0,0,0,0,0,0
10_10,10.475,-61.425,13,0,0,0,0,0,0,0,0,0,0,0,0,0,0,0,0,0
10_10,10.475,-61.425,14,1,0,0,0,0,0,0,0,0,0,0,0,0,0,0,0,0
10_10,10.475,-61.425,15,2,0,0,0,0,0,0,0,0,0,0,0,0,0,0,0,0
10_10,10.475,-61.425,16,0,0,0,0,0,0,0,0,0,0,0,0,0,0,0,0,0
10_10,10.475,-61.425,17,1,0,0,0,0,0,0,0,0,0,0,0,0,0,0,0,0
10_10,10.475,-61.425,18,1,0,0,0,0,0,0,0,0,0,0,0,0,0,0,0,0
10_10,10.475,-61.425,19,1,0,0,0,0,0,0,0,0,0,0,0,0,0,0,0,0
10_10,10.475,-61.425,20,1,0,0,0,0,0,0,0,0,0,0,0,0,0,0,0,0
10_10,10.475,-61.425,21,0,0,0,0,0,0,0,0,0,0,0,0,0,0,0,0,0
10_10,10.475,-61.425,22,1,0,0,0,0,0,0,0,0,0,0,0,0,0,0,0,0
10_10,10.475,-61.425,23,0,0,0,0,0,0,0,0,0,0,0,0,0,0,0,0,0
10_10,10.475,-61.425,24,0,0,0,0,0,0,0,0,0,0,0,0,0,0,0,0,0
10_10,10.475,-61.425,25,0,0,0,0,0,0,0,0,0,0,0,0,0,0,0,0,0
10_10,10.475,-61.425,26,0,0,0,0,0,0,0,0,0,0,0,0,0,0,0,0,0
10_10,10.475,-61.425,27,0,0,0,0,0,0,0,0,0,0,0,0,0,0,0,0,0
10_10,10.475,-61.425,28,2,0,0,0,0,0,0,0,0,0,0,0,0,0,0,0,0
10_10,10.475,-61.425,29,0,0,0,0,0,0,0,0,0,0,0,0,0,0,0,0,0
10_10,10.475,-61.425,30,0,0,0,0,0,0,0,0,0,0.23038223462744084,0,0,0,0,0,0,0
10_10,10.475,-61.425,31,0,0,0,0,0,0,0,0,0,0.23663478728729095,0.23038223462744084,0,0,0,0,0,0
10_10,10.475,-61.425,32,0,0,0,0,0,0,0,0,0,0,0.23663478728729095,0.23038223462744084,0,0,0,0,0
10_10,10.475,-61.425,33,0,1,0,0,0,0,0,0,0,0,0,0.23663478728729095,0.23038223462744084,0,0,0,0
10_10,10.475,-61.425,34,0,0,1,0,0,0,0,0,0,0,0,0,0.23663478728729095,0.23038223462744084,0,0,0
10_10,10.475,-61.425,35,0,0,0,1,0,0,0,0,0,0,0,0,0,0.23663478728729095,0.23038223462744084,0,0
10_10,10.475,-61.425,36,2,0,0,0,1,0,0,0,0,0,0,0,0,0,0.23663478728729095,0.23038223462744084,0
10_10,10.475,-61.425,37,0,0,0,0,0,1,0,0,0,0,0,0,0,0,0,0.23663478728729095,0.23038223462744084
10_10,10.475,-61.425,38,0,0,0,0,0,0,1,0,0,0,0,0,0,0,0,0,0.23663478728729095
10_10,10.475,-61.425,39,1,0,0,0,0,0,0,1,0,0,0,0,0,0,0,0,0
10_10,10.475,-61.425,40,0,0,0,0,0,0,0,0,1,0,0,0,0,0,0,0,0
10_10,10.475,-61.425,41,0,0,0,0,0,0,0,0,0,0,0,0,0,0,0,0,0
10_10,10.475,-61.425,42,0,0,0,0,0,0,0,0,0,0,0,0,0,0,0,0,0
10_10,10.475,-61.425,43,0,0,0,0,0,0,0,0,0,0,0,0,0,0,0,0,0
10_10,10.475,-61.425,44,0,0,0,0,0,0,0,0,0,0,0,0,0,0,0,0,0
10_10,10.475,-61.425,45,0,0,0,0,0,0,0,0,0,0,0,0,0,0,0,0,0
10_10,10.475,-61.425,46,0,0,0,0,0,0,0,0,0,0,0,0,0,0,0,0,0
10_10,10.475,-61.425,47,1,0,0,0,0,0,0,0,0,0,0,0,0,0,0,0,0
10_10,10.475,-61.425,48,0,0,0,0,0,0,0,0,0,0,0,0,0,0,0,0,0
10_10,10.475,-61.425,49,0,0,0,0,0,0,0,0,0,0,0,0,0,0,0,0,0
10_10,10.475,-61.425,50,0,0,0,0,0,0,0,0,0,0,0,0,0,0,0,0,0
10_10,10.475,-61.425,51,0,0,0,0,0,0,0,0,0,0,0,0,0,0,0,0,0
10_10,10.475,-61.425,52,0,0,0,0,0,0,0,0,0,0,0,0,0,0,0,0,0
10_11,10.525,-61.425,0,2,0,,,,,,,,0,,,,,,,
10_11,10.525,-61.425,1,0,0,0,,,,,,,0,0,,,,,,
10_11,10.525,-61.425,2,0,0,0,0,,,,,,0,0,0,,,,,
10_11,10.525,-61.425,3,0,0,0,0,0,,,,,0,0,0,0,,,,
10_11,10.525,-61.425,4,0,0,0,0,0,0,,,,0,0,0,0,0,,,
10_11,10.525,-61.425,5,2,0,0,0,0,0,0,,,1.0197150923866074,0,0,0,0,0,,
10_11,10.525,-61.425,6,0,0,0,0,0,0,0,0,,0,1.0197150923866074,0,0,0,0,0,
10_11,10.525,-61.425,7,0,0,0,0,0,0,0,0,0,0,0,1.0197150923866074,0,0,0,0,0
10_11,10.525,-61.425,8,0,0,0,0,0,0,0,0,0,0,0,0,1.0197150923866074,0,0,0,0
10_11,10.525,-61.425,9,0,0,0,0,0,0,0,0,0,0,0,0,0,1.0197150923866074,0,0,0
10_11,10.525,-61.425,10,0,0,0,0,0,0,0,0,0,0,0,0,0,0,1.0197150923866074,0,0
10_11,10.525,-61.425,11,0,0,0,0,0,0,0,0,0,0,0,0,0,0,0,1.0197150923866074,0
10_11,10.525,-61.425,12,0,0,0,0,0,0,0,0,0,0,0,0,0,0,0,0,1.0197150923866074
10_11,10.525,-61.425,13,0,0,0,0,0,0,0,0,0,0,0,0,0,0,0,0,0
10_11,10.525,-61.425,14,0,0,0,0,0,0,0,0,0,0,0,0,0,0,0,0,0
10_11,10.525,-61.425,15,0,0,0,0,0,0,0,0,0,0,0,0,0,0,0,0,0
10_11,10.525,-61.425,16,0,0,0,0,0,0,0,0,0,0,0,0,0,0,0,0,0
10_11,10.525,-61.425,17,0,0,0,0,0,0,0,0,0,0,0,0,0,0,0,0,0
10_11,10.525,-61.425,18,1,0,0,0,0,0,0,0,0,0,0,0,0,0,0,0,0
10_11,10.525,-61.425,19,2,0,0,0,0,0,0,0,0,0,0,0,0,0,0,0,0
10_11,10.525,-61.425,20,0,0,0,0,0,0,0,0,0,0,0,0,0,0,0,0,0
10_11,10.525,-61.425,21,1,0,0,0,0,0,0,0,0,0,0,0,0,0,0,0,0
10_11,10.525,-61.425,22,0,0,0,0,0,0,0,0,0,0,0,0,0,0,0,0,0
10_11,10.525,-61.425,23,1,0,0,0,0,0,0,0,0,0,0,0,0,0,0,0,0
10_11,10.525,-61.425,24,2,0,0,0,0,0,0,0,0,0,0,0,0,0,0,0,0
10_11,10.525,-61.425,25,1,0,0,0,0,0,0,0,0,0,0,0,0,0,0,0,0
10_11,10.525,-61.425,26,0,0,0,0,0,0,0,0,0,0,0,0,0,0,0,0,0
10_11,10.525,-61.425,27,1,0,0,0,0,0,0,0,0,0,0,0,0,0,0,0,0
10_11,10.525,-61.425,28,0,0,0,0,0,0,0,0,0,0,0,0,0,0,0,0,0
10_11,10.525,-61.425,29,0,0,0,0,0,0,0,0,0,0,0,0,0,0,0,0,0
10_11,10.525,-61.425,30,0,0,0,0,0,0,0,0,0,0,0,0,0,0,0,0,0
10_11,10.525,-61.425,31,0,0,0,0,0,0,0,0,0,0,0,0,0,0,0,0,0
10_11,10.525,-61.425,32,1,0,0,0,0,0,0,0,0,0,0,0,0,0,0,0,0
10_11,10.525,-61.425,33,0,0,0,0,0,0,0,0,0,0.1992094084728261,0,0,0,0,0,0,0
10_11,10.525,-61.425,34,0,0,0,0,0,0,0,0,0,0,0.1992094084728261,0,0,0,0,0,0
10_11,10.525,-61.425,35,0,0,0,0,0,0,0,0,0,0.8029171340745244,0,0.1992094084728261,0,0,0,0,0
10_11,10.525,-61.425,36,0,0,0,0,0,0,0,0,0,0,0.8029171340745244,0,0.1992094084728261,0,0,0,0
10_11,10.525,-61.425,37,0,0,0,0,0,0,0,0,0,0,0,0.8029171340745244,0,0.1992094084728261,0,0,0
10_11,10.525,-61.425,38,1,0,0,0,0,0,0,0,0,0,0,0,0.8029171340745244,0,0.1992094084728261,0,0
10_11,10.525,-61.425,39,0,0,0,0,0,0,0,0,0,0,0,0,0,0.8029171340745244,0,0.1992094084728261,0
10_11,10.525,-61.425,40,0,0,0,0,0,0,0,0,0,0,0,0,0,0,0.8029171340745244,0,0.1992094084728261
10_11,10.525,-61.425,41,0,0,0,0,0,0,0,0,0,0,0,0,0,0,0,0.8029171340745244,0
10_11,10.525,-61.425,42,0,0,0,0,0,0,0,0,0,0.44911285402723994,0,0,0,0,0,0,0.8029171340745244
10_11,10.525,-61.425,43,0,0,0,0,0,0,0,0,0,0,0.44911285402723994,0,0,0,0,0,0
10_11,10.525,-61.425,44,0,0,0,0,0,0,0,0,0,0,0,0.44911285402723994,0,0,0,0,0
10_11,10.525,-61.425,45,0,0,0,0,0,0,0,0,0,0,0,0,0.44911285402723994,0,0,0,0
10_11,10.525,-61.425,46,0,0,0,0,0,0,0,0,0,0,0,0,0,0.44911285402723994,0,0,0
10_11,10.525,-61.425,47,0,0,0,0,0,0,0,0,0,0,0,0,0,0,0.44911285402723994,0,0
10_11,10.525,-61.425,48,0,0,0,0,0,0,0,0,0,0,0,0,0,0,0,0.44911285402723994,0
10_11,10.525,-61.425,49,2,0,0,0,0,0,0,0,0,0,0,0,0,0,0,0,0.44911285402723994
10_11,10.525,-61.425,50,1,0,0,0,0,0,0,0,0,0,0,0,0,0,0,0,0
10_11,10.525,-61.425,51,0,0,0,0,0,0,0,0,0,0,0,0,0,0,0,0,0
10_11,10.525,-61.425,52,0,0,0,0,0,0,0,0,0,0,0,0,0,0,0,0,0
10_12,10.575,-61.42499999999999,0,0,0,,,,,,,,0,,,,,,,
10_12,10.575,-61.42499999999999,1,0,0,0,,,,,,,0,0,,,,,,
10_12,10.575,-61.42499999999999,2,0,0,0,0,,,,,,0,0,0,,,,,
10_12,10.575,-61.42499999999999,3,0,0,0,0,0,,,,,0,0,0,0,,,,
10_12,10.575,-61.42499999999999,4,0,0,0,0,0,0,,,,0,0,0,0,0,,,
10_12,10.575,-61.42499999999999,5,0,0,0,0,0,0,0,,,0,0,0,0,0,0,,
10_12,10.575,-61.42499999999999,6,0,0,0,0,0,0,0,0,,0,0,0,0,0,0,0,
10_12,10.575,-61.42499999999999,7,0,0,0,0,0,0,0,0,0,0,0,0,0,0,0,0,0
10_12,10.575,-61.42499999999999,8,0,0,0,0,0,0,0,0,0,0,0,0,0,0,0,0,0
10_12,10.575,-61.42499999999999,9,0,0,0,0,0,0,0,0,0,0,0,0,0,0,0,0,0
10_12,10.575,-61.42499999999999,10,0,0,0,0,0,0,0,0,0,0,0,0,0,0,0,0,0
10_12,10.575,-61.42499999999999,11,0,0,0,0,0,0,0,0,0,0,0,0,0,0,0,0,0
10_12,10.575,-61.42499999999999,12,0,0,0,0,0,0,0,0,0,0,0,0,0,0,0,0,0
10_12,10.575,-61.42499999999999,13,0,0,0,0,0,0,0,0,0,0,0,0,0,0,0,0,0
10_12,10.575,-61.42499999999999,14,0,0,0,0,0,0,0,0,0,0,0,0,0,0,0,0,0
10_12,10.575,-61.42499999999999,15,0,0,0,0,0,0,0,0,0,0,0,0,0,0,0,0,0
10_12,10.575,-61.42499999999999,16,1,0,0,0,0,0,0,0,0,0,0,0,0,0,0,0,0
10_12,10.575,-61.42499999999999,17,0,0,0,0,0,0,0,0,0,0,0,0,0,0,0,0,0
10_12,10.575,-61.42499999999999,18,0,0,0,0,0,0,0,0,0,0,0,0,0,0,0,0,0
10_12,10.575,-61.42499999999999,19,0,0,0,0,0,0,0,0,0,0,0,0,0,0,0,0,0
10_12,10.575,-61.42499999999999,20,0,0,0,0,0,0,0,0,0,0,0,0,0,0,0,0,0
10_12,10.575,-61.42499999999999,21,0,0,0,0,0,0,0,0,0,0,0,0,0,0,0,0,0
10_12,10.575,-61.42499999999999,22,0,0,0,0,0,0,0,0,0,0,0,0,0,0,0,0,0
10_12,10.575,-61.42499999999999,23,0,0,0,0,0,0,0,0,0,0,0,0,0,0,0,0,0
10_12,10.575,-61.42499999999999,24,0,0,0,0,0,0,0,0,0,0,0,0,0,0,0,0,0
10_12,10.575,-61.42499999999999,25,0,0,0,0,0,0,0,0,0,0,0,0,0,0,0,0,0
10_12,10.575,-61.42499999999999,26,0,0,0,0,0,0,0,0,0,0,0,0,0,0,0,0,0
10_12,10.575,-61.42499999999999,27,0,0,0,0,0,0,0,0,0,0,0,0,0,0,0,0,0
10_12,10.575,-61.42499999999999,28,0,0,0,0,0,0,0,0,0,0,0,0,0,0,0,0,0
10_12,10.575,-61.42499999999999,29,0,0,0,0,0,0,0,0,0,0,0,0,0,0,0,0,0
10_12,10.575,-61.42499999999999,30,0,0,0,0,0,0,0,0,0,0,0,0,0,0,0,0,0
10_12,10.575,-61.42499999999999,31,0,0,0,0,0,0,0,0,0,0.18336605831916394,0,0,0,0,0,0,0
10_12,10.575,-61.42499999999999,32,0,0,0,0,0,0,0,0,0,0,0.18336605831916394,0,0,0,0,0,0
10_12,10.575,-61.42499999999999,33,0,0,0,0,0,0,0,0,0,0,0,0.18336605831916394,0,0,0,0,0
10_12,10.575,-61.42499999999999,34,0,0,0,0,0,0,0,0,0,0,0,0,0.18336605831916394,0,0,0,0
10_12,10.575,-61.42499999999999,35,0,0,0,0,0,0,0,0,0,0,0,0,0,0.18336605831916394,0,0,0
10_12,10.575,-61.42499999999999,36,0,0,0,0,0,0,0,0,0,0,0,0,0,0,0.18336605831916394,0,0
10_12,10.575,-61.42499999999999,37,0,0,0,0,0,0,0,0,0,0,0,0,0,0,0,0.18336605831916394,0
10_12,10.575,-61.42499999999999,38,0,0,0,0,0,0,0,0,0,0,0,0,0,0,0,0,0.18336605831916394
10_12,10.575,-61.42499999999999,39,0,0,0,0,0,0,0,0,0,0,0,0,0,0,0,0,0
10_12,10.575,-61.42499999999999,40,0,0,0,0,0,0,0,0,0,0,0,0,0,0,0,0,0
10_12,10.575,-61.42499999999999,41,0,0,0,0,0,0,0,0,0,0,0,0,0,0,0,0,0
10_12,10.575,-61.42499999999999,42,0,0,0,0,0,0,0,0,0,0,0,0,0,0,0,0,0
10_12,10.575,-61.42499999999999,43,0,0,0,0,0,0,0,0,0,0,0,0,0,0,0,0,0
10_12,10.575,-61.42499999999999,44,0,0,0,0,0,0,0,0,0,0,0,0,0,0,0,0,0
10_12,10.575,-61.42499999999999,45,0,0,0,0,0,0,0,0,0,0,0,0,0,0,0,0,0
10_12,10.575,-61.42499999999999,46,0,0,0,0,0,0,0,0,0,0,0,0,0,0,0,0,0
10_12,10.575,-61.42499999999999,47,0,0,0,0,0,0,0,0,0,0,0,0,0,0,0,0,0
10_12,10.575,-61.42499999999999,48,0,0,0,0,0,0,0,0,0,0,0,0,0,0,0,0,0
10_12,10.575,-61.42499999999999,49,0,0,0,0,0,0,0,0,0,0,0,0,0,0,0,0,0
10_12,10.575,-61.42499999999999,50,0,0,0,0,0,0,0,0,0,0,0,0,0,0,0,0,0
10_12,10.575,-61.42499999999999,51,0,0,0,0,0,0,0,0,0,0,0,0,0,0,0,0,0
10_12,10.575,-61.42499999999999,52,0,0,0,0,0,0,0,0,0,0,0,0,0,0,0,0,0
10_13,10.625,-61.425,0,0,0,,,,,,,,0,,,,,,,
10_13,10.625,-61.425,1,0,0,0,,,,,,,0,0,,,,,,
10_13,10.625,-61.425,2,0,0,0,0,,,,,,0,0,0,,,,,
10_13,10.625,-61.425,3,1,0,0,0,0,,,,,0,0,0,0,,,,
10_13,10.625,-61.425,4,1,0,0,0,0,0,,,,0,0,0,0,0,,,
10_13,10.625,-61.425,5,0,0,0,0,0,0,0,,,0.5487229569755403,0,0,0,0,0,,
10_13,10.625,-61.425,6,0,0,0,0,0,0,0,0,,0.1818928183711358,0.5487229569755403,0,0,0,0,0,
10_13,10.625,-61.425,7,1,0,0,0,0,0,0,0,0,0,0.1818928183711358,0.5487229569755403,0,0,0,0,0
10_13,10.625,-61.425,8,0,0,0,0,0,0,0,0,0,0,0,0.1818928183711358,0.5487229569755403,0,0,0,0
10_13,10.625,-61.425,9,0,0,0,0,0,0,0,0,0,0,0,0,0.1818928183711358,0.5487229569755403,0,0,0
10_13,10.625,-61.425,10,0,0,0,0,0,0,0,0,0,0,0,0,0,0.1818928183711358,0.5487229569755403,0,0
10_13,10.625,-61.425,11,0,0,0,0,0,0,0,0,0,0,0,0,0,0,0.1818928183711358,0.5487229569755403,0
10_13,10.625,-61.425,12,1,0,0,0,0,0,0,0,0,0,0,0,0,0,0,0.1818928183711358,0.5487229569755403
10_13,10.625,-61.425,13,1,0,0,0,0,0,0,0,0,0,0,0,0,0,0,0,0.1818928183711358
10_13,10.625,-61.425,14,1,0,0,0,0,0,0,0,0,0,0,0,0,0,0,0,0
10_13,10.625,-61.425,15,0,0,0,0,0,0,0,0,0,0,0,0,0,0,0,0,0
10_13,10.625,-61.425,16,1,0,0,0,0,0,0,0,0,0,0,0,0,0,0,0,0
10_13,10.625,-61.425,17,0,0,0,0,0,0,0,0,0,0,0,0,0,0,0,0,0
10_13,10.625,-61.425,18,0,0,0,0,0,0,0,0,0,0,0,0,0,0,0,0,0
10_13,10.625,-61.425,19,0,0,0,0,0,0,0,0,0,0,0,0,0,0,0,0,0
10_13,10.625,-61.425,20,0,0,0,0,0,0,0,0,0,0,0,0,0,0,0,0,0
10_13,10.625,-61.425,21,1,0,0,0,0,0,0,0,0,0,0,0,0,0,0,0,0
10_13,10.625,-61.425,22,0,0,0,0,0,0,0,0,0,0,0,0,0,0,0,0,0
10_13,10.625,-61.425,23,1,0,0,0,0,0,0,0,0,0,0,0,0,0,0,0,0
10_13,10.625,-61.425,24,0,0,0,0,0,0,0,0,0,0,0,0,0,0,0,0,0
10_13,10.625,-61.425,25,0,0,0,0,0,0,0,0,0,0,0,0,0,0,0,0,0
10_13,10.625,-61.425,26,1,0,0,0,0,0,0,0,0,0,0,0,0,0,0,0,0
10_13,10.625,-61.425,27,0,0,0,0,0,0,0,0,0,0,0,0,0,0,0,0,0
10_13,10.625,-61.425,28,0,0,0,0,0,0,0,0,0,0,0,0,0,0,0,0,0
10_13,10.625,-61.425,29,1,1,0,0,0,0,0,0,0,0.19574128541370067,0,0,0,0,0,0,0
10_13,10.625,-61.425,30,0,0,1,0,0,0,0,0,0,0.2779928155090936,0.19574128541370067,0,0,0,0,0,0
10_13,10.625,-61.425,31,0,0,0,1,0,0,0,0,0,0.43059398026459317,0.2779928155090936,0.19574128541370067,0,0,0,0,0
10_13,10.625,-61.425,32,0,0,0,0,1,0,0,0,0,0.3951459309210885,0.43059398026459317,0.2779928155090936,0.19574128541370067,0,0,0,0
10_13,10.625,-61.425,33,0,0,0,0,0,1,0,0,0,0,0.3951459309210885,0.43059398026459317,0.2779928155090936,0.19574128541370067,0,0,0
10_13,10.625,-61.425,34,1,0,0,0,0,0,1,0,0,0,0,0.3951459309210885,0.43059398026459317,0.2779928155090936,0.19574128541370067,0,0
10_13,10.625,-61.425,35,0,0,0,0,0,0,0,1,0,0,0,0,0.3951459309210885,0.43059398026459317,0.2779928155090936,0.19574128541370067,0
10_13,10.625,-61.425,36,1,0,0,0,0,0,0,0,1,0,0,0,0,0.3951459309210885,0.43059398026459317,0.2779928155090936,0.19574128541370067
10_13,10.625,-61.425,37,1,0,0,0,0,0,0,0,0,0,0,0,0,0,0.3951459309210885,0.43059398026459317,0.2779928155090936
10_13,10.625,-61.425,38,0,0,0,0,0,0,0,0,0,0,0,0,0,0,0,0.3951459309210885,0.43059398026459317
10_13,10.625,-61.425,39,0,0,0,0,0,0,0,0,0,0,0,0,0,0,0,0,0.3951459309210885
10_13,10.625,-61.425,40,0,0,0,0,0,0,0,0,0,0,0,0,0,0,0,0,0
10_13,10.625,-61.425,41,0,0,0,0,0,0,0,0,0,0,0,0,0,0,0,0,0
10_13,10.625,-61.425,42,1,1,0,0,0,0,0,0,0,0,0,0,0,0,0,0,0
10_13,10.625,-61.425,43,2,0,1,0,0,0,0,0,0,0,0,0,0,0,0,0,0
10_13,10.625,-61.425,44,0,0,0,1,0,0,0,0,0,1.2140640235210114,0,0,0,0,0,0,0
10_13,10.625,-61.425,45,0,0,0,0,1,0,0,0,0,0,1.2140640235210114,0,0,0,0,0,0
10_13,10.625,-61.425,46,0,0,0,0,0,1,0,0,0,0,0,1.2140640235210114,0,0,0,0,0
10_13,10.625,-61.425,47,0,0,0,0,0,0,1,0,0,0,0,0,1.2140640235210114,0,0,0,0
10_13,10.625,-61.425,48,0,0,0,0,0,0,0,1,0,0,0,0,0,1.2140640235210114,0,0,0
10_13,10.625,-61.425,49,0,0,0,0,0,0,0,0,1,0,0,0,0,0,1.2140640235210114,0,0
10_13,10.625,-61.425,50,1,0,0,0,0,0,0,0,0,0,0,0,0,0,0,1.2140640235210114,0
10_13,10.625,-61.425,51,1,0,0,0,0,0,0,0,0,0.186216314196613,0,0,0,0,0,0,1.2140640235210114
10_13,10.625,-61.425,52,0,0,0,0,0,0,0,0,0,0,0.186216314196613,0,0,0,0,0,0
10_14,10.675,-61.42499999999999,0,1,0,,,,,,,,0,,,,,,,
10_14,10.675,-61.42499999999999,1,0,0,0,,,,,,,0,0,,,,,,
10_14,10.675,-61.42499999999999,2,0,0,0,0,,,,,,0,0,0,,,,,
10_14,10.675,-61.42499999999999,3,0,0,0,0,0,,,,,0,0,0,0,,,,
10_14,10.675,-61.42499999999999,4,1,0,0,0,0,0,,,,0,0,0,0,0,,,
10_14,10.675,-61.42499999999999,5,0,0,0,0,0,0,0,,,0.5911215513861292,0,0,0,0,0,,
10_14,10.675,-61.42499999999999,6,2,0,0,0,0,0,0,0,,0.17514320805819072,0.5911215513861292,0,0,0,0,0,
10_14,10.675,-61.42499999999999,7,2,0,0,0,0,0,0,0,0,0,0.17514320805819072,0.5911215513861292,0,0,0,0,0
10_14,10.675,-61.42499999999999,8,0,0,0,0,0,0,0,0,0,0,0,0.17514320805819072,0.5911215513861292,0,0,0,0
10_14,10.675,-61.42499999999999,9,0,0,0,0,0,0,0,0,0,0,0,0,0.17514320805819072,0.5911215513861292,0,0,0
10_14,10.675,-61.42499999999999,10,1,0,0,0,0,0,0,0,0,0,0,0,0,0.17514320805819072,0.5911215513861292,0,0
10_14,10.675,-61.42499999999999,11,0,0,0,0,0,0,0,0,0,0,0,0,0,0,0.17514320805819072,0.5911215513861292,0
10_14,10.675,-61.42499999999999,12,0,0,0,0,0,0,0,0,0,0,0,0,0,0,0,0.17514320805819072,0.5911215513861292
10_14,10.675,-61.42499999999999,13,0,0,0,0,0,0,0,0,0,0,0,0,0,0,0,0,0.17514320805819072
10_14,10.675,-61.42499999999999,14,0,0,0,0,0,0,0,0,0,0,0,0,0,0,0,0,0
10_14,10.675,-61.42499999999999,15,1,0,0,0,0,0,0,0,0,0,0,0,0,0,0,0,0
10_14,10.675,-61.42499999999999,16,1,0,0,0,0,0,0,0,0,0,0,0,0,0,0,0,0
10_14,10.675,-61.42499999999999,17,0,0,0,0,0,0,0,0,0,0,0,0,0,0,0,0,0
10_14,10.675,-61.42499999999999,18,0,0,0,0,0,0,0,0,0,0,0,0,0,0,0,0,0
10_14,10.675,-61.42499999999999,19,0,0,0,0,0,0,0,0,0,0,0,0,0,0,0,0,0
10_14,10.675,-61.42499999999999,20,1,0,0,0,0,0,0,0,0,0,0,0,0,0,0,0,0
10_14,10.675,-61.42499999999999,21,2,0,0,0,0,0,0,0,0,0,0,0,0,0,0,0,0
10_14,10.675,-61.42499999999999,22,0,0,0,0,0,0,0,0,0,0,0,0,0,0,0,0,0
10_14,10.675,-61.42499999999999,23,1,0,0,0,0,0,0,0,0,0,0,0,0,0,0,0,0
10_14,10.675,-61.42499999999999,24,1,0,0,0,0,0,0,0,0,0,0,0,0,0,0,0,0
10_14,10.675,-61.42499999999999,25,0,0,0,0,0,0,0,0,0,0,0,0,0,0,0,0,0
10_14,10.675,-61.42499999999999,26,1,0,0,0,0,0,0,0,0,0,0,0,0,0,0,0,0
10_14,10.675,-61.42499999999999,27,0,0,0,0,0,0,0,0,0,0,0,0,0,0,0,0,0
10_14,10.675,-61.42499999999999,28,0,0,0,0,0,0,0,0,0,0,0,0,0,0,0,0,0
10_14,10.675,-61.42499999999999,29,0,0,0,0,0,0,0,0,0,0.42078955788627587,0,0,0,0,0,0,0
10_14,10.675,-61.42499999999999,30,0,0,0,0,0,0,0,0,0,0,0.42078955788627587,0,0,0,0,0,0
10_14,10.675,-61.42499999999999,31,2,0,0,0,0,0,0,0,0,0.21228610545883156,0,0.42078955788627587,0,0,0,0,0
10_14,10.675,-61.42499999999999,32,0,0,0,0,0,0,0,0,0,0.8506806921683632,0.21228610545883156,0,0.42078955788627587,0,0,0,0
10_14,10.675,-61.42499999999999,33,1,0,0,0,0,0,0,0,0,0.178355834628285,0.8506806921683632,0.21228610545883156,0,0.42078955788627587,0,0,0
10_14,10.675,-61.42499999999999,34,0,0,0,0,0,0,0,0,0,0,0.178355834628285,0.8506806921683632,0.21228610545883156,0,0.42078955788627587,0,0
10_14,10.675,-61.42499999999999,35,0,0,0,0,0,0,0,0,0,0,0,0.178355834628285,0.8506806921683632,0.21228610545883156,0,0.42078955788627587,0
10_14,10.675,-61.42499999999999,36,0,0,0,0,0,0,0,0,0,0,0,0,0.178355834628285,0.8506806921683632,0.21228610545883156,0,0.42078955788627587
10_14,10.675,-61.42499999999999,37,0,0,0,0,0,0,0,0,0,0,0,0,0,0.178355834628285,0.8506806921683632,0.21228610545883156,0
10_14,10.675,-61.42499999999999,38,0,0,0,0,0,0,0,0,0,0,0,0,0,0,0.178355834628285,0.8506806921683632,0.21228610545883156
10_14,10.675,-61.42499999999999,39,2,0,0,0,0,0,0,0,0,0,0,0,0,0,0,0.178355834628285,0.8506806921683632
10_14,10.675,-61.42499999999999,40,0,0,0,0,0,0,0,0,0,0,0,0,0,0,0,0,0.178355834628285
10_14,10.675,-61.42499999999999,41,0,0,0,0,0,0,0,0,0,0,0,0,0,0,0,0,0
10_14,10.675,-61.42499999999999,42,1,0,0,0,0,0,0,0,0,0.2808429476375098,0,0,0,0,0,0,0
10_14,10.675,-61.42499999999999,43,1,0,0,0,0,0,0,0,0,0,0.2808429476375098,0,0,0,0,0,0
10_14,10.675,-61.42499999999999,44,0,5,0,0,0,0,0,0,0,0,0,0.2808429476375098,0,0,0,0,0
10_14,10.675,-61.42499999999999,45,2,0,5,0,0,0,0,0,0,0,0,0,0.2808429476375098,0,0,0,0
10_14,10.675,-61.42499999999999,46,2,0,0,5,0,0,0,0,0,0,0,0,0,0.2808429476375098,0,0,0
10_14,10.675,-61.42499999999999,47,0,0,0,0,5,0,0,0,0,0,0,0,0,0,0.2808429476375098,0,0
10_14,10.675,-61.42499999999999,48,2,0,0,0,0,5,0,0,0,0,0,0,0,0,0,0.2808429476375098,0
10_14,10.675,-61.42499999999999,49,2,0,0,0,0,0,5,0,0,0,0,0,0,0,0,0,0.2808429476375098
10_14,10.675,-61.42499999999999,50,1,0,0,0,0,0,0,5,0,0,0,0,0,0,0,0,0
10_14,10.675,-61.42499999999999,51,0,0,0,0,0,0,0,0,5,0.18980584579126453,0,0,0,0,0,0,0
10_14,10.675,-61.42499999999999,52,0,0,0,0,0,0,0,0,0,0,0.18980584579126453,0,0,0,0,0,0
10_15,10.725,-61.425,0,0,0,,,,,,,,0,,,,,,,
10_15,10.725,-61.425,1,0,0,0,,,,,,,0,0,,,,,,
10_15,10.725,-61.425,2,0,0,0,0,,,,,,0,0,0,,,,,
10_15,10.725,-61.425,3,0,0,0,0,0,,,,,0,0,0,0,,,,
10_15,10.725,-61.425,4,0,0,0,0,0,0,,,,0,0,0,0,0,,,
10_15,10.725,-61.425,5,0,0,0,0,0,0,0,,,0,0,0,0,0,0,,
10_15,10.725,-61.425,6,0,0,0,0,0,0,0,0,,0,0,0,0,0,0,0,
10_15,10.725,-61.425,7,0,0,0,0,0,0,0,0,0,0,0,0,0,0,0,0,0
10_15,10.725,-61.425,8,0,0,0,0,0,0,0,0,0,0,0,0,0,0,0,0,0
10_15,10.725,-61.425,9,0,0,0,0,0,0,0,0,0,0,0,0,0,0,0,0,0
10_15,10.725,-61.425,10,0,0,0,0,0,0,0,0,0,0,0,0,0,0,0,0,0
10_15,10.725,-61.425,11,0,0,0,0,0,0,0,0,0,0,0,0,0,0,0,0,0
10_15,10.725,-61.425,12,0,0,0,0,0,0,0,0,0,0,0,0,0,0,0,0,0
10_15,10.725,-61.425,13,0,0,0,0,0,0,0,0,0,0,0,0,0,0,0,0,0
10_15,10.725,-61.425,14,0,0,0,0,0,0,0,0,0,0,0,0,0,0,0,0,0
10_15,10.725,-61.425,15,0,0,0,0,0,0,0,0,0,0,0,0,0,0,0,0,0
10_15,10.725,-61.425,16,0,0,0,0,0,0,0,0,0,0,0,0,0,0,0,0,0
10_15,10.725,-61.425,17,0,0,0,0,0,0,0,0,0,0,0,0,0,0,0,0,0
10_15,10.725,-61.425,18,0,0,0,0,0,0,0,0,0,0,0,0,0,0,0,0,0
10_15,10.725,-61.425,19,0,0,0,0,0,0,0,0,0,0,0,0,0,0,0,0,0
10_15,10.725,-61.425,20,0,0,0,0,0,0,0,0,0,0,0,0,0,0,0,0,0
10_15,10.725,-61.425,21,0,0,0,0,0,0,0,0,0,0,0,0,0,0,0,0,0
10_15,10.725,-61.425,22,0,0,0,0,0,0,0,0,0,0,0,0,0,0,0,0,0
10_15,10.725,-61.425,23,0,0,0,0,0,0,0,0,0,0,0,0,0,0,0,0,0
10_15,10.725,-61.425,24,0,0,0,0,0,0,0,0,0,0,0,0,0,0,0,0,0
10_15,10.725,-61.425,25,0,0,0,0,0,0,0,0,0,0,0,0,0,0,0,0,0
10_15,10.725,-61.425,26,0,0,0,0,0,0,0,0,0,0,0,0,0,0,0,0,0
10_15,10.725,-61.425,27,0,0,0,0,0,0,0,0,0,0,0,0,0,0,0,0,0
10_15,10.725,-61.425,28,0,0,0,0,0,0,0,0,0,0,0,0,0,0,0,0,0
10_15,10.725,-61.425,29,0,0,0,0,0,0,0,0,0,0,0,0,0,0,0,0,0
10_15,10.725,-61.425,30,0,0,0,0,0,0,0,0,0,0,0,0,0,0,0,0,0
10_15,10.725,-61.425,31,0,0,0,0,0,0,0,0,0,0,0,0,0,0,0,0,0
10_15,10.725,-61.425,32,0,1,0,0,0,0,0,0,0,0,0,0,0,0,0,0,0
10_15,10.725,-61.425,33,0,0,1,0,0,0,0,0,0,0,0,0,0,0,0,0,0
10_15,10.725,-61.425,34,0,0,0,1,0,0,0,0,0,0,0,0,0,0,0,0,0
10_15,10.725,-61.425,35,0,0,0,0,1,0,0,0,0,0,0,0,0,0,0,0,0
10_15,10.725,-61.425,36,0,0,0,0,0,1,0,0,0,0,0,0,0,0,0,0,0
10_15,10.725,-61.425,37,0,0,0,0,0,0,1,0,0,0,0,0,0,0,0,0,0
10_15,10.725,-61.425,38,0,0,0,0,0,0,0,1,0,0,0,0,0,0,0,0,0
10_15,10.725,-61.425,39,0,0,0,0,0,0,0,0,1,0,0,0,0,0,0,0,0
10_15,10.725,-61.425,40,0,0,0,0,0,0,0,0,0,0,0,0,0,0,0,0,0
10_15,10.725,-61.425,41,0,0,0,0,0,0,0,0,0,0,0,0,0,0,0,0,0
10_15,10.725,-61.425,42,0,0,0,0,0,0,0,0,0,0,0,0,0,0,0,0,0
10_15,10.725,-61.425,43,0,0,0,0,0,0,0,0,0,0,0,0,0,0,0,0,0
10_15,10.725,-61.425,44,0,0,0,0,0,0,0,0,0,0,0,0,0,0,0,0,0
10_15,10.725,-61.425,45,0,0,0,0,0,0,0,0,0,0,0,0,0,0,0,0,0
10_15,10.725,-61.425,46,0,0,0,0,0,0,0,0,0,0,0,0,0,0,0,0,0
10_15,10.725,-61.425,47,0,0,0,0,0,0,0,0,0,0,0,0,0,0,0,0,0
10_15,10.725,-61.425,48,0,0,0,0,0,0,0,0,0,0,0,0,0,0,0,0,0
10_15,10.725,-61.425,49,0,0,0,0,0,0,0,0,0,0,0,0,0,0,0,0,0
10_15,10.725,-61.425,50,0,0,0,0,0,0,0,0,0,0,0,0,0,0,0,0,0
10_15,10.725,-61.425,51,0,0,0,0,0,0,0,0,0,0,0,0,0,0,0,0,0
10_15,10.725,-61.425,52,0,0,0,0,0,0,0,0,0,0,0,0,0,0,0,0,0
10_16,10.775,-61.425,0,0,0,,,,,,,,0,,,,,,,
10_16,10.775,-61.425,1,0,0,0,,,,,,,0,0,,,,,,
10_16,10.775,-61.425,2,0,0,0,0,,,,,,0,0,0,,,,,
10_16,10.775,-61.425,3,0,0,0,0,0,,,,,0,0,0,0,,,,
10_16,10.775,-61.425,4,0,0,0,0,0,0,,,,0,0,0,0,0,,,
10_16,10.775,-61.425,5,0,0,0,0,0,0,0,,,0,0,0,0,0,0,,
10_16,10.775,-61.425,6,0,0,0,0,0,0,0,0,,0,0,0,0,0,0,0,
10_16,10.775,-61.425,7,0,0,0,0,0,0,0,0,0,0,0,0,0,0,0,0,0
10_16,10.775,-61.425,8,0,0,0,0,0,0,0,0,0,0,0,0,0,0,0,0,0
10_16,10.775,-61.425,9,0,0,0,0,0,0,0,0,0,0,0,0,0,0,0,0,0
10_16,10.775,-61.425,10,0,0,0,0,0,0,0,0,0,0,0,0,0,0,0,0,0
10_16,10.775,-61.425,11,0,0,0,0,0,0,0,0,0,0,0,0,0,0,0,0,0
10_16,10.775,-61.425,12,0,0,0,0,0,0,0,0,0,0,0,0,0,0,0,0,0
10_16,10.775,-61.425,13,0,0,0,0,0,0,0,0,0,0,0,0,0,0,0,0,0
10_16,10.775,-61.425,14,0,0,0,0,0,0,0,0,0,0,0,0,0,0,0,0,0
10_16,10.775,-61.425,15,0,0,0,0,0,0,0,0,0,0,0,0,0,0,0,0,0
10_16,10.775,-61.425,16,0,0,0,0,0,0,0,0,0,0,0,0,0,0,0,0,0
10_16,10.775,-61.425,17,0,0,0,0,0,0,0,0,0,0,0,0,0,0,0,0,0
10_16,10.775,-61.425,18,0,0,0,0,0,0,0,0,0,0,0,0,0,0,0,0,0
10_16,10.775,-61.425,19,0,0,0,0,0,0,0,0,0,0,0,0,0,0,0,0,0
10_16,10.775,-61.425,20,0,0,0,0,0,0,0,0,0,0,0,0,0,0,0,0,0
10_16,10.775,-61.425,21,0,0,0,0,0,0,0,0,0,0,0,0,0,0,0,0,0
10_16,10.775,-61.425,22,0,0,0,0,0,0,0,0,0,0,0,0,0,0,0,0,0
10_16,10.775,-61.425,23,0,0,0,0,0,0,0,0,0,0,0,0,0,0,0,0,0
10_16,10.775,-61.425,24,0,0,0,0,0,0,0,0,0,0,0,0,0,0,0,0,0
10_16,10.775,-61.425,25,0,0,0,0,0,0,0,0,0,0,0,0,0,0,0,0,0
10_16,10.775,-61.425,26,0,0,0,0,0,0,0,0,0,0,0,0,0,0,0,0,0
10_16,10.775,-61.425,27,1,0,0,0,0,0,0,0,0,0,0,0,0,0,0,0,0
10_16,10.775,-61.425,28,0,0,0,0,0,0,0,0,0,0,0,0,0,0,0,0,0
10_16,10.775,-61.425,29,0,0,0,0,0,0,0,0,0,0,0,0,0,0,0,0,0
10_16,10.775,-61.425,30,0,0,0,0,0,0,0,0,0,0,0,0,0,0,0,0,0
10_16,10.775,-61.425,31,0,0,0,0,0,0,0,0,0,0,0,0,0,0,0,0,0
10_16,10.775,-61.425,32,0,0,0,0,0,0,0,0,0,0,0,0,0,0,0,0,0
10_16,10.775,-61.425,33,0,0,0,0,0,0,0,0,0,0,0,0,0,0,0,0,0
10_16,10.775,-61.425,34,0,0,0,0,0,0,0,0,0,0,0,0,0,0,0,0,0
10_16,10.775,-61.425,35,0,0,0,0,0,0,0,0,0,0,0,0,0,0,0,0,0
10_16,10.775,-61.425,36,0,0,0,0,0,0,0,0,0,0,0,0,0,0,0,0,0
10_16,10.775,-61.425,37,0,0,0,0,0,0,0,0,0,0,0,0,0,0,0,0,0
10_16,10.775,-61.425,38,0,0,0,0,0,0,0,0,0,0,0,0,0,0,0,0,0
10_16,10.775,-61.425,39,0,0,0,0,0,0,0,0,0,0,0,0,0,0,0,0,0
10_16,10.775,-61.425,40,0,0,0,0,0,0,0,0,0,0,0,0,0,0,0,0,0
10_16,10.775,-61.425,41,0,0,0,0,0,0,0,0,0,0,0,0,0,0,0,0,0
10_16,10.775,-61.425,42,0,0,0,0,0,0,0,0,0,0,0,0,0,0,0,0,0
10_16,10.775,-61.425,43,0,0,0,0,0,0,0,0,0,0,0,0,0,0,0,0,0
10_16,10.775,-61.425,44,0,0,0,0,0,0,0,0,0,0,0,0,0,0,0,0,0
10_16,10.775,-61.425,45,0,0,0,0,0,0,0,0,0,0,0,0,0,0,0,0,0
10_16,10.775,-61.425,46,0,0,0,0,0,0,0,0,0,0,0,0,0,0,0,0,0
10_16,10.775,-61.425,47,0,0,0,0,0,0,0,0,0,0,0,0,0,0,0,0,0
10_16,10.775,-61.425,48,0,0,0,0,0,0,0,0,0,0,0,0,0,0,0,0,0
10_16,10.775,-61.425,49,0,0,0,0,0,0,0,0,0,0,0,0,0,0,0,0,0
10_16,10.775,-61.425,50,0,0,0,0,0,0,0,0,0,0,0,0,0,0,0,0,0
10_16,10.775,-61.425,51,0,0,0,0,0,0,0,0,0,0,0,0,0,0,0,0,0
10_16,10.775,-61.425,52,0,0,0,0,0,0,0,0,0,0,0,0,0,0,0,0,0
11_2,10.075,-61.37499999999999,0,0,0,,,,,,,,0,,,,,,,
11_2,10.075,-61.37499999999999,1,0,0,0,,,,,,,0,0,,,,,,
11_2,10.075,-61.37499999999999,2,0,0,0,0,,,,,,0,0,0,,,,,
11_2,10.075,-61.37499999999999,3,0,0,0,0,0,,,,,0,0,0,0,,,,
11_2,10.075,-61.37499999999999,4,0,0,0,0,0,0,,,,0,0,0,0,0,,,
11_2,10.075,-61.37499999999999,5,0,0,0,0,0,0,0,,,0,0,0,0,0,0,,
11_2,10.075,-61.37499999999999,6,0,0,0,0,0,0,0,0,,0,0,0,0,0,0,0,
11_2,10.075,-61.37499999999999,7,0,0,0,0,0,0,0,0,0,0,0,0,0,0,0,0,0
11_2,10.075,-61.37499999999999,8,0,0,0,0,0,0,0,0,0,0,0,0,0,0,0,0,0
11_2,10.075,-61.37499999999999,9,0,0,0,0,0,0,0,0,0,0,0,0,0,0,0,0,0
11_2,10.075,-61.37499999999999,10,0,0,0,0,0,0,0,0,0,0,0,0,0,0,0,0,0
11_2,10.075,-61.37499999999999,11,0,0,0,0,0,0,0,0,0,0,0,0,0,0,0,0,0
11_2,10.075,-61.37499999999999,12,0,0,0,0,0,0,0,0,0,0,0,0,0,0,0,0,0
11_2,10.075,-61.37499999999999,13,0,0,0,0,0,0,0,0,0,0,0,0,0,0,0,0,0
11_2,10.075,-61.37499999999999,14,0,0,0,0,0,0,0,0,0,0,0,0,0,0,0,0,0
11_2,10.075,-61.37499999999999,15,0,0,0,0,0,0,0,0,0,0,0,0,0,0,0,0,0
11_2,10.075,-61.37499999999999,16,0,0,0,0,0,0,0,0,0,0,0,0,0,0,0,0,0
11_2,10.075,-61.37499999999999,17,0,0,0,0,0,0,0,0,0,0,0,0,0,0,0,0,0
11_2,10.075,-61.37499999999999,18,0,0,0,0,0,0,0,0,0,0,0,0,0,0,0,0,0
11_2,10.075,-61.37499999999999,19,0,0,0,0,0,0,0,0,0,0,0,0,0,0,0,0,0
11_2,10.075,-61.37499999999999,20,0,0,0,0,0,0,0,0,0,0,0,0,0,0,0,0,0
11_2,10.075,-61.37499999999999,21,0,0,0,0,0,0,0,0,0,0,0,0,0,0,0,0,0
11_2,10.075,-61.37499999999999,22,0,0,0,0,0,0,0,0,0,0,0,0,0,0,0,0,0
11_2,10.075,-61.37499999999999,23,0,0,0,0,0,0,0,0,0,0,0,0,0,0,0,0,0
11_2,10.075,-61.37499999999999,24,0,0,0,0,0,0,0,0,0,0,0,0,0,0,0,0,0
11_2,10.075,-61.37499999999999,25,0,0,0,0,0,0,0,0,0,0,0,0,0,0,0,0,0
11_2,10.075,-61.37499999999999,26,0,0,0,0,0,0,0,0,0,0,0,0,0,0,0,0,0
11_2,10.075,-61.37499999999999,27,0,0,0,0,0,0,0,0,0,0,0,0,0,0,0,0,0
11_2,10.075,-61.37499999999999,28,0,0,0,0,0,0,0,0,0,0,0,0,0,0,0,0,0
11_2,10.075,-61.37499999999999,29,0,0,0,0,0,0,0,0,0,0,0,0,0,0,0,0,0
11_2,10.075,-61.37499999999999,30,0,0,0,0,0,0,0,0,0,0,0,0,0,0,0,0,0
11_2,10.075,-61.37499999999999,31,0,0,0,0,0,0,0,0,0,0,0,0,0,0,0,0,0
11_2,10.075,-61.37499999999999,32,0,0,0,0,0,0,0,0,0,0,0,0,0,0,0,0,0
11_2,10.075,-61.37499999999999,33,0,0,0,0,0,0,0,0,0,0,0,0,0,0,0,0,0
11_2,10.075,-61.37499999999999,34,0,0,0,0,0,0,0,0,0,0,0,0,0,0,0,0,0
11_2,10.075,-61.37499999999999,35,0,0,0,0,0,0,0,0,0,0,0,0,0,0,0,0,0
11_2,10.075,-61.37499999999999,36,0,0,0,0,0,0,0,0,0,0,0,0,0,0,0,0,0
11_2,10.075,-61.37499999999999,37,0,0,0,0,0,0,0,0,0,0,0,0,0,0,0,0,0
11_2,10.075,-61.37499999999999,38,0,0,0,0,0,0,0,0,0,0,0,0,0,0,0,0,0
11_2,10.075,-61.37499999999999,39,0,0,0,0,0,0,0,0,0,0,0,0,0,0,0,0,0
11_2,10.075,-61.37499999999999,40,0,0,0,0,0,0,0,0,0,0,0,0,0,0,0,0,0
11_2,10.075,-61.37499999999999,41,0,0,0,0,0,0,0,0,0,0,0,0,0,0,0,0,0
11_2,10.075,-61.37499999999999,42,0,0,0,0,0,0,0,0,0,0,0,0,0,0,0,0,0
11_2,10.075,-61.37499999999999,43,0,0,0,0,0,0,0,0,0,0,0,0,0,0,0,0,0
11_2,10.075,-61.37499999999999,44,0,0,0,0,0,0,0,0,0,0,0,0,0,0,0,0,0
11_2,10.075,-61.37499999999999,45,0,0,0,0,0,0,0,0,0,0,0,0,0,0,0,0,0
11_2,10.075,-61.37499999999999,46,0,0,0,0,0,0,0,0,0,0,0,0,0,0,0,0,0
11_2,10.075,-61.37499999999999,47,0,0,0,0,0,0,0,0,0,0,0,0,0,0,0,0,0
11_2,10.075,-61.37499999999999,48,0,0,0,0,0,0,0,0,0,0,0,0,0,0,0,0,0
11_2,10.075,-61.37499999999999,49,0,0,0,0,0,0,0,0,0,0,0,0,0,0,0,0,0
11_2,10.075,-61.37499999999999,50,0,0,0,0,0,0,0,0,0,0,0,0,0,0,0,0,0
11_2,10.075,-61.37499999999999,51,0,0,0,0,0,0,0,0,0,0,0,0,0,0,0,0,0
11_2,10.075,-61.37499999999999,52,0,0,0,0,0,0,0,0,0,0,0,0,0,0,0,0,0
11_3,10.125,-61.375,0,0,0,,,,,,,,0,,,,,,,
11_3,10.125,-61.375,1,0,0,0,,,,,,,0,0,,,,,,
11_3,10.125,-61.375,2,0,0,0,0,,,,,,0,0,0,,,,,
11_3,10.125,-61.375,3,0,0,0,0,0,,,,,0,0,0,0,,,,
11_3,10.125,-61.375,4,0,0,0,0,0,0,,,,0,0,0,0,0,,,
11_3,10.125,-61.375,5,0,0,0,0,0,0,0,,,0,0,0,0,0,0,,
11_3,10.125,-61.375,6,0,0,0,0,0,0,0,0,,0,0,0,0,0,0,0,
11_3,10.125,-61.375,7,0,0,0,0,0,0,0,0,0,0,0,0,0,0,0,0,0
11_3,10.125,-61.375,8,0,0,0,0,0,0,0,0,0,0,0,0,0,0,0,0,0
11_3,10.125,-61.375,9,0,0,0,0,0,0,0,0,0,0,0,0,0,0,0,0,0
11_3,10.125,-61.375,10,0,0,0,0,0,0,0,0,0,0,0,0,0,0,0,0,0
11_3,10.125,-61.375,11,0,0,0,0,0,0,0,0,0,0,0,0,0,0,0,0,0
11_3,10.125,-61.375,12,0,0,0,0,0,0,0,0,0,0,0,0,0,0,0,0,0
11_3,10.125,-61.375,13,0,0,0,0,0,0,0,0,0,0,0,0,0,0,0,0,0
11_3,10.125,-61.375,14,0,0,0,0,0,0,0,0,0,0,0,0,0,0,0,0,0
11_3,10.125,-61.375,15,0,0,0,0,0,0,0,0,0,0,0,0,0,0,0,0,0
11_3,10.125,-61.375,16,0,0,0,0,0,0,0,0,0,0,0,0,0,0,0,0,0
11_3,10.125,-61.375,17,0,0,0,0,0,0,0,0,0,0,0,0,0,0,0,0,0
11_3,10.125,-61.375,18,0,0,0,0,0,0,0,0,0,0,0,0,0,0,0,0,0
11_3,10.125,-61.375,19,0,0,0,0,0,0,0,0,0,0,0,0,0,0,0,0,0
11_3,10.125,-61.375,20,0,0,0,0,0,0,0,0,0,0,0,0,0,0,0,0,0
11_3,10.125,-61.375,21,0,0,0,0,0,0,0,0,0,0,0,0,0,0,0,0,0
11_3,10.125,-61.375,22,0,0,0,0,0,0,0,0,0,0,0,0,0,0,0,0,0
11_3,10.125,-61.375,23,0,0,0,0,0,0,0,0,0,0,0,0,0,0,0,0,0
11_3,10.125,-61.375,24,0,0,0,0,0,0,0,0,0,0,0,0,0,0,0,0,0
11_3,10.125,-61.375,25,0,0,0,0,0,0,0,0,0,0,0,0,0,0,0,0,0
11_3,10.125,-61.375,26,0,0,0,0,0,0,0,0,0,0,0,0,0,0,0,0,0
11_3,10.125,-61.375,27,0,0,0,0,0,0,0,0,0,0,0,0,0,0,0,0,0
11_3,10.125,-61.375,28,0,0,0,0,0,0,0,0,0,0,0,0,0,0,0,0,0
11_3,10.125,-61.375,29,1,0,0,0,0,0,0,0,0,0,0,0,0,0,0,0,0
11_3,10.125,-61.375,30,0,0,0,0,0,0,0,0,0,0,0,0,0,0,0,0,0
11_3,10.125,-61.375,31,0,0,0,0,0,0,0,0,0,0,0,0,0,0,0,0,0
11_3,10.125,-61.375,32,0,0,0,0,0,0,0,0,0,0,0,0,0,0,0,0,0
11_3,10.125,-61.375,33,1,0,0,0,0,0,0,0,0,0,0,0,0,0,0,0,0
11_3,10.125,-61.375,34,0,0,0,0,0,0,0,0,0,0,0,0,0,0,0,0,0
11_3,10.125,-61.375,35,0,0,0,0,0,0,0,0,0,0,0,0,0,0,0,0,0
11_3,10.125,-61.375,36,0,0,0,0,0,0,0,0,0,0,0,0,0,0,0,0,0
11_3,10.125,-61.375,37,0,0,0,0,0,0,0,0,0,0,0,0,0,0,0,0,0
11_3,10.125,-61.375,38,0,0,0,0,0,0,0,0,0,0,0,0,0,0,0,0,0
11_3,10.125,-61.375,39,0,0,0,0,0,0,0,0,0,0,0,0,0,0,0,0,0
11_3,10.125,-61.375,40,0,0,0,0,0,0,0,0,0,0,0,0,0,0,0,0,0
11_3,10.125,-61.375,41,0,0,0,0,0,0,0,0,0,0,0,0,0,0,0,0,0
11_3,10.125,-61.375,42,0,0,0,0,0,0,0,0,0,0,0,0,0,0,0,0,0
11_3,10.125,-61.375,43,0,0,0,0,0,0,0,0,0,0,0,0,0,0,0,0,0
11_3,10.125,-61.375,44,0,0,0,0,0,0,0,0,0,0,0,0,0,0,0,0,0
11_3,10.125,-61.375,45,1,0,0,0,0,0,0,0,0,0,0,0,0,0,0,0,0
11_3,10.125,-61.375,46,0,0,0,0,0,0,0,0,0,0,0,0,0,0,0,0,0
11_3,10.125,-61.375,47,0,0,0,0,0,0,0,0,0,0,0,0,0,0,0,0,0
11_3,10.125,-61.375,48,0,0,0,0,0,0,0,0,0,0,0,0,0,0,0,0,0
11_3,10.125,-61.375,49,0,0,0,0,0,0,0,0,0,0,0,0,0,0,0,0,0
11_3,10.125,-61.375,50,0,0,0,0,0,0,0,0,0,0,0,0,0,0,0,0,0
11_3,10.125,-61.375,51,0,0,0,0,0,0,0,0,0,0,0,0,0,0,0,0,0
11_3,10.125,-61.375,52,0,0,0,0,0,0,0,0,0,0,0,0,0,0,0,0,0
11_4,10.175,-61.37499999999999,0,0,0,,,,,,,,0,,,,,,,
11_4,10.175,-61.37499999999999,1,1,0,0,,,,,,,0,0,,,,,,
11_4,10.175,-61.37499999999999,2,0,0,0,0,,,,,,0,0,0,,,,,
11_4,10.175,-61.37499999999999,3,0,0,0,0,0,,,,,0,0,0,0,,,,
11_4,10.175,-61.37499999999999,4,0,0,0,0,0,0,,,,0,0,0,0,0,,,
11_4,10.175,-61.37499999999999,5,0,0,0,0,0,0,0,,,0,0,0,0,0,0,,
11_4,10.175,-61.37499999999999,6,0,0,0,0,0,0,0,0,,0,0,0,0,0,0,0,
11_4,10.175,-61.37499999999999,7,0,0,0,0,0,0,0,0,0,0,0,0,0,0,0,0,0
11_4,10.175,-61.37499999999999,8,0,0,0,0,0,0,0,0,0,0,0,0,0,0,0,0,0
11_4,10.175,-61.37499999999999,9,0,0,0,0,0,0,0,0,0,0,0,0,0,0,0,0,0
11_4,10.175,-61.37499999999999,10,0,0,0,0,0,0,0,0,0,0,0,0,0,0,0,0,0
11_4,10.175,-61.37499999999999,11,0,0,0,0,0,0,0,0,0,0,0,0,0,0,0,0,0
11_4,10.175,-61.37499999999999,12,0,0,0,0,0,0,0,0,0,0,0,0,0,0,0,0,0
11_4,10.175,-61.37499999999999,13,0,0,0,0,0,0,0,0,0,0,0,0,0,0,0,0,0
11_4,10.175,-61.37499999999999,14,0,0,0,0,0,0,0,0,0,0,0,0,0,0,0,0,0
11_4,10.175,-61.37499999999999,15,0,0,0,0,0,0,0,0,0,0,0,0,0,0,0,0,0
11_4,10.175,-61.37499999999999,16,0,0,0,0,0,0,0,0,0,0,0,0,0,0,0,0,0
11_4,10.175,-61.37499999999999,17,0,0,0,0,0,0,0,0,0,0,0,0,0,0,0,0,0
11_4,10.175,-61.37499999999999,18,0,0,0,0,0,0,0,0,0,0,0,0,0,0,0,0,0
11_4,10.175,-61.37499999999999,19,0,0,0,0,0,0,0,0,0,0,0,0,0,0,0,0,0
11_4,10.175,-61.37499999999999,20,0,0,0,0,0,0,0,0,0,0,0,0,0,0,0,0,0
11_4,10.175,-61.37499999999999,21,0,0,0,0,0,0,0,0,0,0,0,0,0,0,0,0,0
11_4,10.175,-61.37499999999999,22,0,0,0,0,0,0,0,0,0,0,0,0,0,0,0,0,0
11_4,10.175,-61.37499999999999,23,0,0,0,0,0,0,0,0,0,0,0,0,0,0,0,0,0
11_4,10.175,-61.37499999999999,24,0,0,0,0,0,0,0,0,0,0,0,0,0,0,0,0,0
11_4,10.175,-61.37499999999999,25,0,0,0,0,0,0,0,0,0,0,0,0,0,0,0,0,0
11_4,10.175,-61.37499999999999,26,0,0,0,0,0,0,0,0,0,0,0,0,0,0,0,0,0
11_4,10.175,-61.37499999999999,27,0,0,0,0,0,0,0,0,0,0,0,0,0,0,0,0,0
11_4,10.175,-61.37499999999999,28,1,0,0,0,0,0,0,0,0,0,0,0,0,0,0,0,0
11_4,10.175,-61.37499999999999,29,0,0,0,0,0,0,0,0,0,0,0,0,0,0,0,0,0
11_4,10.175,-61.37499999999999,30,0,0,0,0,0,0,0,0,0,0,0,0,0,0,0,0,0
11_4,10.175,-61.37499999999999,31,0,0,0,0,0,0,0,0,0,0,0,0,0,0,0,0,0
11_4,10.175,-61.37499999999999,32,0,1,0,0,0,0,0,0,0,0,0,0,0,0,0,0,0
11_4,10.175,-61.37499999999999,33,1,0,1,0,0,0,0,0,0,0,0,0,0,0,0,0,0
11_4,10.175,-61.37499999999999,34,0,0,0,1,0,0,0,0,0,0,0,0,0,0,0,0,0
11_4,10.175,-61.37499999999999,35,0,0,0,0,1,0,0,0,0,0,0,0,0,0,0,0,0
11_4,10.175,-61.37499999999999,36,1,0,0,0,0,1,0,0,0,0,0,0,0,0,0,0,0
11_4,10.175,-61.37499999999999,37,0,0,0,0,0,0,1,0,0,0,0,0,0,0,0,0,0
11_4,10.175,-61.37499999999999,38,0,0,0,0,0,0,0,1,0,0,0,0,0,0,0,0,0
11_4,10.175,-61.37499999999999,39,0,0,0,0,0,0,0,0,1,0,0,0,0,0,0,0,0
11_4,10.175,-61.37499999999999,40,0,0,0,0,0,0,0,0,0,0,0,0,0,0,0,0,0
11_4,10.175,-61.37499999999999,41,0,0,0,0,0,0,0,0,0,0,0,0,0,0,0,0,0
11_4,10.175,-61.37499999999999,42,1,0,0,0,0,0,0,0,0,0,0,0,0,0,0,0,0
11_4,10.175,-61.37499999999999,43,0,0,0,0,0,0,0,0,0,0,0,0,0,0,0,0,0
11_4,10.175,-61.37499999999999,44,0,0,0,0,0,0,0,0,0,0,0,0,0,0,0,0,0
11_4,10.175,-61.37499999999999,45,0,0,0,0,0,0,0,0,0,0,0,0,0,0,0,0,0
11_4,10.175,-61.37499999999999,46,0,0,0,0,0,0,0,0,0,0,0,0,0,0,0,0,0
11_4,10.175,-61.37499999999999,47,0,0,0,0,0,0,0,0,0,0,0,0,0,0,0,0,0
11_4,10.175,-61.37499999999999,48,0,0,0,0,0,0,0,0,0,0,0,0,0,0,0,0,0
11_4,10.175,-61.37499999999999,49,0,0,0,0,0,0,0,0,0,0,0,0,0,0,0,0,0
11_4,10.175,-61.37499999999999,50,0,0,0,0,0,0,0,0,0,0,0,0,0,0,0,0,0
11_4,10.175,-61.37499999999999,51,0,0,0,0,0,0,0,0,0,0,0,0,0,0,0,0,0
11_4,10.175,-61.37499999999999,52,0,0,0,0,0,0,0,0,0,0,0,0,0,0,0,0,0
11_5,10.224999999999998,-61.375,0,0,0,,,,,,,,0,,,,,,,
11_5,10.224999999999998,-61.375,1,0,0,0,,,,,,,0,0,,,,,,
11_5,10.224999999999998,-61.375,2,0,0,0,0,,,,,,0,0,0,,,,,
11_5,10.224999999999998,-61.375,3,0,0,0,0,0,,,,,0,0,0,0,,,,
11_5,10.224999999999998,-61.375,4,0,0,0,0,0,0,,,,0,0,0,0,0,,,
11_5,10.224999999999998,-61.375,5,0,0,0,0,0,0,0,,,0,0,0,0,0,0,,
11_5,10.224999999999998,-61.375,6,0,0,0,0,0,0,0,0,,0,0,0,0,0,0,0,
11_5,10.224999999999998,-61.375,7,0,0,0,0,0,0,0,0,0,0,0,0,0,0,0,0,0
11_5,10.224999999999998,-61.375,8,0,0,0,0,0,0,0,0,0,0,0,0,0,0,0,0,0
11_5,10.224999999999998,-61.375,9,0,0,0,0,0,0,0,0,0,0,0,0,0,0,0,0,0
11_5,10.224999999999998,-61.375,10,0,0,0,0,0,0,0,0,0,0,0,0,0,0,0,0,0
11_5,10.224999999999998,-61.375,11,0,0,0,0,0,0,0,0,0,0,0,0,0,0,0,0,0
11_5,10.224999999999998,-61.375,12,0,0,0,0,0,0,0,0,0,0,0,0,0,0,0,0,0
11_5,10.224999999999998,-61.375,13,0,0,0,0,0,0,0,0,0,0,0,0,0,0,0,0,0
11_5,10.224999999999998,-61.375,14,0,0,0,0,0,0,0,0,0,0,0,0,0,0,0,0,0
11_5,10.224999999999998,-61.375,15,1,0,0,0,0,0,0,0,0,0,0,0,0,0,0,0,0
11_5,10.224999999999998,-61.375,16,0,0,0,0,0,0,0,0,0,0,0,0,0,0,0,0,0
11_5,10.224999999999998,-61.375,17,0,0,0,0,0,0,0,0,0,0,0,0,0,0,0,0,0
11_5,10.224999999999998,-61.375,18,0,0,0,0,0,0,0,0,0,0,0,0,0,0,0,0,0
11_5,10.224999999999998,-61.375,19,0,0,0,0,0,0,0,0,0,0,0,0,0,0,0,0,0
11_5,10.224999999999998,-61.375,20,0,0,0,0,0,0,0,0,0,0,0,0,0,0,0,0,0
11_5,10.224999999999998,-61.375,21,0,0,0,0,0,0,0,0,0,0,0,0,0,0,0,0,0
11_5,10.224999999999998,-61.375,22,0,0,0,0,0,0,0,0,0,0,0,0,0,0,0,0,0
11_5,10.224999999999998,-61.375,23,0,0,0,0,0,0,0,0,0,0,0,0,0,0,0,0,0
11_5,10.224999999999998,-61.375,24,0,0,0,0,0,0,0,0,0,0,0,0,0,0,0,0,0
11_5,10.224999999999998,-61.375,25,0,0,0,0,0,0,0,0,0,0,0,0,0,0,0,0,0
11_5,10.224999999999998,-61.375,26,0,0,0,0,0,0,0,0,0,0,0,0,0,0,0,0,0
11_5,10.224999999999998,-61.375,27,0,0,0,0,0,0,0,0,0,0,0,0,0,0,0,0,0
11_5,10.224999999999998,-61.375,28,0,0,0,0,0,0,0,0,0,0,0,0,0,0,0,0,0
11_5,10.224999999999998,-61.375,29,0,0,0,0,0,0,0,0,0,0,0,0,0,0,0,0,0
11_5,10.224999999999998,-61.375,30,0,0,0,0,0,0,0,0,0,0,0,0,0,0,0,0,0
11_5,10.224999999999998,-61.375,31,0,0,0,0,0,0,0,0,0,0,0,0,0,0,0,0,0
11_5,10.224999999999998,-61.375,32,0,0,0,0,0,0,0,0,0,0.18898474524196607,0,0,0,0,0,0,0
11_5,10.224999999999998,-61.375,33,0,0,0,0,0,0,0,0,0,0,0.18898474524196607,0,0,0,0,0,0
11_5,10.224999999999998,-61.375,34,0,0,0,0,0,0,0,0,0,0,0,0.18898474524196607,0,0,0,0,0
11_5,10.224999999999998,-61.375,35,0,0,0,0,0,0,0,0,0,0,0,0,0.18898474524196607,0,0,0,0
11_5,10.224999999999998,-61.375,36,0,0,0,0,0,0,0,0,0,0,0,0,0,0.18898474524196607,0,0,0
11_5,10.224999999999998,-61.375,37,0,0,0,0,0,0,0,0,0,0,0,0,0,0,0.18898474524196607,0,0
11_5,10.224999999999998,-61.375,38,0,1,0,0,0,0,0,0,0,0,0,0,0,0,0,0.18898474524196607,0
11_5,10.224999999999998,-61.375,39,0,0,1,0,0,0,0,0,0,0,0,0,0,0,0,0,0.18898474524196607
11_5,10.224999999999998,-61.375,40,0,0,0,1,0,0,0,0,0,0,0,0,0,0,0,0,0
11_5,10.224999999999998,-61.375,41,0,0,0,0,1,0,0,0,0,0,0,0,0,0,0,0,0
11_5,10.224999999999998,-61.375,42,0,0,0,0,0,1,0,0,0,0,0,0,0,0,0,0,0
11_5,10.224999999999998,-61.375,43,0,0,0,0,0,0,1,0,0,0,0,0,0,0,0,0,0
11_5,10.224999999999998,-61.375,44,0,0,0,0,0,0,0,1,0,0,0,0,0,0,0,0,0
11_5,10.224999999999998,-61.375,45,0,0,0,0,0,0,0,0,1,0,0,0,0,0,0,0,0
11_5,10.224999999999998,-61.375,46,0,0,0,0,0,0,0,0,0,0,0,0,0,0,0,0,0
11_5,10.224999999999998,-61.375,47,0,0,0,0,0,0,0,0,0,0,0,0,0,0,0,0,0
11_5,10.224999999999998,-61.375,48,0,0,0,0,0,0,0,0,0,0,0,0,0,0,0,0,0
11_5,10.224999999999998,-61.375,49,0,0,0,0,0,0,0,0,0,0,0,0,0,0,0,0,0
11_5,10.224999999999998,-61.375,50,0,0,0,0,0,0,0,0,0,0,0,0,0,0,0,0,0
11_5,10.224999999999998,-61.375,51,0,0,0,0,0,0,0,0,0,0,0,0,0,0,0,0,0
11_5,10.224999999999998,-61.375,52,0,0,0,0,0,0,0,0,0,0,0,0,0,0,0,0,0
11_6,10.275,-61.375,0,0,0,,,,,,,,0,,,,,,,
11_6,10.275,-61.375,1,1,0,0,,,,,,,0,0,,,,,,
11_6,10.275,-61.375,2,1,0,0,0,,,,,,0,0,0,,,,,
11_6,10.275,-61.375,3,0,0,0,0,0,,,,,0,0,0,0,,,,
11_6,10.275,-61.375,4,0,0,0,0,0,0,,,,0,0,0,0,0,,,
11_6,10.275,-61.375,5,0,0,0,0,0,0,0,,,0,0,0,0,0,0,,
11_6,10.275,-61.375,6,1,0,0,0,0,0,0,0,,0,0,0,0,0,0,0,
11_6,10.275,-61.375,7,1,0,0,0,0,0,0,0,0,0,0,0,0,0,0,0,0
11_6,10.275,-61.375,8,0,0,0,0,0,0,0,0,0,0,0,0,0,0,0,0,0
11_6,10.275,-61.375,9,0,0,0,0,0,0,0,0,0,0,0,0,0,0,0,0,0
11_6,10.275,-61.375,10,0,0,0,0,0,0,0,0,0,0,0,0,0,0,0,0,0
11_6,10.275,-61.375,11,0,0,0,0,0,0,0,0,0,0,0,0,0,0,0,0,0
11_6,10.275,-61.375,12,0,0,0,0,0,0,0,0,0,0,0,0,0,0,0,0,0
11_6,10.275,-61.375,13,0,0,0,0,0,0,0,0,0,0,0,0,0,0,0,0,0
11_6,10.275,-61.375,14,0,0,0,0,0,0,0,0,0,0,0,0,0,0,0,0,0
11_6,10.275,-61.375,15,0,0,0,0,0,0,0,0,0,0,0,0,0,0,0,0,0
11_6,10.275,-61.375,16,0,0,0,0,0,0,0,0,0,0,0,0,0,0,0,0,0
11_6,10.275,-61.375,17,0,0,0,0,0,0,0,0,0,0,0,0,0,0,0,0,0
11_6,10.275,-61.375,18,0,0,0,0,0,0,0,0,0,0,0,0,0,0,0,0,0
11_6,10.275,-61.375,19,0,0,0,0,0,0,0,0,0,0,0,0,0,0,0,0,0
11_6,10.275,-61.375,20,0,0,0,0,0,0,0,0,0,0,0,0,0,0,0,0,0
11_6,10.275,-61.375,21,1,0,0,0,0,0,0,0,0,0,0,0,0,0,0,0,0
11_6,10.275,-61.375,22,0,0,0,0,0,0,0,0,0,0,0,0,0,0,0,0,0
11_6,10.275,-61.375,23,0,0,0,0,0,0,0,0,0,0,0,0,0,0,0,0,0
11_6,10.275,-61.375,24,0,0,0,0,0,0,0,0,0,0,0,0,0,0,0,0,0
11_6,10.275,-61.375,25,0,0,0,0,0,0,0,0,0,0,0,0,0,0,0,0,0
11_6,10.275,-61.375,26,0,0,0,0,0,0,0,0,0,0,0,0,0,0,0,0,0
11_6,10.275,-61.375,27,0,0,0,0,0,0,0,0,0,0,0,0,0,0,0,0,0
11_6,10.275,-61.375,28,0,0,0,0,0,0,0,0,0,0,0,0,0,0,0,0,0
11_6,10.275,-61.375,29,0,0,0,0,0,0,0,0,0,0,0,0,0,0,0,0,0
11_6,10.275,-61.375,30,0,0,0,0,0,0,0,0,0,0,0,0,0,0,0,0,0
11_6,10.275,-61.375,31,0,0,0,0,0,0,0,0,0,0,0,0,0,0,0,0,0
11_6,10.275,-61.375,32,0,0,0,0,0,0,0,0,0,0,0,0,0,0,0,0,0
11_6,10.275,-61.375,33,2,0,0,0,0,0,0,0,0,0,0,0,0,0,0,0,0
11_6,10.275,-61.375,34,0,0,0,0,0,0,0,0,0,0,0,0,0,0,0,0,0
11_6,10.275,-61.375,35,0,0,0,0,0,0,0,0,0,0,0,0,0,0,0,0,0
11_6,10.275,-61.375,36,0,0,0,0,0,0,0,0,0,0,0,0,0,0,0,0,0
11_6,10.275,-61.375,37,0,0,0,0,0,0,0,0,0,0,0,0,0,0,0,0,0
11_6,10.275,-61.375,38,1,0,0,0,0,0,0,0,0,0.19903345362165067,0,0,0,0,0,0,0
11_6,10.275,-61.375,39,0,0,0,0,0,0,0,0,0,0,0.19903345362165067,0,0,0,0,0,0
11_6,10.275,-61.375,40,0,0,0,0,0,0,0,0,0,0,0,0.19903345362165067,0,0,0,0,0
11_6,10.275,-61.375,41,0,0,0,0,0,0,0,0,0,0,0,0,0.19903345362165067,0,0,0,0
11_6,10.275,-61.375,42,0,0,0,0,0,0,0,0,0,0,0,0,0,0.19903345362165067,0,0,0
11_6,10.275,-61.375,43,0,0,0,0,0,0,0,0,0,0,0,0,0,0,0.19903345362165067,0,0
11_6,10.275,-61.375,44,0,0,0,0,0,0,0,0,0,0,0,0,0,0,0,0.19903345362165067,0
11_6,10.275,-61.375,45,0,0,0,0,0,0,0,0,0,0,0,0,0,0,0,0,0.19903345362165067
11_6,10.275,-61.375,46,0,0,0,0,0,0,0,0,0,0,0,0,0,0,0,0,0
11_6,10.275,-61.375,47,0,0,0,0,0,0,0,0,0,0,0,0,0,0,0,0,0
11_6,10.275,-61.375,48,0,0,0,0,0,0,0,0,0,0,0,0,0,0,0,0,0
11_6,10.275,-61.375,49,0,0,0,0,0,0,0,0,0,0,0,0,0,0,0,0,0
11_6,10.275,-61.375,50,0,0,0,0,0,0,0,0,0,0,0,0,0,0,0,0,0
11_6,10.275,-61.375,51,0,0,0,0,0,0,0,0,0,0,0,0,0,0,0,0,0
11_6,10.275,-61.375,52,0,0,0,0,0,0,0,0,0,0,0,0,0,0,0,0,0
11_7,10.325,-61.37499999999999,0,0,0,,,,,,,,0,,,,,,,
11_7,10.325,-61.37499999999999,1,0,0,0,,,,,,,0,0,,,,,,
11_7,10.325,-61.37499999999999,2,0,0,0,0,,,,,,0,0,0,,,,,
11_7,10.325,-61.37499999999999,3,0,0,0,0,0,,,,,0,0,0,0,,,,
11_7,10.325,-61.37499999999999,4,0,0,0,0,0,0,,,,0,0,0,0,0,,,
11_7,10.325,-61.37499999999999,5,0,0,0,0,0,0,0,,,0,0,0,0,0,0,,
11_7,10.325,-61.37499999999999,6,0,0,0,0,0,0,0,0,,0,0,0,0,0,0,0,
11_7,10.325,-61.37499999999999,7,0,0,0,0,0,0,0,0,0,0,0,0,0,0,0,0,0
11_7,10.325,-61.37499999999999,8,0,0,0,0,0,0,0,0,0,0,0,0,0,0,0,0,0
11_7,10.325,-61.37499999999999,9,0,0,0,0,0,0,0,0,0,0,0,0,0,0,0,0,0
11_7,10.325,-61.37499999999999,10,0,0,0,0,0,0,0,0,0,0,0,0,0,0,0,0,0
11_7,10.325,-61.37499999999999,11,1,0,0,0,0,0,0,0,0,0,0,0,0,0,0,0,0
11_7,10.325,-61.37499999999999,12,0,0,0,0,0,0,0,0,0,0,0,0,0,0,0,0,0
11_7,10.325,-61.37499999999999,13,0,0,0,0,0,0,0,0,0,0,0,0,0,0,0,0,0
11_7,10.325,-61.37499999999999,14,0,0,0,0,0,0,0,0,0,0,0,0,0,0,0,0,0
11_7,10.325,-61.37499999999999,15,0,0,0,0,0,0,0,0,0,0,0,0,0,0,0,0,0
11_7,10.325,-61.37499999999999,16,1,0,0,0,0,0,0,0,0,0,0,0,0,0,0,0,0
11_7,10.325,-61.37499999999999,17,0,0,0,0,0,0,0,0,0,0,0,0,0,0,0,0,0
11_7,10.325,-61.37499999999999,18,0,0,0,0,0,0,0,0,0,0,0,0,0,0,0,0,0
11_7,10.325,-61.37499999999999,19,0,0,0,0,0,0,0,0,0,0,0,0,0,0,0,0,0
11_7,10.325,-61.37499999999999,20,0,0,0,0,0,0,0,0,0,0,0,0,0,0,0,0,0
11_7,10.325,-61.37499999999999,21,0,0,0,0,0,0,0,0,0,0,0,0,0,0,0,0,0
11_7,10.325,-61.37499999999999,22,0,0,0,0,0,0,0,0,0,0,0,0,0,0,0,0,0
11_7,10.325,-61.37499999999999,23,0,0,0,0,0,0,0,0,0,0,0,0,0,0,0,0,0
11_7,10.325,-61.37499999999999,24,0,0,0,0,0,0,0,0,0,0,0,0,0,0,0,0,0
11_7,10.325,-61.37499999999999,25,0,0,0,0,0,0,0,0,0,0,0,0,0,0,0,0,0
11_7,10.325,-61.37499999999999,26,0,0,0,0,0,0,0,0,0,0,0,0,0,0,0,0,0
11_7,10.325,-61.37499999999999,27,0,0,0,0,0,0,0,0,0,0,0,0,0,0,0,0,0
11_7,10.325,-61.37499999999999,28,0,0,0,0,0,0,0,0,0,0,0,0,0,0,0,0,0
11_7,10.325,-61.37499999999999,29,0,0,0,0,0,0,0,0,0,0,0,0,0,0,0,0,0
11_7,10.325,-61.37499999999999,30,0,0,0,0,0,0,0,0,0,0,0,0,0,0,0,0,0
11_7,10.325,-61.37499999999999,31,0,0,0,0,0,0,0,0,0,0,0,0,0,0,0,0,0
11_7,10.325,-61.37499999999999,32,0,0,0,0,0,0,0,0,0,0,0,0,0,0,0,0,0
11_7,10.325,-61.37499999999999,33,0,0,0,0,0,0,0,0,0,0,0,0,0,0,0,0,0
11_7,10.325,-61.37499999999999,34,0,0,0,0,0,0,0,0,0,0,0,0,0,0,0,0,0
11_7,10.325,-61.37499999999999,35,0,0,0,0,0,0,0,0,0,0,0,0,0,0,0,0,0
11_7,10.325,-61.37499999999999,36,0,0,0,0,0,0,0,0,0,0,0,0,0,0,0,0,0
11_7,10.325,-61.37499999999999,37,0,0,0,0,0,0,0,0,0,0,0,0,0,0,0,0,0
11_7,10.325,-61.37499999999999,38,0,0,0,0,0,0,0,0,0,0,0,0,0,0,0,0,0
11_7,10.325,-61.37499999999999,39,0,0,0,0,0,0,0,0,0,0,0,0,0,0,0,0,0
11_7,10.325,-61.37499999999999,40,0,0,0,0,0,0,0,0,0,0,0,0,0,0,0,0,0
11_7,10.325,-61.37499999999999,41,0,0,0,0,0,0,0,0,0,0,0,0,0,0,0,0,0
11_7,10.325,-61.37499999999999,42,0,0,0,0,0,0,0,0,0,0,0,0,0,0,0,0,0
11_7,10.325,-61.37499999999999,43,0,0,0,0,0,0,0,0,0,0,0,0,0,0,0,0,0
11_7,10.325,-61.37499999999999,44,1,0,0,0,0,0,0,0,0,0,0,0,0,0,0,0,0
11_7,10.325,-61.37499999999999,45,0,0,0,0,0,0,0,0,0,0,0,0,0,0,0,0,0
11_7,10.325,-61.37499999999999,46,0,0,0,0,0,0,0,0,0,0,0,0,0,0,0,0,0
11_7,10.325,-61.37499999999999,47,0,0,0,0,0,0,0,0,0,0,0,0,0,0,0,0,0
11_7,10.325,-61.37499999999999,48,0,0,0,0,0,0,0,0,0,0,0,0,0,0,0,0,0
11_7,10.325,-61.37499999999999,49,0,0,0,0,0,0,0,0,0,0,0,0,0,0,0,0,0
11_7,10.325,-61.37499999999999,50,0,0,0,0,0,0,0,0,0,0,0,0,0,0,0,0,0
11_7,10.325,-61.37499999999999,51,0,0,0,0,0,0,0,0,0,0,0,0,0,0,0,0,0
11_7,10.325,-61.37499999999999,52,0,0,0,0,0,0,0,0,0,0,0,0,0,0,0,0,0
11_8,10.375,-61.375,0,0,0,,,,,,,,0,,,,,,,
11_8,10.375,-61.375,1,0,0,0,,,,,,,0,0,,,,,,
11_8,10.375,-61.375,2,0,0,0,0,,,,,,0,0,0,,,,,
11_8,10.375,-61.375,3,0,0,0,0,0,,,,,0,0,0,0,,,,
11_8,10.375,-61.375,4,0,0,0,0,0,0,,,,0,0,0,0,0,,,
11_8,10.375,-61.375,5,0,0,0,0,0,0,0,,,0,0,0,0,0,0,,
11_8,10.375,-61.375,6,0,0,0,0,0,0,0,0,,0,0,0,0,0,0,0,
11_8,10.375,-61.375,7,0,0,0,0,0,0,0,0,0,0,0,0,0,0,0,0,0
11_8,10.375,-61.375,8,0,0,0,0,0,0,0,0,0,0,0,0,0,0,0,0,0
11_8,10.375,-61.375,9,0,0,0,0,0,0,0,0,0,0,0,0,0,0,0,0,0
11_8,10.375,-61.375,10,0,0,0,0,0,0,0,0,0,0,0,0,0,0,0,0,0
11_8,10.375,-61.375,11,0,0,0,0,0,0,0,0,0,0,0,0,0,0,0,0,0
11_8,10.375,-61.375,12,0,0,0,0,0,0,0,0,0,0,0,0,0,0,0,0,0
11_8,10.375,-61.375,13,0,0,0,0,0,0,0,0,0,0,0,0,0,0,0,0,0
11_8,10.375,-61.375,14,0,0,0,0,0,0,0,0,0,0,0,0,0,0,0,0,0
11_8,10.375,-61.375,15,0,0,0,0,0,0,0,0,0,0,0,0,0,0,0,0,0
11_8,10.375,-61.375,16,1,0,0,0,0,0,0,0,0,0,0,0,0,0,0,0,0
11_8,10.375,-61.375,17,0,0,0,0,0,0,0,0,0,0,0,0,0,0,0,0,0
11_8,10.375,-61.375,18,0,0,0,0,0,0,0,0,0,0,0,0,0,0,0,0,0
11_8,10.375,-61.375,19,0,0,0,0,0,0,0,0,0,0,0,0,0,0,0,0,0
11_8,10.375,-61.375,20,0,0,0,0,0,0,0,0,0,0,0,0,0,0,0,0,0
11_8,10.375,-61.375,21,0,0,0,0,0,0,0,0,0,0,0,0,0,0,0,0,0
11_8,10.375,-61.375,22,0,0,0,0,0,0,0,0,0,0,0,0,0,0,0,0,0
11_8,10.375,-61.375,23,0,0,0,0,0,0,0,0,0,0,0,0,0,0,0,0,0
11_8,10.375,-61.375,24,0,0,0,0,0,0,0,0,0,0,0,0,0,0,0,0,0
11_8,10.375,-61.375,25,0,0,0,0,0,0,0,0,0,0,0,0,0,0,0,0,0
11_8,10.375,-61.375,26,0,0,0,0,0,0,0,0,0,0,0,0,0,0,0,0,0
11_8,10.375,-61.375,27,0,0,0,0,0,0,0,0,0,0,0,0,0,0,0,0,0
11_8,10.375,-61.375,28,0,0,0,0,0,0,0,0,0,0,0,0,0,0,0,0,0
11_8,10.375,-61.375,29,0,0,0,0,0,0,0,0,0,0,0,0,0,0,0,0,0
11_8,10.375,-61.375,30,0,0,0,0,0,0,0,0,0,0,0,0,0,0,0,0,0
11_8,10.375,-61.375,31,0,0,0,0,0,0,0,0,0,0,0,0,0,0,0,0,0
11_8,10.375,-61.375,32,0,0,0,0,0,0,0,0,0,0,0,0,0,0,0,0,0
11_8,10.375,-61.375,33,0,0,0,0,0,0,0,0,0,0,0,0,0,0,0,0,0
11_8,10.375,-61.375,34,0,0,0,0,0,0,0,0,0,0,0,0,0,0,0,0,0
11_8,10.375,-61.375,35,0,0,0,0,0,0,0,0,0,0,0,0,0,0,0,0,0
11_8,10.375,-61.375,36,0,0,0,0,0,0,0,0,0,0,0,0,0,0,0,0,0
11_8,10.375,-61.375,37,0,0,0,0,0,0,0,0,0,0,0,0,0,0,0,0,0
11_8,10.375,-61.375,38,0,0,0,0,0,0,0,0,0,0,0,0,0,0,0,0,0
11_8,10.375,-61.375,39,0,0,0,0,0,0,0,0,0,0,0,0,0,0,0,0,0
11_8,10.375,-61.375,40,0,0,0,0,0,0,0,0,0,0,0,0,0,0,0,0,0
11_8,10.375,-61.375,41,1,0,0,0,0,0,0,0,0,0,0,0,0,0,0,0,0
11_8,10.375,-61.375,42,0,0,0,0,0,0,0,0,0,0,0,0,0,0,0,0,0
11_8,10.375,-61.375,43,0,0,0,0,0,0,0,0,0,0,0,0,0,0,0,0,0
11_8,10.375,-61.375,44,0,0,0,0,0,0,0,0,0,0,0,0,0,0,0,0,0
11_8,10.375,-61.375,45,0,0,0,0,0,0,0,0,0,0,0,0,0,0,0,0,0
11_8,10.375,-61.375,46,0,0,0,0,0,0,0,0,0,0,0,0,0,0,0,0,0
11_8,10.375,-61.375,47,0,0,0,0,0,0,0,0,0,0,0,0,0,0,0,0,0
11_8,10.375,-61.375,48,0,0,0,0,0,0,0,0,0,0,0,0,0,0,0,0,0
11_8,10.375,-61.375,49,0,0,0,0,0,0,0,0,0,0,0,0,0,0,0,0,0
11_8,10.375,-61.375,50,0,0,0,0,0,0,0,0,0,0,0,0,0,0,0,0,0
11_8,10.375,-61.375,51,0,0,0,0,0,0,0,0,0,0,0,0,0,0,0,0,0
11_8,10.375,-61.375,52,0,0,0,0,0,0,0,0,0,0,0,0,0,0,0,0,0
11_9,10.425,-61.37499999999999,0,0,0,,,,,,,,0,,,,,,,
11_9,10.425,-61.37499999999999,1,0,0,0,,,,,,,0,0,,,,,,
11_9,10.425,-61.37499999999999,2,0,0,0,0,,,,,,0,0,0,,,,,
11_9,10.425,-61.37499999999999,3,0,0,0,0,0,,,,,0,0,0,0,,,,
11_9,10.425,-61.37499999999999,4,2,0,0,0,0,0,,,,0,0,0,0,0,,,
11_9,10.425,-61.37499999999999,5,0,0,0,0,0,0,0,,,0,0,0,0,0,0,,
11_9,10.425,-61.37499999999999,6,2,0,0,0,0,0,0,0,,0,0,0,0,0,0,0,
11_9,10.425,-61.37499999999999,7,0,0,0,0,0,0,0,0,0,0,0,0,0,0,0,0,0
11_9,10.425,-61.37499999999999,8,0,0,0,0,0,0,0,0,0,0,0,0,0,0,0,0,0
11_9,10.425,-61.37499999999999,9,0,0,0,0,0,0,0,0,0,0,0,0,0,0,0,0,0
11_9,10.425,-61.37499999999999,10,0,0,0,0,0,0,0,0,0,0,0,0,0,0,0,0,0
11_9,10.425,-61.37499999999999,11,0,0,0,0,0,0,0,0,0,0,0,0,0,0,0,0,0
11_9,10.425,-61.37499999999999,12,0,0,0,0,0,0,0,0,0,0,0,0,0,0,0,0,0
11_9,10.425,-61.37499999999999,13,0,0,0,0,0,0,0,0,0,0,0,0,0,0,0,0,0
11_9,10.425,-61.37499999999999,14,0,0,0,0,0,0,0,0,0,0,0,0,0,0,0,0,0
11_9,10.425,-61.37499999999999,15,0,0,0,0,0,0,0,0,0,0,0,0,0,0,0,0,0
11_9,10.425,-61.37499999999999,16,0,0,0,0,0,0,0,0,0,0,0,0,0,0,0,0,0
11_9,10.425,-61.37499999999999,17,0,0,0,0,0,0,0,0,0,0,0,0,0,0,0,0,0
11_9,10.425,-61.37499999999999,18,0,0,0,0,0,0,0,0,0,0,0,0,0,0,0,0,0
11_9,10.425,-61.37499999999999,19,0,0,0,0,0,0,0,0,0,0,0,0,0,0,0,0,0
11_9,10.425,-61.37499999999999,20,0,0,0,0,0,0,0,0,0,0,0,0,0,0,0,0,0
11_9,10.425,-61.37499999999999,21,0,0,0,0,0,0,0,0,0,0,0,0,0,0,0,0,0
11_9,10.425,-61.37499999999999,22,0,0,0,0,0,0,0,0,0,0,0,0,0,0,0,0,0
11_9,10.425,-61.37499999999999,23,0,0,0,0,0,0,0,0,0,0,0,0,0,0,0,0,0
11_9,10.425,-61.37499999999999,24,0,0,0,0,0,0,0,0,0,0,0,0,0,0,0,0,0
11_9,10.425,-61.37499999999999,25,0,0,0,0,0,0,0,0,0,0,0,0,0,0,0,0,0
11_9,10.425,-61.37499999999999,26,0,0,0,0,0,0,0,0,0,0,0,0,0,0,0,0,0
11_9,10.425,-61.37499999999999,27,1,0,0,0,0,0,0,0,0,0,0,0,0,0,0,0,0
11_9,10.425,-61.37499999999999,28,0,0,0,0,0,0,0,0,0,0,0,0,0,0,0,0,0
11_9,10.425,-61.37499999999999,29,0,0,0,0,0,0,0,0,0,0,0,0,0,0,0,0,0
11_9,10.425,-61.37499999999999,30,0,0,0,0,0,0,0,0,0,0.20844853368761468,0,0,0,0,0,0,0
11_9,10.425,-61.37499999999999,31,0,0,0,0,0,0,0,0,0,0,0.20844853368761468,0,0,0,0,0,0
11_9,10.425,-61.37499999999999,32,0,0,0,0,0,0,0,0,0,0,0,0.20844853368761468,0,0,0,0,0
11_9,10.425,-61.37499999999999,33,0,0,0,0,0,0,0,0,0,0,0,0,0.20844853368761468,0,0,0,0
11_9,10.425,-61.37499999999999,34,0,0,0,0,0,0,0,0,0,0,0,0,0,0.20844853368761468,0,0,0
11_9,10.425,-61.37499999999999,35,0,0,0,0,0,0,0,0,0,0,0,0,0,0,0.20844853368761468,0,0
11_9,10.425,-61.37499999999999,36,0,0,0,0,0,0,0,0,0,0,0,0,0,0,0,0.20844853368761468,0
11_9,10.425,-61.37499999999999,37,0,0,0,0,0,0,0,0,0,0,0,0,0,0,0,0,0.20844853368761468
11_9,10.425,-61.37499999999999,38,0,0,0,0,0,0,0,0,0,0,0,0,0,0,0,0,0
11_9,10.425,-61.37499999999999,39,0,0,0,0,0,0,0,0,0,0,0,0,0,0,0,0,0
11_9,10.425,-61.37499999999999,40,0,0,0,0,0,0,0,0,0,0,0,0,0,0,0,0,0
11_9,10.425,-61.37499999999999,41,0,0,0,0,0,0,0,0,0,0,0,0,0,0,0,0,0
11_9,10.425,-61.37499999999999,42,0,0,0,0,0,0,0,0,0,0,0,0,0,0,0,0,0
11_9,10.425,-61.37499999999999,43,0,0,0,0,0,0,0,0,0,0,0,0,0,0,0,0,0
11_9,10.425,-61.37499999999999,44,0,0,0,0,0,0,0,0,0,0,0,0,0,0,0,0,0
11_9,10.425,-61.37499999999999,45,1,0,0,0,0,0,0,0,0,0,0,0,0,0,0,0,0
11_9,10.425,-61.37499999999999,46,0,0,0,0,0,0,0,0,0,0,0,0,0,0,0,0,0
11_9,10.425,-61.37499999999999,47,0,0,0,0,0,0,0,0,0,0,0,0,0,0,0,0,0
11_9,10.425,-61.37499999999999,48,0,0,0,0,0,0,0,0,0,0,0,0,0,0,0,0,0
11_9,10.425,-61.37499999999999,49,0,0,0,0,0,0,0,0,0,0,0,0,0,0,0,0,0
11_9,10.425,-61.37499999999999,50,0,0,0,0,0,0,0,0,0,0,0,0,0,0,0,0,0
11_9,10.425,-61.37499999999999,51,1,0,0,0,0,0,0,0,0,0,0,0,0,0,0,0,0
11_9,10.425,-61.37499999999999,52,0,0,0,0,0,0,0,0,0,0,0,0,0,0,0,0,0
11_10,10.475,-61.375,0,0,0,,,,,,,,0,,,,,,,
11_10,10.475,-61.375,1,1,0,0,,,,,,,0,0,,,,,,
11_10,10.475,-61.375,2,0,0,0,0,,,,,,0,0,0,,,,,
11_10,10.475,-61.375,3,0,0,0,0,0,,,,,0,0,0,0,,,,
11_10,10.475,-61.375,4,0,0,0,0,0,0,,,,0,0,0,0,0,,,
11_10,10.475,-61.375,5,0,0,0,0,0,0,0,,,0.362099634586362,0,0,0,0,0,,
11_10,10.475,-61.375,6,0,0,0,0,0,0,0,0,,0,0.362099634586362,0,0,0,0,0,
11_10,10.475,-61.375,7,0,0,0,0,0,0,0,0,0,0,0,0.362099634586362,0,0,0,0,0
11_10,10.475,-61.375,8,0,0,0,0,0,0,0,0,0,0,0,0,0.362099634586362,0,0,0,0
11_10,10.475,-61.375,9,0,0,0,0,0,0,0,0,0,0,0,0,0,0.362099634586362,0,0,0
11_10,10.475,-61.375,10,0,0,0,0,0,0,0,0,0,0,0,0,0,0,0.362099634586362,0,0
11_10,10.475,-61.375,11,0,0,0,0,0,0,0,0,0,0,0,0,0,0,0,0.362099634586362,0
11_10,10.475,-61.375,12,0,0,0,0,0,0,0,0,0,0,0,0,0,0,0,0,0.362099634586362
11_10,10.475,-61.375,13,1,0,0,0,0,0,0,0,0,0,0,0,0,0,0,0,0
11_10,10.475,-61.375,14,0,0,0,0,0,0,0,0,0,0,0,0,0,0,0,0,0
11_10,10.475,-61.375,15,1,0,0,0,0,0,0,0,0,0,0,0,0,0,0,0,0
11_10,10.475,-61.375,16,0,0,0,0,0,0,0,0,0,0,0,0,0,0,0,0,0
11_10,10.475,-61.375,17,0,0,0,0,0,0,0,0,0,0,0,0,0,0,0,0,0
11_10,10.475,-61.375,18,0,0,0,0,0,0,0,0,0,0,0,0,0,0,0,0,0
11_10,10.475,-61.375,19,0,0,0,0,0,0,0,0,0,0,0,0,0,0,0,0,0
11_10,10.475,-61.375,20,0,0,0,0,0,0,0,0,0,0,0,0,0,0,0,0,0
11_10,10.475,-61.375,21,0,0,0,0,0,0,0,0,0,0,0,0,0,0,0,0,0
11_10,10.475,-61.375,22,1,0,0,0,0,0,0,0,0,0,0,0,0,0,0,0,0
11_10,10.475,-61.375,23,1,0,0,0,0,0,0,0,0,0,0,0,0,0,0,0,0
11_10,10.475,-61.375,24,0,0,0,0,0,0,0,0,0,0,0,0,0,0,0,0,0
11_10,10.475,-61.375,25,0,0,0,0,0,0,0,0,0,0,0,0,0,0,0,0,0
11_10,10.475,-61.375,26,1,0,0,0,0,0,0,0,0,0,0,0,0,0,0,0,0
11_10,10.475,-61.375,27,0,0,0,0,0,0,0,0,0,0,0,0,0,0,0,0,0
11_10,10.475,-61.375,28,0,0,0,0,0,0,0,0,0,0,0,0,0,0,0,0,0
11_10,10.475,-61.375,29,0,0,0,0,0,0,0,0,0,0,0,0,0,0,0,0,0
11_10,10.475,-61.375,30,0,0,0,0,0,0,0,0,0,0.1791166953460885,0,0,0,0,0,0,0
11_10,10.475,-61.375,31,0,0,0,0,0,0,0,0,0,0,0.1791166953460885,0,0,0,0,0,0
11_10,10.475,-61.375,32,0,0,0,0,0,0,0,0,0,0,0,0.1791166953460885,0,0,0,0,0
11_10,10.475,-61.375,33,0,0,0,0,0,0,0,0,0,0.2048936159927912,0,0,0.1791166953460885,0,0,0,0
11_10,10.475,-61.375,34,0,0,0,0,0,0,0,0,0,0,0.2048936159927912,0,0,0.1791166953460885,0,0,0
11_10,10.475,-61.375,35,0,0,0,0,0,0,0,0,0,0,0,0.2048936159927912,0,0,0.1791166953460885,0,0
11_10,10.475,-61.375,36,0,0,0,0,0,0,0,0,0,0,0,0,0.2048936159927912,0,0,0.1791166953460885,0
11_10,10.475,-61.375,37,0,0,0,0,0,0,0,0,0,0,0,0,0,0.2048936159927912,0,0,0.1791166953460885
11_10,10.475,-61.375,38,0,0,0,0,0,0,0,0,0,0,0,0,0,0,0.2048936159927912,0,0
11_10,10.475,-61.375,39,0,0,0,0,0,0,0,0,0,0,0,0,0,0,0,0.2048936159927912,0
11_10,10.475,-61.375,40,1,0,0,0,0,0,0,0,0,0,0,0,0,0,0,0,0.2048936159927912
11_10,10.475,-61.375,41,0,0,0,0,0,0,0,0,0,0,0,0,0,0,0,0,0
11_10,10.475,-61.375,42,0,0,0,0,0,0,0,0,0,0.16773966377026067,0,0,0,0,0,0,0
11_10,10.475,-61.375,43,0,0,0,0,0,0,0,0,0,0,0.16773966377026067,0,0,0,0,0,0
11_10,10.475,-61.375,44,0,0,0,0,0,0,0,0,0,0,0,0.16773966377026067,0,0,0,0,0
11_10,10.475,-61.375,45,0,0,0,0,0,0,0,0,0,0,0,0,0.16773966377026067,0,0,0,0
11_10,10.475,-61.375,46,0,0,0,0,0,0,0,0,0,0,0,0,0,0.16773966377026067,0,0,0
11_10,10.475,-61.375,47,1,0,0,0,0,0,0,0,0,0,0,0,0,0,0.16773966377026067,0,0
11_10,10.475,-61.375,48,0,0,0,0,0,0,0,0,0,0,0,0,0,0,0,0.16773966377026067,0
11_10,10.475,-61.375,49,0,0,0,0,0,0,0,0,0,0,0,0,0,0,0,0,0.16773966377026067
11_10,10.475,-61.375,50,0,0,0,0,0,0,0,0,0,0,0,0,0,0,0,0,0
11_10,10.475,-61.375,51,0,0,0,0,0,0,0,0,0,0,0,0,0,0,0,0,0
11_10,10.475,-61.375,52,0,0,0,0,0,0,0,0,0,0,0,0,0,0,0,0,0
11_11,10.525,-61.375,0,0,0,,,,,,,,0,,,,,,,
11_11,10.525,-61.375,1,0,0,0,,,,,,,0,0,,,,,,
11_11,10.525,-61.375,2,1,0,0,0,,,,,,0,0,0,,,,,
11_11,10.525,-61.375,3,2,0,0,0,0,,,,,0,0,0,0,,,,
11_11,10.525,-61.375,4,0,0,0,0,0,0,,,,0,0,0,0,0,,,
11_11,10.525,-61.375,5,0,6,0,0,0,0,0,,,0,0,0,0,0,0,,
11_11,10.525,-61.375,6,1,1,6,0,0,0,0,0,,0,0,0,0,0,0,0,
11_11,10.525,-61.375,7,1,0,1,6,0,0,0,0,0,0,0,0,0,0,0,0,0
11_11,10.525,-61.375,8,0,0,0,1,6,0,0,0,0,0,0,0,0,0,0,0,0
11_11,10.525,-61.375,9,1,0,0,0,1,6,0,0,0,0,0,0,0,0,0,0,0
11_11,10.525,-61.375,10,0,0,0,0,0,1,6,0,0,0,0,0,0,0,0,0,0
11_11,10.525,-61.375,11,0,0,0,0,0,0,1,6,0,0,0,0,0,0,0,0,0
11_11,10.525,-61.375,12,0,0,0,0,0,0,0,1,6,0,0,0,0,0,0,0,0
11_11,10.525,-61.375,13,1,0,0,0,0,0,0,0,1,0,0,0,0,0,0,0,0
11_11,10.525,-61.375,14,3,0,0,0,0,0,0,0,0,0,0,0,0,0,0,0,0
11_11,10.525,-61.375,15,0,0,0,0,0,0,0,0,0,0,0,0,0,0,0,0,0
11_11,10.525,-61.375,16,2,0,0,0,0,0,0,0,0,0,0,0,0,0,0,0,0
11_11,10.525,-61.375,17,0,0,0,0,0,0,0,0,0,0,0,0,0,0,0,0,0
11_11,10.525,-61.375,18,0,0,0,0,0,0,0,0,0,0,0,0,0,0,0,0,0
11_11,10.525,-61.375,19,0,0,0,0,0,0,0,0,0,0,0,0,0,0,0,0,0
11_11,10.525,-61.375,20,2,0,0,0,0,0,0,0,0,0,0,0,0,0,0,0,0
11_11,10.525,-61.375,21,0,0,0,0,0,0,0,0,0,0,0,0,0,0,0,0,0
11_11,10.525,-61.375,22,1,0,0,0,0,0,0,0,0,0,0,0,0,0,0,0,0
11_11,10.525,-61.375,23,0,0,0,0,0,0,0,0,0,0,0,0,0,0,0,0,0
11_11,10.525,-61.375,24,2,0,0,0,0,0,0,0,0,0,0,0,0,0,0,0,0
11_11,10.525,-61.375,25,0,0,0,0,0,0,0,0,0,0,0,0,0,0,0,0,0
11_11,10.525,-61.375,26,3,0,0,0,0,0,0,0,0,0,0,0,0,0,0,0,0
11_11,10.525,-61.375,27,0,0,0,0,0,0,0,0,0,0,0,0,0,0,0,0,0
11_11,10.525,-61.375,28,1,0,0,0,0,0,0,0,0,0,0,0,0,0,0,0,0
11_11,10.525,-61.375,29,0,0,0,0,0,0,0,0,0,0,0,0,0,0,0,0,0
11_11,10.525,-61.375,30,0,0,0,0,0,0,0,0,0,0,0,0,0,0,0,0,0
11_11,10.525,-61.375,31,1,0,0,0,0,0,0,0,0,0,0,0,0,0,0,0,0
11_11,10.525,-61.375,32,0,0,0,0,0,0,0,0,0,0,0,0,0,0,0,0,0
11_11,10.525,-61.375,33,0,0,0,0,0,0,0,0,0,0,0,0,0,0,0,0,0
11_11,10.525,-61.375,34,1,0,0,0,0,0,0,0,0,0,0,0,0,0,0,0,0
11_11,10.525,-61.375,35,1,3,0,0,0,0,0,0,0,0,0,0,0,0,0,0,0
11_11,10.525,-61.375,36,1,0,3,0,0,0,0,0,0,0,0,0,0,0,0,0,0
11_11,10.525,-61.375,37,0,0,0,3,0,0,0,0,0,0,0,0,0,0,0,0,0
11_11,10.525,-61.375,38,0,0,0,0,3,0,0,0,0,0,0,0,0,0,0,0,0
11_11,10.525,-61.375,39,1,0,0,0,0,3,0,0,0,0,0,0,0,0,0,0,0
11_11,10.525,-61.375,40,0,0,0,0,0,0,3,0,0,0,0,0,0,0,0,0,0
11_11,10.525,-61.375,41,1,0,0,0,0,0,0,3,0,0,0,0,0,0,0,0,0
11_11,10.525,-61.375,42,0,2,0,0,0,0,0,0,3,0,0,0,0,0,0,0,0
11_11,10.525,-61.375,43,0,0,2,0,0,0,0,0,0,0,0,0,0,0,0,0,0
11_11,10.525,-61.375,44,0,0,0,2,0,0,0,0,0,0,0,0,0,0,0,0,0
11_11,10.525,-61.375,45,3,0,0,0,2,0,0,0,0,0,0,0,0,0,0,0,0
11_11,10.525,-61.375,46,2,0,0,0,0,2,0,0,0,0,0,0,0,0,0,0,0
11_11,10.525,-61.375,47,0,0,0,0,0,0,2,0,0,0,0,0,0,0,0,0,0
11_11,10.525,-61.375,48,4,0,0,0,0,0,0,2,0,0,0,0,0,0,0,0,0
11_11,10.525,-61.375,49,0,0,0,0,0,0,0,0,2,0,0,0,0,0,0,0,0
11_11,10.525,-61.375,50,2,0,0,0,0,0,0,0,0,0,0,0,0,0,0,0,0
11_11,10.525,-61.375,51,0,0,0,0,0,0,0,0,0,0,0,0,0,0,0,0,0
11_11,10.525,-61.375,52,0,0,0,0,0,0,0,0,0,0,0,0,0,0,0,0,0
11_12,10.575,-61.37499999999999,0,0,0,,,,,,,,0,,,,,,,
11_12,10.575,-61.37499999999999,1,0,0,0,,,,,,,0,0,,,,,,
11_12,10.575,-61.37499999999999,2,0,0,0,0,,,,,,0,0,0,,,,,
11_12,10.575,-61.37499999999999,3,0,0,0,0,0,,,,,0,0,0,0,,,,
11_12,10.575,-61.37499999999999,4,0,0,0,0,0,0,,,,0,0,0,0,0,,,
11_12,10.575,-61.37499999999999,5,0,0,0,0,0,0,0,,,0.5056932225106255,0,0,0,0,0,,
11_12,10.575,-61.37499999999999,6,0,0,0,0,0,0,0,0,,0.24451889763522905,0.5056932225106255,0,0,0,0,0,
11_12,10.575,-61.37499999999999,7,0,0,0,0,0,0,0,0,0,0,0.24451889763522905,0.5056932225106255,0,0,0,0,0
11_12,10.575,-61.37499999999999,8,0,0,0,0,0,0,0,0,0,0,0,0.24451889763522905,0.5056932225106255,0,0,0,0
11_12,10.575,-61.37499999999999,9,0,0,0,0,0,0,0,0,0,0,0,0,0.24451889763522905,0.5056932225106255,0,0,0
11_12,10.575,-61.37499999999999,10,0,0,0,0,0,0,0,0,0,0,0,0,0,0.24451889763522905,0.5056932225106255,0,0
11_12,10.575,-61.37499999999999,11,0,0,0,0,0,0,0,0,0,0,0,0,0,0,0.24451889763522905,0.5056932225106255,0
11_12,10.575,-61.37499999999999,12,0,0,0,0,0,0,0,0,0,0,0,0,0,0,0,0.24451889763522905,0.5056932225106255
11_12,10.575,-61.37499999999999,13,1,0,0,0,0,0,0,0,0,0,0,0,0,0,0,0,0.24451889763522905
11_12,10.575,-61.37499999999999,14,0,0,0,0,0,0,0,0,0,0,0,0,0,0,0,0,0
11_12,10.575,-61.37499999999999,15,2,0,0,0,0,0,0,0,0,0,0,0,0,0,0,0,0
11_12,10.575,-61.37499999999999,16,0,0,0,0,0,0,0,0,0,0,0,0,0,0,0,0,0
11_12,10.575,-61.37499999999999,17,2,0,0,0,0,0,0,0,0,0,0,0,0,0,0,0,0
11_12,10.575,-61.37499999999999,18,0,0,0,0,0,0,0,0,0,0,0,0,0,0,0,0,0
11_12,10.575,-61.37499999999999,19,2,0,0,0,0,0,0,0,0,0,0,0,0,0,0,0,0
11_12,10.575,-61.37499999999999,20,0,0,0,0,0,0,0,0,0,0,0,0,0,0,0,0,0
11_12,10.575,-61.37499999999999,21,0,0,0,0,0,0,0,0,0,0,0,0,0,0,0,0,0
11_12,10.575,-61.37499999999999,22,0,0,0,0,0,0,0,0,0,0,0,0,0,0,0,0,0
11_12,10.575,-61.37499999999999,23,0,0,0,0,0,0,0,0,0,0,0,0,0,0,0,0,0
11_12,10.575,-61.37499999999999,24,0,0,0,0,0,0,0,0,0,0,0,0,0,0,0,0,0
11_12,10.575,-61.37499999999999,25,0,0,0,0,0,0,0,0,0,0,0,0,0,0,0,0,0
11_12,10.575,-61.37499999999999,26,0,0,0,0,0,0,0,0,0,0,0,0,0,0,0,0,0
11_12,10.575,-61.37499999999999,27,1,0,0,0,0,0,0,0,0,0,0,0,0,0,0,0,0
11_12,10.575,-61.37499999999999,28,0,0,0,0,0,0,0,0,0,0,0,0,0,0,0,0,0
11_12,10.575,-61.37499999999999,29,0,0,0,0,0,0,0,0,0,0,0,0,0,0,0,0,0
11_12,10.575,-61.37499999999999,30,0,0,0,0,0,0,0,0,0,0,0,0,0,0,0,0,0
11_12,10.575,-61.37499999999999,31,0,0,0,0,0,0,0,0,0,0.40594770916039036,0,0,0,0,0,0,0
11_12,10.575,-61.37499999999999,32,1,0,0,0,0,0,0,0,0,0,0.40594770916039036,0,0,0,0,0,0
11_12,10.575,-61.37499999999999,33,1,0,0,0,0,0,0,0,0,0.7071046702704555,0,0.40594770916039036,0,0,0,0,0
11_12,10.575,-61.37499999999999,34,0,0,0,0,0,0,0,0,0,0,0.7071046702704555,0,0.40594770916039036,0,0,0,0
11_12,10.575,-61.37499999999999,35,1,0,0,0,0,0,0,0,0,0,0,0.7071046702704555,0,0.40594770916039036,0,0,0
11_12,10.575,-61.37499999999999,36,0,0,0,0,0,0,0,0,0,0,0,0,0.7071046702704555,0,0.40594770916039036,0,0
11_12,10.575,-61.37499999999999,37,1,0,0,0,0,0,0,0,0,0,0,0,0,0.7071046702704555,0,0.40594770916039036,0
11_12,10.575,-61.37499999999999,38,0,0,0,0,0,0,0,0,0,0,0,0,0,0,0.7071046702704555,0,0.40594770916039036
11_12,10.575,-61.37499999999999,39,3,0,0,0,0,0,0,0,0,0.20042386802208625,0,0,0,0,0,0.7071046702704555,0
11_12,10.575,-61.37499999999999,40,0,0,0,0,0,0,0,0,0,0,0.20042386802208625,0,0,0,0,0,0.7071046702704555
11_12,10.575,-61.37499999999999,41,0,0,0,0,0,0,0,0,0,0,0,0.20042386802208625,0,0,0,0,0
11_12,10.575,-61.37499999999999,42,0,0,0,0,0,0,0,0,0,0,0,0,0.20042386802208625,0,0,0,0
11_12,10.575,-61.37499999999999,43,0,0,0,0,0,0,0,0,0,0,0,0,0,0.20042386802208625,0,0,0
11_12,10.575,-61.37499999999999,44,0,0,0,0,0,0,0,0,0,0,0,0,0,0,0.20042386802208625,0,0
11_12,10.575,-61.37499999999999,45,1,0,0,0,0,0,0,0,0,0,0,0,0,0,0,0.20042386802208625,0
11_12,10.575,-61.37499999999999,46,0,0,0,0,0,0,0,0,0,0,0,0,0,0,0,0,0.20042386802208625
11_12,10.575,-61.37499999999999,47,1,0,0,0,0,0,0,0,0,0,0,0,0,0,0,0,0
11_12,10.575,-61.37499999999999,48,2,0,0,0,0,0,0,0,0,0,0,0,0,0,0,0,0
11_12,10.575,-61.37499999999999,49,0,0,0,0,0,0,0,0,0,0,0,0,0,0,0,0,0
11_12,10.575,-61.37499999999999,50,1,0,0,0,0,0,0,0,0,0,0,0,0,0,0,0,0
11_12,10.575,-61.37499999999999,51,0,0,0,0,0,0,0,0,0,0,0,0,0,0,0,0,0
11_12,10.575,-61.37499999999999,52,0,0,0,0,0,0,0,0,0,0,0,0,0,0,0,0,0
11_13,10.625,-61.375,0,0,0,,,,,,,,0,,,,,,,
11_13,10.625,-61.375,1,0,0,0,,,,,,,0,0,,,,,,
11_13,10.625,-61.375,2,0,0,0,0,,,,,,0,0,0,,,,,
11_13,10.625,-61.375,3,0,0,0,0,0,,,,,0,0,0,0,,,,
11_13,10.625,-61.375,4,0,0,0,0,0,0,,,,0,0,0,0,0,,,
11_13,10.625,-61.375,5,0,1,0,0,0,0,0,,,0.4766019840291863,0,0,0,0,0,,
11_13,10.625,-61.375,6,0,1,1,0,0,0,0,0,,0,0.4766019840291863,0,0,0,0,0,
11_13,10.625,-61.375,7,0,0,1,1,0,0,0,0,0,0.49863064601452034,0,0.4766019840291863,0,0,0,0,0
11_13,10.625,-61.375,8,0,0,0,1,1,0,0,0,0,0.24931532300726017,0.49863064601452034,0,0.4766019840291863,0,0,0,0
11_13,10.625,-61.375,9,0,0,0,0,1,1,0,0,0,0,0.24931532300726017,0.49863064601452034,0,0.4766019840291863,0,0,0
11_13,10.625,-61.375,10,1,0,0,0,0,1,1,0,0,0,0,0.24931532300726017,0.49863064601452034,0,0.4766019840291863,0,0
11_13,10.625,-61.375,11,0,0,0,0,0,0,1,1,0,0,0,0,0.24931532300726017,0.49863064601452034,0,0.4766019840291863,0
11_13,10.625,-61.375,12,0,0,0,0,0,0,0,1,1,0,0,0,0,0.24931532300726017,0.49863064601452034,0,0.4766019840291863
11_13,10.625,-61.375,13,2,0,0,0,0,0,0,0,1,0,0,0,0,0,0.24931532300726017,0.49863064601452034,0
11_13,10.625,-61.375,14,0,0,0,0,0,0,0,0,0,0,0,0,0,0,0,0.24931532300726017,0.49863064601452034
11_13,10.625,-61.375,15,0,0,0,0,0,0,0,0,0,0,0,0,0,0,0,0,0.24931532300726017
11_13,10.625,-61.375,16,0,0,0,0,0,0,0,0,0,0,0,0,0,0,0,0,0
11_13,10.625,-61.375,17,0,0,0,0,0,0,0,0,0,0,0,0,0,0,0,0,0
11_13,10.625,-61.375,18,0,0,0,0,0,0,0,0,0,0,0,0,0,0,0,0,0
11_13,10.625,-61.375,19,1,0,0,0,0,0,0,0,0,0,0,0,0,0,0,0,0
11_13,10.625,-61.375,20,1,0,0,0,0,0,0,0,0,0,0,0,0,0,0,0,0
11_13,10.625,-61.375,21,0,0,0,0,0,0,0,0,0,0,0,0,0,0,0,0,0
11_13,10.625,-61.375,22,0,0,0,0,0,0,0,0,0,0,0,0,0,0,0,0,0
11_13,10.625,-61.375,23,0,0,0,0,0,0,0,0,0,0,0,0,0,0,0,0,0
11_13,10.625,-61.375,24,1,0,0,0,0,0,0,0,0,0,0,0,0,0,0,0,0
11_13,10.625,-61.375,25,0,0,0,0,0,0,0,0,0,0,0,0,0,0,0,0,0
11_13,10.625,-61.375,26,1,0,0,0,0,0,0,0,0,0,0,0,0,0,0,0,0
11_13,10.625,-61.375,27,0,0,0,0,0,0,0,0,0,0,0,0,0,0,0,0,0
11_13,10.625,-61.375,28,0,0,0,0,0,0,0,0,0,0,0,0,0,0,0,0,0
11_13,10.625,-61.375,29,1,0,0,0,0,0,0,0,0,0,0,0,0,0,0,0,0
11_13,10.625,-61.375,30,0,1,0,0,0,0,0,0,0,0,0,0,0,0,0,0,0
11_13,10.625,-61.375,31,0,1,1,0,0,0,0,0,0,0.23971459228246966,0,0,0,0,0,0,0
11_13,10.625,-61.375,32,0,1,1,1,0,0,0,0,0,0,0.23971459228246966,0,0,0,0,0,0
11_13,10.625,-61.375,33,0,0,1,1,1,0,0,0,0,0,0,0.23971459228246966,0,0,0,0,0
11_13,10.625,-61.375,34,0,0,0,1,1,1,0,0,0,0,0,0,0.23971459228246966,0,0,0,0
11_13,10.625,-61.375,35,0,0,0,0,1,1,1,0,0,0,0,0,0,0.23971459228246966,0,0,0
11_13,10.625,-61.375,36,0,0,0,0,0,1,1,1,0,0,0,0,0,0,0.23971459228246966,0,0
11_13,10.625,-61.375,37,0,0,0,0,0,0,1,1,1,0,0,0,0,0,0,0.23971459228246966,0
11_13,10.625,-61.375,38,0,0,0,0,0,0,0,1,1,0,0,0,0,0,0,0,0.23971459228246966
11_13,10.625,-61.375,39,0,0,0,0,0,0,0,0,1,0,0,0,0,0,0,0,0
11_13,10.625,-61.375,40,0,0,0,0,0,0,0,0,0,0,0,0,0,0,0,0,0
11_13,10.625,-61.375,41,1,0,0,0,0,0,0,0,0,0,0,0,0,0,0,0,0
11_13,10.625,-61.375,42,0,0,0,0,0,0,0,0,0,0,0,0,0,0,0,0,0
11_13,10.625,-61.375,43,0,0,0,0,0,0,0,0,0,0,0,0,0,0,0,0,0
11_13,10.625,-61.375,44,2,0,0,0,0,0,0,0,0,0,0,0,0,0,0,0,0
11_13,10.625,-61.375,45,1,0,0,0,0,0,0,0,0,0,0,0,0,0,0,0,0
11_13,10.625,-61.375,46,0,0,0,0,0,0,0,0,0,0,0,0,0,0,0,0,0
11_13,10.625,-61.375,47,0,0,0,0,0,0,0,0,0,0,0,0,0,0,0,0,0
11_13,10.625,-61.375,48,0,0,0,0,0,0,0,0,0,0,0,0,0,0,0,0,0
11_13,10.625,-61.375,49,0,0,0,0,0,0,0,0,0,0,0,0,0,0,0,0,0
11_13,10.625,-61.375,50,0,0,0,0,0,0,0,0,0,0,0,0,0,0,0,0,0
11_13,10.625,-61.375,51,0,0,0,0,0,0,0,0,0,0,0,0,0,0,0,0,0
11_13,10.625,-61.375,52,0,0,0,0,0,0,0,0,0,0,0,0,0,0,0,0,0
11_14,10.675,-61.37499999999999,0,0,0,,,,,,,,0,,,,,,,
11_14,10.675,-61.37499999999999,1,0,0,0,,,,,,,0,0,,,,,,
11_14,10.675,-61.37499999999999,2,0,0,0,0,,,,,,0,0,0,,,,,
11_14,10.675,-61.37499999999999,3,0,0,0,0,0,,,,,0,0,0,0,,,,
11_14,10.675,-61.37499999999999,4,0,0,0,0,0,0,,,,0,0,0,0,0,,,
11_14,10.675,-61.37499999999999,5,0,2,0,0,0,0,0,,,0.25697988067626554,0,0,0,0,0,,
11_14,10.675,-61.37499999999999,6,0,0,2,0,0,0,0,0,,0.27106690590852306,0.25697988067626554,0,0,0,0,0,
11_14,10.675,-61.37499999999999,7,0,0,0,2,0,0,0,0,0,0.3905566897986185,0.27106690590852306,0.25697988067626554,0,0,0,0,0
11_14,10.675,-61.37499999999999,8,0,0,0,0,2,0,0,0,0,0.19527834489930926,0.3905566897986185,0.27106690590852306,0.25697988067626554,0,0,0,0
11_14,10.675,-61.37499999999999,9,0,0,0,0,0,2,0,0,0,0,0.19527834489930926,0.3905566897986185,0.27106690590852306,0.25697988067626554,0,0,0
11_14,10.675,-61.37499999999999,10,0,0,0,0,0,0,2,0,0,0,0,0.19527834489930926,0.3905566897986185,0.27106690590852306,0.25697988067626554,0,0
11_14,10.675,-61.37499999999999,11,0,0,0,0,0,0,0,2,0,0,0,0,0.19527834489930926,0.3905566897986185,0.27106690590852306,0.25697988067626554,0
11_14,10.675,-61.37499999999999,12,0,0,0,0,0,0,0,0,2,0,0,0,0,0.19527834489930926,0.3905566897986185,0.27106690590852306,0.25697988067626554
11_14,10.675,-61.37499999999999,13,0,0,0,0,0,0,0,0,0,0,0,0,0,0,0.19527834489930926,0.3905566897986185,0.27106690590852306
11_14,10.675,-61.37499999999999,14,0,0,0,0,0,0,0,0,0,0,0,0,0,0,0,0.19527834489930926,0.3905566897986185
11_14,10.675,-61.37499999999999,15,0,0,0,0,0,0,0,0,0,0,0,0,0,0,0,0,0.19527834489930926
11_14,10.675,-61.37499999999999,16,0,0,0,0,0,0,0,0,0,0,0,0,0,0,0,0,0
11_14,10.675,-61.37499999999999,17,0,0,0,0,0,0,0,0,0,0,0,0,0,0,0,0,0
11_14,10.675,-61.37499999999999,18,0,0,0,0,0,0,0,0,0,0,0,0,0,0,0,0,0
11_14,10.675,-61.37499999999999,19,0,0,0,0,0,0,0,0,0,0,0,0,0,0,0,0,0
11_14,10.675,-61.37499999999999,20,0,0,0,0,0,0,0,0,0,0,0,0,0,0,0,0,0
11_14,10.675,-61.37499999999999,21,0,0,0,0,0,0,0,0,0,0,0,0,0,0,0,0,0
11_14,10.675,-61.37499999999999,22,0,0,0,0,0,0,0,0,0,0,0,0,0,0,0,0,0
11_14,10.675,-61.37499999999999,23,0,0,0,0,0,0,0,0,0,0,0,0,0,0,0,0,0
11_14,10.675,-61.37499999999999,24,0,0,0,0,0,0,0,0,0,0,0,0,0,0,0,0,0
11_14,10.675,-61.37499999999999,25,0,0,0,0,0,0,0,0,0,0,0,0,0,0,0,0,0
11_14,10.675,-61.37499999999999,26,0,0,0,0,0,0,0,0,0,0,0,0,0,0,0,0,0
11_14,10.675,-61.37499999999999,27,0,0,0,0,0,0,0,0,0,0,0,0,0,0,0,0,0
11_14,10.675,-61.37499999999999,28,0,0,0,0,0,0,0,0,0,0,0,0,0,0,0,0,0
11_14,10.675,-61.37499999999999,29,0,0,0,0,0,0,0,0,0,0,0,0,0,0,0,0,0
11_14,10.675,-61.37499999999999,30,0,0,0,0,0,0,0,0,0,0.1675565693956292,0,0,0,0,0,0,0
11_14,10.675,-61.37499999999999,31,0,1,0,0,0,0,0,0,0,0,0.1675565693956292,0,0,0,0,0,0
11_14,10.675,-61.37499999999999,32,0,0,1,0,0,0,0,0,0,0.27106690590852306,0,0.1675565693956292,0,0,0,0,0
11_14,10.675,-61.37499999999999,33,0,0,0,1,0,0,0,0,0,0,0.27106690590852306,0,0.1675565693956292,0,0,0,0
11_14,10.675,-61.37499999999999,34,0,0,0,0,1,0,0,0,0,0,0,0.27106690590852306,0,0.1675565693956292,0,0,0
11_14,10.675,-61.37499999999999,35,0,0,0,0,0,1,0,0,0,0,0,0,0.27106690590852306,0,0.1675565693956292,0,0
11_14,10.675,-61.37499999999999,36,0,0,0,0,0,0,1,0,0,0,0,0,0,0.27106690590852306,0,0.1675565693956292,0
11_14,10.675,-61.37499999999999,37,0,0,0,0,0,0,0,1,0,0,0,0,0,0,0.27106690590852306,0,0.1675565693956292
11_14,10.675,-61.37499999999999,38,0,0,0,0,0,0,0,0,1,0,0,0,0,0,0,0.27106690590852306,0
11_14,10.675,-61.37499999999999,39,1,0,0,0,0,0,0,0,0,0,0,0,0,0,0,0,0.27106690590852306
11_14,10.675,-61.37499999999999,40,0,0,0,0,0,0,0,0,0,0,0,0,0,0,0,0,0
11_14,10.675,-61.37499999999999,41,0,0,0,0,0,0,0,0,0,0,0,0,0,0,0,0,0
11_14,10.675,-61.37499999999999,42,0,0,0,0,0,0,0,0,0,0,0,0,0,0,0,0,0
11_14,10.675,-61.37499999999999,43,0,0,0,0,0,0,0,0,0,0,0,0,0,0,0,0,0
11_14,10.675,-61.37499999999999,44,0,0,0,0,0,0,0,0,0,0,0,0,0,0,0,0,0
11_14,10.675,-61.37499999999999,45,0,0,0,0,0,0,0,0,0,0,0,0,0,0,0,0,0
11_14,10.675,-61.37499999999999,46,0,0,0,0,0,0,0,0,0,0,0,0,0,0,0,0,0
11_14,10.675,-61.37499999999999,47,0,0,0,0,0,0,0,0,0,0,0,0,0,0,0,0,0
11_14,10.675,-61.37499999999999,48,0,0,0,0,0,0,0,0,0,0,0,0,0,0,0,0,0
11_14,10.675,-61.37499999999999,49,0,0,0,0,0,0,0,0,0,0,0,0,0,0,0,0,0
11_14,10.675,-61.37499999999999,50,0,0,0,0,0,0,0,0,0,0,0,0,0,0,0,0,0
11_14,10.675,-61.37499999999999,51,0,0,0,0,0,0,0,0,0,0,0,0,0,0,0,0,0
11_14,10.675,-61.37499999999999,52,0,0,0,0,0,0,0,0,0,0,0,0,0,0,0,0,0
11_15,10.725,-61.375,0,0,0,,,,,,,,0,,,,,,,
11_15,10.725,-61.375,1,0,0,0,,,,,,,0,0,,,,,,
11_15,10.725,-61.375,2,0,0,0,0,,,,,,0,0,0,,,,,
11_15,10.725,-61.375,3,0,0,0,0,0,,,,,0,0,0,0,,,,
11_15,10.725,-61.375,4,0,0,0,0,0,0,,,,0,0,0,0,0,,,
11_15,10.725,-61.375,5,0,0,0,0,0,0,0,,,0,0,0,0,0,0,,
11_15,10.725,-61.375,6,0,0,0,0,0,0,0,0,,0,0,0,0,0,0,0,
11_15,10.725,-61.375,7,0,0,0,0,0,0,0,0,0,0,0,0,0,0,0,0,0
11_15,10.725,-61.375,8,0,0,0,0,0,0,0,0,0,0,0,0,0,0,0,0,0
11_15,10.725,-61.375,9,0,0,0,0,0,0,0,0,0,0,0,0,0,0,0,0,0
11_15,10.725,-61.375,10,0,0,0,0,0,0,0,0,0,0,0,0,0,0,0,0,0
11_15,10.725,-61.375,11,0,0,0,0,0,0,0,0,0,0,0,0,0,0,0,0,0
11_15,10.725,-61.375,12,0,0,0,0,0,0,0,0,0,0,0,0,0,0,0,0,0
11_15,10.725,-61.375,13,1,0,0,0,0,0,0,0,0,0,0,0,0,0,0,0,0
11_15,10.725,-61.375,14,0,0,0,0,0,0,0,0,0,0,0,0,0,0,0,0,0
11_15,10.725,-61.375,15,0,0,0,0,0,0,0,0,0,0,0,0,0,0,0,0,0
11_15,10.725,-61.375,16,0,0,0,0,0,0,0,0,0,0,0,0,0,0,0,0,0
11_15,10.725,-61.375,17,0,0,0,0,0,0,0,0,0,0,0,0,0,0,0,0,0
11_15,10.725,-61.375,18,0,0,0,0,0,0,0,0,0,0,0,0,0,0,0,0,0
11_15,10.725,-61.375,19,0,0,0,0,0,0,0,0,0,0,0,0,0,0,0,0,0
11_15,10.725,-61.375,20,0,0,0,0,0,0,0,0,0,0,0,0,0,0,0,0,0
11_15,10.725,-61.375,21,0,0,0,0,0,0,0,0,0,0,0,0,0,0,0,0,0
11_15,10.725,-61.375,22,0,0,0,0,0,0,0,0,0,0,0,0,0,0,0,0,0
11_15,10.725,-61.375,23,0,0,0,0,0,0,0,0,0,0,0,0,0,0,0,0,0
11_15,10.725,-61.375,24,0,0,0,0,0,0,0,0,0,0,0,0,0,0,0,0,0
11_15,10.725,-61.375,25,0,0,0,0,0,0,0,0,0,0,0,0,0,0,0,0,0
11_15,10.725,-61.375,26,0,0,0,0,0,0,0,0,0,0,0,0,0,0,0,0,0
11_15,10.725,-61.375,27,0,0,0,0,0,0,0,0,0,0,0,0,0,0,0,0,0
11_15,10.725,-61.375,28,0,0,0,0,0,0,0,0,0,0,0,0,0,0,0,0,0
11_15,10.725,-61.375,29,0,0,0,0,0,0,0,0,0,0,0,0,0,0,0,0,0
11_15,10.725,-61.375,30,0,0,0,0,0,0,0,0,0,0,0,0,0,0,0,0,0
11_15,10.725,-61.375,31,0,0,0,0,0,0,0,0,0,0,0,0,0,0,0,0,0
11_15,10.725,-61.375,32,0,0,0,0,0,0,0,0,0,0.1729254442886912,0,0,0,0,0,0,0
11_15,10.725,-61.375,33,0,0,0,0,0,0,0,0,0,0,0.1729254442886912,0,0,0,0,0,0
11_15,10.725,-61.375,34,0,0,0,0,0,0,0,0,0,0,0,0.1729254442886912,0,0,0,0,0
11_15,10.725,-61.375,35,0,0,0,0,0,0,0,0,0,0,0,0,0.1729254442886912,0,0,0,0
11_15,10.725,-61.375,36,0,0,0,0,0,0,0,0,0,0,0,0,0,0.1729254442886912,0,0,0
11_15,10.725,-61.375,37,0,0,0,0,0,0,0,0,0,0,0,0,0,0,0.1729254442886912,0,0
11_15,10.725,-61.375,38,0,0,0,0,0,0,0,0,0,0,0,0,0,0,0,0.1729254442886912,0
11_15,10.725,-61.375,39,0,0,0,0,0,0,0,0,0,0,0,0,0,0,0,0,0.1729254442886912
11_15,10.725,-61.375,40,0,0,0,0,0,0,0,0,0,0,0,0,0,0,0,0,0
11_15,10.725,-61.375,41,0,0,0,0,0,0,0,0,0,0,0,0,0,0,0,0,0
11_15,10.725,-61.375,42,0,0,0,0,0,0,0,0,0,0,0,0,0,0,0,0,0
11_15,10.725,-61.375,43,0,0,0,0,0,0,0,0,0,0,0,0,0,0,0,0,0
11_15,10.725,-61.375,44,0,0,0,0,0,0,0,0,0,0,0,0,0,0,0,0,0
11_15,10.725,-61.375,45,0,0,0,0,0,0,0,0,0,0,0,0,0,0,0,0,0
11_15,10.725,-61.375,46,0,0,0,0,0,0,0,0,0,0,0,0,0,0,0,0,0
11_15,10.725,-61.375,47,0,0,0,0,0,0,0,0,0,0,0,0,0,0,0,0,0
11_15,10.725,-61.375,48,0,0,0,0,0,0,0,0,0,0,0,0,0,0,0,0,0
11_15,10.725,-61.375,49,0,0,0,0,0,0,0,0,0,0,0,0,0,0,0,0,0
11_15,10.725,-61.375,50,0,0,0,0,0,0,0,0,0,0,0,0,0,0,0,0,0
11_15,10.725,-61.375,51,0,0,0,0,0,0,0,0,0,0,0,0,0,0,0,0,0
11_15,10.725,-61.375,52,0,0,0,0,0,0,0,0,0,0,0,0,0,0,0,0,0
11_16,10.775,-61.375,0,0,0,,,,,,,,0,,,,,,,
11_16,10.775,-61.375,1,0,0,0,,,,,,,0,0,,,,,,
11_16,10.775,-61.375,2,0,0,0,0,,,,,,0,0,0,,,,,
11_16,10.775,-61.375,3,0,0,0,0,0,,,,,0,0,0,0,,,,
11_16,10.775,-61.375,4,0,0,0,0,0,0,,,,0,0,0,0,0,,,
11_16,10.775,-61.375,5,0,0,0,0,0,0,0,,,0,0,0,0,0,0,,
11_16,10.775,-61.375,6,0,0,0,0,0,0,0,0,,0,0,0,0,0,0,0,
11_16,10.775,-61.375,7,0,0,0,0,0,0,0,0,0,0,0,0,0,0,0,0,0
11_16,10.775,-61.375,8,0,0,0,0,0,0,0,0,0,0,0,0,0,0,0,0,0
11_16,10.775,-61.375,9,0,0,0,0,0,0,0,0,0,0,0,0,0,0,0,0,0
11_16,10.775,-61.375,10,0,0,0,0,0,0,0,0,0,0,0,0,0,0,0,0,0
11_16,10.775,-61.375,11,0,0,0,0,0,0,0,0,0,0,0,0,0,0,0,0,0
11_16,10.775,-61.375,12,0,0,0,0,0,0,0,0,0,0,0,0,0,0,0,0,0
11_16,10.775,-61.375,13,0,0,0,0,0,0,0,0,0,0,0,0,0,0,0,0,0
11_16,10.775,-61.375,14,0,0,0,0,0,0,0,0,0,0,0,0,0,0,0,0,0
11_16,10.775,-61.375,15,0,0,0,0,0,0,0,0,0,0,0,0,0,0,0,0,0
11_16,10.775,-61.375,16,0,0,0,0,0,0,0,0,0,0,0,0,0,0,0,0,0
11_16,10.775,-61.375,17,0,0,0,0,0,0,0,0,0,0,0,0,0,0,0,0,0
11_16,10.775,-61.375,18,0,0,0,0,0,0,0,0,0,0,0,0,0,0,0,0,0
11_16,10.775,-61.375,19,0,0,0,0,0,0,0,0,0,0,0,0,0,0,0,0,0
11_16,10.775,-61.375,20,0,0,0,0,0,0,0,0,0,0,0,0,0,0,0,0,0
11_16,10.775,-61.375,21,0,0,0,0,0,0,0,0,0,0,0,0,0,0,0,0,0
11_16,10.775,-61.375,22,1,0,0,0,0,0,0,0,0,0,0,0,0,0,0,0,0
11_16,10.775,-61.375,23,0,0,0,0,0,0,0,0,0,0,0,0,0,0,0,0,0
11_16,10.775,-61.375,24,0,0,0,0,0,0,0,0,0,0,0,0,0,0,0,0,0
11_16,10.775,-61.375,25,0,0,0,0,0,0,0,0,0,0,0,0,0,0,0,0,0
11_16,10.775,-61.375,26,0,0,0,0,0,0,0,0,0,0,0,0,0,0,0,0,0
11_16,10.775,-61.375,27,0,0,0,0,0,0,0,0,0,0,0,0,0,0,0,0,0
11_16,10.775,-61.375,28,0,0,0,0,0,0,0,0,0,0,0,0,0,0,0,0,0
11_16,10.775,-61.375,29,0,0,0,0,0,0,0,0,0,0,0,0,0,0,0,0,0
11_16,10.775,-61.375,30,0,0,0,0,0,0,0,0,0,0,0,0,0,0,0,0,0
11_16,10.775,-61.375,31,0,0,0,0,0,0,0,0,0,0,0,0,0,0,0,0,0
11_16,10.775,-61.375,32,0,0,0,0,0,0,0,0,0,0,0,0,0,0,0,0,0
11_16,10.775,-61.375,33,0,0,0,0,0,0,0,0,0,0,0,0,0,0,0,0,0
11_16,10.775,-61.375,34,0,0,0,0,0,0,0,0,0,0,0,0,0,0,0,0,0
11_16,10.775,-61.375,35,0,0,0,0,0,0,0,0,0,0,0,0,0,0,0,0,0
11_16,10.775,-61.375,36,0,0,0,0,0,0,0,0,0,0,0,0,0,0,0,0,0
11_16,10.775,-61.375,37,0,0,0,0,0,0,0,0,0,0,0,0,0,0,0,0,0
11_16,10.775,-61.375,38,0,0,0,0,0,0,0,0,0,0,0,0,0,0,0,0,0
11_16,10.775,-61.375,39,0,0,0,0,0,0,0,0,0,0,0,0,0,0,0,0,0
11_16,10.775,-61.375,40,0,0,0,0,0,0,0,0,0,0,0,0,0,0,0,0,0
11_16,10.775,-61.375,41,0,0,0,0,0,0,0,0,0,0,0,0,0,0,0,0,0
11_16,10.775,-61.375,42,0,0,0,0,0,0,0,0,0,0,0,0,0,0,0,0,0
11_16,10.775,-61.375,43,0,0,0,0,0,0,0,0,0,0,0,0,0,0,0,0,0
11_16,10.775,-61.375,44,0,0,0,0,0,0,0,0,0,0,0,0,0,0,0,0,0
11_16,10.775,-61.375,45,0,0,0,0,0,0,0,0,0,0,0,0,0,0,0,0,0
11_16,10.775,-61.375,46,0,0,0,0,0,0,0,0,0,0,0,0,0,0,0,0,0
11_16,10.775,-61.375,47,0,0,0,0,0,0,0,0,0,0,0,0,0,0,0,0,0
11_16,10.775,-61.375,48,0,0,0,0,0,0,0,0,0,0,0,0,0,0,0,0,0
11_16,10.775,-61.375,49,0,0,0,0,0,0,0,0,0,0,0,0,0,0,0,0,0
11_16,10.775,-61.375,50,0,0,0,0,0,0,0,0,0,0,0,0,0,0,0,0,0
11_16,10.775,-61.375,51,0,0,0,0,0,0,0,0,0,0,0,0,0,0,0,0,0
11_16,10.775,-61.375,52,0,0,0,0,0,0,0,0,0,0,0,0,0,0,0,0,0
11_17,10.825,-61.37499999999999,0,0,0,,,,,,,,0,,,,,,,
11_17,10.825,-61.37499999999999,1,0,0,0,,,,,,,0,0,,,,,,
11_17,10.825,-61.37499999999999,2,0,0,0,0,,,,,,0,0,0,,,,,
11_17,10.825,-61.37499999999999,3,0,0,0,0,0,,,,,0,0,0,0,,,,
11_17,10.825,-61.37499999999999,4,0,0,0,0,0,0,,,,0,0,0,0,0,,,
11_17,10.825,-61.37499999999999,5,0,0,0,0,0,0,0,,,0,0,0,0,0,0,,
11_17,10.825,-61.37499999999999,6,0,0,0,0,0,0,0,0,,0,0,0,0,0,0,0,
11_17,10.825,-61.37499999999999,7,0,0,0,0,0,0,0,0,0,0,0,0,0,0,0,0,0
11_17,10.825,-61.37499999999999,8,0,0,0,0,0,0,0,0,0,0,0,0,0,0,0,0,0
11_17,10.825,-61.37499999999999,9,0,0,0,0,0,0,0,0,0,0,0,0,0,0,0,0,0
11_17,10.825,-61.37499999999999,10,0,0,0,0,0,0,0,0,0,0,0,0,0,0,0,0,0
11_17,10.825,-61.37499999999999,11,0,0,0,0,0,0,0,0,0,0,0,0,0,0,0,0,0
11_17,10.825,-61.37499999999999,12,0,0,0,0,0,0,0,0,0,0,0,0,0,0,0,0,0
11_17,10.825,-61.37499999999999,13,0,0,0,0,0,0,0,0,0,0,0,0,0,0,0,0,0
11_17,10.825,-61.37499999999999,14,0,0,0,0,0,0,0,0,0,0,0,0,0,0,0,0,0
11_17,10.825,-61.37499999999999,15,0,0,0,0,0,0,0,0,0,0,0,0,0,0,0,0,0
11_17,10.825,-61.37499999999999,16,0,0,0,0,0,0,0,0,0,0,0,0,0,0,0,0,0
11_17,10.825,-61.37499999999999,17,0,0,0,0,0,0,0,0,0,0,0,0,0,0,0,0,0
11_17,10.825,-61.37499999999999,18,0,0,0,0,0,0,0,0,0,0,0,0,0,0,0,0,0
11_17,10.825,-61.37499999999999,19,0,0,0,0,0,0,0,0,0,0,0,0,0,0,0,0,0
11_17,10.825,-61.37499999999999,20,0,0,0,0,0,0,0,0,0,0,0,0,0,0,0,0,0
11_17,10.825,-61.37499999999999,21,0,0,0,0,0,0,0,0,0,0,0,0,0,0,0,0,0
11_17,10.825,-61.37499999999999,22,0,0,0,0,0,0,0,0,0,0,0,0,0,0,0,0,0
11_17,10.825,-61.37499999999999,23,0,0,0,0,0,0,0,0,0,0,0,0,0,0,0,0,0
11_17,10.825,-61.37499999999999,24,0,0,0,0,0,0,0,0,0,0,0,0,0,0,0,0,0
11_17,10.825,-61.37499999999999,25,0,0,0,0,0,0,0,0,0,0,0,0,0,0,0,0,0
11_17,10.825,-61.37499999999999,26,0,0,0,0,0,0,0,0,0,0,0,0,0,0,0,0,0
11_17,10.825,-61.37499999999999,27,0,0,0,0,0,0,0,0,0,0,0,0,0,0,0,0,0
11_17,10.825,-61.37499999999999,28,0,0,0,0,0,0,0,0,0,0,0,0,0,0,0,0,0
11_17,10.825,-61.37499999999999,29,0,0,0,0,0,0,0,0,0,0,0,0,0,0,0,0,0
11_17,10.825,-61.37499999999999,30,0,0,0,0,0,0,0,0,0,0,0,0,0,0,0,0,0
11_17,10.825,-61.37499999999999,31,0,0,0,0,0,0,0,0,0,0,0,0,0,0,0,0,0
11_17,10.825,-61.37499999999999,32,0,0,0,0,0,0,0,0,0,0,0,0,0,0,0,0,0
11_17,10.825,-61.37499999999999,33,0,0,0,0,0,0,0,0,0,0,0,0,0,0,0,0,0
11_17,10.825,-61.37499999999999,34,0,0,0,0,0,0,0,0,0,0,0,0,0,0,0,0,0
11_17,10.825,-61.37499999999999,35,0,0,0,0,0,0,0,0,0,0,0,0,0,0,0,0,0
11_17,10.825,-61.37499999999999,36,0,0,0,0,0,0,0,0,0,0,0,0,0,0,0,0,0
11_17,10.825,-61.37499999999999,37,0,0,0,0,0,0,0,0,0,0,0,0,0,0,0,0,0
11_17,10.825,-61.37499999999999,38,0,0,0,0,0,0,0,0,0,0,0,0,0,0,0,0,0
11_17,10.825,-61.37499999999999,39,0,0,0,0,0,0,0,0,0,0,0,0,0,0,0,0,0
11_17,10.825,-61.37499999999999,40,0,0,0,0,0,0,0,0,0,0,0,0,0,0,0,0,0
11_17,10.825,-61.37499999999999,41,0,0,0,0,0,0,0,0,0,0,0,0,0,0,0,0,0
11_17,10.825,-61.37499999999999,42,0,0,0,0,0,0,0,0,0,0,0,0,0,0,0,0,0
11_17,10.825,-61.37499999999999,43,0,0,0,0,0,0,0,0,0,0,0,0,0,0,0,0,0
11_17,10.825,-61.37499999999999,44,0,0,0,0,0,0,0,0,0,0,0,0,0,0,0,0,0
11_17,10.825,-61.37499999999999,45,0,0,0,0,0,0,0,0,0,0,0,0,0,0,0,0,0
11_17,10.825,-61.37499999999999,46,0,0,0,0,0,0,0,0,0,0,0,0,0,0,0,0,0
11_17,10.825,-61.37499999999999,47,0,0,0,0,0,0,0,0,0,0,0,0,0,0,0,0,0
11_17,10.825,-61.37499999999999,48,0,0,0,0,0,0,0,0,0,0,0,0,0,0,0,0,0
11_17,10.825,-61.37499999999999,49,0,0,0,0,0,0,0,0,0,0,0,0,0,0,0,0,0
11_17,10.825,-61.37499999999999,50,0,0,0,0,0,0,0,0,0,0,0,0,0,0,0,0,0
11_17,10.825,-61.37499999999999,51,0,0,0,0,0,0,0,0,0,0,0,0,0,0,0,0,0
11_17,10.825,-61.37499999999999,52,0,0,0,0,0,0,0,0,0,0,0,0,0,0,0,0,0
12_2,10.075,-61.325,0,0,0,,,,,,,,0,,,,,,,
12_2,10.075,-61.325,1,0,0,0,,,,,,,0,0,,,,,,
12_2,10.075,-61.325,2,0,0,0,0,,,,,,0,0,0,,,,,
12_2,10.075,-61.325,3,0,0,0,0,0,,,,,0,0,0,0,,,,
12_2,10.075,-61.325,4,0,0,0,0,0,0,,,,0,0,0,0,0,,,
12_2,10.075,-61.325,5,0,0,0,0,0,0,0,,,0,0,0,0,0,0,,
12_2,10.075,-61.325,6,0,0,0,0,0,0,0,0,,0,0,0,0,0,0,0,
12_2,10.075,-61.325,7,0,0,0,0,0,0,0,0,0,0,0,0,0,0,0,0,0
12_2,10.075,-61.325,8,0,0,0,0,0,0,0,0,0,0,0,0,0,0,0,0,0
12_2,10.075,-61.325,9,0,0,0,0,0,0,0,0,0,0,0,0,0,0,0,0,0
12_2,10.075,-61.325,10,0,0,0,0,0,0,0,0,0,0,0,0,0,0,0,0,0
12_2,10.075,-61.325,11,0,0,0,0,0,0,0,0,0,0,0,0,0,0,0,0,0
12_2,10.075,-61.325,12,0,0,0,0,0,0,0,0,0,0,0,0,0,0,0,0,0
12_2,10.075,-61.325,13,0,0,0,0,0,0,0,0,0,0,0,0,0,0,0,0,0
12_2,10.075,-61.325,14,0,0,0,0,0,0,0,0,0,0,0,0,0,0,0,0,0
12_2,10.075,-61.325,15,0,0,0,0,0,0,0,0,0,0,0,0,0,0,0,0,0
12_2,10.075,-61.325,16,0,0,0,0,0,0,0,0,0,0,0,0,0,0,0,0,0
12_2,10.075,-61.325,17,0,0,0,0,0,0,0,0,0,0,0,0,0,0,0,0,0
12_2,10.075,-61.325,18,0,0,0,0,0,0,0,0,0,0,0,0,0,0,0,0,0
12_2,10.075,-61.325,19,0,0,0,0,0,0,0,0,0,0,0,0,0,0,0,0,0
12_2,10.075,-61.325,20,0,0,0,0,0,0,0,0,0,0,0,0,0,0,0,0,0
12_2,10.075,-61.325,21,0,0,0,0,0,0,0,0,0,0,0,0,0,0,0,0,0
12_2,10.075,-61.325,22,0,0,0,0,0,0,0,0,0,0,0,0,0,0,0,0,0
12_2,10.075,-61.325,23,0,0,0,0,0,0,0,0,0,0,0,0,0,0,0,0,0
12_2,10.075,-61.325,24,0,0,0,0,0,0,0,0,0,0,0,0,0,0,0,0,0
12_2,10.075,-61.325,25,0,0,0,0,0,0,0,0,0,0,0,0,0,0,0,0,0
12_2,10.075,-61.325,26,0,0,0,0,0,0,0,0,0,0,0,0,0,0,0,0,0
12_2,10.075,-61.325,27,0,0,0,0,0,0,0,0,0,0,0,0,0,0,0,0,0
12_2,10.075,-61.325,28,0,0,0,0,0,0,0,0,0,0,0,0,0,0,0,0,0
12_2,10.075,-61.325,29,0,0,0,0,0,0,0,0,0,0,0,0,0,0,0,0,0
12_2,10.075,-61.325,30,0,0,0,0,0,0,0,0,0,0,0,0,0,0,0,0,0
12_2,10.075,-61.325,31,0,0,0,0,0,0,0,0,0,0,0,0,0,0,0,0,0
12_2,10.075,-61.325,32,0,2,0,0,0,0,0,0,0,0.17064209454757118,0,0,0,0,0,0,0
12_2,10.075,-61.325,33,0,0,2,0,0,0,0,0,0,0,0.17064209454757118,0,0,0,0,0,0
12_2,10.075,-61.325,34,0,0,0,2,0,0,0,0,0,0,0,0.17064209454757118,0,0,0,0,0
12_2,10.075,-61.325,35,0,0,0,0,2,0,0,0,0,0,0,0,0.17064209454757118,0,0,0,0
12_2,10.075,-61.325,36,0,0,0,0,0,2,0,0,0,0,0,0,0,0.17064209454757118,0,0,0
12_2,10.075,-61.325,37,0,0,0,0,0,0,2,0,0,0,0,0,0,0,0.17064209454757118,0,0
12_2,10.075,-61.325,38,0,0,0,0,0,0,0,2,0,0,0,0,0,0,0,0.17064209454757118,0
12_2,10.075,-61.325,39,0,0,0,0,0,0,0,0,2,0,0,0,0,0,0,0,0.17064209454757118
12_2,10.075,-61.325,40,0,0,0,0,0,0,0,0,0,0,0,0,0,0,0,0,0
12_2,10.075,-61.325,41,0,0,0,0,0,0,0,0,0,0,0,0,0,0,0,0,0
12_2,10.075,-61.325,42,0,0,0,0,0,0,0,0,0,0,0,0,0,0,0,0,0
12_2,10.075,-61.325,43,0,0,0,0,0,0,0,0,0,0,0,0,0,0,0,0,0
12_2,10.075,-61.325,44,0,0,0,0,0,0,0,0,0,0,0,0,0,0,0,0,0
12_2,10.075,-61.325,45,0,0,0,0,0,0,0,0,0,0,0,0,0,0,0,0,0
12_2,10.075,-61.325,46,0,0,0,0,0,0,0,0,0,0,0,0,0,0,0,0,0
12_2,10.075,-61.325,47,0,0,0,0,0,0,0,0,0,0,0,0,0,0,0,0,0
12_2,10.075,-61.325,48,0,0,0,0,0,0,0,0,0,0,0,0,0,0,0,0,0
12_2,10.075,-61.325,49,0,0,0,0,0,0,0,0,0,0,0,0,0,0,0,0,0
12_2,10.075,-61.325,50,0,0,0,0,0,0,0,0,0,0,0,0,0,0,0,0,0
12_2,10.075,-61.325,51,0,0,0,0,0,0,0,0,0,0,0,0,0,0,0,0,0
12_2,10.075,-61.325,52,0,0,0,0,0,0,0,0,0,0,0,0,0,0,0,0,0
12_3,10.124999999999998,-61.325,0,0,0,,,,,,,,0,,,,,,,
12_3,10.124999999999998,-61.325,1,0,0,0,,,,,,,0,0,,,,,,
12_3,10.124999999999998,-61.325,2,0,0,0,0,,,,,,0,0,0,,,,,
12_3,10.124999999999998,-61.325,3,0,0,0,0,0,,,,,0,0,0,0,,,,
12_3,10.124999999999998,-61.325,4,0,0,0,0,0,0,,,,0,0,0,0,0,,,
12_3,10.124999999999998,-61.325,5,0,0,0,0,0,0,0,,,0,0,0,0,0,0,,
12_3,10.124999999999998,-61.325,6,0,0,0,0,0,0,0,0,,0,0,0,0,0,0,0,
12_3,10.124999999999998,-61.325,7,0,0,0,0,0,0,0,0,0,0,0,0,0,0,0,0,0
12_3,10.124999999999998,-61.325,8,0,0,0,0,0,0,0,0,0,0,0,0,0,0,0,0,0
12_3,10.124999999999998,-61.325,9,0,0,0,0,0,0,0,0,0,0,0,0,0,0,0,0,0
12_3,10.124999999999998,-61.325,10,0,0,0,0,0,0,0,0,0,0,0,0,0,0,0,0,0
12_3,10.124999999999998,-61.325,11,0,0,0,0,0,0,0,0,0,0,0,0,0,0,0,0,0
12_3,10.124999999999998,-61.325,12,0,0,0,0,0,0,0,0,0,0,0,0,0,0,0,0,0
12_3,10.124999999999998,-61.325,13,0,0,0,0,0,0,0,0,0,0,0,0,0,0,0,0,0
12_3,10.124999999999998,-61.325,14,0,0,0,0,0,0,0,0,0,0,0,0,0,0,0,0,0
12_3,10.124999999999998,-61.325,15,0,0,0,0,0,0,0,0,0,0,0,0,0,0,0,0,0
12_3,10.124999999999998,-61.325,16,0,0,0,0,0,0,0,0,0,0,0,0,0,0,0,0,0
12_3,10.124999999999998,-61.325,17,0,0,0,0,0,0,0,0,0,0,0,0,0,0,0,0,0
12_3,10.124999999999998,-61.325,18,0,0,0,0,0,0,0,0,0,0,0,0,0,0,0,0,0
12_3,10.124999999999998,-61.325,19,0,0,0,0,0,0,0,0,0,0,0,0,0,0,0,0,0
12_3,10.124999999999998,-61.325,20,0,0,0,0,0,0,0,0,0,0,0,0,0,0,0,0,0
12_3,10.124999999999998,-61.325,21,0,0,0,0,0,0,0,0,0,0,0,0,0,0,0,0,0
12_3,10.124999999999998,-61.325,22,0,0,0,0,0,0,0,0,0,0,0,0,0,0,0,0,0
12_3,10.124999999999998,-61.325,23,0,0,0,0,0,0,0,0,0,0,0,0,0,0,0,0,0
12_3,10.124999999999998,-61.325,24,0,0,0,0,0,0,0,0,0,0,0,0,0,0,0,0,0
12_3,10.124999999999998,-61.325,25,0,0,0,0,0,0,0,0,0,0,0,0,0,0,0,0,0
12_3,10.124999999999998,-61.325,26,0,0,0,0,0,0,0,0,0,0,0,0,0,0,0,0,0
12_3,10.124999999999998,-61.325,27,0,0,0,0,0,0,0,0,0,0,0,0,0,0,0,0,0
12_3,10.124999999999998,-61.325,28,0,0,0,0,0,0,0,0,0,0,0,0,0,0,0,0,0
12_3,10.124999999999998,-61.325,29,0,0,0,0,0,0,0,0,0,0,0,0,0,0,0,0,0
12_3,10.124999999999998,-61.325,30,0,0,0,0,0,0,0,0,0,0,0,0,0,0,0,0,0
12_3,10.124999999999998,-61.325,31,0,0,0,0,0,0,0,0,0,0,0,0,0,0,0,0,0
12_3,10.124999999999998,-61.325,32,0,0,0,0,0,0,0,0,0,0.578299616150113,0,0,0,0,0,0,0
12_3,10.124999999999998,-61.325,33,0,0,0,0,0,0,0,0,0,0,0.578299616150113,0,0,0,0,0,0
12_3,10.124999999999998,-61.325,34,0,0,0,0,0,0,0,0,0,0,0,0.578299616150113,0,0,0,0,0
12_3,10.124999999999998,-61.325,35,0,0,0,0,0,0,0,0,0,0,0,0,0.578299616150113,0,0,0,0
12_3,10.124999999999998,-61.325,36,0,0,0,0,0,0,0,0,0,0,0,0,0,0.578299616150113,0,0,0
12_3,10.124999999999998,-61.325,37,0,0,0,0,0,0,0,0,0,0,0,0,0,0,0.578299616150113,0,0
12_3,10.124999999999998,-61.325,38,0,0,0,0,0,0,0,0,0,0,0,0,0,0,0,0.578299616150113,0
12_3,10.124999999999998,-61.325,39,0,0,0,0,0,0,0,0,0,0,0,0,0,0,0,0,0.578299616150113
12_3,10.124999999999998,-61.325,40,0,0,0,0,0,0,0,0,0,0,0,0,0,0,0,0,0
12_3,10.124999999999998,-61.325,41,0,0,0,0,0,0,0,0,0,0,0,0,0,0,0,0,0
12_3,10.124999999999998,-61.325,42,0,0,0,0,0,0,0,0,0,0,0,0,0,0,0,0,0
12_3,10.124999999999998,-61.325,43,0,0,0,0,0,0,0,0,0,0,0,0,0,0,0,0,0
12_3,10.124999999999998,-61.325,44,0,0,0,0,0,0,0,0,0,0,0,0,0,0,0,0,0
12_3,10.124999999999998,-61.325,45,0,0,0,0,0,0,0,0,0,0,0,0,0,0,0,0,0
12_3,10.124999999999998,-61.325,46,0,0,0,0,0,0,0,0,0,0,0,0,0,0,0,0,0
12_3,10.124999999999998,-61.325,47,0,0,0,0,0,0,0,0,0,0,0,0,0,0,0,0,0
12_3,10.124999999999998,-61.325,48,0,0,0,0,0,0,0,0,0,0,0,0,0,0,0,0,0
12_3,10.124999999999998,-61.325,49,0,0,0,0,0,0,0,0,0,0,0,0,0,0,0,0,0
12_3,10.124999999999998,-61.325,50,0,0,0,0,0,0,0,0,0,0,0,0,0,0,0,0,0
12_3,10.124999999999998,-61.325,51,0,0,0,0,0,0,0,0,0,0,0,0,0,0,0,0,0
12_3,10.124999999999998,-61.325,52,0,0,0,0,0,0,0,0,0,0,0,0,0,0,0,0,0
12_4,10.175,-61.325,0,0,0,,,,,,,,0,,,,,,,
12_4,10.175,-61.325,1,0,0,0,,,,,,,0,0,,,,,,
12_4,10.175,-61.325,2,0,0,0,0,,,,,,0,0,0,,,,,
12_4,10.175,-61.325,3,0,0,0,0,0,,,,,0,0,0,0,,,,
12_4,10.175,-61.325,4,0,0,0,0,0,0,,,,0,0,0,0,0,,,
12_4,10.175,-61.325,5,0,0,0,0,0,0,0,,,0,0,0,0,0,0,,
12_4,10.175,-61.325,6,0,0,0,0,0,0,0,0,,0,0,0,0,0,0,0,
12_4,10.175,-61.325,7,0,0,0,0,0,0,0,0,0,0,0,0,0,0,0,0,0
12_4,10.175,-61.325,8,0,0,0,0,0,0,0,0,0,0,0,0,0,0,0,0,0
12_4,10.175,-61.325,9,0,0,0,0,0,0,0,0,0,0,0,0,0,0,0,0,0
12_4,10.175,-61.325,10,0,0,0,0,0,0,0,0,0,0,0,0,0,0,0,0,0
12_4,10.175,-61.325,11,1,0,0,0,0,0,0,0,0,0,0,0,0,0,0,0,0
12_4,10.175,-61.325,12,0,0,0,0,0,0,0,0,0,0,0,0,0,0,0,0,0
12_4,10.175,-61.325,13,0,0,0,0,0,0,0,0,0,0,0,0,0,0,0,0,0
12_4,10.175,-61.325,14,0,0,0,0,0,0,0,0,0,0,0,0,0,0,0,0,0
12_4,10.175,-61.325,15,0,0,0,0,0,0,0,0,0,0,0,0,0,0,0,0,0
12_4,10.175,-61.325,16,0,0,0,0,0,0,0,0,0,0,0,0,0,0,0,0,0
12_4,10.175,-61.325,17,0,0,0,0,0,0,0,0,0,0,0,0,0,0,0,0,0
12_4,10.175,-61.325,18,0,0,0,0,0,0,0,0,0,0,0,0,0,0,0,0,0
12_4,10.175,-61.325,19,0,0,0,0,0,0,0,0,0,0,0,0,0,0,0,0,0
12_4,10.175,-61.325,20,0,0,0,0,0,0,0,0,0,0,0,0,0,0,0,0,0
12_4,10.175,-61.325,21,0,0,0,0,0,0,0,0,0,0,0,0,0,0,0,0,0
12_4,10.175,-61.325,22,0,0,0,0,0,0,0,0,0,0,0,0,0,0,0,0,0
12_4,10.175,-61.325,23,0,0,0,0,0,0,0,0,0,0,0,0,0,0,0,0,0
12_4,10.175,-61.325,24,0,0,0,0,0,0,0,0,0,0,0,0,0,0,0,0,0
12_4,10.175,-61.325,25,0,0,0,0,0,0,0,0,0,0,0,0,0,0,0,0,0
12_4,10.175,-61.325,26,1,0,0,0,0,0,0,0,0,0,0,0,0,0,0,0,0
12_4,10.175,-61.325,27,0,0,0,0,0,0,0,0,0,0,0,0,0,0,0,0,0
12_4,10.175,-61.325,28,0,0,0,0,0,0,0,0,0,0,0,0,0,0,0,0,0
12_4,10.175,-61.325,29,0,0,0,0,0,0,0,0,0,0,0,0,0,0,0,0,0
12_4,10.175,-61.325,30,0,0,0,0,0,0,0,0,0,0,0,0,0,0,0,0,0
12_4,10.175,-61.325,31,0,0,0,0,0,0,0,0,0,0,0,0,0,0,0,0,0
12_4,10.175,-61.325,32,0,0,0,0,0,0,0,0,0,0.26144143124108,0,0,0,0,0,0,0
12_4,10.175,-61.325,33,0,0,0,0,0,0,0,0,0,0,0.26144143124108,0,0,0,0,0,0
12_4,10.175,-61.325,34,0,0,0,0,0,0,0,0,0,0,0,0.26144143124108,0,0,0,0,0
12_4,10.175,-61.325,35,0,0,0,0,0,0,0,0,0,0,0,0,0.26144143124108,0,0,0,0
12_4,10.175,-61.325,36,0,0,0,0,0,0,0,0,0,0,0,0,0,0.26144143124108,0,0,0
12_4,10.175,-61.325,37,0,0,0,0,0,0,0,0,0,0,0,0,0,0,0.26144143124108,0,0
12_4,10.175,-61.325,38,0,0,0,0,0,0,0,0,0,0,0,0,0,0,0,0.26144143124108,0
12_4,10.175,-61.325,39,0,0,0,0,0,0,0,0,0,0,0,0,0,0,0,0,0.26144143124108
12_4,10.175,-61.325,40,0,0,0,0,0,0,0,0,0,0,0,0,0,0,0,0,0
12_4,10.175,-61.325,41,0,0,0,0,0,0,0,0,0,0,0,0,0,0,0,0,0
12_4,10.175,-61.325,42,0,0,0,0,0,0,0,0,0,0,0,0,0,0,0,0,0
12_4,10.175,-61.325,43,0,0,0,0,0,0,0,0,0,0,0,0,0,0,0,0,0
12_4,10.175,-61.325,44,0,0,0,0,0,0,0,0,0,0,0,0,0,0,0,0,0
12_4,10.175,-61.325,45,0,0,0,0,0,0,0,0,0,0,0,0,0,0,0,0,0
12_4,10.175,-61.325,46,0,0,0,0,0,0,0,0,0,0,0,0,0,0,0,0,0
12_4,10.175,-61.325,47,0,0,0,0,0,0,0,0,0,0,0,0,0,0,0,0,0
12_4,10.175,-61.325,48,0,0,0,0,0,0,0,0,0,0,0,0,0,0,0,0,0
12_4,10.175,-61.325,49,0,0,0,0,0,0,0,0,0,0,0,0,0,0,0,0,0
12_4,10.175,-61.325,50,0,0,0,0,0,0,0,0,0,0,0,0,0,0,0,0,0
12_4,10.175,-61.325,51,0,0,0,0,0,0,0,0,0,0,0,0,0,0,0,0,0
12_4,10.175,-61.325,52,0,0,0,0,0,0,0,0,0,0,0,0,0,0,0,0,0
12_5,10.225,-61.325,0,0,0,,,,,,,,0,,,,,,,
12_5,10.225,-61.325,1,0,0,0,,,,,,,0,0,,,,,,
12_5,10.225,-61.325,2,0,0,0,0,,,,,,0,0,0,,,,,
12_5,10.225,-61.325,3,0,0,0,0,0,,,,,0,0,0,0,,,,
12_5,10.225,-61.325,4,0,0,0,0,0,0,,,,0,0,0,0,0,,,
12_5,10.225,-61.325,5,0,0,0,0,0,0,0,,,0,0,0,0,0,0,,
12_5,10.225,-61.325,6,1,0,0,0,0,0,0,0,,0,0,0,0,0,0,0,
12_5,10.225,-61.325,7,1,0,0,0,0,0,0,0,0,0,0,0,0,0,0,0,0
12_5,10.225,-61.325,8,1,0,0,0,0,0,0,0,0,0,0,0,0,0,0,0,0
12_5,10.225,-61.325,9,0,0,0,0,0,0,0,0,0,0,0,0,0,0,0,0,0
12_5,10.225,-61.325,10,0,0,0,0,0,0,0,0,0,0,0,0,0,0,0,0,0
12_5,10.225,-61.325,11,0,0,0,0,0,0,0,0,0,0,0,0,0,0,0,0,0
12_5,10.225,-61.325,12,0,0,0,0,0,0,0,0,0,0,0,0,0,0,0,0,0
12_5,10.225,-61.325,13,0,0,0,0,0,0,0,0,0,0,0,0,0,0,0,0,0
12_5,10.225,-61.325,14,0,0,0,0,0,0,0,0,0,0,0,0,0,0,0,0,0
12_5,10.225,-61.325,15,0,0,0,0,0,0,0,0,0,0,0,0,0,0,0,0,0
12_5,10.225,-61.325,16,0,0,0,0,0,0,0,0,0,0,0,0,0,0,0,0,0
12_5,10.225,-61.325,17,0,0,0,0,0,0,0,0,0,0,0,0,0,0,0,0,0
12_5,10.225,-61.325,18,0,0,0,0,0,0,0,0,0,0,0,0,0,0,0,0,0
12_5,10.225,-61.325,19,0,0,0,0,0,0,0,0,0,0,0,0,0,0,0,0,0
12_5,10.225,-61.325,20,0,0,0,0,0,0,0,0,0,0,0,0,0,0,0,0,0
12_5,10.225,-61.325,21,0,0,0,0,0,0,0,0,0,0,0,0,0,0,0,0,0
12_5,10.225,-61.325,22,0,0,0,0,0,0,0,0,0,0,0,0,0,0,0,0,0
12_5,10.225,-61.325,23,0,0,0,0,0,0,0,0,0,0,0,0,0,0,0,0,0
12_5,10.225,-61.325,24,0,0,0,0,0,0,0,0,0,0,0,0,0,0,0,0,0
12_5,10.225,-61.325,25,0,0,0,0,0,0,0,0,0,0,0,0,0,0,0,0,0
12_5,10.225,-61.325,26,0,0,0,0,0,0,0,0,0,0,0,0,0,0,0,0,0
12_5,10.225,-61.325,27,0,0,0,0,0,0,0,0,0,0,0,0,0,0,0,0,0
12_5,10.225,-61.325,28,0,0,0,0,0,0,0,0,0,0,0,0,0,0,0,0,0
12_5,10.225,-61.325,29,0,0,0,0,0,0,0,0,0,0,0,0,0,0,0,0,0
12_5,10.225,-61.325,30,0,0,0,0,0,0,0,0,0,0,0,0,0,0,0,0,0
12_5,10.225,-61.325,31,0,0,0,0,0,0,0,0,0,0,0,0,0,0,0,0,0
12_5,10.225,-61.325,32,0,0,0,0,0,0,0,0,0,0.17910808209830048,0,0,0,0,0,0,0
12_5,10.225,-61.325,33,0,0,0,0,0,0,0,0,0,0,0.17910808209830048,0,0,0,0,0,0
12_5,10.225,-61.325,34,0,0,0,0,0,0,0,0,0,0,0,0.17910808209830048,0,0,0,0,0
12_5,10.225,-61.325,35,0,0,0,0,0,0,0,0,0,0,0,0,0.17910808209830048,0,0,0,0
12_5,10.225,-61.325,36,0,0,0,0,0,0,0,0,0,0,0,0,0,0.17910808209830048,0,0,0
12_5,10.225,-61.325,37,0,0,0,0,0,0,0,0,0,0,0,0,0,0,0.17910808209830048,0,0
12_5,10.225,-61.325,38,1,0,0,0,0,0,0,0,0,0,0,0,0,0,0,0.17910808209830048,0
12_5,10.225,-61.325,39,0,0,0,0,0,0,0,0,0,0,0,0,0,0,0,0,0.17910808209830048
12_5,10.225,-61.325,40,0,0,0,0,0,0,0,0,0,0,0,0,0,0,0,0,0
12_5,10.225,-61.325,41,0,0,0,0,0,0,0,0,0,0,0,0,0,0,0,0,0
12_5,10.225,-61.325,42,0,0,0,0,0,0,0,0,0,0,0,0,0,0,0,0,0
12_5,10.225,-61.325,43,1,0,0,0,0,0,0,0,0,0,0,0,0,0,0,0,0
12_5,10.225,-61.325,44,1,0,0,0,0,0,0,0,0,0,0,0,0,0,0,0,0
12_5,10.225,-61.325,45,0,0,0,0,0,0,0,0,0,0,0,0,0,0,0,0,0
12_5,10.225,-61.325,46,0,0,0,0,0,0,0,0,0,0,0,0,0,0,0,0,0
12_5,10.225,-61.325,47,0,0,0,0,0,0,0,0,0,0,0,0,0,0,0,0,0
12_5,10.225,-61.325,48,0,0,0,0,0,0,0,0,0,0,0,0,0,0,0,0,0
12_5,10.225,-61.325,49,0,0,0,0,0,0,0,0,0,0,0,0,0,0,0,0,0
12_5,10.225,-61.325,50,0,0,0,0,0,0,0,0,0,0,0,0,0,0,0,0,0
12_5,10.225,-61.325,51,0,0,0,0,0,0,0,0,0,0,0,0,0,0,0,0,0
12_5,10.225,-61.325,52,0,0,0,0,0,0,0,0,0,0,0,0,0,0,0,0,0
12_6,10.275,-61.325,0,0,0,,,,,,,,0,,,,,,,
12_6,10.275,-61.325,1,0,0,0,,,,,,,0,0,,,,,,
12_6,10.275,-61.325,2,0,0,0,0,,,,,,0,0,0,,,,,
12_6,10.275,-61.325,3,0,0,0,0,0,,,,,0,0,0,0,,,,
12_6,10.275,-61.325,4,0,0,0,0,0,0,,,,0,0,0,0,0,,,
12_6,10.275,-61.325,5,1,0,0,0,0,0,0,,,0,0,0,0,0,0,,
12_6,10.275,-61.325,6,0,0,0,0,0,0,0,0,,0,0,0,0,0,0,0,
12_6,10.275,-61.325,7,0,0,0,0,0,0,0,0,0,0,0,0,0,0,0,0,0
12_6,10.275,-61.325,8,0,0,0,0,0,0,0,0,0,0,0,0,0,0,0,0,0
12_6,10.275,-61.325,9,0,0,0,0,0,0,0,0,0,0,0,0,0,0,0,0,0
12_6,10.275,-61.325,10,0,0,0,0,0,0,0,0,0,0,0,0,0,0,0,0,0
12_6,10.275,-61.325,11,0,0,0,0,0,0,0,0,0,0,0,0,0,0,0,0,0
12_6,10.275,-61.325,12,0,0,0,0,0,0,0,0,0,0,0,0,0,0,0,0,0
12_6,10.275,-61.325,13,0,0,0,0,0,0,0,0,0,0,0,0,0,0,0,0,0
12_6,10.275,-61.325,14,0,0,0,0,0,0,0,0,0,0,0,0,0,0,0,0,0
12_6,10.275,-61.325,15,0,0,0,0,0,0,0,0,0,0,0,0,0,0,0,0,0
12_6,10.275,-61.325,16,0,0,0,0,0,0,0,0,0,0,0,0,0,0,0,0,0
12_6,10.275,-61.325,17,0,0,0,0,0,0,0,0,0,0,0,0,0,0,0,0,0
12_6,10.275,-61.325,18,0,0,0,0,0,0,0,0,0,0,0,0,0,0,0,0,0
12_6,10.275,-61.325,19,0,0,0,0,0,0,0,0,0,0,0,0,0,0,0,0,0
12_6,10.275,-61.325,20,1,0,0,0,0,0,0,0,0,0,0,0,0,0,0,0,0
12_6,10.275,-61.325,21,1,0,0,0,0,0,0,0,0,0,0,0,0,0,0,0,0
12_6,10.275,-61.325,22,0,0,0,0,0,0,0,0,0,0,0,0,0,0,0,0,0
12_6,10.275,-61.325,23,0,0,0,0,0,0,0,0,0,0,0,0,0,0,0,0,0
12_6,10.275,-61.325,24,0,0,0,0,0,0,0,0,0,0,0,0,0,0,0,0,0
12_6,10.275,-61.325,25,0,0,0,0,0,0,0,0,0,0,0,0,0,0,0,0,0
12_6,10.275,-61.325,26,0,0,0,0,0,0,0,0,0,0,0,0,0,0,0,0,0
12_6,10.275,-61.325,27,0,0,0,0,0,0,0,0,0,0,0,0,0,0,0,0,0
12_6,10.275,-61.325,28,0,0,0,0,0,0,0,0,0,0,0,0,0,0,0,0,0
12_6,10.275,-61.325,29,0,0,0,0,0,0,0,0,0,0,0,0,0,0,0,0,0
12_6,10.275,-61.325,30,0,0,0,0,0,0,0,0,0,0,0,0,0,0,0,0,0
12_6,10.275,-61.325,31,0,0,0,0,0,0,0,0,0,0,0,0,0,0,0,0,0
12_6,10.275,-61.325,32,0,0,0,0,0,0,0,0,0,0,0,0,0,0,0,0,0
12_6,10.275,-61.325,33,0,0,0,0,0,0,0,0,0,0,0,0,0,0,0,0,0
12_6,10.275,-61.325,34,0,0,0,0,0,0,0,0,0,0,0,0,0,0,0,0,0
12_6,10.275,-61.325,35,0,0,0,0,0,0,0,0,0,0,0,0,0,0,0,0,0
12_6,10.275,-61.325,36,0,0,0,0,0,0,0,0,0,0,0,0,0,0,0,0,0
12_6,10.275,-61.325,37,0,0,0,0,0,0,0,0,0,0,0,0,0,0,0,0,0
12_6,10.275,-61.325,38,0,0,0,0,0,0,0,0,0,0,0,0,0,0,0,0,0
12_6,10.275,-61.325,39,0,0,0,0,0,0,0,0,0,0,0,0,0,0,0,0,0
12_6,10.275,-61.325,40,0,0,0,0,0,0,0,0,0,0,0,0,0,0,0,0,0
12_6,10.275,-61.325,41,0,0,0,0,0,0,0,0,0,0,0,0,0,0,0,0,0
12_6,10.275,-61.325,42,0,0,0,0,0,0,0,0,0,0,0,0,0,0,0,0,0
12_6,10.275,-61.325,43,0,0,0,0,0,0,0,0,0,0,0,0,0,0,0,0,0
12_6,10.275,-61.325,44,0,0,0,0,0,0,0,0,0,0,0,0,0,0,0,0,0
12_6,10.275,-61.325,45,0,0,0,0,0,0,0,0,0,0,0,0,0,0,0,0,0
12_6,10.275,-61.325,46,0,0,0,0,0,0,0,0,0,0,0,0,0,0,0,0,0
12_6,10.275,-61.325,47,0,0,0,0,0,0,0,0,0,0,0,0,0,0,0,0,0
12_6,10.275,-61.325,48,0,0,0,0,0,0,0,0,0,0,0,0,0,0,0,0,0
12_6,10.275,-61.325,49,1,0,0,0,0,0,0,0,0,0,0,0,0,0,0,0,0
12_6,10.275,-61.325,50,0,0,0,0,0,0,0,0,0,0,0,0,0,0,0,0,0
12_6,10.275,-61.325,51,0,0,0,0,0,0,0,0,0,0,0,0,0,0,0,0,0
12_6,10.275,-61.325,52,0,0,0,0,0,0,0,0,0,0,0,0,0,0,0,0,0
12_7,10.325,-61.325,0,0,0,,,,,,,,0,,,,,,,
12_7,10.325,-61.325,1,0,0,0,,,,,,,0,0,,,,,,
12_7,10.325,-61.325,2,0,0,0,0,,,,,,0,0,0,,,,,
12_7,10.325,-61.325,3,1,0,0,0,0,,,,,0,0,0,0,,,,
12_7,10.325,-61.325,4,0,0,0,0,0,0,,,,0,0,0,0,0,,,
12_7,10.325,-61.325,5,0,0,0,0,0,0,0,,,0,0,0,0,0,0,,
12_7,10.325,-61.325,6,0,0,0,0,0,0,0,0,,0,0,0,0,0,0,0,
12_7,10.325,-61.325,7,0,0,0,0,0,0,0,0,0,0,0,0,0,0,0,0,0
12_7,10.325,-61.325,8,0,0,0,0,0,0,0,0,0,0,0,0,0,0,0,0,0
12_7,10.325,-61.325,9,0,0,0,0,0,0,0,0,0,0,0,0,0,0,0,0,0
12_7,10.325,-61.325,10,0,0,0,0,0,0,0,0,0,0,0,0,0,0,0,0,0
12_7,10.325,-61.325,11,0,0,0,0,0,0,0,0,0,0,0,0,0,0,0,0,0
12_7,10.325,-61.325,12,0,0,0,0,0,0,0,0,0,0,0,0,0,0,0,0,0
12_7,10.325,-61.325,13,0,0,0,0,0,0,0,0,0,0,0,0,0,0,0,0,0
12_7,10.325,-61.325,14,0,0,0,0,0,0,0,0,0,0,0,0,0,0,0,0,0
12_7,10.325,-61.325,15,0,0,0,0,0,0,0,0,0,0,0,0,0,0,0,0,0
12_7,10.325,-61.325,16,0,0,0,0,0,0,0,0,0,0,0,0,0,0,0,0,0
12_7,10.325,-61.325,17,0,0,0,0,0,0,0,0,0,0,0,0,0,0,0,0,0
12_7,10.325,-61.325,18,0,0,0,0,0,0,0,0,0,0,0,0,0,0,0,0,0
12_7,10.325,-61.325,19,0,0,0,0,0,0,0,0,0,0,0,0,0,0,0,0,0
12_7,10.325,-61.325,20,0,0,0,0,0,0,0,0,0,0,0,0,0,0,0,0,0
12_7,10.325,-61.325,21,0,0,0,0,0,0,0,0,0,0,0,0,0,0,0,0,0
12_7,10.325,-61.325,22,0,0,0,0,0,0,0,0,0,0,0,0,0,0,0,0,0
12_7,10.325,-61.325,23,0,0,0,0,0,0,0,0,0,0,0,0,0,0,0,0,0
12_7,10.325,-61.325,24,0,0,0,0,0,0,0,0,0,0,0,0,0,0,0,0,0
12_7,10.325,-61.325,25,1,0,0,0,0,0,0,0,0,0,0,0,0,0,0,0,0
12_7,10.325,-61.325,26,1,0,0,0,0,0,0,0,0,0,0,0,0,0,0,0,0
12_7,10.325,-61.325,27,0,0,0,0,0,0,0,0,0,0,0,0,0,0,0,0,0
12_7,10.325,-61.325,28,0,0,0,0,0,0,0,0,0,0,0,0,0,0,0,0,0
12_7,10.325,-61.325,29,0,0,0,0,0,0,0,0,0,0,0,0,0,0,0,0,0
12_7,10.325,-61.325,30,0,0,0,0,0,0,0,0,0,0,0,0,0,0,0,0,0
12_7,10.325,-61.325,31,0,0,0,0,0,0,0,0,0,0,0,0,0,0,0,0,0
12_7,10.325,-61.325,32,0,0,0,0,0,0,0,0,0,0,0,0,0,0,0,0,0
12_7,10.325,-61.325,33,0,0,0,0,0,0,0,0,0,0,0,0,0,0,0,0,0
12_7,10.325,-61.325,34,0,0,0,0,0,0,0,0,0,0,0,0,0,0,0,0,0
12_7,10.325,-61.325,35,0,0,0,0,0,0,0,0,0,0,0,0,0,0,0,0,0
12_7,10.325,-61.325,36,0,0,0,0,0,0,0,0,0,0,0,0,0,0,0,0,0
12_7,10.325,-61.325,37,0,0,0,0,0,0,0,0,0,0,0,0,0,0,0,0,0
12_7,10.325,-61.325,38,0,0,0,0,0,0,0,0,0,0,0,0,0,0,0,0,0
12_7,10.325,-61.325,39,0,0,0,0,0,0,0,0,0,0,0,0,0,0,0,0,0
12_7,10.325,-61.325,40,0,0,0,0,0,0,0,0,0,0,0,0,0,0,0,0,0
12_7,10.325,-61.325,41,0,0,0,0,0,0,0,0,0,0,0,0,0,0,0,0,0
12_7,10.325,-61.325,42,0,0,0,0,0,0,0,0,0,0,0,0,0,0,0,0,0
12_7,10.325,-61.325,43,0,0,0,0,0,0,0,0,0,0,0,0,0,0,0,0,0
12_7,10.325,-61.325,44,0,0,0,0,0,0,0,0,0,0,0,0,0,0,0,0,0
12_7,10.325,-61.325,45,0,0,0,0,0,0,0,0,0,0,0,0,0,0,0,0,0
12_7,10.325,-61.325,46,0,0,0,0,0,0,0,0,0,0,0,0,0,0,0,0,0
12_7,10.325,-61.325,47,0,0,0,0,0,0,0,0,0,0,0,0,0,0,0,0,0
12_7,10.325,-61.325,48,0,0,0,0,0,0,0,0,0,0,0,0,0,0,0,0,0
12_7,10.325,-61.325,49,0,0,0,0,0,0,0,0,0,0,0,0,0,0,0,0,0
12_7,10.325,-61.325,50,0,0,0,0,0,0,0,0,0,0,0,0,0,0,0,0,0
12_7,10.325,-61.325,51,0,0,0,0,0,0,0,0,0,0,0,0,0,0,0,0,0
12_7,10.325,-61.325,52,0,0,0,0,0,0,0,0,0,0,0,0,0,0,0,0,0
12_8,10.375,-61.325,0,0,0,,,,,,,,0,,,,,,,
12_8,10.375,-61.325,1,0,0,0,,,,,,,0,0,,,,,,
12_8,10.375,-61.325,2,0,0,0,0,,,,,,0,0,0,,,,,
12_8,10.375,-61.325,3,1,0,0,0,0,,,,,0,0,0,0,,,,
12_8,10.375,-61.325,4,0,0,0,0,0,0,,,,0,0,0,0,0,,,
12_8,10.375,-61.325,5,0,0,0,0,0,0,0,,,0,0,0,0,0,0,,
12_8,10.375,-61.325,6,0,0,0,0,0,0,0,0,,0,0,0,0,0,0,0,
12_8,10.375,-61.325,7,0,0,0,0,0,0,0,0,0,0,0,0,0,0,0,0,0
12_8,10.375,-61.325,8,0,0,0,0,0,0,0,0,0,0,0,0,0,0,0,0,0
12_8,10.375,-61.325,9,0,0,0,0,0,0,0,0,0,0,0,0,0,0,0,0,0
12_8,10.375,-61.325,10,0,0,0,0,0,0,0,0,0,0,0,0,0,0,0,0,0
12_8,10.375,-61.325,11,0,0,0,0,0,0,0,0,0,0,0,0,0,0,0,0,0
12_8,10.375,-61.325,12,0,0,0,0,0,0,0,0,0,0,0,0,0,0,0,0,0
12_8,10.375,-61.325,13,0,0,0,0,0,0,0,0,0,0,0,0,0,0,0,0,0
12_8,10.375,-61.325,14,0,0,0,0,0,0,0,0,0,0,0,0,0,0,0,0,0
12_8,10.375,-61.325,15,0,0,0,0,0,0,0,0,0,0,0,0,0,0,0,0,0
12_8,10.375,-61.325,16,0,0,0,0,0,0,0,0,0,0,0,0,0,0,0,0,0
12_8,10.375,-61.325,17,0,0,0,0,0,0,0,0,0,0,0,0,0,0,0,0,0
12_8,10.375,-61.325,18,0,0,0,0,0,0,0,0,0,0,0,0,0,0,0,0,0
12_8,10.375,-61.325,19,0,0,0,0,0,0,0,0,0,0,0,0,0,0,0,0,0
12_8,10.375,-61.325,20,0,0,0,0,0,0,0,0,0,0,0,0,0,0,0,0,0
12_8,10.375,-61.325,21,0,0,0,0,0,0,0,0,0,0,0,0,0,0,0,0,0
12_8,10.375,-61.325,22,0,0,0,0,0,0,0,0,0,0,0,0,0,0,0,0,0
12_8,10.375,-61.325,23,0,0,0,0,0,0,0,0,0,0,0,0,0,0,0,0,0
12_8,10.375,-61.325,24,0,0,0,0,0,0,0,0,0,0,0,0,0,0,0,0,0
12_8,10.375,-61.325,25,0,0,0,0,0,0,0,0,0,0,0,0,0,0,0,0,0
12_8,10.375,-61.325,26,0,0,0,0,0,0,0,0,0,0,0,0,0,0,0,0,0
12_8,10.375,-61.325,27,0,0,0,0,0,0,0,0,0,0,0,0,0,0,0,0,0
12_8,10.375,-61.325,28,0,0,0,0,0,0,0,0,0,0,0,0,0,0,0,0,0
12_8,10.375,-61.325,29,0,0,0,0,0,0,0,0,0,0,0,0,0,0,0,0,0
12_8,10.375,-61.325,30,0,0,0,0,0,0,0,0,0,0,0,0,0,0,0,0,0
12_8,10.375,-61.325,31,0,0,0,0,0,0,0,0,0,0,0,0,0,0,0,0,0
12_8,10.375,-61.325,32,0,0,0,0,0,0,0,0,0,0,0,0,0,0,0,0,0
12_8,10.375,-61.325,33,0,0,0,0,0,0,0,0,0,0,0,0,0,0,0,0,0
12_8,10.375,-61.325,34,0,0,0,0,0,0,0,0,0,0,0,0,0,0,0,0,0
12_8,10.375,-61.325,35,0,0,0,0,0,0,0,0,0,0,0,0,0,0,0,0,0
12_8,10.375,-61.325,36,0,0,0,0,0,0,0,0,0,0,0,0,0,0,0,0,0
12_8,10.375,-61.325,37,0,0,0,0,0,0,0,0,0,0,0,0,0,0,0,0,0
12_8,10.375,-61.325,38,0,0,0,0,0,0,0,0,0,0,0,0,0,0,0,0,0
12_8,10.375,-61.325,39,0,0,0,0,0,0,0,0,0,0,0,0,0,0,0,0,0
12_8,10.375,-61.325,40,0,0,0,0,0,0,0,0,0,0,0,0,0,0,0,0,0
12_8,10.375,-61.325,41,0,0,0,0,0,0,0,0,0,0,0,0,0,0,0,0,0
12_8,10.375,-61.325,42,0,0,0,0,0,0,0,0,0,0,0,0,0,0,0,0,0
12_8,10.375,-61.325,43,0,0,0,0,0,0,0,0,0,0,0,0,0,0,0,0,0
12_8,10.375,-61.325,44,0,0,0,0,0,0,0,0,0,0,0,0,0,0,0,0,0
12_8,10.375,-61.325,45,0,0,0,0,0,0,0,0,0,0,0,0,0,0,0,0,0
12_8,10.375,-61.325,46,0,0,0,0,0,0,0,0,0,0,0,0,0,0,0,0,0
12_8,10.375,-61.325,47,0,0,0,0,0,0,0,0,0,0,0,0,0,0,0,0,0
12_8,10.375,-61.325,48,0,0,0,0,0,0,0,0,0,0,0,0,0,0,0,0,0
12_8,10.375,-61.325,49,0,0,0,0,0,0,0,0,0,0,0,0,0,0,0,0,0
12_8,10.375,-61.325,50,0,0,0,0,0,0,0,0,0,0,0,0,0,0,0,0,0
12_8,10.375,-61.325,51,0,0,0,0,0,0,0,0,0,0,0,0,0,0,0,0,0
12_8,10.375,-61.325,52,0,0,0,0,0,0,0,0,0,0,0,0,0,0,0,0,0
12_9,10.425,-61.325,0,0,0,,,,,,,,0,,,,,,,
12_9,10.425,-61.325,1,0,0,0,,,,,,,0,0,,,,,,
12_9,10.425,-61.325,2,0,0,0,0,,,,,,0,0,0,,,,,
12_9,10.425,-61.325,3,0,0,0,0,0,,,,,0,0,0,0,,,,
12_9,10.425,-61.325,4,0,0,0,0,0,0,,,,0,0,0,0,0,,,
12_9,10.425,-61.325,5,0,0,0,0,0,0,0,,,0,0,0,0,0,0,,
12_9,10.425,-61.325,6,0,0,0,0,0,0,0,0,,0,0,0,0,0,0,0,
12_9,10.425,-61.325,7,0,0,0,0,0,0,0,0,0,0,0,0,0,0,0,0,0
12_9,10.425,-61.325,8,0,0,0,0,0,0,0,0,0,0,0,0,0,0,0,0,0
12_9,10.425,-61.325,9,0,0,0,0,0,0,0,0,0,0,0,0,0,0,0,0,0
12_9,10.425,-61.325,10,0,0,0,0,0,0,0,0,0,0,0,0,0,0,0,0,0
12_9,10.425,-61.325,11,0,0,0,0,0,0,0,0,0,0,0,0,0,0,0,0,0
12_9,10.425,-61.325,12,0,0,0,0,0,0,0,0,0,0,0,0,0,0,0,0,0
12_9,10.425,-61.325,13,0,0,0,0,0,0,0,0,0,0,0,0,0,0,0,0,0
12_9,10.425,-61.325,14,0,0,0,0,0,0,0,0,0,0,0,0,0,0,0,0,0
12_9,10.425,-61.325,15,0,0,0,0,0,0,0,0,0,0,0,0,0,0,0,0,0
12_9,10.425,-61.325,16,0,0,0,0,0,0,0,0,0,0,0,0,0,0,0,0,0
12_9,10.425,-61.325,17,0,0,0,0,0,0,0,0,0,0,0,0,0,0,0,0,0
12_9,10.425,-61.325,18,0,0,0,0,0,0,0,0,0,0,0,0,0,0,0,0,0
12_9,10.425,-61.325,19,0,0,0,0,0,0,0,0,0,0,0,0,0,0,0,0,0
12_9,10.425,-61.325,20,0,0,0,0,0,0,0,0,0,0,0,0,0,0,0,0,0
12_9,10.425,-61.325,21,0,0,0,0,0,0,0,0,0,0,0,0,0,0,0,0,0
12_9,10.425,-61.325,22,0,0,0,0,0,0,0,0,0,0,0,0,0,0,0,0,0
12_9,10.425,-61.325,23,0,0,0,0,0,0,0,0,0,0,0,0,0,0,0,0,0
12_9,10.425,-61.325,24,0,0,0,0,0,0,0,0,0,0,0,0,0,0,0,0,0
12_9,10.425,-61.325,25,0,0,0,0,0,0,0,0,0,0,0,0,0,0,0,0,0
12_9,10.425,-61.325,26,0,0,0,0,0,0,0,0,0,0,0,0,0,0,0,0,0
12_9,10.425,-61.325,27,0,0,0,0,0,0,0,0,0,0,0,0,0,0,0,0,0
12_9,10.425,-61.325,28,0,0,0,0,0,0,0,0,0,0,0,0,0,0,0,0,0
12_9,10.425,-61.325,29,0,0,0,0,0,0,0,0,0,0,0,0,0,0,0,0,0
12_9,10.425,-61.325,30,0,0,0,0,0,0,0,0,0,0,0,0,0,0,0,0,0
12_9,10.425,-61.325,31,0,0,0,0,0,0,0,0,0,0,0,0,0,0,0,0,0
12_9,10.425,-61.325,32,0,0,0,0,0,0,0,0,0,0,0,0,0,0,0,0,0
12_9,10.425,-61.325,33,0,0,0,0,0,0,0,0,0,0,0,0,0,0,0,0,0
12_9,10.425,-61.325,34,0,0,0,0,0,0,0,0,0,0,0,0,0,0,0,0,0
12_9,10.425,-61.325,35,0,0,0,0,0,0,0,0,0,0,0,0,0,0,0,0,0
12_9,10.425,-61.325,36,0,0,0,0,0,0,0,0,0,0,0,0,0,0,0,0,0
12_9,10.425,-61.325,37,0,0,0,0,0,0,0,0,0,0,0,0,0,0,0,0,0
12_9,10.425,-61.325,38,0,0,0,0,0,0,0,0,0,0,0,0,0,0,0,0,0
12_9,10.425,-61.325,39,0,0,0,0,0,0,0,0,0,0,0,0,0,0,0,0,0
12_9,10.425,-61.325,40,0,0,0,0,0,0,0,0,0,0,0,0,0,0,0,0,0
12_9,10.425,-61.325,41,2,0,0,0,0,0,0,0,0,0,0,0,0,0,0,0,0
12_9,10.425,-61.325,42,0,0,0,0,0,0,0,0,0,0,0,0,0,0,0,0,0
12_9,10.425,-61.325,43,0,0,0,0,0,0,0,0,0,0,0,0,0,0,0,0,0
12_9,10.425,-61.325,44,0,0,0,0,0,0,0,0,0,0,0,0,0,0,0,0,0
12_9,10.425,-61.325,45,0,0,0,0,0,0,0,0,0,0,0,0,0,0,0,0,0
12_9,10.425,-61.325,46,0,0,0,0,0,0,0,0,0,0,0,0,0,0,0,0,0
12_9,10.425,-61.325,47,0,0,0,0,0,0,0,0,0,0,0,0,0,0,0,0,0
12_9,10.425,-61.325,48,0,0,0,0,0,0,0,0,0,0,0,0,0,0,0,0,0
12_9,10.425,-61.325,49,0,0,0,0,0,0,0,0,0,0,0,0,0,0,0,0,0
12_9,10.425,-61.325,50,0,0,0,0,0,0,0,0,0,0,0,0,0,0,0,0,0
12_9,10.425,-61.325,51,0,0,0,0,0,0,0,0,0,0,0,0,0,0,0,0,0
12_9,10.425,-61.325,52,0,0,0,0,0,0,0,0,0,0,0,0,0,0,0,0,0
12_10,10.475,-61.325,0,0,0,,,,,,,,0,,,,,,,
12_10,10.475,-61.325,1,0,0,0,,,,,,,0,0,,,,,,
12_10,10.475,-61.325,2,0,0,0,0,,,,,,0,0,0,,,,,
12_10,10.475,-61.325,3,0,0,0,0,0,,,,,0,0,0,0,,,,
12_10,10.475,-61.325,4,1,0,0,0,0,0,,,,0,0,0,0,0,,,
12_10,10.475,-61.325,5,1,0,0,0,0,0,0,,,0,0,0,0,0,0,,
12_10,10.475,-61.325,6,0,0,0,0,0,0,0,0,,0,0,0,0,0,0,0,
12_10,10.475,-61.325,7,0,0,0,0,0,0,0,0,0,0,0,0,0,0,0,0,0
12_10,10.475,-61.325,8,0,0,0,0,0,0,0,0,0,0,0,0,0,0,0,0,0
12_10,10.475,-61.325,9,0,0,0,0,0,0,0,0,0,0,0,0,0,0,0,0,0
12_10,10.475,-61.325,10,0,0,0,0,0,0,0,0,0,0,0,0,0,0,0,0,0
12_10,10.475,-61.325,11,0,0,0,0,0,0,0,0,0,0,0,0,0,0,0,0,0
12_10,10.475,-61.325,12,0,0,0,0,0,0,0,0,0,0,0,0,0,0,0,0,0
12_10,10.475,-61.325,13,0,0,0,0,0,0,0,0,0,0,0,0,0,0,0,0,0
12_10,10.475,-61.325,14,0,0,0,0,0,0,0,0,0,0,0,0,0,0,0,0,0
12_10,10.475,-61.325,15,0,0,0,0,0,0,0,0,0,0,0,0,0,0,0,0,0
12_10,10.475,-61.325,16,0,0,0,0,0,0,0,0,0,0,0,0,0,0,0,0,0
12_10,10.475,-61.325,17,0,0,0,0,0,0,0,0,0,0,0,0,0,0,0,0,0
12_10,10.475,-61.325,18,0,0,0,0,0,0,0,0,0,0,0,0,0,0,0,0,0
12_10,10.475,-61.325,19,0,0,0,0,0,0,0,0,0,0,0,0,0,0,0,0,0
12_10,10.475,-61.325,20,0,0,0,0,0,0,0,0,0,0,0,0,0,0,0,0,0
12_10,10.475,-61.325,21,0,0,0,0,0,0,0,0,0,0,0,0,0,0,0,0,0
12_10,10.475,-61.325,22,0,0,0,0,0,0,0,0,0,0,0,0,0,0,0,0,0
12_10,10.475,-61.325,23,0,0,0,0,0,0,0,0,0,0,0,0,0,0,0,0,0
12_10,10.475,-61.325,24,0,0,0,0,0,0,0,0,0,0,0,0,0,0,0,0,0
12_10,10.475,-61.325,25,0,0,0,0,0,0,0,0,0,0,0,0,0,0,0,0,0
12_10,10.475,-61.325,26,0,0,0,0,0,0,0,0,0,0,0,0,0,0,0,0,0
12_10,10.475,-61.325,27,0,0,0,0,0,0,0,0,0,0,0,0,0,0,0,0,0
12_10,10.475,-61.325,28,0,0,0,0,0,0,0,0,0,0,0,0,0,0,0,0,0
12_10,10.475,-61.325,29,0,0,0,0,0,0,0,0,0,0,0,0,0,0,0,0,0
12_10,10.475,-61.325,30,0,0,0,0,0,0,0,0,0,0,0,0,0,0,0,0,0
12_10,10.475,-61.325,31,0,0,0,0,0,0,0,0,0,0,0,0,0,0,0,0,0
12_10,10.475,-61.325,32,0,0,0,0,0,0,0,0,0,0,0,0,0,0,0,0,0
12_10,10.475,-61.325,33,0,0,0,0,0,0,0,0,0,0,0,0,0,0,0,0,0
12_10,10.475,-61.325,34,0,0,0,0,0,0,0,0,0,0,0,0,0,0,0,0,0
12_10,10.475,-61.325,35,0,0,0,0,0,0,0,0,0,0,0,0,0,0,0,0,0
12_10,10.475,-61.325,36,0,0,0,0,0,0,0,0,0,0,0,0,0,0,0,0,0
12_10,10.475,-61.325,37,0,0,0,0,0,0,0,0,0,0,0,0,0,0,0,0,0
12_10,10.475,-61.325,38,0,0,0,0,0,0,0,0,0,0,0,0,0,0,0,0,0
12_10,10.475,-61.325,39,0,0,0,0,0,0,0,0,0,0,0,0,0,0,0,0,0
12_10,10.475,-61.325,40,0,0,0,0,0,0,0,0,0,0,0,0,0,0,0,0,0
12_10,10.475,-61.325,41,0,0,0,0,0,0,0,0,0,0,0,0,0,0,0,0,0
12_10,10.475,-61.325,42,0,0,0,0,0,0,0,0,0,0,0,0,0,0,0,0,0
12_10,10.475,-61.325,43,0,0,0,0,0,0,0,0,0,0,0,0,0,0,0,0,0
12_10,10.475,-61.325,44,0,0,0,0,0,0,0,0,0,0,0,0,0,0,0,0,0
12_10,10.475,-61.325,45,0,0,0,0,0,0,0,0,0,0,0,0,0,0,0,0,0
12_10,10.475,-61.325,46,0,0,0,0,0,0,0,0,0,0,0,0,0,0,0,0,0
12_10,10.475,-61.325,47,0,0,0,0,0,0,0,0,0,0,0,0,0,0,0,0,0
12_10,10.475,-61.325,48,0,0,0,0,0,0,0,0,0,0,0,0,0,0,0,0,0
12_10,10.475,-61.325,49,0,0,0,0,0,0,0,0,0,0,0,0,0,0,0,0,0
12_10,10.475,-61.325,50,0,0,0,0,0,0,0,0,0,0,0,0,0,0,0,0,0
12_10,10.475,-61.325,51,0,0,0,0,0,0,0,0,0,0,0,0,0,0,0,0,0
12_10,10.475,-61.325,52,0,0,0,0,0,0,0,0,0,0,0,0,0,0,0,0,0
12_11,10.525,-61.325,0,0,0,,,,,,,,0,,,,,,,
12_11,10.525,-61.325,1,0,0,0,,,,,,,0,0,,,,,,
12_11,10.525,-61.325,2,0,0,0,0,,,,,,0,0,0,,,,,
12_11,10.525,-61.325,3,0,0,0,0,0,,,,,0,0,0,0,,,,
12_11,10.525,-61.325,4,0,0,0,0,0,0,,,,0,0,0,0,0,,,
12_11,10.525,-61.325,5,0,0,0,0,0,0,0,,,0,0,0,0,0,0,,
12_11,10.525,-61.325,6,0,0,0,0,0,0,0,0,,0,0,0,0,0,0,0,
12_11,10.525,-61.325,7,0,0,0,0,0,0,0,0,0,0,0,0,0,0,0,0,0
12_11,10.525,-61.325,8,0,0,0,0,0,0,0,0,0,0,0,0,0,0,0,0,0
12_11,10.525,-61.325,9,0,0,0,0,0,0,0,0,0,0,0,0,0,0,0,0,0
12_11,10.525,-61.325,10,0,0,0,0,0,0,0,0,0,0,0,0,0,0,0,0,0
12_11,10.525,-61.325,11,0,0,0,0,0,0,0,0,0,0,0,0,0,0,0,0,0
12_11,10.525,-61.325,12,0,0,0,0,0,0,0,0,0,0,0,0,0,0,0,0,0
12_11,10.525,-61.325,13,0,0,0,0,0,0,0,0,0,0,0,0,0,0,0,0,0
12_11,10.525,-61.325,14,0,0,0,0,0,0,0,0,0,0,0,0,0,0,0,0,0
12_11,10.525,-61.325,15,0,0,0,0,0,0,0,0,0,0,0,0,0,0,0,0,0
12_11,10.525,-61.325,16,0,0,0,0,0,0,0,0,0,0,0,0,0,0,0,0,0
12_11,10.525,-61.325,17,0,0,0,0,0,0,0,0,0,0,0,0,0,0,0,0,0
12_11,10.525,-61.325,18,0,0,0,0,0,0,0,0,0,0,0,0,0,0,0,0,0
12_11,10.525,-61.325,19,0,0,0,0,0,0,0,0,0,0,0,0,0,0,0,0,0
12_11,10.525,-61.325,20,1,0,0,0,0,0,0,0,0,0,0,0,0,0,0,0,0
12_11,10.525,-61.325,21,0,0,0,0,0,0,0,0,0,0,0,0,0,0,0,0,0
12_11,10.525,-61.325,22,0,0,0,0,0,0,0,0,0,0,0,0,0,0,0,0,0
12_11,10.525,-61.325,23,0,0,0,0,0,0,0,0,0,0,0,0,0,0,0,0,0
12_11,10.525,-61.325,24,0,0,0,0,0,0,0,0,0,0,0,0,0,0,0,0,0
12_11,10.525,-61.325,25,0,0,0,0,0,0,0,0,0,0,0,0,0,0,0,0,0
12_11,10.525,-61.325,26,0,0,0,0,0,0,0,0,0,0,0,0,0,0,0,0,0
12_11,10.525,-61.325,27,0,0,0,0,0,0,0,0,0,0,0,0,0,0,0,0,0
12_11,10.525,-61.325,28,0,0,0,0,0,0,0,0,0,0,0,0,0,0,0,0,0
12_11,10.525,-61.325,29,0,0,0,0,0,0,0,0,0,0,0,0,0,0,0,0,0
12_11,10.525,-61.325,30,1,0,0,0,0,0,0,0,0,0,0,0,0,0,0,0,0
12_11,10.525,-61.325,31,0,0,0,0,0,0,0,0,0,0,0,0,0,0,0,0,0
12_11,10.525,-61.325,32,0,0,0,0,0,0,0,0,0,0,0,0,0,0,0,0,0
12_11,10.525,-61.325,33,0,0,0,0,0,0,0,0,0,0.16972288516159695,0,0,0,0,0,0,0
12_11,10.525,-61.325,34,0,0,0,0,0,0,0,0,0,0,0.16972288516159695,0,0,0,0,0,0
12_11,10.525,-61.325,35,0,0,0,0,0,0,0,0,0,0,0,0.16972288516159695,0,0,0,0,0
12_11,10.525,-61.325,36,0,0,0,0,0,0,0,0,0,0,0,0,0.16972288516159695,0,0,0,0
12_11,10.525,-61.325,37,0,0,0,0,0,0,0,0,0,0,0,0,0,0.16972288516159695,0,0,0
12_11,10.525,-61.325,38,0,0,0,0,0,0,0,0,0,0,0,0,0,0,0.16972288516159695,0,0
12_11,10.525,-61.325,39,0,0,0,0,0,0,0,0,0,0,0,0,0,0,0,0.16972288516159695,0
12_11,10.525,-61.325,40,0,0,0,0,0,0,0,0,0,0,0,0,0,0,0,0,0.16972288516159695
12_11,10.525,-61.325,41,0,0,0,0,0,0,0,0,0,0,0,0,0,0,0,0,0
12_11,10.525,-61.325,42,0,0,0,0,0,0,0,0,0,0,0,0,0,0,0,0,0
12_11,10.525,-61.325,43,0,0,0,0,0,0,0,0,0,0,0,0,0,0,0,0,0
12_11,10.525,-61.325,44,0,0,0,0,0,0,0,0,0,0,0,0,0,0,0,0,0
12_11,10.525,-61.325,45,0,0,0,0,0,0,0,0,0,0,0,0,0,0,0,0,0
12_11,10.525,-61.325,46,1,0,0,0,0,0,0,0,0,0,0,0,0,0,0,0,0
12_11,10.525,-61.325,47,0,0,0,0,0,0,0,0,0,0,0,0,0,0,0,0,0
12_11,10.525,-61.325,48,0,0,0,0,0,0,0,0,0,0,0,0,0,0,0,0,0
12_11,10.525,-61.325,49,0,0,0,0,0,0,0,0,0,0,0,0,0,0,0,0,0
12_11,10.525,-61.325,50,0,0,0,0,0,0,0,0,0,0,0,0,0,0,0,0,0
12_11,10.525,-61.325,51,0,0,0,0,0,0,0,0,0,0,0,0,0,0,0,0,0
12_11,10.525,-61.325,52,0,0,0,0,0,0,0,0,0,0,0,0,0,0,0,0,0
12_12,10.575,-61.325,0,0,0,,,,,,,,0,,,,,,,
12_12,10.575,-61.325,1,0,0,0,,,,,,,0,0,,,,,,
12_12,10.575,-61.325,2,0,0,0,0,,,,,,0,0,0,,,,,
12_12,10.575,-61.325,3,1,0,0,0,0,,,,,0,0,0,0,,,,
12_12,10.575,-61.325,4,0,0,0,0,0,0,,,,0,0,0,0,0,,,
12_12,10.575,-61.325,5,0,0,0,0,0,0,0,,,0,0,0,0,0,0,,
12_12,10.575,-61.325,6,0,0,0,0,0,0,0,0,,0,0,0,0,0,0,0,
12_12,10.575,-61.325,7,0,0,0,0,0,0,0,0,0,0,0,0,0,0,0,0,0
12_12,10.575,-61.325,8,0,0,0,0,0,0,0,0,0,0,0,0,0,0,0,0,0
12_12,10.575,-61.325,9,0,0,0,0,0,0,0,0,0,0,0,0,0,0,0,0,0
12_12,10.575,-61.325,10,0,0,0,0,0,0,0,0,0,0,0,0,0,0,0,0,0
12_12,10.575,-61.325,11,0,0,0,0,0,0,0,0,0,0,0,0,0,0,0,0,0
12_12,10.575,-61.325,12,0,0,0,0,0,0,0,0,0,0,0,0,0,0,0,0,0
12_12,10.575,-61.325,13,0,0,0,0,0,0,0,0,0,0,0,0,0,0,0,0,0
12_12,10.575,-61.325,14,0,0,0,0,0,0,0,0,0,0,0,0,0,0,0,0,0
12_12,10.575,-61.325,15,0,0,0,0,0,0,0,0,0,0,0,0,0,0,0,0,0
12_12,10.575,-61.325,16,0,0,0,0,0,0,0,0,0,0,0,0,0,0,0,0,0
12_12,10.575,-61.325,17,0,0,0,0,0,0,0,0,0,0,0,0,0,0,0,0,0
12_12,10.575,-61.325,18,0,0,0,0,0,0,0,0,0,0,0,0,0,0,0,0,0
12_12,10.575,-61.325,19,0,0,0,0,0,0,0,0,0,0,0,0,0,0,0,0,0
12_12,10.575,-61.325,20,0,0,0,0,0,0,0,0,0,0,0,0,0,0,0,0,0
12_12,10.575,-61.325,21,0,0,0,0,0,0,0,0,0,0,0,0,0,0,0,0,0
12_12,10.575,-61.325,22,1,0,0,0,0,0,0,0,0,0,0,0,0,0,0,0,0
12_12,10.575,-61.325,23,1,0,0,0,0,0,0,0,0,0,0,0,0,0,0,0,0
12_12,10.575,-61.325,24,0,0,0,0,0,0,0,0,0,0,0,0,0,0,0,0,0
12_12,10.575,-61.325,25,0,0,0,0,0,0,0,0,0,0,0,0,0,0,0,0,0
12_12,10.575,-61.325,26,0,0,0,0,0,0,0,0,0,0,0,0,0,0,0,0,0
12_12,10.575,-61.325,27,0,0,0,0,0,0,0,0,0,0,0,0,0,0,0,0,0
12_12,10.575,-61.325,28,1,0,0,0,0,0,0,0,0,0,0,0,0,0,0,0,0
12_12,10.575,-61.325,29,0,0,0,0,0,0,0,0,0,0,0,0,0,0,0,0,0
12_12,10.575,-61.325,30,0,0,0,0,0,0,0,0,0,0,0,0,0,0,0,0,0
12_12,10.575,-61.325,31,0,1,0,0,0,0,0,0,0,0,0,0,0,0,0,0,0
12_12,10.575,-61.325,32,0,0,1,0,0,0,0,0,0,0,0,0,0,0,0,0,0
12_12,10.575,-61.325,33,0,3,0,1,0,0,0,0,0,0,0,0,0,0,0,0,0
12_12,10.575,-61.325,34,0,0,3,0,1,0,0,0,0,0,0,0,0,0,0,0,0
12_12,10.575,-61.325,35,0,1,0,3,0,1,0,0,0,0,0,0,0,0,0,0,0
12_12,10.575,-61.325,36,0,0,1,0,3,0,1,0,0,0,0,0,0,0,0,0,0
12_12,10.575,-61.325,37,0,0,0,1,0,3,0,1,0,0,0,0,0,0,0,0,0
12_12,10.575,-61.325,38,0,0,0,0,1,0,3,0,1,0,0,0,0,0,0,0,0
12_12,10.575,-61.325,39,0,1,0,0,0,1,0,3,0,0,0,0,0,0,0,0,0
12_12,10.575,-61.325,40,0,0,1,0,0,0,1,0,3,0,0,0,0,0,0,0,0
12_12,10.575,-61.325,41,0,0,0,1,0,0,0,1,0,0,0,0,0,0,0,0,0
12_12,10.575,-61.325,42,0,0,0,0,1,0,0,0,1,0,0,0,0,0,0,0,0
12_12,10.575,-61.325,43,0,0,0,0,0,1,0,0,0,0,0,0,0,0,0,0,0
12_12,10.575,-61.325,44,1,0,0,0,0,0,1,0,0,0,0,0,0,0,0,0,0
12_12,10.575,-61.325,45,0,0,0,0,0,0,0,1,0,0,0,0,0,0,0,0,0
12_12,10.575,-61.325,46,0,0,0,0,0,0,0,0,1,0,0,0,0,0,0,0,0
12_12,10.575,-61.325,47,0,0,0,0,0,0,0,0,0,0,0,0,0,0,0,0,0
12_12,10.575,-61.325,48,0,0,0,0,0,0,0,0,0,0,0,0,0,0,0,0,0
12_12,10.575,-61.325,49,0,0,0,0,0,0,0,0,0,0,0,0,0,0,0,0,0
12_12,10.575,-61.325,50,0,0,0,0,0,0,0,0,0,0,0,0,0,0,0,0,0
12_12,10.575,-61.325,51,0,0,0,0,0,0,0,0,0,0,0,0,0,0,0,0,0
12_12,10.575,-61.325,52,0,0,0,0,0,0,0,0,0,0,0,0,0,0,0,0,0
12_13,10.625,-61.325,0,1,0,,,,,,,,0,,,,,,,
12_13,10.625,-61.325,1,1,0,0,,,,,,,0,0,,,,,,
12_13,10.625,-61.325,2,0,0,0,0,,,,,,0,0,0,,,,,
12_13,10.625,-61.325,3,3,0,0,0,0,,,,,0,0,0,0,,,,
12_13,10.625,-61.325,4,0,0,0,0,0,0,,,,0,0,0,0,0,,,
12_13,10.625,-61.325,5,1,0,0,0,0,0,0,,,0,0,0,0,0,0,,
12_13,10.625,-61.325,6,0,0,0,0,0,0,0,0,,0,0,0,0,0,0,0,
12_13,10.625,-61.325,7,0,2,0,0,0,0,0,0,0,0,0,0,0,0,0,0,0
12_13,10.625,-61.325,8,0,1,2,0,0,0,0,0,0,0.41684349579544666,0,0,0,0,0,0,0
12_13,10.625,-61.325,9,2,0,1,2,0,0,0,0,0,0,0.41684349579544666,0,0,0,0,0,0
12_13,10.625,-61.325,10,0,0,0,1,2,0,0,0,0,0,0,0.41684349579544666,0,0,0,0,0
12_13,10.625,-61.325,11,0,0,0,0,1,2,0,0,0,0,0,0,0.41684349579544666,0,0,0,0
12_13,10.625,-61.325,12,0,0,0,0,0,1,2,0,0,0,0,0,0,0.41684349579544666,0,0,0
12_13,10.625,-61.325,13,0,0,0,0,0,0,1,2,0,0,0,0,0,0,0.41684349579544666,0,0
12_13,10.625,-61.325,14,0,0,0,0,0,0,0,1,2,0,0,0,0,0,0,0.41684349579544666,0
12_13,10.625,-61.325,15,2,0,0,0,0,0,0,0,1,0,0,0,0,0,0,0,0.41684349579544666
12_13,10.625,-61.325,16,0,0,0,0,0,0,0,0,0,0,0,0,0,0,0,0,0
12_13,10.625,-61.325,17,0,0,0,0,0,0,0,0,0,0,0,0,0,0,0,0,0
12_13,10.625,-61.325,18,1,0,0,0,0,0,0,0,0,0,0,0,0,0,0,0,0
12_13,10.625,-61.325,19,1,0,0,0,0,0,0,0,0,0,0,0,0,0,0,0,0
12_13,10.625,-61.325,20,0,0,0,0,0,0,0,0,0,0,0,0,0,0,0,0,0
12_13,10.625,-61.325,21,1,0,0,0,0,0,0,0,0,0,0,0,0,0,0,0,0
12_13,10.625,-61.325,22,0,0,0,0,0,0,0,0,0,0,0,0,0,0,0,0,0
12_13,10.625,-61.325,23,1,0,0,0,0,0,0,0,0,0,0,0,0,0,0,0,0
12_13,10.625,-61.325,24,1,0,0,0,0,0,0,0,0,0,0,0,0,0,0,0,0
12_13,10.625,-61.325,25,1,0,0,0,0,0,0,0,0,0,0,0,0,0,0,0,0
12_13,10.625,-61.325,26,1,0,0,0,0,0,0,0,0,0,0,0,0,0,0,0,0
12_13,10.625,-61.325,27,1,0,0,0,0,0,0,0,0,0,0,0,0,0,0,0,0
12_13,10.625,-61.325,28,1,0,0,0,0,0,0,0,0,0,0,0,0,0,0,0,0
12_13,10.625,-61.325,29,0,0,0,0,0,0,0,0,0,0,0,0,0,0,0,0,0
12_13,10.625,-61.325,30,2,0,0,0,0,0,0,0,0,0,0,0,0,0,0,0,0
12_13,10.625,-61.325,31,2,0,0,0,0,0,0,0,0,0.21193340402565997,0,0,0,0,0,0,0
12_13,10.625,-61.325,32,0,0,0,0,0,0,0,0,0,0.3962963144015666,0.21193340402565997,0,0,0,0,0,0
12_13,10.625,-61.325,33,5,0,0,0,0,0,0,0,0,0.3475069602695589,0.3962963144015666,0.21193340402565997,0,0,0,0,0
12_13,10.625,-61.325,34,0,1,0,0,0,0,0,0,0,0,0.3475069602695589,0.3962963144015666,0.21193340402565997,0,0,0,0
12_13,10.625,-61.325,35,1,0,1,0,0,0,0,0,0,0.4381492181753994,0,0.3475069602695589,0.3962963144015666,0.21193340402565997,0,0,0
12_13,10.625,-61.325,36,1,0,0,1,0,0,0,0,0,0,0.4381492181753994,0,0.3475069602695589,0.3962963144015666,0.21193340402565997,0,0
12_13,10.625,-61.325,37,0,0,0,0,1,0,0,0,0,0,0,0.4381492181753994,0,0.3475069602695589,0.3962963144015666,0.21193340402565997,0
12_13,10.625,-61.325,38,0,0,0,0,0,1,0,0,0,0,0,0,0.4381492181753994,0,0.3475069602695589,0.3962963144015666,0.21193340402565997
12_13,10.625,-61.325,39,0,0,0,0,0,0,1,0,0,0.17631219466842094,0,0,0,0.4381492181753994,0,0.3475069602695589,0.3962963144015666
12_13,10.625,-61.325,40,1,0,0,0,0,0,0,1,0,0,0.17631219466842094,0,0,0,0.4381492181753994,0,0.3475069602695589
12_13,10.625,-61.325,41,1,0,0,0,0,0,0,0,1,0,0,0.17631219466842094,0,0,0,0.4381492181753994,0
12_13,10.625,-61.325,42,1,0,0,0,0,0,0,0,0,0,0,0,0.17631219466842094,0,0,0,0.4381492181753994
12_13,10.625,-61.325,43,1,0,0,0,0,0,0,0,0,0,0,0,0,0.17631219466842094,0,0,0
12_13,10.625,-61.325,44,0,0,0,0,0,0,0,0,0,0,0,0,0,0,0.17631219466842094,0,0
12_13,10.625,-61.325,45,1,0,0,0,0,0,0,0,0,0,0,0,0,0,0,0.17631219466842094,0
12_13,10.625,-61.325,46,0,0,0,0,0,0,0,0,0,0,0,0,0,0,0,0,0.17631219466842094
12_13,10.625,-61.325,47,0,0,0,0,0,0,0,0,0,0,0,0,0,0,0,0,0
12_13,10.625,-61.325,48,0,0,0,0,0,0,0,0,0,0,0,0,0,0,0,0,0
12_13,10.625,-61.325,49,1,0,0,0,0,0,0,0,0,0,0,0,0,0,0,0,0
12_13,10.625,-61.325,50,1,0,0,0,0,0,0,0,0,0,0,0,0,0,0,0,0
12_13,10.625,-61.325,51,2,0,0,0,0,0,0,0,0,0,0,0,0,0,0,0,0
12_13,10.625,-61.325,52,0,0,0,0,0,0,0,0,0,0,0,0,0,0,0,0,0
12_14,10.675,-61.325,0,0,0,,,,,,,,0,,,,,,,
12_14,10.675,-61.325,1,0,0,0,,,,,,,0,0,,,,,,
12_14,10.675,-61.325,2,0,0,0,0,,,,,,0,0,0,,,,,
12_14,10.675,-61.325,3,0,0,0,0,0,,,,,0,0,0,0,,,,
12_14,10.675,-61.325,4,0,0,0,0,0,0,,,,0,0,0,0,0,,,
12_14,10.675,-61.325,5,0,0,0,0,0,0,0,,,0,0,0,0,0,0,,
12_14,10.675,-61.325,6,0,0,0,0,0,0,0,0,,0,0,0,0,0,0,0,
12_14,10.675,-61.325,7,0,0,0,0,0,0,0,0,0,0.4084285907991507,0,0,0,0,0,0,0
12_14,10.675,-61.325,8,0,0,0,0,0,0,0,0,0,0.20421429539957536,0.4084285907991507,0,0,0,0,0,0
12_14,10.675,-61.325,9,0,0,0,0,0,0,0,0,0,0,0.20421429539957536,0.4084285907991507,0,0,0,0,0
12_14,10.675,-61.325,10,0,0,0,0,0,0,0,0,0,0,0,0.20421429539957536,0.4084285907991507,0,0,0,0
12_14,10.675,-61.325,11,0,0,0,0,0,0,0,0,0,0,0,0,0.20421429539957536,0.4084285907991507,0,0,0
12_14,10.675,-61.325,12,0,0,0,0,0,0,0,0,0,0,0,0,0,0.20421429539957536,0.4084285907991507,0,0
12_14,10.675,-61.325,13,0,0,0,0,0,0,0,0,0,0,0,0,0,0,0.20421429539957536,0.4084285907991507,0
12_14,10.675,-61.325,14,0,0,0,0,0,0,0,0,0,0,0,0,0,0,0,0.20421429539957536,0.4084285907991507
12_14,10.675,-61.325,15,0,0,0,0,0,0,0,0,0,0,0,0,0,0,0,0,0.20421429539957536
12_14,10.675,-61.325,16,0,0,0,0,0,0,0,0,0,0,0,0,0,0,0,0,0
12_14,10.675,-61.325,17,0,0,0,0,0,0,0,0,0,0,0,0,0,0,0,0,0
12_14,10.675,-61.325,18,0,0,0,0,0,0,0,0,0,0,0,0,0,0,0,0,0
12_14,10.675,-61.325,19,0,0,0,0,0,0,0,0,0,0,0,0,0,0,0,0,0
12_14,10.675,-61.325,20,0,0,0,0,0,0,0,0,0,0,0,0,0,0,0,0,0
12_14,10.675,-61.325,21,0,0,0,0,0,0,0,0,0,0,0,0,0,0,0,0,0
12_14,10.675,-61.325,22,0,0,0,0,0,0,0,0,0,0,0,0,0,0,0,0,0
12_14,10.675,-61.325,23,0,0,0,0,0,0,0,0,0,0,0,0,0,0,0,0,0
12_14,10.675,-61.325,24,0,0,0,0,0,0,0,0,0,0,0,0,0,0,0,0,0
12_14,10.675,-61.325,25,1,0,0,0,0,0,0,0,0,0,0,0,0,0,0,0,0
12_14,10.675,-61.325,26,0,0,0,0,0,0,0,0,0,0,0,0,0,0,0,0,0
12_14,10.675,-61.325,27,0,0,0,0,0,0,0,0,0,0,0,0,0,0,0,0,0
12_14,10.675,-61.325,28,0,0,0,0,0,0,0,0,0,0,0,0,0,0,0,0,0
12_14,10.675,-61.325,29,0,0,0,0,0,0,0,0,0,0,0,0,0,0,0,0,0
12_14,10.675,-61.325,30,0,0,0,0,0,0,0,0,0,0,0,0,0,0,0,0,0
12_14,10.675,-61.325,31,0,0,0,0,0,0,0,0,0,0,0,0,0,0,0,0,0
12_14,10.675,-61.325,32,0,0,0,0,0,0,0,0,0,0,0,0,0,0,0,0,0
12_14,10.675,-61.325,33,0,0,0,0,0,0,0,0,0,0,0,0,0,0,0,0,0
12_14,10.675,-61.325,34,0,0,0,0,0,0,0,0,0,0.24697527933893876,0,0,0,0,0,0,0
12_14,10.675,-61.325,35,0,0,0,0,0,0,0,0,0,0,0.24697527933893876,0,0,0,0,0,0
12_14,10.675,-61.325,36,0,0,0,0,0,0,0,0,0,0,0,0.24697527933893876,0,0,0,0,0
12_14,10.675,-61.325,37,0,0,0,0,0,0,0,0,0,0,0,0,0.24697527933893876,0,0,0,0
12_14,10.675,-61.325,38,0,0,0,0,0,0,0,0,0,0,0,0,0,0.24697527933893876,0,0,0
12_14,10.675,-61.325,39,1,0,0,0,0,0,0,0,0,0,0,0,0,0,0.24697527933893876,0,0
12_14,10.675,-61.325,40,0,0,0,0,0,0,0,0,0,0,0,0,0,0,0,0.24697527933893876,0
12_14,10.675,-61.325,41,0,0,0,0,0,0,0,0,0,0,0,0,0,0,0,0,0.24697527933893876
12_14,10.675,-61.325,42,0,0,0,0,0,0,0,0,0,0,0,0,0,0,0,0,0
12_14,10.675,-61.325,43,0,0,0,0,0,0,0,0,0,0,0,0,0,0,0,0,0
12_14,10.675,-61.325,44,0,0,0,0,0,0,0,0,0,0,0,0,0,0,0,0,0
12_14,10.675,-61.325,45,0,0,0,0,0,0,0,0,0,0,0,0,0,0,0,0,0
12_14,10.675,-61.325,46,0,0,0,0,0,0,0,0,0,0,0,0,0,0,0,0,0
12_14,10.675,-61.325,47,0,0,0,0,0,0,0,0,0,0,0,0,0,0,0,0,0
12_14,10.675,-61.325,48,0,0,0,0,0,0,0,0,0,0,0,0,0,0,0,0,0
12_14,10.675,-61.325,49,0,0,0,0,0,0,0,0,0,0,0,0,0,0,0,0,0
12_14,10.675,-61.325,50,1,0,0,0,0,0,0,0,0,0,0,0,0,0,0,0,0
12_14,10.675,-61.325,51,0,0,0,0,0,0,0,0,0,0,0,0,0,0,0,0,0
12_14,10.675,-61.325,52,0,0,0,0,0,0,0,0,0,0,0,0,0,0,0,0,0
12_15,10.725,-61.325,0,0,0,,,,,,,,0,,,,,,,
12_15,10.725,-61.325,1,0,0,0,,,,,,,0,0,,,,,,
12_15,10.725,-61.325,2,0,0,0,0,,,,,,0,0,0,,,,,
12_15,10.725,-61.325,3,0,0,0,0,0,,,,,0,0,0,0,,,,
12_15,10.725,-61.325,4,0,0,0,0,0,0,,,,0,0,0,0,0,,,
12_15,10.725,-61.325,5,0,0,0,0,0,0,0,,,0,0,0,0,0,0,,
12_15,10.725,-61.325,6,0,0,0,0,0,0,0,0,,0,0,0,0,0,0,0,
12_15,10.725,-61.325,7,0,0,0,0,0,0,0,0,0,0,0,0,0,0,0,0,0
12_15,10.725,-61.325,8,0,0,0,0,0,0,0,0,0,0,0,0,0,0,0,0,0
12_15,10.725,-61.325,9,0,0,0,0,0,0,0,0,0,0,0,0,0,0,0,0,0
12_15,10.725,-61.325,10,0,0,0,0,0,0,0,0,0,0,0,0,0,0,0,0,0
12_15,10.725,-61.325,11,0,0,0,0,0,0,0,0,0,0,0,0,0,0,0,0,0
12_15,10.725,-61.325,12,0,0,0,0,0,0,0,0,0,0,0,0,0,0,0,0,0
12_15,10.725,-61.325,13,0,0,0,0,0,0,0,0,0,0,0,0,0,0,0,0,0
12_15,10.725,-61.325,14,0,0,0,0,0,0,0,0,0,0,0,0,0,0,0,0,0
12_15,10.725,-61.325,15,0,0,0,0,0,0,0,0,0,0,0,0,0,0,0,0,0
12_15,10.725,-61.325,16,0,0,0,0,0,0,0,0,0,0,0,0,0,0,0,0,0
12_15,10.725,-61.325,17,0,0,0,0,0,0,0,0,0,0,0,0,0,0,0,0,0
12_15,10.725,-61.325,18,0,0,0,0,0,0,0,0,0,0,0,0,0,0,0,0,0
12_15,10.725,-61.325,19,0,0,0,0,0,0,0,0,0,0,0,0,0,0,0,0,0
12_15,10.725,-61.325,20,0,0,0,0,0,0,0,0,0,0,0,0,0,0,0,0,0
12_15,10.725,-61.325,21,0,0,0,0,0,0,0,0,0,0,0,0,0,0,0,0,0
12_15,10.725,-61.325,22,0,0,0,0,0,0,0,0,0,0,0,0,0,0,0,0,0
12_15,10.725,-61.325,23,0,0,0,0,0,0,0,0,0,0,0,0,0,0,0,0,0
12_15,10.725,-61.325,24,0,0,0,0,0,0,0,0,0,0,0,0,0,0,0,0,0
12_15,10.725,-61.325,25,0,0,0,0,0,0,0,0,0,0,0,0,0,0,0,0,0
12_15,10.725,-61.325,26,0,0,0,0,0,0,0,0,0,0,0,0,0,0,0,0,0
12_15,10.725,-61.325,27,0,0,0,0,0,0,0,0,0,0,0,0,0,0,0,0,0
12_15,10.725,-61.325,28,0,0,0,0,0,0,0,0,0,0,0,0,0,0,0,0,0
12_15,10.725,-61.325,29,0,0,0,0,0,0,0,0,0,0,0,0,0,0,0,0,0
12_15,10.725,-61.325,30,0,0,0,0,0,0,0,0,0,0,0,0,0,0,0,0,0
12_15,10.725,-61.325,31,0,0,0,0,0,0,0,0,0,0,0,0,0,0,0,0,0
12_15,10.725,-61.325,32,0,0,0,0,0,0,0,0,0,0,0,0,0,0,0,0,0
12_15,10.725,-61.325,33,0,0,0,0,0,0,0,0,0,0,0,0,0,0,0,0,0
12_15,10.725,-61.325,34,0,0,0,0,0,0,0,0,0,0,0,0,0,0,0,0,0
12_15,10.725,-61.325,35,0,0,0,0,0,0,0,0,0,0,0,0,0,0,0,0,0
12_15,10.725,-61.325,36,0,0,0,0,0,0,0,0,0,0,0,0,0,0,0,0,0
12_15,10.725,-61.325,37,0,0,0,0,0,0,0,0,0,0,0,0,0,0,0,0,0
12_15,10.725,-61.325,38,0,0,0,0,0,0,0,0,0,0,0,0,0,0,0,0,0
12_15,10.725,-61.325,39,0,0,0,0,0,0,0,0,0,0,0,0,0,0,0,0,0
12_15,10.725,-61.325,40,0,0,0,0,0,0,0,0,0,0,0,0,0,0,0,0,0
12_15,10.725,-61.325,41,0,0,0,0,0,0,0,0,0,0,0,0,0,0,0,0,0
12_15,10.725,-61.325,42,0,0,0,0,0,0,0,0,0,0,0,0,0,0,0,0,0
12_15,10.725,-61.325,43,0,0,0,0,0,0,0,0,0,0,0,0,0,0,0,0,0
12_15,10.725,-61.325,44,0,0,0,0,0,0,0,0,0,0,0,0,0,0,0,0,0
12_15,10.725,-61.325,45,0,0,0,0,0,0,0,0,0,0,0,0,0,0,0,0,0
12_15,10.725,-61.325,46,0,0,0,0,0,0,0,0,0,0,0,0,0,0,0,0,0
12_15,10.725,-61.325,47,0,0,0,0,0,0,0,0,0,0,0,0,0,0,0,0,0
12_15,10.725,-61.325,48,0,0,0,0,0,0,0,0,0,0,0,0,0,0,0,0,0
12_15,10.725,-61.325,49,0,0,0,0,0,0,0,0,0,0,0,0,0,0,0,0,0
12_15,10.725,-61.325,50,0,0,0,0,0,0,0,0,0,0,0,0,0,0,0,0,0
12_15,10.725,-61.325,51,0,0,0,0,0,0,0,0,0,0,0,0,0,0,0,0,0
12_15,10.725,-61.325,52,0,0,0,0,0,0,0,0,0,0,0,0,0,0,0,0,0
12_16,10.775,-61.325,0,0,0,,,,,,,,0,,,,,,,
12_16,10.775,-61.325,1,0,0,0,,,,,,,0,0,,,,,,
12_16,10.775,-61.325,2,0,0,0,0,,,,,,0,0,0,,,,,
12_16,10.775,-61.325,3,0,0,0,0,0,,,,,0,0,0,0,,,,
12_16,10.775,-61.325,4,0,0,0,0,0,0,,,,0,0,0,0,0,,,
12_16,10.775,-61.325,5,0,0,0,0,0,0,0,,,0,0,0,0,0,0,,
12_16,10.775,-61.325,6,0,0,0,0,0,0,0,0,,0,0,0,0,0,0,0,
12_16,10.775,-61.325,7,0,0,0,0,0,0,0,0,0,0,0,0,0,0,0,0,0
12_16,10.775,-61.325,8,0,0,0,0,0,0,0,0,0,0,0,0,0,0,0,0,0
12_16,10.775,-61.325,9,0,0,0,0,0,0,0,0,0,0,0,0,0,0,0,0,0
12_16,10.775,-61.325,10,0,0,0,0,0,0,0,0,0,0,0,0,0,0,0,0,0
12_16,10.775,-61.325,11,0,0,0,0,0,0,0,0,0,0,0,0,0,0,0,0,0
12_16,10.775,-61.325,12,0,0,0,0,0,0,0,0,0,0,0,0,0,0,0,0,0
12_16,10.775,-61.325,13,0,0,0,0,0,0,0,0,0,0,0,0,0,0,0,0,0
12_16,10.775,-61.325,14,0,0,0,0,0,0,0,0,0,0,0,0,0,0,0,0,0
12_16,10.775,-61.325,15,0,0,0,0,0,0,0,0,0,0,0,0,0,0,0,0,0
12_16,10.775,-61.325,16,0,0,0,0,0,0,0,0,0,0,0,0,0,0,0,0,0
12_16,10.775,-61.325,17,0,0,0,0,0,0,0,0,0,0,0,0,0,0,0,0,0
12_16,10.775,-61.325,18,0,0,0,0,0,0,0,0,0,0,0,0,0,0,0,0,0
12_16,10.775,-61.325,19,0,0,0,0,0,0,0,0,0,0,0,0,0,0,0,0,0
12_16,10.775,-61.325,20,0,0,0,0,0,0,0,0,0,0,0,0,0,0,0,0,0
12_16,10.775,-61.325,21,0,0,0,0,0,0,0,0,0,0,0,0,0,0,0,0,0
12_16,10.775,-61.325,22,0,0,0,0,0,0,0,0,0,0,0,0,0,0,0,0,0
12_16,10.775,-61.325,23,0,0,0,0,0,0,0,0,0,0,0,0,0,0,0,0,0
12_16,10.775,-61.325,24,0,0,0,0,0,0,0,0,0,0,0,0,0,0,0,0,0
12_16,10.775,-61.325,25,0,0,0,0,0,0,0,0,0,0,0,0,0,0,0,0,0
12_16,10.775,-61.325,26,0,0,0,0,0,0,0,0,0,0,0,0,0,0,0,0,0
12_16,10.775,-61.325,27,0,0,0,0,0,0,0,0,0,0,0,0,0,0,0,0,0
12_16,10.775,-61.325,28,0,0,0,0,0,0,0,0,0,0,0,0,0,0,0,0,0
12_16,10.775,-61.325,29,0,0,0,0,0,0,0,0,0,0,0,0,0,0,0,0,0
12_16,10.775,-61.325,30,0,0,0,0,0,0,0,0,0,0,0,0,0,0,0,0,0
12_16,10.775,-61.325,31,0,0,0,0,0,0,0,0,0,0,0,0,0,0,0,0,0
12_16,10.775,-61.325,32,0,0,0,0,0,0,0,0,0,0,0,0,0,0,0,0,0
12_16,10.775,-61.325,33,0,0,0,0,0,0,0,0,0,0,0,0,0,0,0,0,0
12_16,10.775,-61.325,34,0,0,0,0,0,0,0,0,0,0,0,0,0,0,0,0,0
12_16,10.775,-61.325,35,0,0,0,0,0,0,0,0,0,0,0,0,0,0,0,0,0
12_16,10.775,-61.325,36,0,0,0,0,0,0,0,0,0,0,0,0,0,0,0,0,0
12_16,10.775,-61.325,37,0,0,0,0,0,0,0,0,0,0,0,0,0,0,0,0,0
12_16,10.775,-61.325,38,0,0,0,0,0,0,0,0,0,0,0,0,0,0,0,0,0
12_16,10.775,-61.325,39,0,0,0,0,0,0,0,0,0,0,0,0,0,0,0,0,0
12_16,10.775,-61.325,40,0,0,0,0,0,0,0,0,0,0,0,0,0,0,0,0,0
12_16,10.775,-61.325,41,0,0,0,0,0,0,0,0,0,0,0,0,0,0,0,0,0
12_16,10.775,-61.325,42,0,0,0,0,0,0,0,0,0,0,0,0,0,0,0,0,0
12_16,10.775,-61.325,43,0,0,0,0,0,0,0,0,0,0,0,0,0,0,0,0,0
12_16,10.775,-61.325,44,0,0,0,0,0,0,0,0,0,0,0,0,0,0,0,0,0
12_16,10.775,-61.325,45,0,0,0,0,0,0,0,0,0,0,0,0,0,0,0,0,0
12_16,10.775,-61.325,46,0,0,0,0,0,0,0,0,0,0,0,0,0,0,0,0,0
12_16,10.775,-61.325,47,0,0,0,0,0,0,0,0,0,0,0,0,0,0,0,0,0
12_16,10.775,-61.325,48,0,0,0,0,0,0,0,0,0,0,0,0,0,0,0,0,0
12_16,10.775,-61.325,49,0,0,0,0,0,0,0,0,0,0,0,0,0,0,0,0,0
12_16,10.775,-61.325,50,0,0,0,0,0,0,0,0,0,0,0,0,0,0,0,0,0
12_16,10.775,-61.325,51,0,0,0,0,0,0,0,0,0,0,0,0,0,0,0,0,0
12_16,10.775,-61.325,52,0,0,0,0,0,0,0,0,0,0,0,0,0,0,0,0,0
12_17,10.825000000000005,-61.325,0,0,0,,,,,,,,0,,,,,,,
12_17,10.825000000000005,-61.325,1,0,0,0,,,,,,,0,0,,,,,,
12_17,10.825000000000005,-61.325,2,0,0,0,0,,,,,,0,0,0,,,,,
12_17,10.825000000000005,-61.325,3,0,0,0,0,0,,,,,0,0,0,0,,,,
12_17,10.825000000000005,-61.325,4,0,0,0,0,0,0,,,,0,0,0,0,0,,,
12_17,10.825000000000005,-61.325,5,1,0,0,0,0,0,0,,,0,0,0,0,0,0,,
12_17,10.825000000000005,-61.325,6,0,0,0,0,0,0,0,0,,0,0,0,0,0,0,0,
12_17,10.825000000000005,-61.325,7,0,0,0,0,0,0,0,0,0,0,0,0,0,0,0,0,0
12_17,10.825000000000005,-61.325,8,0,0,0,0,0,0,0,0,0,0,0,0,0,0,0,0,0
12_17,10.825000000000005,-61.325,9,0,0,0,0,0,0,0,0,0,0,0,0,0,0,0,0,0
12_17,10.825000000000005,-61.325,10,0,0,0,0,0,0,0,0,0,0,0,0,0,0,0,0,0
12_17,10.825000000000005,-61.325,11,0,0,0,0,0,0,0,0,0,0,0,0,0,0,0,0,0
12_17,10.825000000000005,-61.325,12,0,0,0,0,0,0,0,0,0,0,0,0,0,0,0,0,0
12_17,10.825000000000005,-61.325,13,0,0,0,0,0,0,0,0,0,0,0,0,0,0,0,0,0
12_17,10.825000000000005,-61.325,14,0,0,0,0,0,0,0,0,0,0,0,0,0,0,0,0,0
12_17,10.825000000000005,-61.325,15,0,0,0,0,0,0,0,0,0,0,0,0,0,0,0,0,0
12_17,10.825000000000005,-61.325,16,0,0,0,0,0,0,0,0,0,0,0,0,0,0,0,0,0
12_17,10.825000000000005,-61.325,17,0,0,0,0,0,0,0,0,0,0,0,0,0,0,0,0,0
12_17,10.825000000000005,-61.325,18,0,0,0,0,0,0,0,0,0,0,0,0,0,0,0,0,0
12_17,10.825000000000005,-61.325,19,0,0,0,0,0,0,0,0,0,0,0,0,0,0,0,0,0
12_17,10.825000000000005,-61.325,20,0,0,0,0,0,0,0,0,0,0,0,0,0,0,0,0,0
12_17,10.825000000000005,-61.325,21,0,0,0,0,0,0,0,0,0,0,0,0,0,0,0,0,0
12_17,10.825000000000005,-61.325,22,0,0,0,0,0,0,0,0,0,0,0,0,0,0,0,0,0
12_17,10.825000000000005,-61.325,23,0,0,0,0,0,0,0,0,0,0,0,0,0,0,0,0,0
12_17,10.825000000000005,-61.325,24,0,0,0,0,0,0,0,0,0,0,0,0,0,0,0,0,0
12_17,10.825000000000005,-61.325,25,0,0,0,0,0,0,0,0,0,0,0,0,0,0,0,0,0
12_17,10.825000000000005,-61.325,26,0,0,0,0,0,0,0,0,0,0,0,0,0,0,0,0,0
12_17,10.825000000000005,-61.325,27,0,0,0,0,0,0,0,0,0,0,0,0,0,0,0,0,0
12_17,10.825000000000005,-61.325,28,0,0,0,0,0,0,0,0,0,0,0,0,0,0,0,0,0
12_17,10.825000000000005,-61.325,29,0,0,0,0,0,0,0,0,0,0,0,0,0,0,0,0,0
12_17,10.825000000000005,-61.325,30,0,0,0,0,0,0,0,0,0,0,0,0,0,0,0,0,0
12_17,10.825000000000005,-61.325,31,0,0,0,0,0,0,0,0,0,0,0,0,0,0,0,0,0
12_17,10.825000000000005,-61.325,32,0,0,0,0,0,0,0,0,0,0,0,0,0,0,0,0,0
12_17,10.825000000000005,-61.325,33,0,0,0,0,0,0,0,0,0,0,0,0,0,0,0,0,0
12_17,10.825000000000005,-61.325,34,0,0,0,0,0,0,0,0,0,0,0,0,0,0,0,0,0
12_17,10.825000000000005,-61.325,35,0,0,0,0,0,0,0,0,0,0,0,0,0,0,0,0,0
12_17,10.825000000000005,-61.325,36,0,0,0,0,0,0,0,0,0,0,0,0,0,0,0,0,0
12_17,10.825000000000005,-61.325,37,0,0,0,0,0,0,0,0,0,0,0,0,0,0,0,0,0
12_17,10.825000000000005,-61.325,38,0,0,0,0,0,0,0,0,0,0,0,0,0,0,0,0,0
12_17,10.825000000000005,-61.325,39,0,0,0,0,0,0,0,0,0,0,0,0,0,0,0,0,0
12_17,10.825000000000005,-61.325,40,0,0,0,0,0,0,0,0,0,0,0,0,0,0,0,0,0
12_17,10.825000000000005,-61.325,41,0,0,0,0,0,0,0,0,0,0,0,0,0,0,0,0,0
12_17,10.825000000000005,-61.325,42,0,0,0,0,0,0,0,0,0,0,0,0,0,0,0,0,0
12_17,10.825000000000005,-61.325,43,0,0,0,0,0,0,0,0,0,0,0,0,0,0,0,0,0
12_17,10.825000000000005,-61.325,44,0,0,0,0,0,0,0,0,0,0,0,0,0,0,0,0,0
12_17,10.825000000000005,-61.325,45,0,0,0,0,0,0,0,0,0,0,0,0,0,0,0,0,0
12_17,10.825000000000005,-61.325,46,0,0,0,0,0,0,0,0,0,0,0,0,0,0,0,0,0
12_17,10.825000000000005,-61.325,47,0,0,0,0,0,0,0,0,0,0,0,0,0,0,0,0,0
12_17,10.825000000000005,-61.325,48,0,0,0,0,0,0,0,0,0,0,0,0,0,0,0,0,0
12_17,10.825000000000005,-61.325,49,0,0,0,0,0,0,0,0,0,0,0,0,0,0,0,0,0
12_17,10.825000000000005,-61.325,50,0,0,0,0,0,0,0,0,0,0,0,0,0,0,0,0,0
12_17,10.825000000000005,-61.325,51,0,0,0,0,0,0,0,0,0,0,0,0,0,0,0,0,0
12_17,10.825000000000005,-61.325,52,0,0,0,0,0,0,0,0,0,0,0,0,0,0,0,0,0
13_2,10.075,-61.275,0,0,0,,,,,,,,0,,,,,,,
13_2,10.075,-61.275,1,0,0,0,,,,,,,0,0,,,,,,
13_2,10.075,-61.275,2,0,0,0,0,,,,,,0,0,0,,,,,
13_2,10.075,-61.275,3,0,0,0,0,0,,,,,0,0,0,0,,,,
13_2,10.075,-61.275,4,0,0,0,0,0,0,,,,0,0,0,0,0,,,
13_2,10.075,-61.275,5,0,0,0,0,0,0,0,,,0,0,0,0,0,0,,
13_2,10.075,-61.275,6,0,0,0,0,0,0,0,0,,0,0,0,0,0,0,0,
13_2,10.075,-61.275,7,0,0,0,0,0,0,0,0,0,0,0,0,0,0,0,0,0
13_2,10.075,-61.275,8,0,0,0,0,0,0,0,0,0,0,0,0,0,0,0,0,0
13_2,10.075,-61.275,9,0,0,0,0,0,0,0,0,0,0,0,0,0,0,0,0,0
13_2,10.075,-61.275,10,0,0,0,0,0,0,0,0,0,0,0,0,0,0,0,0,0
13_2,10.075,-61.275,11,0,0,0,0,0,0,0,0,0,0,0,0,0,0,0,0,0
13_2,10.075,-61.275,12,0,0,0,0,0,0,0,0,0,0,0,0,0,0,0,0,0
13_2,10.075,-61.275,13,0,0,0,0,0,0,0,0,0,0,0,0,0,0,0,0,0
13_2,10.075,-61.275,14,0,0,0,0,0,0,0,0,0,0,0,0,0,0,0,0,0
13_2,10.075,-61.275,15,0,0,0,0,0,0,0,0,0,0,0,0,0,0,0,0,0
13_2,10.075,-61.275,16,0,0,0,0,0,0,0,0,0,0,0,0,0,0,0,0,0
13_2,10.075,-61.275,17,0,0,0,0,0,0,0,0,0,0,0,0,0,0,0,0,0
13_2,10.075,-61.275,18,0,0,0,0,0,0,0,0,0,0,0,0,0,0,0,0,0
13_2,10.075,-61.275,19,0,0,0,0,0,0,0,0,0,0,0,0,0,0,0,0,0
13_2,10.075,-61.275,20,0,0,0,0,0,0,0,0,0,0,0,0,0,0,0,0,0
13_2,10.075,-61.275,21,0,0,0,0,0,0,0,0,0,0,0,0,0,0,0,0,0
13_2,10.075,-61.275,22,0,0,0,0,0,0,0,0,0,0,0,0,0,0,0,0,0
13_2,10.075,-61.275,23,0,0,0,0,0,0,0,0,0,0,0,0,0,0,0,0,0
13_2,10.075,-61.275,24,0,0,0,0,0,0,0,0,0,0,0,0,0,0,0,0,0
13_2,10.075,-61.275,25,0,0,0,0,0,0,0,0,0,0,0,0,0,0,0,0,0
13_2,10.075,-61.275,26,0,0,0,0,0,0,0,0,0,0,0,0,0,0,0,0,0
13_2,10.075,-61.275,27,0,0,0,0,0,0,0,0,0,0,0,0,0,0,0,0,0
13_2,10.075,-61.275,28,0,0,0,0,0,0,0,0,0,0,0,0,0,0,0,0,0
13_2,10.075,-61.275,29,0,0,0,0,0,0,0,0,0,0,0,0,0,0,0,0,0
13_2,10.075,-61.275,30,0,0,0,0,0,0,0,0,0,0,0,0,0,0,0,0,0
13_2,10.075,-61.275,31,1,0,0,0,0,0,0,0,0,0,0,0,0,0,0,0,0
13_2,10.075,-61.275,32,0,0,0,0,0,0,0,0,0,0.6515687761456592,0,0,0,0,0,0,0
13_2,10.075,-61.275,33,0,0,0,0,0,0,0,0,0,0,0.6515687761456592,0,0,0,0,0,0
13_2,10.075,-61.275,34,0,0,0,0,0,0,0,0,0,0,0,0.6515687761456592,0,0,0,0,0
13_2,10.075,-61.275,35,0,0,0,0,0,0,0,0,0,0,0,0,0.6515687761456592,0,0,0,0
13_2,10.075,-61.275,36,0,0,0,0,0,0,0,0,0,0,0,0,0,0.6515687761456592,0,0,0
13_2,10.075,-61.275,37,0,0,0,0,0,0,0,0,0,0,0,0,0,0,0.6515687761456592,0,0
13_2,10.075,-61.275,38,0,0,0,0,0,0,0,0,0,0,0,0,0,0,0,0.6515687761456592,0
13_2,10.075,-61.275,39,0,0,0,0,0,0,0,0,0,0,0,0,0,0,0,0,0.6515687761456592
13_2,10.075,-61.275,40,0,0,0,0,0,0,0,0,0,0,0,0,0,0,0,0,0
13_2,10.075,-61.275,41,0,0,0,0,0,0,0,0,0,0,0,0,0,0,0,0,0
13_2,10.075,-61.275,42,0,0,0,0,0,0,0,0,0,0,0,0,0,0,0,0,0
13_2,10.075,-61.275,43,0,0,0,0,0,0,0,0,0,0,0,0,0,0,0,0,0
13_2,10.075,-61.275,44,0,0,0,0,0,0,0,0,0,0,0,0,0,0,0,0,0
13_2,10.075,-61.275,45,0,0,0,0,0,0,0,0,0,0,0,0,0,0,0,0,0
13_2,10.075,-61.275,46,0,0,0,0,0,0,0,0,0,0,0,0,0,0,0,0,0
13_2,10.075,-61.275,47,0,0,0,0,0,0,0,0,0,0,0,0,0,0,0,0,0
13_2,10.075,-61.275,48,0,0,0,0,0,0,0,0,0,0,0,0,0,0,0,0,0
13_2,10.075,-61.275,49,0,0,0,0,0,0,0,0,0,0,0,0,0,0,0,0,0
13_2,10.075,-61.275,50,0,0,0,0,0,0,0,0,0,0,0,0,0,0,0,0,0
13_2,10.075,-61.275,51,0,0,0,0,0,0,0,0,0,0,0,0,0,0,0,0,0
13_2,10.075,-61.275,52,0,0,0,0,0,0,0,0,0,0,0,0,0,0,0,0,0
13_3,10.125,-61.275,0,0,0,,,,,,,,0,,,,,,,
13_3,10.125,-61.275,1,0,0,0,,,,,,,0,0,,,,,,
13_3,10.125,-61.275,2,0,0,0,0,,,,,,0,0,0,,,,,
13_3,10.125,-61.275,3,0,0,0,0,0,,,,,0,0,0,0,,,,
13_3,10.125,-61.275,4,0,0,0,0,0,0,,,,0,0,0,0,0,,,
13_3,10.125,-61.275,5,0,0,0,0,0,0,0,,,0,0,0,0,0,0,,
13_3,10.125,-61.275,6,0,0,0,0,0,0,0,0,,0,0,0,0,0,0,0,
13_3,10.125,-61.275,7,0,0,0,0,0,0,0,0,0,0,0,0,0,0,0,0,0
13_3,10.125,-61.275,8,0,0,0,0,0,0,0,0,0,0,0,0,0,0,0,0,0
13_3,10.125,-61.275,9,0,0,0,0,0,0,0,0,0,0,0,0,0,0,0,0,0
13_3,10.125,-61.275,10,0,0,0,0,0,0,0,0,0,0,0,0,0,0,0,0,0
13_3,10.125,-61.275,11,0,0,0,0,0,0,0,0,0,0,0,0,0,0,0,0,0
13_3,10.125,-61.275,12,0,0,0,0,0,0,0,0,0,0,0,0,0,0,0,0,0
13_3,10.125,-61.275,13,0,0,0,0,0,0,0,0,0,0,0,0,0,0,0,0,0
13_3,10.125,-61.275,14,0,0,0,0,0,0,0,0,0,0,0,0,0,0,0,0,0
13_3,10.125,-61.275,15,1,0,0,0,0,0,0,0,0,0,0,0,0,0,0,0,0
13_3,10.125,-61.275,16,0,0,0,0,0,0,0,0,0,0,0,0,0,0,0,0,0
13_3,10.125,-61.275,17,0,0,0,0,0,0,0,0,0,0,0,0,0,0,0,0,0
13_3,10.125,-61.275,18,0,0,0,0,0,0,0,0,0,0,0,0,0,0,0,0,0
13_3,10.125,-61.275,19,0,0,0,0,0,0,0,0,0,0,0,0,0,0,0,0,0
13_3,10.125,-61.275,20,0,0,0,0,0,0,0,0,0,0,0,0,0,0,0,0,0
13_3,10.125,-61.275,21,0,0,0,0,0,0,0,0,0,0,0,0,0,0,0,0,0
13_3,10.125,-61.275,22,0,0,0,0,0,0,0,0,0,0,0,0,0,0,0,0,0
13_3,10.125,-61.275,23,0,0,0,0,0,0,0,0,0,0,0,0,0,0,0,0,0
13_3,10.125,-61.275,24,0,0,0,0,0,0,0,0,0,0,0,0,0,0,0,0,0
13_3,10.125,-61.275,25,0,0,0,0,0,0,0,0,0,0,0,0,0,0,0,0,0
13_3,10.125,-61.275,26,0,0,0,0,0,0,0,0,0,0,0,0,0,0,0,0,0
13_3,10.125,-61.275,27,0,0,0,0,0,0,0,0,0,0,0,0,0,0,0,0,0
13_3,10.125,-61.275,28,1,0,0,0,0,0,0,0,0,0,0,0,0,0,0,0,0
13_3,10.125,-61.275,29,1,0,0,0,0,0,0,0,0,0,0,0,0,0,0,0,0
13_3,10.125,-61.275,30,0,0,0,0,0,0,0,0,0,0,0,0,0,0,0,0,0
13_3,10.125,-61.275,31,0,0,0,0,0,0,0,0,0,0,0,0,0,0,0,0,0
13_3,10.125,-61.275,32,0,1,0,0,0,0,0,0,0,0,0,0,0,0,0,0,0
13_3,10.125,-61.275,33,0,0,1,0,0,0,0,0,0,0,0,0,0,0,0,0,0
13_3,10.125,-61.275,34,0,0,0,1,0,0,0,0,0,0,0,0,0,0,0,0,0
13_3,10.125,-61.275,35,0,0,0,0,1,0,0,0,0,0,0,0,0,0,0,0,0
13_3,10.125,-61.275,36,0,0,0,0,0,1,0,0,0,0,0,0,0,0,0,0,0
13_3,10.125,-61.275,37,0,0,0,0,0,0,1,0,0,0,0,0,0,0,0,0,0
13_3,10.125,-61.275,38,0,0,0,0,0,0,0,1,0,0,0,0,0,0,0,0,0
13_3,10.125,-61.275,39,0,0,0,0,0,0,0,0,1,0,0,0,0,0,0,0,0
13_3,10.125,-61.275,40,0,0,0,0,0,0,0,0,0,0,0,0,0,0,0,0,0
13_3,10.125,-61.275,41,0,0,0,0,0,0,0,0,0,0,0,0,0,0,0,0,0
13_3,10.125,-61.275,42,0,0,0,0,0,0,0,0,0,0,0,0,0,0,0,0,0
13_3,10.125,-61.275,43,0,0,0,0,0,0,0,0,0,0,0,0,0,0,0,0,0
13_3,10.125,-61.275,44,0,0,0,0,0,0,0,0,0,0,0,0,0,0,0,0,0
13_3,10.125,-61.275,45,0,0,0,0,0,0,0,0,0,0,0,0,0,0,0,0,0
13_3,10.125,-61.275,46,0,0,0,0,0,0,0,0,0,0,0,0,0,0,0,0,0
13_3,10.125,-61.275,47,0,0,0,0,0,0,0,0,0,0,0,0,0,0,0,0,0
13_3,10.125,-61.275,48,0,0,0,0,0,0,0,0,0,0,0,0,0,0,0,0,0
13_3,10.125,-61.275,49,0,0,0,0,0,0,0,0,0,0,0,0,0,0,0,0,0
13_3,10.125,-61.275,50,0,0,0,0,0,0,0,0,0,0,0,0,0,0,0,0,0
13_3,10.125,-61.275,51,0,0,0,0,0,0,0,0,0,0,0,0,0,0,0,0,0
13_3,10.125,-61.275,52,0,0,0,0,0,0,0,0,0,0,0,0,0,0,0,0,0
13_4,10.175,-61.275,0,0,0,,,,,,,,0,,,,,,,
13_4,10.175,-61.275,1,0,0,0,,,,,,,0,0,,,,,,
13_4,10.175,-61.275,2,0,0,0,0,,,,,,0,0,0,,,,,
13_4,10.175,-61.275,3,0,0,0,0,0,,,,,0,0,0,0,,,,
13_4,10.175,-61.275,4,0,0,0,0,0,0,,,,0,0,0,0,0,,,
13_4,10.175,-61.275,5,0,0,0,0,0,0,0,,,0,0,0,0,0,0,,
13_4,10.175,-61.275,6,0,0,0,0,0,0,0,0,,0,0,0,0,0,0,0,
13_4,10.175,-61.275,7,0,0,0,0,0,0,0,0,0,0,0,0,0,0,0,0,0
13_4,10.175,-61.275,8,0,0,0,0,0,0,0,0,0,0,0,0,0,0,0,0,0
13_4,10.175,-61.275,9,0,0,0,0,0,0,0,0,0,0,0,0,0,0,0,0,0
13_4,10.175,-61.275,10,0,0,0,0,0,0,0,0,0,0,0,0,0,0,0,0,0
13_4,10.175,-61.275,11,0,0,0,0,0,0,0,0,0,0,0,0,0,0,0,0,0
13_4,10.175,-61.275,12,0,0,0,0,0,0,0,0,0,0,0,0,0,0,0,0,0
13_4,10.175,-61.275,13,0,0,0,0,0,0,0,0,0,0,0,0,0,0,0,0,0
13_4,10.175,-61.275,14,0,0,0,0,0,0,0,0,0,0,0,0,0,0,0,0,0
13_4,10.175,-61.275,15,0,0,0,0,0,0,0,0,0,0,0,0,0,0,0,0,0
13_4,10.175,-61.275,16,0,0,0,0,0,0,0,0,0,0,0,0,0,0,0,0,0
13_4,10.175,-61.275,17,0,0,0,0,0,0,0,0,0,0,0,0,0,0,0,0,0
13_4,10.175,-61.275,18,0,0,0,0,0,0,0,0,0,0,0,0,0,0,0,0,0
13_4,10.175,-61.275,19,0,0,0,0,0,0,0,0,0,0,0,0,0,0,0,0,0
13_4,10.175,-61.275,20,0,0,0,0,0,0,0,0,0,0,0,0,0,0,0,0,0
13_4,10.175,-61.275,21,0,0,0,0,0,0,0,0,0,0,0,0,0,0,0,0,0
13_4,10.175,-61.275,22,0,0,0,0,0,0,0,0,0,0,0,0,0,0,0,0,0
13_4,10.175,-61.275,23,0,0,0,0,0,0,0,0,0,0,0,0,0,0,0,0,0
13_4,10.175,-61.275,24,0,0,0,0,0,0,0,0,0,0,0,0,0,0,0,0,0
13_4,10.175,-61.275,25,0,0,0,0,0,0,0,0,0,0,0,0,0,0,0,0,0
13_4,10.175,-61.275,26,0,0,0,0,0,0,0,0,0,0,0,0,0,0,0,0,0
13_4,10.175,-61.275,27,0,0,0,0,0,0,0,0,0,0,0,0,0,0,0,0,0
13_4,10.175,-61.275,28,0,0,0,0,0,0,0,0,0,0,0,0,0,0,0,0,0
13_4,10.175,-61.275,29,0,0,0,0,0,0,0,0,0,0,0,0,0,0,0,0,0
13_4,10.175,-61.275,30,0,0,0,0,0,0,0,0,0,0,0,0,0,0,0,0,0
13_4,10.175,-61.275,31,0,0,0,0,0,0,0,0,0,0,0,0,0,0,0,0,0
13_4,10.175,-61.275,32,0,0,0,0,0,0,0,0,0,0,0,0,0,0,0,0,0
13_4,10.175,-61.275,33,0,0,0,0,0,0,0,0,0,0,0,0,0,0,0,0,0
13_4,10.175,-61.275,34,0,0,0,0,0,0,0,0,0,0,0,0,0,0,0,0,0
13_4,10.175,-61.275,35,0,0,0,0,0,0,0,0,0,0,0,0,0,0,0,0,0
13_4,10.175,-61.275,36,0,0,0,0,0,0,0,0,0,0,0,0,0,0,0,0,0
13_4,10.175,-61.275,37,0,0,0,0,0,0,0,0,0,0,0,0,0,0,0,0,0
13_4,10.175,-61.275,38,0,0,0,0,0,0,0,0,0,0,0,0,0,0,0,0,0
13_4,10.175,-61.275,39,0,0,0,0,0,0,0,0,0,0,0,0,0,0,0,0,0
13_4,10.175,-61.275,40,0,0,0,0,0,0,0,0,0,0,0,0,0,0,0,0,0
13_4,10.175,-61.275,41,0,0,0,0,0,0,0,0,0,0,0,0,0,0,0,0,0
13_4,10.175,-61.275,42,0,0,0,0,0,0,0,0,0,0,0,0,0,0,0,0,0
13_4,10.175,-61.275,43,0,0,0,0,0,0,0,0,0,0,0,0,0,0,0,0,0
13_4,10.175,-61.275,44,0,0,0,0,0,0,0,0,0,0,0,0,0,0,0,0,0
13_4,10.175,-61.275,45,0,0,0,0,0,0,0,0,0,0,0,0,0,0,0,0,0
13_4,10.175,-61.275,46,0,0,0,0,0,0,0,0,0,0,0,0,0,0,0,0,0
13_4,10.175,-61.275,47,0,0,0,0,0,0,0,0,0,0,0,0,0,0,0,0,0
13_4,10.175,-61.275,48,0,0,0,0,0,0,0,0,0,0,0,0,0,0,0,0,0
13_4,10.175,-61.275,49,0,0,0,0,0,0,0,0,0,0,0,0,0,0,0,0,0
13_4,10.175,-61.275,50,0,0,0,0,0,0,0,0,0,0,0,0,0,0,0,0,0
13_4,10.175,-61.275,51,0,0,0,0,0,0,0,0,0,0,0,0,0,0,0,0,0
13_4,10.175,-61.275,52,0,0,0,0,0,0,0,0,0,0,0,0,0,0,0,0,0
13_5,10.224999999999998,-61.275,0,0,0,,,,,,,,0,,,,,,,
13_5,10.224999999999998,-61.275,1,0,0,0,,,,,,,0,0,,,,,,
13_5,10.224999999999998,-61.275,2,0,0,0,0,,,,,,0,0,0,,,,,
13_5,10.224999999999998,-61.275,3,0,0,0,0,0,,,,,0,0,0,0,,,,
13_5,10.224999999999998,-61.275,4,0,0,0,0,0,0,,,,0,0,0,0,0,,,
13_5,10.224999999999998,-61.275,5,0,0,0,0,0,0,0,,,0,0,0,0,0,0,,
13_5,10.224999999999998,-61.275,6,0,0,0,0,0,0,0,0,,0,0,0,0,0,0,0,
13_5,10.224999999999998,-61.275,7,0,0,0,0,0,0,0,0,0,0,0,0,0,0,0,0,0
13_5,10.224999999999998,-61.275,8,0,0,0,0,0,0,0,0,0,0,0,0,0,0,0,0,0
13_5,10.224999999999998,-61.275,9,0,0,0,0,0,0,0,0,0,0,0,0,0,0,0,0,0
13_5,10.224999999999998,-61.275,10,0,0,0,0,0,0,0,0,0,0,0,0,0,0,0,0,0
13_5,10.224999999999998,-61.275,11,0,0,0,0,0,0,0,0,0,0,0,0,0,0,0,0,0
13_5,10.224999999999998,-61.275,12,0,0,0,0,0,0,0,0,0,0,0,0,0,0,0,0,0
13_5,10.224999999999998,-61.275,13,0,0,0,0,0,0,0,0,0,0,0,0,0,0,0,0,0
13_5,10.224999999999998,-61.275,14,0,0,0,0,0,0,0,0,0,0,0,0,0,0,0,0,0
13_5,10.224999999999998,-61.275,15,0,0,0,0,0,0,0,0,0,0,0,0,0,0,0,0,0
13_5,10.224999999999998,-61.275,16,0,0,0,0,0,0,0,0,0,0,0,0,0,0,0,0,0
13_5,10.224999999999998,-61.275,17,0,0,0,0,0,0,0,0,0,0,0,0,0,0,0,0,0
13_5,10.224999999999998,-61.275,18,0,0,0,0,0,0,0,0,0,0,0,0,0,0,0,0,0
13_5,10.224999999999998,-61.275,19,0,0,0,0,0,0,0,0,0,0,0,0,0,0,0,0,0
13_5,10.224999999999998,-61.275,20,0,0,0,0,0,0,0,0,0,0,0,0,0,0,0,0,0
13_5,10.224999999999998,-61.275,21,0,0,0,0,0,0,0,0,0,0,0,0,0,0,0,0,0
13_5,10.224999999999998,-61.275,22,0,0,0,0,0,0,0,0,0,0,0,0,0,0,0,0,0
13_5,10.224999999999998,-61.275,23,0,0,0,0,0,0,0,0,0,0,0,0,0,0,0,0,0
13_5,10.224999999999998,-61.275,24,0,0,0,0,0,0,0,0,0,0,0,0,0,0,0,0,0
13_5,10.224999999999998,-61.275,25,0,0,0,0,0,0,0,0,0,0,0,0,0,0,0,0,0
13_5,10.224999999999998,-61.275,26,0,0,0,0,0,0,0,0,0,0,0,0,0,0,0,0,0
13_5,10.224999999999998,-61.275,27,0,0,0,0,0,0,0,0,0,0,0,0,0,0,0,0,0
13_5,10.224999999999998,-61.275,28,0,0,0,0,0,0,0,0,0,0,0,0,0,0,0,0,0
13_5,10.224999999999998,-61.275,29,0,0,0,0,0,0,0,0,0,0,0,0,0,0,0,0,0
13_5,10.224999999999998,-61.275,30,0,0,0,0,0,0,0,0,0,0,0,0,0,0,0,0,0
13_5,10.224999999999998,-61.275,31,0,0,0,0,0,0,0,0,0,0,0,0,0,0,0,0,0
13_5,10.224999999999998,-61.275,32,0,0,0,0,0,0,0,0,0,0,0,0,0,0,0,0,0
13_5,10.224999999999998,-61.275,33,0,0,0,0,0,0,0,0,0,0,0,0,0,0,0,0,0
13_5,10.224999999999998,-61.275,34,0,0,0,0,0,0,0,0,0,0,0,0,0,0,0,0,0
13_5,10.224999999999998,-61.275,35,0,0,0,0,0,0,0,0,0,0,0,0,0,0,0,0,0
13_5,10.224999999999998,-61.275,36,0,0,0,0,0,0,0,0,0,0,0,0,0,0,0,0,0
13_5,10.224999999999998,-61.275,37,0,0,0,0,0,0,0,0,0,0,0,0,0,0,0,0,0
13_5,10.224999999999998,-61.275,38,0,0,0,0,0,0,0,0,0,0,0,0,0,0,0,0,0
13_5,10.224999999999998,-61.275,39,0,0,0,0,0,0,0,0,0,0,0,0,0,0,0,0,0
13_5,10.224999999999998,-61.275,40,0,0,0,0,0,0,0,0,0,0,0,0,0,0,0,0,0
13_5,10.224999999999998,-61.275,41,0,0,0,0,0,0,0,0,0,0,0,0,0,0,0,0,0
13_5,10.224999999999998,-61.275,42,0,0,0,0,0,0,0,0,0,0,0,0,0,0,0,0,0
13_5,10.224999999999998,-61.275,43,0,0,0,0,0,0,0,0,0,0,0,0,0,0,0,0,0
13_5,10.224999999999998,-61.275,44,0,0,0,0,0,0,0,0,0,0,0,0,0,0,0,0,0
13_5,10.224999999999998,-61.275,45,0,0,0,0,0,0,0,0,0,0,0,0,0,0,0,0,0
13_5,10.224999999999998,-61.275,46,0,0,0,0,0,0,0,0,0,0,0,0,0,0,0,0,0
13_5,10.224999999999998,-61.275,47,0,0,0,0,0,0,0,0,0,0,0,0,0,0,0,0,0
13_5,10.224999999999998,-61.275,48,0,0,0,0,0,0,0,0,0,0,0,0,0,0,0,0,0
13_5,10.224999999999998,-61.275,49,0,0,0,0,0,0,0,0,0,0,0,0,0,0,0,0,0
13_5,10.224999999999998,-61.275,50,0,0,0,0,0,0,0,0,0,0,0,0,0,0,0,0,0
13_5,10.224999999999998,-61.275,51,0,0,0,0,0,0,0,0,0,0,0,0,0,0,0,0,0
13_5,10.224999999999998,-61.275,52,0,0,0,0,0,0,0,0,0,0,0,0,0,0,0,0,0
13_6,10.275,-61.275,0,0,0,,,,,,,,0,,,,,,,
13_6,10.275,-61.275,1,0,0,0,,,,,,,0,0,,,,,,
13_6,10.275,-61.275,2,0,0,0,0,,,,,,0,0,0,,,,,
13_6,10.275,-61.275,3,0,0,0,0,0,,,,,0,0,0,0,,,,
13_6,10.275,-61.275,4,0,0,0,0,0,0,,,,0,0,0,0,0,,,
13_6,10.275,-61.275,5,0,0,0,0,0,0,0,,,0,0,0,0,0,0,,
13_6,10.275,-61.275,6,0,0,0,0,0,0,0,0,,0,0,0,0,0,0,0,
13_6,10.275,-61.275,7,0,0,0,0,0,0,0,0,0,0,0,0,0,0,0,0,0
13_6,10.275,-61.275,8,0,0,0,0,0,0,0,0,0,0,0,0,0,0,0,0,0
13_6,10.275,-61.275,9,0,0,0,0,0,0,0,0,0,0,0,0,0,0,0,0,0
13_6,10.275,-61.275,10,0,0,0,0,0,0,0,0,0,0,0,0,0,0,0,0,0
13_6,10.275,-61.275,11,0,0,0,0,0,0,0,0,0,0,0,0,0,0,0,0,0
13_6,10.275,-61.275,12,0,0,0,0,0,0,0,0,0,0,0,0,0,0,0,0,0
13_6,10.275,-61.275,13,0,0,0,0,0,0,0,0,0,0,0,0,0,0,0,0,0
13_6,10.275,-61.275,14,0,0,0,0,0,0,0,0,0,0,0,0,0,0,0,0,0
13_6,10.275,-61.275,15,0,0,0,0,0,0,0,0,0,0,0,0,0,0,0,0,0
13_6,10.275,-61.275,16,0,0,0,0,0,0,0,0,0,0,0,0,0,0,0,0,0
13_6,10.275,-61.275,17,0,0,0,0,0,0,0,0,0,0,0,0,0,0,0,0,0
13_6,10.275,-61.275,18,0,0,0,0,0,0,0,0,0,0,0,0,0,0,0,0,0
13_6,10.275,-61.275,19,0,0,0,0,0,0,0,0,0,0,0,0,0,0,0,0,0
13_6,10.275,-61.275,20,0,0,0,0,0,0,0,0,0,0,0,0,0,0,0,0,0
13_6,10.275,-61.275,21,0,0,0,0,0,0,0,0,0,0,0,0,0,0,0,0,0
13_6,10.275,-61.275,22,0,0,0,0,0,0,0,0,0,0,0,0,0,0,0,0,0
13_6,10.275,-61.275,23,0,0,0,0,0,0,0,0,0,0,0,0,0,0,0,0,0
13_6,10.275,-61.275,24,0,0,0,0,0,0,0,0,0,0,0,0,0,0,0,0,0
13_6,10.275,-61.275,25,0,0,0,0,0,0,0,0,0,0,0,0,0,0,0,0,0
13_6,10.275,-61.275,26,0,0,0,0,0,0,0,0,0,0,0,0,0,0,0,0,0
13_6,10.275,-61.275,27,0,0,0,0,0,0,0,0,0,0,0,0,0,0,0,0,0
13_6,10.275,-61.275,28,0,0,0,0,0,0,0,0,0,0,0,0,0,0,0,0,0
13_6,10.275,-61.275,29,0,0,0,0,0,0,0,0,0,0,0,0,0,0,0,0,0
13_6,10.275,-61.275,30,0,0,0,0,0,0,0,0,0,0,0,0,0,0,0,0,0
13_6,10.275,-61.275,31,0,0,0,0,0,0,0,0,0,0,0,0,0,0,0,0,0
13_6,10.275,-61.275,32,0,0,0,0,0,0,0,0,0,0,0,0,0,0,0,0,0
13_6,10.275,-61.275,33,0,0,0,0,0,0,0,0,0,0,0,0,0,0,0,0,0
13_6,10.275,-61.275,34,0,0,0,0,0,0,0,0,0,0,0,0,0,0,0,0,0
13_6,10.275,-61.275,35,0,0,0,0,0,0,0,0,0,0,0,0,0,0,0,0,0
13_6,10.275,-61.275,36,0,0,0,0,0,0,0,0,0,0,0,0,0,0,0,0,0
13_6,10.275,-61.275,37,0,0,0,0,0,0,0,0,0,0,0,0,0,0,0,0,0
13_6,10.275,-61.275,38,0,0,0,0,0,0,0,0,0,0,0,0,0,0,0,0,0
13_6,10.275,-61.275,39,0,0,0,0,0,0,0,0,0,0,0,0,0,0,0,0,0
13_6,10.275,-61.275,40,0,0,0,0,0,0,0,0,0,0,0,0,0,0,0,0,0
13_6,10.275,-61.275,41,0,0,0,0,0,0,0,0,0,0,0,0,0,0,0,0,0
13_6,10.275,-61.275,42,0,0,0,0,0,0,0,0,0,0,0,0,0,0,0,0,0
13_6,10.275,-61.275,43,0,0,0,0,0,0,0,0,0,0,0,0,0,0,0,0,0
13_6,10.275,-61.275,44,0,0,0,0,0,0,0,0,0,0,0,0,0,0,0,0,0
13_6,10.275,-61.275,45,0,0,0,0,0,0,0,0,0,0,0,0,0,0,0,0,0
13_6,10.275,-61.275,46,0,0,0,0,0,0,0,0,0,0,0,0,0,0,0,0,0
13_6,10.275,-61.275,47,0,0,0,0,0,0,0,0,0,0,0,0,0,0,0,0,0
13_6,10.275,-61.275,48,0,0,0,0,0,0,0,0,0,0,0,0,0,0,0,0,0
13_6,10.275,-61.275,49,0,0,0,0,0,0,0,0,0,0,0,0,0,0,0,0,0
13_6,10.275,-61.275,50,0,0,0,0,0,0,0,0,0,0,0,0,0,0,0,0,0
13_6,10.275,-61.275,51,0,0,0,0,0,0,0,0,0,0,0,0,0,0,0,0,0
13_6,10.275,-61.275,52,0,0,0,0,0,0,0,0,0,0,0,0,0,0,0,0,0
13_7,10.325,-61.275,0,0,0,,,,,,,,0,,,,,,,
13_7,10.325,-61.275,1,0,0,0,,,,,,,0,0,,,,,,
13_7,10.325,-61.275,2,0,0,0,0,,,,,,0,0,0,,,,,
13_7,10.325,-61.275,3,0,0,0,0,0,,,,,0,0,0,0,,,,
13_7,10.325,-61.275,4,0,0,0,0,0,0,,,,0,0,0,0,0,,,
13_7,10.325,-61.275,5,0,0,0,0,0,0,0,,,0,0,0,0,0,0,,
13_7,10.325,-61.275,6,0,0,0,0,0,0,0,0,,0,0,0,0,0,0,0,
13_7,10.325,-61.275,7,0,0,0,0,0,0,0,0,0,0,0,0,0,0,0,0,0
13_7,10.325,-61.275,8,0,0,0,0,0,0,0,0,0,0,0,0,0,0,0,0,0
13_7,10.325,-61.275,9,0,0,0,0,0,0,0,0,0,0,0,0,0,0,0,0,0
13_7,10.325,-61.275,10,0,0,0,0,0,0,0,0,0,0,0,0,0,0,0,0,0
13_7,10.325,-61.275,11,0,0,0,0,0,0,0,0,0,0,0,0,0,0,0,0,0
13_7,10.325,-61.275,12,0,0,0,0,0,0,0,0,0,0,0,0,0,0,0,0,0
13_7,10.325,-61.275,13,0,0,0,0,0,0,0,0,0,0,0,0,0,0,0,0,0
13_7,10.325,-61.275,14,0,0,0,0,0,0,0,0,0,0,0,0,0,0,0,0,0
13_7,10.325,-61.275,15,0,0,0,0,0,0,0,0,0,0,0,0,0,0,0,0,0
13_7,10.325,-61.275,16,1,0,0,0,0,0,0,0,0,0,0,0,0,0,0,0,0
13_7,10.325,-61.275,17,0,0,0,0,0,0,0,0,0,0,0,0,0,0,0,0,0
13_7,10.325,-61.275,18,0,0,0,0,0,0,0,0,0,0,0,0,0,0,0,0,0
13_7,10.325,-61.275,19,0,0,0,0,0,0,0,0,0,0,0,0,0,0,0,0,0
13_7,10.325,-61.275,20,0,0,0,0,0,0,0,0,0,0,0,0,0,0,0,0,0
13_7,10.325,-61.275,21,0,0,0,0,0,0,0,0,0,0,0,0,0,0,0,0,0
13_7,10.325,-61.275,22,0,0,0,0,0,0,0,0,0,0,0,0,0,0,0,0,0
13_7,10.325,-61.275,23,0,0,0,0,0,0,0,0,0,0,0,0,0,0,0,0,0
13_7,10.325,-61.275,24,0,0,0,0,0,0,0,0,0,0,0,0,0,0,0,0,0
13_7,10.325,-61.275,25,0,0,0,0,0,0,0,0,0,0,0,0,0,0,0,0,0
13_7,10.325,-61.275,26,0,0,0,0,0,0,0,0,0,0,0,0,0,0,0,0,0
13_7,10.325,-61.275,27,0,0,0,0,0,0,0,0,0,0,0,0,0,0,0,0,0
13_7,10.325,-61.275,28,0,0,0,0,0,0,0,0,0,0,0,0,0,0,0,0,0
13_7,10.325,-61.275,29,0,0,0,0,0,0,0,0,0,0,0,0,0,0,0,0,0
13_7,10.325,-61.275,30,0,0,0,0,0,0,0,0,0,0,0,0,0,0,0,0,0
13_7,10.325,-61.275,31,0,0,0,0,0,0,0,0,0,0,0,0,0,0,0,0,0
13_7,10.325,-61.275,32,0,0,0,0,0,0,0,0,0,0,0,0,0,0,0,0,0
13_7,10.325,-61.275,33,0,0,0,0,0,0,0,0,0,0,0,0,0,0,0,0,0
13_7,10.325,-61.275,34,0,0,0,0,0,0,0,0,0,0,0,0,0,0,0,0,0
13_7,10.325,-61.275,35,0,0,0,0,0,0,0,0,0,0,0,0,0,0,0,0,0
13_7,10.325,-61.275,36,0,0,0,0,0,0,0,0,0,0,0,0,0,0,0,0,0
13_7,10.325,-61.275,37,0,0,0,0,0,0,0,0,0,0,0,0,0,0,0,0,0
13_7,10.325,-61.275,38,0,0,0,0,0,0,0,0,0,0,0,0,0,0,0,0,0
13_7,10.325,-61.275,39,0,0,0,0,0,0,0,0,0,0,0,0,0,0,0,0,0
13_7,10.325,-61.275,40,0,0,0,0,0,0,0,0,0,0,0,0,0,0,0,0,0
13_7,10.325,-61.275,41,0,0,0,0,0,0,0,0,0,0,0,0,0,0,0,0,0
13_7,10.325,-61.275,42,0,0,0,0,0,0,0,0,0,0,0,0,0,0,0,0,0
13_7,10.325,-61.275,43,0,0,0,0,0,0,0,0,0,0,0,0,0,0,0,0,0
13_7,10.325,-61.275,44,0,0,0,0,0,0,0,0,0,0,0,0,0,0,0,0,0
13_7,10.325,-61.275,45,0,0,0,0,0,0,0,0,0,0,0,0,0,0,0,0,0
13_7,10.325,-61.275,46,0,0,0,0,0,0,0,0,0,0,0,0,0,0,0,0,0
13_7,10.325,-61.275,47,0,0,0,0,0,0,0,0,0,0,0,0,0,0,0,0,0
13_7,10.325,-61.275,48,0,0,0,0,0,0,0,0,0,0,0,0,0,0,0,0,0
13_7,10.325,-61.275,49,0,0,0,0,0,0,0,0,0,0,0,0,0,0,0,0,0
13_7,10.325,-61.275,50,0,0,0,0,0,0,0,0,0,0,0,0,0,0,0,0,0
13_7,10.325,-61.275,51,0,0,0,0,0,0,0,0,0,0,0,0,0,0,0,0,0
13_7,10.325,-61.275,52,0,0,0,0,0,0,0,0,0,0,0,0,0,0,0,0,0
13_8,10.375,-61.275,0,0,0,,,,,,,,0,,,,,,,
13_8,10.375,-61.275,1,0,0,0,,,,,,,0,0,,,,,,
13_8,10.375,-61.275,2,0,0,0,0,,,,,,0,0,0,,,,,
13_8,10.375,-61.275,3,0,0,0,0,0,,,,,0,0,0,0,,,,
13_8,10.375,-61.275,4,0,0,0,0,0,0,,,,0,0,0,0,0,,,
13_8,10.375,-61.275,5,0,0,0,0,0,0,0,,,0,0,0,0,0,0,,
13_8,10.375,-61.275,6,1,0,0,0,0,0,0,0,,0,0,0,0,0,0,0,
13_8,10.375,-61.275,7,0,0,0,0,0,0,0,0,0,0,0,0,0,0,0,0,0
13_8,10.375,-61.275,8,0,0,0,0,0,0,0,0,0,0,0,0,0,0,0,0,0
13_8,10.375,-61.275,9,0,0,0,0,0,0,0,0,0,0,0,0,0,0,0,0,0
13_8,10.375,-61.275,10,0,0,0,0,0,0,0,0,0,0,0,0,0,0,0,0,0
13_8,10.375,-61.275,11,0,0,0,0,0,0,0,0,0,0,0,0,0,0,0,0,0
13_8,10.375,-61.275,12,0,0,0,0,0,0,0,0,0,0,0,0,0,0,0,0,0
13_8,10.375,-61.275,13,0,0,0,0,0,0,0,0,0,0,0,0,0,0,0,0,0
13_8,10.375,-61.275,14,0,0,0,0,0,0,0,0,0,0,0,0,0,0,0,0,0
13_8,10.375,-61.275,15,0,0,0,0,0,0,0,0,0,0,0,0,0,0,0,0,0
13_8,10.375,-61.275,16,0,0,0,0,0,0,0,0,0,0,0,0,0,0,0,0,0
13_8,10.375,-61.275,17,0,0,0,0,0,0,0,0,0,0,0,0,0,0,0,0,0
13_8,10.375,-61.275,18,0,0,0,0,0,0,0,0,0,0,0,0,0,0,0,0,0
13_8,10.375,-61.275,19,0,0,0,0,0,0,0,0,0,0,0,0,0,0,0,0,0
13_8,10.375,-61.275,20,0,0,0,0,0,0,0,0,0,0,0,0,0,0,0,0,0
13_8,10.375,-61.275,21,0,0,0,0,0,0,0,0,0,0,0,0,0,0,0,0,0
13_8,10.375,-61.275,22,0,0,0,0,0,0,0,0,0,0,0,0,0,0,0,0,0
13_8,10.375,-61.275,23,0,0,0,0,0,0,0,0,0,0,0,0,0,0,0,0,0
13_8,10.375,-61.275,24,0,0,0,0,0,0,0,0,0,0,0,0,0,0,0,0,0
13_8,10.375,-61.275,25,0,0,0,0,0,0,0,0,0,0,0,0,0,0,0,0,0
13_8,10.375,-61.275,26,0,0,0,0,0,0,0,0,0,0,0,0,0,0,0,0,0
13_8,10.375,-61.275,27,0,0,0,0,0,0,0,0,0,0,0,0,0,0,0,0,0
13_8,10.375,-61.275,28,0,0,0,0,0,0,0,0,0,0,0,0,0,0,0,0,0
13_8,10.375,-61.275,29,0,0,0,0,0,0,0,0,0,0,0,0,0,0,0,0,0
13_8,10.375,-61.275,30,0,0,0,0,0,0,0,0,0,0,0,0,0,0,0,0,0
13_8,10.375,-61.275,31,0,0,0,0,0,0,0,0,0,0,0,0,0,0,0,0,0
13_8,10.375,-61.275,32,0,0,0,0,0,0,0,0,0,0,0,0,0,0,0,0,0
13_8,10.375,-61.275,33,0,0,0,0,0,0,0,0,0,0,0,0,0,0,0,0,0
13_8,10.375,-61.275,34,0,0,0,0,0,0,0,0,0,0,0,0,0,0,0,0,0
13_8,10.375,-61.275,35,0,0,0,0,0,0,0,0,0,0,0,0,0,0,0,0,0
13_8,10.375,-61.275,36,0,0,0,0,0,0,0,0,0,0,0,0,0,0,0,0,0
13_8,10.375,-61.275,37,0,0,0,0,0,0,0,0,0,0,0,0,0,0,0,0,0
13_8,10.375,-61.275,38,0,0,0,0,0,0,0,0,0,0,0,0,0,0,0,0,0
13_8,10.375,-61.275,39,0,0,0,0,0,0,0,0,0,0,0,0,0,0,0,0,0
13_8,10.375,-61.275,40,0,0,0,0,0,0,0,0,0,0,0,0,0,0,0,0,0
13_8,10.375,-61.275,41,0,0,0,0,0,0,0,0,0,0,0,0,0,0,0,0,0
13_8,10.375,-61.275,42,0,0,0,0,0,0,0,0,0,0,0,0,0,0,0,0,0
13_8,10.375,-61.275,43,0,0,0,0,0,0,0,0,0,0,0,0,0,0,0,0,0
13_8,10.375,-61.275,44,0,0,0,0,0,0,0,0,0,0,0,0,0,0,0,0,0
13_8,10.375,-61.275,45,0,0,0,0,0,0,0,0,0,0,0,0,0,0,0,0,0
13_8,10.375,-61.275,46,0,0,0,0,0,0,0,0,0,0,0,0,0,0,0,0,0
13_8,10.375,-61.275,47,0,0,0,0,0,0,0,0,0,0,0,0,0,0,0,0,0
13_8,10.375,-61.275,48,0,0,0,0,0,0,0,0,0,0,0,0,0,0,0,0,0
13_8,10.375,-61.275,49,0,0,0,0,0,0,0,0,0,0,0,0,0,0,0,0,0
13_8,10.375,-61.275,50,0,0,0,0,0,0,0,0,0,0,0,0,0,0,0,0,0
13_8,10.375,-61.275,51,0,0,0,0,0,0,0,0,0,0,0,0,0,0,0,0,0
13_8,10.375,-61.275,52,0,0,0,0,0,0,0,0,0,0,0,0,0,0,0,0,0
13_9,10.425,-61.275,0,0,0,,,,,,,,0,,,,,,,
13_9,10.425,-61.275,1,0,0,0,,,,,,,0,0,,,,,,
13_9,10.425,-61.275,2,0,0,0,0,,,,,,0,0,0,,,,,
13_9,10.425,-61.275,3,0,0,0,0,0,,,,,0,0,0,0,,,,
13_9,10.425,-61.275,4,0,0,0,0,0,0,,,,0,0,0,0,0,,,
13_9,10.425,-61.275,5,0,0,0,0,0,0,0,,,0,0,0,0,0,0,,
13_9,10.425,-61.275,6,0,0,0,0,0,0,0,0,,0,0,0,0,0,0,0,
13_9,10.425,-61.275,7,0,0,0,0,0,0,0,0,0,0,0,0,0,0,0,0,0
13_9,10.425,-61.275,8,0,0,0,0,0,0,0,0,0,0,0,0,0,0,0,0,0
13_9,10.425,-61.275,9,0,0,0,0,0,0,0,0,0,0,0,0,0,0,0,0,0
13_9,10.425,-61.275,10,0,0,0,0,0,0,0,0,0,0,0,0,0,0,0,0,0
13_9,10.425,-61.275,11,0,0,0,0,0,0,0,0,0,0,0,0,0,0,0,0,0
13_9,10.425,-61.275,12,0,0,0,0,0,0,0,0,0,0,0,0,0,0,0,0,0
13_9,10.425,-61.275,13,0,0,0,0,0,0,0,0,0,0,0,0,0,0,0,0,0
13_9,10.425,-61.275,14,0,0,0,0,0,0,0,0,0,0,0,0,0,0,0,0,0
13_9,10.425,-61.275,15,0,0,0,0,0,0,0,0,0,0,0,0,0,0,0,0,0
13_9,10.425,-61.275,16,0,0,0,0,0,0,0,0,0,0,0,0,0,0,0,0,0
13_9,10.425,-61.275,17,0,0,0,0,0,0,0,0,0,0,0,0,0,0,0,0,0
13_9,10.425,-61.275,18,0,0,0,0,0,0,0,0,0,0,0,0,0,0,0,0,0
13_9,10.425,-61.275,19,0,0,0,0,0,0,0,0,0,0,0,0,0,0,0,0,0
13_9,10.425,-61.275,20,0,0,0,0,0,0,0,0,0,0,0,0,0,0,0,0,0
13_9,10.425,-61.275,21,0,0,0,0,0,0,0,0,0,0,0,0,0,0,0,0,0
13_9,10.425,-61.275,22,0,0,0,0,0,0,0,0,0,0,0,0,0,0,0,0,0
13_9,10.425,-61.275,23,1,0,0,0,0,0,0,0,0,0,0,0,0,0,0,0,0
13_9,10.425,-61.275,24,0,0,0,0,0,0,0,0,0,0,0,0,0,0,0,0,0
13_9,10.425,-61.275,25,0,0,0,0,0,0,0,0,0,0,0,0,0,0,0,0,0
13_9,10.425,-61.275,26,0,0,0,0,0,0,0,0,0,0,0,0,0,0,0,0,0
13_9,10.425,-61.275,27,0,0,0,0,0,0,0,0,0,0,0,0,0,0,0,0,0
13_9,10.425,-61.275,28,0,0,0,0,0,0,0,0,0,0,0,0,0,0,0,0,0
13_9,10.425,-61.275,29,0,0,0,0,0,0,0,0,0,0,0,0,0,0,0,0,0
13_9,10.425,-61.275,30,0,0,0,0,0,0,0,0,0,0,0,0,0,0,0,0,0
13_9,10.425,-61.275,31,0,0,0,0,0,0,0,0,0,0,0,0,0,0,0,0,0
13_9,10.425,-61.275,32,0,0,0,0,0,0,0,0,0,0,0,0,0,0,0,0,0
13_9,10.425,-61.275,33,0,0,0,0,0,0,0,0,0,0,0,0,0,0,0,0,0
13_9,10.425,-61.275,34,0,0,0,0,0,0,0,0,0,0,0,0,0,0,0,0,0
13_9,10.425,-61.275,35,0,0,0,0,0,0,0,0,0,0,0,0,0,0,0,0,0
13_9,10.425,-61.275,36,0,0,0,0,0,0,0,0,0,0,0,0,0,0,0,0,0
13_9,10.425,-61.275,37,0,0,0,0,0,0,0,0,0,0,0,0,0,0,0,0,0
13_9,10.425,-61.275,38,0,0,0,0,0,0,0,0,0,0,0,0,0,0,0,0,0
13_9,10.425,-61.275,39,0,0,0,0,0,0,0,0,0,0,0,0,0,0,0,0,0
13_9,10.425,-61.275,40,0,0,0,0,0,0,0,0,0,0,0,0,0,0,0,0,0
13_9,10.425,-61.275,41,0,0,0,0,0,0,0,0,0,0,0,0,0,0,0,0,0
13_9,10.425,-61.275,42,0,0,0,0,0,0,0,0,0,0,0,0,0,0,0,0,0
13_9,10.425,-61.275,43,0,0,0,0,0,0,0,0,0,0,0,0,0,0,0,0,0
13_9,10.425,-61.275,44,0,0,0,0,0,0,0,0,0,0,0,0,0,0,0,0,0
13_9,10.425,-61.275,45,0,0,0,0,0,0,0,0,0,0,0,0,0,0,0,0,0
13_9,10.425,-61.275,46,0,0,0,0,0,0,0,0,0,0,0,0,0,0,0,0,0
13_9,10.425,-61.275,47,0,0,0,0,0,0,0,0,0,0,0,0,0,0,0,0,0
13_9,10.425,-61.275,48,0,0,0,0,0,0,0,0,0,0,0,0,0,0,0,0,0
13_9,10.425,-61.275,49,0,0,0,0,0,0,0,0,0,0,0,0,0,0,0,0,0
13_9,10.425,-61.275,50,0,0,0,0,0,0,0,0,0,0,0,0,0,0,0,0,0
13_9,10.425,-61.275,51,0,0,0,0,0,0,0,0,0,0,0,0,0,0,0,0,0
13_9,10.425,-61.275,52,0,0,0,0,0,0,0,0,0,0,0,0,0,0,0,0,0
13_10,10.475,-61.275,0,0,0,,,,,,,,0,,,,,,,
13_10,10.475,-61.275,1,0,0,0,,,,,,,0,0,,,,,,
13_10,10.475,-61.275,2,0,0,0,0,,,,,,0,0,0,,,,,
13_10,10.475,-61.275,3,0,0,0,0,0,,,,,0,0,0,0,,,,
13_10,10.475,-61.275,4,0,0,0,0,0,0,,,,0,0,0,0,0,,,
13_10,10.475,-61.275,5,0,0,0,0,0,0,0,,,0,0,0,0,0,0,,
13_10,10.475,-61.275,6,0,0,0,0,0,0,0,0,,0,0,0,0,0,0,0,
13_10,10.475,-61.275,7,0,0,0,0,0,0,0,0,0,0,0,0,0,0,0,0,0
13_10,10.475,-61.275,8,0,0,0,0,0,0,0,0,0,0,0,0,0,0,0,0,0
13_10,10.475,-61.275,9,0,0,0,0,0,0,0,0,0,0,0,0,0,0,0,0,0
13_10,10.475,-61.275,10,0,0,0,0,0,0,0,0,0,0,0,0,0,0,0,0,0
13_10,10.475,-61.275,11,0,0,0,0,0,0,0,0,0,0,0,0,0,0,0,0,0
13_10,10.475,-61.275,12,0,0,0,0,0,0,0,0,0,0,0,0,0,0,0,0,0
13_10,10.475,-61.275,13,0,0,0,0,0,0,0,0,0,0,0,0,0,0,0,0,0
13_10,10.475,-61.275,14,0,0,0,0,0,0,0,0,0,0,0,0,0,0,0,0,0
13_10,10.475,-61.275,15,0,0,0,0,0,0,0,0,0,0,0,0,0,0,0,0,0
13_10,10.475,-61.275,16,0,0,0,0,0,0,0,0,0,0,0,0,0,0,0,0,0
13_10,10.475,-61.275,17,0,0,0,0,0,0,0,0,0,0,0,0,0,0,0,0,0
13_10,10.475,-61.275,18,0,0,0,0,0,0,0,0,0,0,0,0,0,0,0,0,0
13_10,10.475,-61.275,19,0,0,0,0,0,0,0,0,0,0,0,0,0,0,0,0,0
13_10,10.475,-61.275,20,0,0,0,0,0,0,0,0,0,0,0,0,0,0,0,0,0
13_10,10.475,-61.275,21,0,0,0,0,0,0,0,0,0,0,0,0,0,0,0,0,0
13_10,10.475,-61.275,22,0,0,0,0,0,0,0,0,0,0,0,0,0,0,0,0,0
13_10,10.475,-61.275,23,0,0,0,0,0,0,0,0,0,0,0,0,0,0,0,0,0
13_10,10.475,-61.275,24,0,0,0,0,0,0,0,0,0,0,0,0,0,0,0,0,0
13_10,10.475,-61.275,25,0,0,0,0,0,0,0,0,0,0,0,0,0,0,0,0,0
13_10,10.475,-61.275,26,0,0,0,0,0,0,0,0,0,0,0,0,0,0,0,0,0
13_10,10.475,-61.275,27,0,0,0,0,0,0,0,0,0,0,0,0,0,0,0,0,0
13_10,10.475,-61.275,28,0,0,0,0,0,0,0,0,0,0,0,0,0,0,0,0,0
13_10,10.475,-61.275,29,0,0,0,0,0,0,0,0,0,0,0,0,0,0,0,0,0
13_10,10.475,-61.275,30,0,0,0,0,0,0,0,0,0,0,0,0,0,0,0,0,0
13_10,10.475,-61.275,31,0,0,0,0,0,0,0,0,0,0,0,0,0,0,0,0,0
13_10,10.475,-61.275,32,0,0,0,0,0,0,0,0,0,0,0,0,0,0,0,0,0
13_10,10.475,-61.275,33,0,0,0,0,0,0,0,0,0,0,0,0,0,0,0,0,0
13_10,10.475,-61.275,34,0,0,0,0,0,0,0,0,0,0,0,0,0,0,0,0,0
13_10,10.475,-61.275,35,0,0,0,0,0,0,0,0,0,0,0,0,0,0,0,0,0
13_10,10.475,-61.275,36,0,0,0,0,0,0,0,0,0,0,0,0,0,0,0,0,0
13_10,10.475,-61.275,37,0,0,0,0,0,0,0,0,0,0,0,0,0,0,0,0,0
13_10,10.475,-61.275,38,0,0,0,0,0,0,0,0,0,0,0,0,0,0,0,0,0
13_10,10.475,-61.275,39,0,0,0,0,0,0,0,0,0,0,0,0,0,0,0,0,0
13_10,10.475,-61.275,40,0,0,0,0,0,0,0,0,0,0,0,0,0,0,0,0,0
13_10,10.475,-61.275,41,0,0,0,0,0,0,0,0,0,0,0,0,0,0,0,0,0
13_10,10.475,-61.275,42,0,0,0,0,0,0,0,0,0,0,0,0,0,0,0,0,0
13_10,10.475,-61.275,43,0,0,0,0,0,0,0,0,0,0,0,0,0,0,0,0,0
13_10,10.475,-61.275,44,0,0,0,0,0,0,0,0,0,0,0,0,0,0,0,0,0
13_10,10.475,-61.275,45,0,0,0,0,0,0,0,0,0,0,0,0,0,0,0,0,0
13_10,10.475,-61.275,46,0,0,0,0,0,0,0,0,0,0,0,0,0,0,0,0,0
13_10,10.475,-61.275,47,0,0,0,0,0,0,0,0,0,0,0,0,0,0,0,0,0
13_10,10.475,-61.275,48,0,0,0,0,0,0,0,0,0,0,0,0,0,0,0,0,0
13_10,10.475,-61.275,49,0,0,0,0,0,0,0,0,0,0,0,0,0,0,0,0,0
13_10,10.475,-61.275,50,0,0,0,0,0,0,0,0,0,0,0,0,0,0,0,0,0
13_10,10.475,-61.275,51,0,0,0,0,0,0,0,0,0,0,0,0,0,0,0,0,0
13_10,10.475,-61.275,52,0,0,0,0,0,0,0,0,0,0,0,0,0,0,0,0,0
13_11,10.525,-61.275,0,0,0,,,,,,,,0,,,,,,,
13_11,10.525,-61.275,1,0,0,0,,,,,,,0,0,,,,,,
13_11,10.525,-61.275,2,0,0,0,0,,,,,,0,0,0,,,,,
13_11,10.525,-61.275,3,0,0,0,0,0,,,,,0,0,0,0,,,,
13_11,10.525,-61.275,4,0,0,0,0,0,0,,,,0,0,0,0,0,,,
13_11,10.525,-61.275,5,0,0,0,0,0,0,0,,,0,0,0,0,0,0,,
13_11,10.525,-61.275,6,0,0,0,0,0,0,0,0,,0,0,0,0,0,0,0,
13_11,10.525,-61.275,7,0,0,0,0,0,0,0,0,0,0,0,0,0,0,0,0,0
13_11,10.525,-61.275,8,0,0,0,0,0,0,0,0,0,0,0,0,0,0,0,0,0
13_11,10.525,-61.275,9,0,0,0,0,0,0,0,0,0,0,0,0,0,0,0,0,0
13_11,10.525,-61.275,10,0,0,0,0,0,0,0,0,0,0,0,0,0,0,0,0,0
13_11,10.525,-61.275,11,0,0,0,0,0,0,0,0,0,0,0,0,0,0,0,0,0
13_11,10.525,-61.275,12,0,0,0,0,0,0,0,0,0,0,0,0,0,0,0,0,0
13_11,10.525,-61.275,13,0,0,0,0,0,0,0,0,0,0,0,0,0,0,0,0,0
13_11,10.525,-61.275,14,0,0,0,0,0,0,0,0,0,0,0,0,0,0,0,0,0
13_11,10.525,-61.275,15,0,0,0,0,0,0,0,0,0,0,0,0,0,0,0,0,0
13_11,10.525,-61.275,16,0,0,0,0,0,0,0,0,0,0,0,0,0,0,0,0,0
13_11,10.525,-61.275,17,0,0,0,0,0,0,0,0,0,0,0,0,0,0,0,0,0
13_11,10.525,-61.275,18,0,0,0,0,0,0,0,0,0,0,0,0,0,0,0,0,0
13_11,10.525,-61.275,19,0,0,0,0,0,0,0,0,0,0,0,0,0,0,0,0,0
13_11,10.525,-61.275,20,0,0,0,0,0,0,0,0,0,0,0,0,0,0,0,0,0
13_11,10.525,-61.275,21,0,0,0,0,0,0,0,0,0,0,0,0,0,0,0,0,0
13_11,10.525,-61.275,22,0,0,0,0,0,0,0,0,0,0,0,0,0,0,0,0,0
13_11,10.525,-61.275,23,1,0,0,0,0,0,0,0,0,0,0,0,0,0,0,0,0
13_11,10.525,-61.275,24,0,0,0,0,0,0,0,0,0,0,0,0,0,0,0,0,0
13_11,10.525,-61.275,25,0,0,0,0,0,0,0,0,0,0,0,0,0,0,0,0,0
13_11,10.525,-61.275,26,0,0,0,0,0,0,0,0,0,0,0,0,0,0,0,0,0
13_11,10.525,-61.275,27,0,0,0,0,0,0,0,0,0,0,0,0,0,0,0,0,0
13_11,10.525,-61.275,28,0,0,0,0,0,0,0,0,0,0,0,0,0,0,0,0,0
13_11,10.525,-61.275,29,0,0,0,0,0,0,0,0,0,0,0,0,0,0,0,0,0
13_11,10.525,-61.275,30,0,0,0,0,0,0,0,0,0,0,0,0,0,0,0,0,0
13_11,10.525,-61.275,31,0,0,0,0,0,0,0,0,0,0,0,0,0,0,0,0,0
13_11,10.525,-61.275,32,0,0,0,0,0,0,0,0,0,0,0,0,0,0,0,0,0
13_11,10.525,-61.275,33,0,0,0,0,0,0,0,0,0,0,0,0,0,0,0,0,0
13_11,10.525,-61.275,34,0,0,0,0,0,0,0,0,0,0,0,0,0,0,0,0,0
13_11,10.525,-61.275,35,0,0,0,0,0,0,0,0,0,0,0,0,0,0,0,0,0
13_11,10.525,-61.275,36,0,0,0,0,0,0,0,0,0,0,0,0,0,0,0,0,0
13_11,10.525,-61.275,37,0,0,0,0,0,0,0,0,0,0,0,0,0,0,0,0,0
13_11,10.525,-61.275,38,0,0,0,0,0,0,0,0,0,0,0,0,0,0,0,0,0
13_11,10.525,-61.275,39,0,0,0,0,0,0,0,0,0,0,0,0,0,0,0,0,0
13_11,10.525,-61.275,40,0,0,0,0,0,0,0,0,0,0,0,0,0,0,0,0,0
13_11,10.525,-61.275,41,0,0,0,0,0,0,0,0,0,0,0,0,0,0,0,0,0
13_11,10.525,-61.275,42,0,0,0,0,0,0,0,0,0,0,0,0,0,0,0,0,0
13_11,10.525,-61.275,43,0,0,0,0,0,0,0,0,0,0,0,0,0,0,0,0,0
13_11,10.525,-61.275,44,0,0,0,0,0,0,0,0,0,0,0,0,0,0,0,0,0
13_11,10.525,-61.275,45,0,0,0,0,0,0,0,0,0,0,0,0,0,0,0,0,0
13_11,10.525,-61.275,46,1,0,0,0,0,0,0,0,0,0,0,0,0,0,0,0,0
13_11,10.525,-61.275,47,0,0,0,0,0,0,0,0,0,0,0,0,0,0,0,0,0
13_11,10.525,-61.275,48,0,0,0,0,0,0,0,0,0,0,0,0,0,0,0,0,0
13_11,10.525,-61.275,49,0,0,0,0,0,0,0,0,0,0,0,0,0,0,0,0,0
13_11,10.525,-61.275,50,0,0,0,0,0,0,0,0,0,0,0,0,0,0,0,0,0
13_11,10.525,-61.275,51,0,0,0,0,0,0,0,0,0,0,0,0,0,0,0,0,0
13_11,10.525,-61.275,52,0,0,0,0,0,0,0,0,0,0,0,0,0,0,0,0,0
13_12,10.575,-61.275,0,0,0,,,,,,,,0,,,,,,,
13_12,10.575,-61.275,1,0,0,0,,,,,,,0,0,,,,,,
13_12,10.575,-61.275,2,1,0,0,0,,,,,,0,0,0,,,,,
13_12,10.575,-61.275,3,0,0,0,0,0,,,,,0,0,0,0,,,,
13_12,10.575,-61.275,4,1,0,0,0,0,0,,,,0,0,0,0,0,,,
13_12,10.575,-61.275,5,0,0,0,0,0,0,0,,,0,0,0,0,0,0,,
13_12,10.575,-61.275,6,1,0,0,0,0,0,0,0,,0,0,0,0,0,0,0,
13_12,10.575,-61.275,7,0,0,0,0,0,0,0,0,0,0,0,0,0,0,0,0,0
13_12,10.575,-61.275,8,0,0,0,0,0,0,0,0,0,0,0,0,0,0,0,0,0
13_12,10.575,-61.275,9,1,0,0,0,0,0,0,0,0,0,0,0,0,0,0,0,0
13_12,10.575,-61.275,10,0,0,0,0,0,0,0,0,0,0,0,0,0,0,0,0,0
13_12,10.575,-61.275,11,0,0,0,0,0,0,0,0,0,0,0,0,0,0,0,0,0
13_12,10.575,-61.275,12,0,0,0,0,0,0,0,0,0,0,0,0,0,0,0,0,0
13_12,10.575,-61.275,13,0,0,0,0,0,0,0,0,0,0,0,0,0,0,0,0,0
13_12,10.575,-61.275,14,2,0,0,0,0,0,0,0,0,0,0,0,0,0,0,0,0
13_12,10.575,-61.275,15,0,0,0,0,0,0,0,0,0,0,0,0,0,0,0,0,0
13_12,10.575,-61.275,16,0,0,0,0,0,0,0,0,0,0,0,0,0,0,0,0,0
13_12,10.575,-61.275,17,1,0,0,0,0,0,0,0,0,0,0,0,0,0,0,0,0
13_12,10.575,-61.275,18,1,0,0,0,0,0,0,0,0,0,0,0,0,0,0,0,0
13_12,10.575,-61.275,19,0,0,0,0,0,0,0,0,0,0,0,0,0,0,0,0,0
13_12,10.575,-61.275,20,0,0,0,0,0,0,0,0,0,0,0,0,0,0,0,0,0
13_12,10.575,-61.275,21,2,0,0,0,0,0,0,0,0,0,0,0,0,0,0,0,0
13_12,10.575,-61.275,22,0,0,0,0,0,0,0,0,0,0,0,0,0,0,0,0,0
13_12,10.575,-61.275,23,0,0,0,0,0,0,0,0,0,0,0,0,0,0,0,0,0
13_12,10.575,-61.275,24,1,0,0,0,0,0,0,0,0,0,0,0,0,0,0,0,0
13_12,10.575,-61.275,25,0,0,0,0,0,0,0,0,0,0,0,0,0,0,0,0,0
13_12,10.575,-61.275,26,1,0,0,0,0,0,0,0,0,0,0,0,0,0,0,0,0
13_12,10.575,-61.275,27,0,0,0,0,0,0,0,0,0,0,0,0,0,0,0,0,0
13_12,10.575,-61.275,28,0,0,0,0,0,0,0,0,0,0,0,0,0,0,0,0,0
13_12,10.575,-61.275,29,0,2,0,0,0,0,0,0,0,0,0,0,0,0,0,0,0
13_12,10.575,-61.275,30,0,0,2,0,0,0,0,0,0,0,0,0,0,0,0,0,0
13_12,10.575,-61.275,31,0,0,0,2,0,0,0,0,0,0,0,0,0,0,0,0,0
13_12,10.575,-61.275,32,0,0,0,0,2,0,0,0,0,0.5627752578198689,0,0,0,0,0,0,0
13_12,10.575,-61.275,33,0,0,0,0,0,2,0,0,0,0,0.5627752578198689,0,0,0,0,0,0
13_12,10.575,-61.275,34,0,0,0,0,0,0,2,0,0,0,0,0.5627752578198689,0,0,0,0,0
13_12,10.575,-61.275,35,0,0,0,0,0,0,0,2,0,0.3988760140318567,0,0,0.5627752578198689,0,0,0,0
13_12,10.575,-61.275,36,0,0,0,0,0,0,0,0,2,0,0.3988760140318567,0,0,0.5627752578198689,0,0,0
13_12,10.575,-61.275,37,0,0,0,0,0,0,0,0,0,0,0,0.3988760140318567,0,0,0.5627752578198689,0,0
13_12,10.575,-61.275,38,0,0,0,0,0,0,0,0,0,0,0,0,0.3988760140318567,0,0,0.5627752578198689,0
13_12,10.575,-61.275,39,1,0,0,0,0,0,0,0,0,0,0,0,0,0.3988760140318567,0,0,0.5627752578198689
13_12,10.575,-61.275,40,0,0,0,0,0,0,0,0,0,0,0,0,0,0,0.3988760140318567,0,0
13_12,10.575,-61.275,41,0,0,0,0,0,0,0,0,0,0,0,0,0,0,0,0.3988760140318567,0
13_12,10.575,-61.275,42,0,0,0,0,0,0,0,0,0,0,0,0,0,0,0,0,0.3988760140318567
13_12,10.575,-61.275,43,1,0,0,0,0,0,0,0,0,0,0,0,0,0,0,0,0
13_12,10.575,-61.275,44,0,0,0,0,0,0,0,0,0,0,0,0,0,0,0,0,0
13_12,10.575,-61.275,45,0,0,0,0,0,0,0,0,0,0,0,0,0,0,0,0,0
13_12,10.575,-61.275,46,0,0,0,0,0,0,0,0,0,0,0,0,0,0,0,0,0
13_12,10.575,-61.275,47,0,0,0,0,0,0,0,0,0,0,0,0,0,0,0,0,0
13_12,10.575,-61.275,48,1,0,0,0,0,0,0,0,0,0,0,0,0,0,0,0,0
13_12,10.575,-61.275,49,0,1,0,0,0,0,0,0,0,0,0,0,0,0,0,0,0
13_12,10.575,-61.275,50,0,0,1,0,0,0,0,0,0,0,0,0,0,0,0,0,0
13_12,10.575,-61.275,51,1,0,0,1,0,0,0,0,0,0,0,0,0,0,0,0,0
13_12,10.575,-61.275,52,0,0,0,0,1,0,0,0,0,0,0,0,0,0,0,0,0
13_13,10.625,-61.275,0,1,0,,,,,,,,0,,,,,,,
13_13,10.625,-61.275,1,2,0,0,,,,,,,0,0,,,,,,
13_13,10.625,-61.275,2,1,0,0,0,,,,,,0,0,0,,,,,
13_13,10.625,-61.275,3,4,0,0,0,0,,,,,0,0,0,0,,,,
13_13,10.625,-61.275,4,0,0,0,0,0,0,,,,0,0,0,0,0,,,
13_13,10.625,-61.275,5,0,0,0,0,0,0,0,,,0,0,0,0,0,0,,
13_13,10.625,-61.275,6,3,0,0,0,0,0,0,0,,0,0,0,0,0,0,0,
13_13,10.625,-61.275,7,1,0,0,0,0,0,0,0,0,0,0,0,0,0,0,0,0
13_13,10.625,-61.275,8,0,6,0,0,0,0,0,0,0,0.28020381258967625,0,0,0,0,0,0,0
13_13,10.625,-61.275,9,0,0,6,0,0,0,0,0,0,0,0.28020381258967625,0,0,0,0,0,0
13_13,10.625,-61.275,10,2,0,0,6,0,0,0,0,0,0,0,0.28020381258967625,0,0,0,0,0
13_13,10.625,-61.275,11,0,0,0,0,6,0,0,0,0,0,0,0,0.28020381258967625,0,0,0,0
13_13,10.625,-61.275,12,0,0,0,0,0,6,0,0,0,0,0,0,0,0.28020381258967625,0,0,0
13_13,10.625,-61.275,13,0,0,0,0,0,0,6,0,0,0,0,0,0,0,0.28020381258967625,0,0
13_13,10.625,-61.275,14,2,0,0,0,0,0,0,6,0,0,0,0,0,0,0,0.28020381258967625,0
13_13,10.625,-61.275,15,0,0,0,0,0,0,0,0,6,0,0,0,0,0,0,0,0.28020381258967625
13_13,10.625,-61.275,16,0,0,0,0,0,0,0,0,0,0,0,0,0,0,0,0,0
13_13,10.625,-61.275,17,0,0,0,0,0,0,0,0,0,0,0,0,0,0,0,0,0
13_13,10.625,-61.275,18,1,0,0,0,0,0,0,0,0,0,0,0,0,0,0,0,0
13_13,10.625,-61.275,19,2,0,0,0,0,0,0,0,0,0,0,0,0,0,0,0,0
13_13,10.625,-61.275,20,0,0,0,0,0,0,0,0,0,0,0,0,0,0,0,0,0
13_13,10.625,-61.275,21,0,0,0,0,0,0,0,0,0,0,0,0,0,0,0,0,0
13_13,10.625,-61.275,22,1,0,0,0,0,0,0,0,0,0,0,0,0,0,0,0,0
13_13,10.625,-61.275,23,2,0,0,0,0,0,0,0,0,0,0,0,0,0,0,0,0
13_13,10.625,-61.275,24,0,0,0,0,0,0,0,0,0,0,0,0,0,0,0,0,0
13_13,10.625,-61.275,25,1,0,0,0,0,0,0,0,0,0,0,0,0,0,0,0,0
13_13,10.625,-61.275,26,1,0,0,0,0,0,0,0,0,0,0,0,0,0,0,0,0
13_13,10.625,-61.275,27,1,0,0,0,0,0,0,0,0,0,0,0,0,0,0,0,0
13_13,10.625,-61.275,28,2,0,0,0,0,0,0,0,0,0,0,0,0,0,0,0,0
13_13,10.625,-61.275,29,2,0,0,0,0,0,0,0,0,0.4869370709085629,0,0,0,0,0,0,0
13_13,10.625,-61.275,30,2,0,0,0,0,0,0,0,0,0,0.4869370709085629,0,0,0,0,0,0
13_13,10.625,-61.275,31,0,0,0,0,0,0,0,0,0,0,0,0.4869370709085629,0,0,0,0,0
13_13,10.625,-61.275,32,0,3,0,0,0,0,0,0,0,0,0,0,0.4869370709085629,0,0,0,0
13_13,10.625,-61.275,33,0,2,3,0,0,0,0,0,0,0.28020381258967625,0,0,0,0.4869370709085629,0,0,0
13_13,10.625,-61.275,34,1,0,2,3,0,0,0,0,0,0,0.28020381258967625,0,0,0,0.4869370709085629,0,0
13_13,10.625,-61.275,35,0,1,0,2,3,0,0,0,0,0.21744395757264928,0,0.28020381258967625,0,0,0,0.4869370709085629,0
13_13,10.625,-61.275,36,0,0,1,0,2,3,0,0,0,0,0.21744395757264928,0,0.28020381258967625,0,0,0,0.4869370709085629
13_13,10.625,-61.275,37,0,0,0,1,0,2,3,0,0,0,0,0.21744395757264928,0,0.28020381258967625,0,0,0
13_13,10.625,-61.275,38,1,0,0,0,1,0,2,3,0,0,0,0,0.21744395757264928,0,0.28020381258967625,0,0
13_13,10.625,-61.275,39,1,0,0,0,0,1,0,2,3,0,0,0,0,0.21744395757264928,0,0.28020381258967625,0
13_13,10.625,-61.275,40,1,0,0,0,0,0,1,0,2,0,0,0,0,0,0.21744395757264928,0,0.28020381258967625
13_13,10.625,-61.275,41,1,0,0,0,0,0,0,1,0,0,0,0,0,0,0,0.21744395757264928,0
13_13,10.625,-61.275,42,0,0,0,0,0,0,0,0,1,0,0,0,0,0,0,0,0.21744395757264928
13_13,10.625,-61.275,43,0,0,0,0,0,0,0,0,0,0,0,0,0,0,0,0,0
13_13,10.625,-61.275,44,0,0,0,0,0,0,0,0,0,0,0,0,0,0,0,0,0
13_13,10.625,-61.275,45,0,0,0,0,0,0,0,0,0,0,0,0,0,0,0,0,0
13_13,10.625,-61.275,46,0,0,0,0,0,0,0,0,0,0,0,0,0,0,0,0,0
13_13,10.625,-61.275,47,0,0,0,0,0,0,0,0,0,0,0,0,0,0,0,0,0
13_13,10.625,-61.275,48,0,0,0,0,0,0,0,0,0,0,0,0,0,0,0,0,0
13_13,10.625,-61.275,49,0,0,0,0,0,0,0,0,0,0.23601330502493442,0,0,0,0,0,0,0
13_13,10.625,-61.275,50,0,0,0,0,0,0,0,0,0,0,0.23601330502493442,0,0,0,0,0,0
13_13,10.625,-61.275,51,3,0,0,0,0,0,0,0,0,0,0,0.23601330502493442,0,0,0,0,0
13_13,10.625,-61.275,52,0,0,0,0,0,0,0,0,0,0,0,0,0.23601330502493442,0,0,0,0
13_14,10.675,-61.275,0,0,0,,,,,,,,0,,,,,,,
13_14,10.675,-61.275,1,0,0,0,,,,,,,0,0,,,,,,
13_14,10.675,-61.275,2,0,0,0,0,,,,,,0,0,0,,,,,
13_14,10.675,-61.275,3,0,0,0,0,0,,,,,0,0,0,0,,,,
13_14,10.675,-61.275,4,0,0,0,0,0,0,,,,0,0,0,0,0,,,
13_14,10.675,-61.275,5,0,0,0,0,0,0,0,,,0,0,0,0,0,0,,
13_14,10.675,-61.275,6,0,0,0,0,0,0,0,0,,0,0,0,0,0,0,0,
13_14,10.675,-61.275,7,1,0,0,0,0,0,0,0,0,0,0,0,0,0,0,0,0
13_14,10.675,-61.275,8,0,1,0,0,0,0,0,0,0,1.4098479110141255,0,0,0,0,0,0,0
13_14,10.675,-61.275,9,0,0,1,0,0,0,0,0,0,0,1.4098479110141255,0,0,0,0,0,0
13_14,10.675,-61.275,10,0,0,0,1,0,0,0,0,0,0,0,1.4098479110141255,0,0,0,0,0
13_14,10.675,-61.275,11,0,0,0,0,1,0,0,0,0,0,0,0,1.4098479110141255,0,0,0,0
13_14,10.675,-61.275,12,0,0,0,0,0,1,0,0,0,0,0,0,0,1.4098479110141255,0,0,0
13_14,10.675,-61.275,13,0,0,0,0,0,0,1,0,0,0,0,0,0,0,1.4098479110141255,0,0
13_14,10.675,-61.275,14,0,0,0,0,0,0,0,1,0,0,0,0,0,0,0,1.4098479110141255,0
13_14,10.675,-61.275,15,0,0,0,0,0,0,0,0,1,0,0,0,0,0,0,0,1.4098479110141255
13_14,10.675,-61.275,16,0,0,0,0,0,0,0,0,0,0,0,0,0,0,0,0,0
13_14,10.675,-61.275,17,0,0,0,0,0,0,0,0,0,0,0,0,0,0,0,0,0
13_14,10.675,-61.275,18,0,0,0,0,0,0,0,0,0,0,0,0,0,0,0,0,0
13_14,10.675,-61.275,19,0,0,0,0,0,0,0,0,0,0,0,0,0,0,0,0,0
13_14,10.675,-61.275,20,0,0,0,0,0,0,0,0,0,0,0,0,0,0,0,0,0
13_14,10.675,-61.275,21,0,0,0,0,0,0,0,0,0,0,0,0,0,0,0,0,0
13_14,10.675,-61.275,22,0,0,0,0,0,0,0,0,0,0,0,0,0,0,0,0,0
13_14,10.675,-61.275,23,0,0,0,0,0,0,0,0,0,0,0,0,0,0,0,0,0
13_14,10.675,-61.275,24,0,0,0,0,0,0,0,0,0,0,0,0,0,0,0,0,0
13_14,10.675,-61.275,25,0,0,0,0,0,0,0,0,0,0,0,0,0,0,0,0,0
13_14,10.675,-61.275,26,1,0,0,0,0,0,0,0,0,0,0,0,0,0,0,0,0
13_14,10.675,-61.275,27,0,0,0,0,0,0,0,0,0,0,0,0,0,0,0,0,0
13_14,10.675,-61.275,28,1,0,0,0,0,0,0,0,0,0,0,0,0,0,0,0,0
13_14,10.675,-61.275,29,0,0,0,0,0,0,0,0,0,0,0,0,0,0,0,0,0
13_14,10.675,-61.275,30,0,0,0,0,0,0,0,0,0,0,0,0,0,0,0,0,0
13_14,10.675,-61.275,31,0,0,0,0,0,0,0,0,0,0,0,0,0,0,0,0,0
13_14,10.675,-61.275,32,0,0,0,0,0,0,0,0,0,0,0,0,0,0,0,0,0
13_14,10.675,-61.275,33,0,1,0,0,0,0,0,0,0,0.5130390123864512,0,0,0,0,0,0,0
13_14,10.675,-61.275,34,0,0,1,0,0,0,0,0,0,0,0.5130390123864512,0,0,0,0,0,0
13_14,10.675,-61.275,35,0,0,0,1,0,0,0,0,0,0,0,0.5130390123864512,0,0,0,0,0
13_14,10.675,-61.275,36,0,0,0,0,1,0,0,0,0,0,0,0,0.5130390123864512,0,0,0,0
13_14,10.675,-61.275,37,0,0,0,0,0,1,0,0,0,0,0,0,0,0.5130390123864512,0,0,0
13_14,10.675,-61.275,38,0,0,0,0,0,0,1,0,0,0,0,0,0,0,0.5130390123864512,0,0
13_14,10.675,-61.275,39,0,0,0,0,0,0,0,1,0,0,0,0,0,0,0,0.5130390123864512,0
13_14,10.675,-61.275,40,0,0,0,0,0,0,0,0,1,0,0,0,0,0,0,0,0.5130390123864512
13_14,10.675,-61.275,41,0,0,0,0,0,0,0,0,0,0,0,0,0,0,0,0,0
13_14,10.675,-61.275,42,0,0,0,0,0,0,0,0,0,0,0,0,0,0,0,0,0
13_14,10.675,-61.275,43,0,0,0,0,0,0,0,0,0,0,0,0,0,0,0,0,0
13_14,10.675,-61.275,44,0,0,0,0,0,0,0,0,0,0,0,0,0,0,0,0,0
13_14,10.675,-61.275,45,0,0,0,0,0,0,0,0,0,0,0,0,0,0,0,0,0
13_14,10.675,-61.275,46,0,0,0,0,0,0,0,0,0,0,0,0,0,0,0,0,0
13_14,10.675,-61.275,47,0,0,0,0,0,0,0,0,0,0,0,0,0,0,0,0,0
13_14,10.675,-61.275,48,0,0,0,0,0,0,0,0,0,0,0,0,0,0,0,0,0
13_14,10.675,-61.275,49,0,0,0,0,0,0,0,0,0,0,0,0,0,0,0,0,0
13_14,10.675,-61.275,50,0,0,0,0,0,0,0,0,0,0,0,0,0,0,0,0,0
13_14,10.675,-61.275,51,2,0,0,0,0,0,0,0,0,0,0,0,0,0,0,0,0
13_14,10.675,-61.275,52,0,0,0,0,0,0,0,0,0,0,0,0,0,0,0,0,0
13_15,10.725,-61.275,0,0,0,,,,,,,,0,,,,,,,
13_15,10.725,-61.275,1,0,0,0,,,,,,,0,0,,,,,,
13_15,10.725,-61.275,2,0,0,0,0,,,,,,0,0,0,,,,,
13_15,10.725,-61.275,3,0,0,0,0,0,,,,,0,0,0,0,,,,
13_15,10.725,-61.275,4,0,0,0,0,0,0,,,,0,0,0,0,0,,,
13_15,10.725,-61.275,5,0,0,0,0,0,0,0,,,0,0,0,0,0,0,,
13_15,10.725,-61.275,6,0,0,0,0,0,0,0,0,,0,0,0,0,0,0,0,
13_15,10.725,-61.275,7,0,0,0,0,0,0,0,0,0,0,0,0,0,0,0,0,0
13_15,10.725,-61.275,8,0,0,0,0,0,0,0,0,0,0,0,0,0,0,0,0,0
13_15,10.725,-61.275,9,0,0,0,0,0,0,0,0,0,0,0,0,0,0,0,0,0
13_15,10.725,-61.275,10,0,0,0,0,0,0,0,0,0,0,0,0,0,0,0,0,0
13_15,10.725,-61.275,11,0,0,0,0,0,0,0,0,0,0,0,0,0,0,0,0,0
13_15,10.725,-61.275,12,0,0,0,0,0,0,0,0,0,0,0,0,0,0,0,0,0
13_15,10.725,-61.275,13,0,0,0,0,0,0,0,0,0,0,0,0,0,0,0,0,0
13_15,10.725,-61.275,14,0,0,0,0,0,0,0,0,0,0,0,0,0,0,0,0,0
13_15,10.725,-61.275,15,0,0,0,0,0,0,0,0,0,0,0,0,0,0,0,0,0
13_15,10.725,-61.275,16,0,0,0,0,0,0,0,0,0,0,0,0,0,0,0,0,0
13_15,10.725,-61.275,17,0,0,0,0,0,0,0,0,0,0,0,0,0,0,0,0,0
13_15,10.725,-61.275,18,0,0,0,0,0,0,0,0,0,0,0,0,0,0,0,0,0
13_15,10.725,-61.275,19,0,0,0,0,0,0,0,0,0,0,0,0,0,0,0,0,0
13_15,10.725,-61.275,20,0,0,0,0,0,0,0,0,0,0,0,0,0,0,0,0,0
13_15,10.725,-61.275,21,0,0,0,0,0,0,0,0,0,0,0,0,0,0,0,0,0
13_15,10.725,-61.275,22,0,0,0,0,0,0,0,0,0,0,0,0,0,0,0,0,0
13_15,10.725,-61.275,23,0,0,0,0,0,0,0,0,0,0,0,0,0,0,0,0,0
13_15,10.725,-61.275,24,0,0,0,0,0,0,0,0,0,0,0,0,0,0,0,0,0
13_15,10.725,-61.275,25,0,0,0,0,0,0,0,0,0,0,0,0,0,0,0,0,0
13_15,10.725,-61.275,26,0,0,0,0,0,0,0,0,0,0,0,0,0,0,0,0,0
13_15,10.725,-61.275,27,0,0,0,0,0,0,0,0,0,0,0,0,0,0,0,0,0
13_15,10.725,-61.275,28,0,0,0,0,0,0,0,0,0,0,0,0,0,0,0,0,0
13_15,10.725,-61.275,29,0,0,0,0,0,0,0,0,0,0,0,0,0,0,0,0,0
13_15,10.725,-61.275,30,0,0,0,0,0,0,0,0,0,0,0,0,0,0,0,0,0
13_15,10.725,-61.275,31,0,0,0,0,0,0,0,0,0,0,0,0,0,0,0,0,0
13_15,10.725,-61.275,32,0,0,0,0,0,0,0,0,0,0,0,0,0,0,0,0,0
13_15,10.725,-61.275,33,0,0,0,0,0,0,0,0,0,0,0,0,0,0,0,0,0
13_15,10.725,-61.275,34,0,0,0,0,0,0,0,0,0,0,0,0,0,0,0,0,0
13_15,10.725,-61.275,35,0,0,0,0,0,0,0,0,0,0,0,0,0,0,0,0,0
13_15,10.725,-61.275,36,0,0,0,0,0,0,0,0,0,0,0,0,0,0,0,0,0
13_15,10.725,-61.275,37,0,0,0,0,0,0,0,0,0,0,0,0,0,0,0,0,0
13_15,10.725,-61.275,38,0,0,0,0,0,0,0,0,0,0,0,0,0,0,0,0,0
13_15,10.725,-61.275,39,0,0,0,0,0,0,0,0,0,0,0,0,0,0,0,0,0
13_15,10.725,-61.275,40,0,0,0,0,0,0,0,0,0,0,0,0,0,0,0,0,0
13_15,10.725,-61.275,41,0,0,0,0,0,0,0,0,0,0,0,0,0,0,0,0,0
13_15,10.725,-61.275,42,0,0,0,0,0,0,0,0,0,0,0,0,0,0,0,0,0
13_15,10.725,-61.275,43,0,0,0,0,0,0,0,0,0,0,0,0,0,0,0,0,0
13_15,10.725,-61.275,44,0,0,0,0,0,0,0,0,0,0,0,0,0,0,0,0,0
13_15,10.725,-61.275,45,0,0,0,0,0,0,0,0,0,0,0,0,0,0,0,0,0
13_15,10.725,-61.275,46,0,0,0,0,0,0,0,0,0,0,0,0,0,0,0,0,0
13_15,10.725,-61.275,47,0,0,0,0,0,0,0,0,0,0,0,0,0,0,0,0,0
13_15,10.725,-61.275,48,0,0,0,0,0,0,0,0,0,0,0,0,0,0,0,0,0
13_15,10.725,-61.275,49,0,0,0,0,0,0,0,0,0,0,0,0,0,0,0,0,0
13_15,10.725,-61.275,50,0,0,0,0,0,0,0,0,0,0,0,0,0,0,0,0,0
13_15,10.725,-61.275,51,0,0,0,0,0,0,0,0,0,0,0,0,0,0,0,0,0
13_15,10.725,-61.275,52,0,0,0,0,0,0,0,0,0,0,0,0,0,0,0,0,0
13_16,10.775,-61.275,0,0,0,,,,,,,,0,,,,,,,
13_16,10.775,-61.275,1,0,0,0,,,,,,,0,0,,,,,,
13_16,10.775,-61.275,2,0,0,0,0,,,,,,0,0,0,,,,,
13_16,10.775,-61.275,3,0,0,0,0,0,,,,,0,0,0,0,,,,
13_16,10.775,-61.275,4,0,0,0,0,0,0,,,,0,0,0,0,0,,,
13_16,10.775,-61.275,5,0,0,0,0,0,0,0,,,0,0,0,0,0,0,,
13_16,10.775,-61.275,6,0,0,0,0,0,0,0,0,,0,0,0,0,0,0,0,
13_16,10.775,-61.275,7,0,0,0,0,0,0,0,0,0,0,0,0,0,0,0,0,0
13_16,10.775,-61.275,8,0,0,0,0,0,0,0,0,0,0,0,0,0,0,0,0,0
13_16,10.775,-61.275,9,0,0,0,0,0,0,0,0,0,0,0,0,0,0,0,0,0
13_16,10.775,-61.275,10,0,0,0,0,0,0,0,0,0,0,0,0,0,0,0,0,0
13_16,10.775,-61.275,11,0,0,0,0,0,0,0,0,0,0,0,0,0,0,0,0,0
13_16,10.775,-61.275,12,0,0,0,0,0,0,0,0,0,0,0,0,0,0,0,0,0
13_16,10.775,-61.275,13,0,0,0,0,0,0,0,0,0,0,0,0,0,0,0,0,0
13_16,10.775,-61.275,14,0,0,0,0,0,0,0,0,0,0,0,0,0,0,0,0,0
13_16,10.775,-61.275,15,0,0,0,0,0,0,0,0,0,0,0,0,0,0,0,0,0
13_16,10.775,-61.275,16,0,0,0,0,0,0,0,0,0,0,0,0,0,0,0,0,0
13_16,10.775,-61.275,17,0,0,0,0,0,0,0,0,0,0,0,0,0,0,0,0,0
13_16,10.775,-61.275,18,0,0,0,0,0,0,0,0,0,0,0,0,0,0,0,0,0
13_16,10.775,-61.275,19,0,0,0,0,0,0,0,0,0,0,0,0,0,0,0,0,0
13_16,10.775,-61.275,20,0,0,0,0,0,0,0,0,0,0,0,0,0,0,0,0,0
13_16,10.775,-61.275,21,0,0,0,0,0,0,0,0,0,0,0,0,0,0,0,0,0
13_16,10.775,-61.275,22,0,0,0,0,0,0,0,0,0,0,0,0,0,0,0,0,0
13_16,10.775,-61.275,23,0,0,0,0,0,0,0,0,0,0,0,0,0,0,0,0,0
13_16,10.775,-61.275,24,0,0,0,0,0,0,0,0,0,0,0,0,0,0,0,0,0
13_16,10.775,-61.275,25,0,0,0,0,0,0,0,0,0,0,0,0,0,0,0,0,0
13_16,10.775,-61.275,26,0,0,0,0,0,0,0,0,0,0,0,0,0,0,0,0,0
13_16,10.775,-61.275,27,0,0,0,0,0,0,0,0,0,0,0,0,0,0,0,0,0
13_16,10.775,-61.275,28,0,0,0,0,0,0,0,0,0,0,0,0,0,0,0,0,0
13_16,10.775,-61.275,29,0,0,0,0,0,0,0,0,0,0,0,0,0,0,0,0,0
13_16,10.775,-61.275,30,0,0,0,0,0,0,0,0,0,0,0,0,0,0,0,0,0
13_16,10.775,-61.275,31,0,0,0,0,0,0,0,0,0,0,0,0,0,0,0,0,0
13_16,10.775,-61.275,32,0,0,0,0,0,0,0,0,0,0,0,0,0,0,0,0,0
13_16,10.775,-61.275,33,0,0,0,0,0,0,0,0,0,0,0,0,0,0,0,0,0
13_16,10.775,-61.275,34,0,0,0,0,0,0,0,0,0,0,0,0,0,0,0,0,0
13_16,10.775,-61.275,35,0,0,0,0,0,0,0,0,0,0,0,0,0,0,0,0,0
13_16,10.775,-61.275,36,0,0,0,0,0,0,0,0,0,0,0,0,0,0,0,0,0
13_16,10.775,-61.275,37,0,0,0,0,0,0,0,0,0,0,0,0,0,0,0,0,0
13_16,10.775,-61.275,38,0,0,0,0,0,0,0,0,0,0,0,0,0,0,0,0,0
13_16,10.775,-61.275,39,0,0,0,0,0,0,0,0,0,0,0,0,0,0,0,0,0
13_16,10.775,-61.275,40,0,0,0,0,0,0,0,0,0,0,0,0,0,0,0,0,0
13_16,10.775,-61.275,41,0,0,0,0,0,0,0,0,0,0,0,0,0,0,0,0,0
13_16,10.775,-61.275,42,0,0,0,0,0,0,0,0,0,0,0,0,0,0,0,0,0
13_16,10.775,-61.275,43,0,0,0,0,0,0,0,0,0,0,0,0,0,0,0,0,0
13_16,10.775,-61.275,44,0,0,0,0,0,0,0,0,0,0,0,0,0,0,0,0,0
13_16,10.775,-61.275,45,0,0,0,0,0,0,0,0,0,0,0,0,0,0,0,0,0
13_16,10.775,-61.275,46,0,0,0,0,0,0,0,0,0,0,0,0,0,0,0,0,0
13_16,10.775,-61.275,47,0,0,0,0,0,0,0,0,0,0,0,0,0,0,0,0,0
13_16,10.775,-61.275,48,0,0,0,0,0,0,0,0,0,0,0,0,0,0,0,0,0
13_16,10.775,-61.275,49,0,0,0,0,0,0,0,0,0,0,0,0,0,0,0,0,0
13_16,10.775,-61.275,50,0,0,0,0,0,0,0,0,0,0,0,0,0,0,0,0,0
13_16,10.775,-61.275,51,0,0,0,0,0,0,0,0,0,0,0,0,0,0,0,0,0
13_16,10.775,-61.275,52,0,0,0,0,0,0,0,0,0,0,0,0,0,0,0,0,0
14_2,10.075,-61.225,0,0,0,,,,,,,,0,,,,,,,
14_2,10.075,-61.225,1,0,0,0,,,,,,,0,0,,,,,,
14_2,10.075,-61.225,2,0,0,0,0,,,,,,0,0,0,,,,,
14_2,10.075,-61.225,3,0,0,0,0,0,,,,,0,0,0,0,,,,
14_2,10.075,-61.225,4,0,0,0,0,0,0,,,,0,0,0,0,0,,,
14_2,10.075,-61.225,5,0,0,0,0,0,0,0,,,0,0,0,0,0,0,,
14_2,10.075,-61.225,6,0,0,0,0,0,0,0,0,,0,0,0,0,0,0,0,
14_2,10.075,-61.225,7,0,0,0,0,0,0,0,0,0,0,0,0,0,0,0,0,0
14_2,10.075,-61.225,8,0,0,0,0,0,0,0,0,0,0,0,0,0,0,0,0,0
14_2,10.075,-61.225,9,0,0,0,0,0,0,0,0,0,0,0,0,0,0,0,0,0
14_2,10.075,-61.225,10,0,0,0,0,0,0,0,0,0,0,0,0,0,0,0,0,0
14_2,10.075,-61.225,11,0,0,0,0,0,0,0,0,0,0,0,0,0,0,0,0,0
14_2,10.075,-61.225,12,0,0,0,0,0,0,0,0,0,0,0,0,0,0,0,0,0
14_2,10.075,-61.225,13,0,0,0,0,0,0,0,0,0,0,0,0,0,0,0,0,0
14_2,10.075,-61.225,14,0,0,0,0,0,0,0,0,0,0,0,0,0,0,0,0,0
14_2,10.075,-61.225,15,0,0,0,0,0,0,0,0,0,0,0,0,0,0,0,0,0
14_2,10.075,-61.225,16,0,0,0,0,0,0,0,0,0,0,0,0,0,0,0,0,0
14_2,10.075,-61.225,17,0,0,0,0,0,0,0,0,0,0,0,0,0,0,0,0,0
14_2,10.075,-61.225,18,0,0,0,0,0,0,0,0,0,0,0,0,0,0,0,0,0
14_2,10.075,-61.225,19,0,0,0,0,0,0,0,0,0,0,0,0,0,0,0,0,0
14_2,10.075,-61.225,20,0,0,0,0,0,0,0,0,0,0,0,0,0,0,0,0,0
14_2,10.075,-61.225,21,0,0,0,0,0,0,0,0,0,0,0,0,0,0,0,0,0
14_2,10.075,-61.225,22,0,0,0,0,0,0,0,0,0,0,0,0,0,0,0,0,0
14_2,10.075,-61.225,23,0,0,0,0,0,0,0,0,0,0,0,0,0,0,0,0,0
14_2,10.075,-61.225,24,0,0,0,0,0,0,0,0,0,0,0,0,0,0,0,0,0
14_2,10.075,-61.225,25,0,0,0,0,0,0,0,0,0,0,0,0,0,0,0,0,0
14_2,10.075,-61.225,26,0,0,0,0,0,0,0,0,0,0,0,0,0,0,0,0,0
14_2,10.075,-61.225,27,0,0,0,0,0,0,0,0,0,0,0,0,0,0,0,0,0
14_2,10.075,-61.225,28,0,0,0,0,0,0,0,0,0,0,0,0,0,0,0,0,0
14_2,10.075,-61.225,29,0,0,0,0,0,0,0,0,0,0,0,0,0,0,0,0,0
14_2,10.075,-61.225,30,0,0,0,0,0,0,0,0,0,0,0,0,0,0,0,0,0
14_2,10.075,-61.225,31,0,0,0,0,0,0,0,0,0,0,0,0,0,0,0,0,0
14_2,10.075,-61.225,32,0,0,0,0,0,0,0,0,0,0,0,0,0,0,0,0,0
14_2,10.075,-61.225,33,0,0,0,0,0,0,0,0,0,0,0,0,0,0,0,0,0
14_2,10.075,-61.225,34,0,0,0,0,0,0,0,0,0,0,0,0,0,0,0,0,0
14_2,10.075,-61.225,35,0,0,0,0,0,0,0,0,0,0,0,0,0,0,0,0,0
14_2,10.075,-61.225,36,0,0,0,0,0,0,0,0,0,0,0,0,0,0,0,0,0
14_2,10.075,-61.225,37,0,0,0,0,0,0,0,0,0,0,0,0,0,0,0,0,0
14_2,10.075,-61.225,38,0,0,0,0,0,0,0,0,0,0,0,0,0,0,0,0,0
14_2,10.075,-61.225,39,0,0,0,0,0,0,0,0,0,0,0,0,0,0,0,0,0
14_2,10.075,-61.225,40,0,0,0,0,0,0,0,0,0,0,0,0,0,0,0,0,0
14_2,10.075,-61.225,41,0,0,0,0,0,0,0,0,0,0,0,0,0,0,0,0,0
14_2,10.075,-61.225,42,0,0,0,0,0,0,0,0,0,0,0,0,0,0,0,0,0
14_2,10.075,-61.225,43,0,0,0,0,0,0,0,0,0,0,0,0,0,0,0,0,0
14_2,10.075,-61.225,44,0,0,0,0,0,0,0,0,0,0,0,0,0,0,0,0,0
14_2,10.075,-61.225,45,0,0,0,0,0,0,0,0,0,0,0,0,0,0,0,0,0
14_2,10.075,-61.225,46,0,0,0,0,0,0,0,0,0,0,0,0,0,0,0,0,0
14_2,10.075,-61.225,47,0,0,0,0,0,0,0,0,0,0,0,0,0,0,0,0,0
14_2,10.075,-61.225,48,0,0,0,0,0,0,0,0,0,0,0,0,0,0,0,0,0
14_2,10.075,-61.225,49,0,0,0,0,0,0,0,0,0,0,0,0,0,0,0,0,0
14_2,10.075,-61.225,50,0,0,0,0,0,0,0,0,0,0,0,0,0,0,0,0,0
14_2,10.075,-61.225,51,0,0,0,0,0,0,0,0,0,0,0,0,0,0,0,0,0
14_2,10.075,-61.225,52,0,0,0,0,0,0,0,0,0,0,0,0,0,0,0,0,0
14_3,10.124999999999998,-61.225,0,0,0,,,,,,,,0,,,,,,,
14_3,10.124999999999998,-61.225,1,0,0,0,,,,,,,0,0,,,,,,
14_3,10.124999999999998,-61.225,2,0,0,0,0,,,,,,0,0,0,,,,,
14_3,10.124999999999998,-61.225,3,0,0,0,0,0,,,,,0,0,0,0,,,,
14_3,10.124999999999998,-61.225,4,0,0,0,0,0,0,,,,0,0,0,0,0,,,
14_3,10.124999999999998,-61.225,5,0,0,0,0,0,0,0,,,0,0,0,0,0,0,,
14_3,10.124999999999998,-61.225,6,0,0,0,0,0,0,0,0,,0,0,0,0,0,0,0,
14_3,10.124999999999998,-61.225,7,0,0,0,0,0,0,0,0,0,0,0,0,0,0,0,0,0
14_3,10.124999999999998,-61.225,8,0,0,0,0,0,0,0,0,0,0,0,0,0,0,0,0,0
14_3,10.124999999999998,-61.225,9,0,0,0,0,0,0,0,0,0,0,0,0,0,0,0,0,0
14_3,10.124999999999998,-61.225,10,0,0,0,0,0,0,0,0,0,0,0,0,0,0,0,0,0
14_3,10.124999999999998,-61.225,11,0,0,0,0,0,0,0,0,0,0,0,0,0,0,0,0,0
14_3,10.124999999999998,-61.225,12,0,0,0,0,0,0,0,0,0,0,0,0,0,0,0,0,0
14_3,10.124999999999998,-61.225,13,0,0,0,0,0,0,0,0,0,0,0,0,0,0,0,0,0
14_3,10.124999999999998,-61.225,14,0,0,0,0,0,0,0,0,0,0,0,0,0,0,0,0,0
14_3,10.124999999999998,-61.225,15,0,0,0,0,0,0,0,0,0,0,0,0,0,0,0,0,0
14_3,10.124999999999998,-61.225,16,0,0,0,0,0,0,0,0,0,0,0,0,0,0,0,0,0
14_3,10.124999999999998,-61.225,17,0,0,0,0,0,0,0,0,0,0,0,0,0,0,0,0,0
14_3,10.124999999999998,-61.225,18,0,0,0,0,0,0,0,0,0,0,0,0,0,0,0,0,0
14_3,10.124999999999998,-61.225,19,0,0,0,0,0,0,0,0,0,0,0,0,0,0,0,0,0
14_3,10.124999999999998,-61.225,20,0,0,0,0,0,0,0,0,0,0,0,0,0,0,0,0,0
14_3,10.124999999999998,-61.225,21,0,0,0,0,0,0,0,0,0,0,0,0,0,0,0,0,0
14_3,10.124999999999998,-61.225,22,0,0,0,0,0,0,0,0,0,0,0,0,0,0,0,0,0
14_3,10.124999999999998,-61.225,23,0,0,0,0,0,0,0,0,0,0,0,0,0,0,0,0,0
14_3,10.124999999999998,-61.225,24,0,0,0,0,0,0,0,0,0,0,0,0,0,0,0,0,0
14_3,10.124999999999998,-61.225,25,0,0,0,0,0,0,0,0,0,0,0,0,0,0,0,0,0
14_3,10.124999999999998,-61.225,26,0,0,0,0,0,0,0,0,0,0,0,0,0,0,0,0,0
14_3,10.124999999999998,-61.225,27,0,0,0,0,0,0,0,0,0,0,0,0,0,0,0,0,0
14_3,10.124999999999998,-61.225,28,0,0,0,0,0,0,0,0,0,0,0,0,0,0,0,0,0
14_3,10.124999999999998,-61.225,29,0,0,0,0,0,0,0,0,0,0,0,0,0,0,0,0,0
14_3,10.124999999999998,-61.225,30,0,0,0,0,0,0,0,0,0,0,0,0,0,0,0,0,0
14_3,10.124999999999998,-61.225,31,0,0,0,0,0,0,0,0,0,0,0,0,0,0,0,0,0
14_3,10.124999999999998,-61.225,32,0,0,0,0,0,0,0,0,0,0,0,0,0,0,0,0,0
14_3,10.124999999999998,-61.225,33,0,0,0,0,0,0,0,0,0,0,0,0,0,0,0,0,0
14_3,10.124999999999998,-61.225,34,0,0,0,0,0,0,0,0,0,0,0,0,0,0,0,0,0
14_3,10.124999999999998,-61.225,35,0,0,0,0,0,0,0,0,0,0,0,0,0,0,0,0,0
14_3,10.124999999999998,-61.225,36,0,0,0,0,0,0,0,0,0,0,0,0,0,0,0,0,0
14_3,10.124999999999998,-61.225,37,0,0,0,0,0,0,0,0,0,0,0,0,0,0,0,0,0
14_3,10.124999999999998,-61.225,38,0,0,0,0,0,0,0,0,0,0,0,0,0,0,0,0,0
14_3,10.124999999999998,-61.225,39,0,0,0,0,0,0,0,0,0,0,0,0,0,0,0,0,0
14_3,10.124999999999998,-61.225,40,0,0,0,0,0,0,0,0,0,0,0,0,0,0,0,0,0
14_3,10.124999999999998,-61.225,41,0,0,0,0,0,0,0,0,0,0,0,0,0,0,0,0,0
14_3,10.124999999999998,-61.225,42,0,0,0,0,0,0,0,0,0,0,0,0,0,0,0,0,0
14_3,10.124999999999998,-61.225,43,0,0,0,0,0,0,0,0,0,0,0,0,0,0,0,0,0
14_3,10.124999999999998,-61.225,44,0,0,0,0,0,0,0,0,0,0,0,0,0,0,0,0,0
14_3,10.124999999999998,-61.225,45,0,0,0,0,0,0,0,0,0,0,0,0,0,0,0,0,0
14_3,10.124999999999998,-61.225,46,0,0,0,0,0,0,0,0,0,0,0,0,0,0,0,0,0
14_3,10.124999999999998,-61.225,47,0,0,0,0,0,0,0,0,0,0,0,0,0,0,0,0,0
14_3,10.124999999999998,-61.225,48,0,0,0,0,0,0,0,0,0,0,0,0,0,0,0,0,0
14_3,10.124999999999998,-61.225,49,0,0,0,0,0,0,0,0,0,0,0,0,0,0,0,0,0
14_3,10.124999999999998,-61.225,50,0,0,0,0,0,0,0,0,0,0,0,0,0,0,0,0,0
14_3,10.124999999999998,-61.225,51,0,0,0,0,0,0,0,0,0,0,0,0,0,0,0,0,0
14_3,10.124999999999998,-61.225,52,0,0,0,0,0,0,0,0,0,0,0,0,0,0,0,0,0
14_4,10.175,-61.225,0,0,0,,,,,,,,0,,,,,,,
14_4,10.175,-61.225,1,0,0,0,,,,,,,0,0,,,,,,
14_4,10.175,-61.225,2,0,0,0,0,,,,,,0,0,0,,,,,
14_4,10.175,-61.225,3,0,0,0,0,0,,,,,0,0,0,0,,,,
14_4,10.175,-61.225,4,0,0,0,0,0,0,,,,0,0,0,0,0,,,
14_4,10.175,-61.225,5,0,0,0,0,0,0,0,,,0,0,0,0,0,0,,
14_4,10.175,-61.225,6,0,0,0,0,0,0,0,0,,0,0,0,0,0,0,0,
14_4,10.175,-61.225,7,0,0,0,0,0,0,0,0,0,0,0,0,0,0,0,0,0
14_4,10.175,-61.225,8,0,0,0,0,0,0,0,0,0,0,0,0,0,0,0,0,0
14_4,10.175,-61.225,9,0,0,0,0,0,0,0,0,0,0,0,0,0,0,0,0,0
14_4,10.175,-61.225,10,0,0,0,0,0,0,0,0,0,0,0,0,0,0,0,0,0
14_4,10.175,-61.225,11,0,0,0,0,0,0,0,0,0,0,0,0,0,0,0,0,0
14_4,10.175,-61.225,12,0,0,0,0,0,0,0,0,0,0,0,0,0,0,0,0,0
14_4,10.175,-61.225,13,0,0,0,0,0,0,0,0,0,0,0,0,0,0,0,0,0
14_4,10.175,-61.225,14,0,0,0,0,0,0,0,0,0,0,0,0,0,0,0,0,0
14_4,10.175,-61.225,15,0,0,0,0,0,0,0,0,0,0,0,0,0,0,0,0,0
14_4,10.175,-61.225,16,0,0,0,0,0,0,0,0,0,0,0,0,0,0,0,0,0
14_4,10.175,-61.225,17,0,0,0,0,0,0,0,0,0,0,0,0,0,0,0,0,0
14_4,10.175,-61.225,18,0,0,0,0,0,0,0,0,0,0,0,0,0,0,0,0,0
14_4,10.175,-61.225,19,0,0,0,0,0,0,0,0,0,0,0,0,0,0,0,0,0
14_4,10.175,-61.225,20,0,0,0,0,0,0,0,0,0,0,0,0,0,0,0,0,0
14_4,10.175,-61.225,21,0,0,0,0,0,0,0,0,0,0,0,0,0,0,0,0,0
14_4,10.175,-61.225,22,0,0,0,0,0,0,0,0,0,0,0,0,0,0,0,0,0
14_4,10.175,-61.225,23,0,0,0,0,0,0,0,0,0,0,0,0,0,0,0,0,0
14_4,10.175,-61.225,24,0,0,0,0,0,0,0,0,0,0,0,0,0,0,0,0,0
14_4,10.175,-61.225,25,0,0,0,0,0,0,0,0,0,0,0,0,0,0,0,0,0
14_4,10.175,-61.225,26,0,0,0,0,0,0,0,0,0,0,0,0,0,0,0,0,0
14_4,10.175,-61.225,27,0,0,0,0,0,0,0,0,0,0,0,0,0,0,0,0,0
14_4,10.175,-61.225,28,0,0,0,0,0,0,0,0,0,0,0,0,0,0,0,0,0
14_4,10.175,-61.225,29,0,0,0,0,0,0,0,0,0,0,0,0,0,0,0,0,0
14_4,10.175,-61.225,30,0,0,0,0,0,0,0,0,0,0,0,0,0,0,0,0,0
14_4,10.175,-61.225,31,0,0,0,0,0,0,0,0,0,0,0,0,0,0,0,0,0
14_4,10.175,-61.225,32,0,0,0,0,0,0,0,0,0,0,0,0,0,0,0,0,0
14_4,10.175,-61.225,33,0,0,0,0,0,0,0,0,0,0,0,0,0,0,0,0,0
14_4,10.175,-61.225,34,0,0,0,0,0,0,0,0,0,0,0,0,0,0,0,0,0
14_4,10.175,-61.225,35,0,0,0,0,0,0,0,0,0,0,0,0,0,0,0,0,0
14_4,10.175,-61.225,36,0,0,0,0,0,0,0,0,0,0,0,0,0,0,0,0,0
14_4,10.175,-61.225,37,0,0,0,0,0,0,0,0,0,0,0,0,0,0,0,0,0
14_4,10.175,-61.225,38,0,0,0,0,0,0,0,0,0,0,0,0,0,0,0,0,0
14_4,10.175,-61.225,39,0,0,0,0,0,0,0,0,0,0,0,0,0,0,0,0,0
14_4,10.175,-61.225,40,0,0,0,0,0,0,0,0,0,0,0,0,0,0,0,0,0
14_4,10.175,-61.225,41,0,0,0,0,0,0,0,0,0,0,0,0,0,0,0,0,0
14_4,10.175,-61.225,42,0,0,0,0,0,0,0,0,0,0,0,0,0,0,0,0,0
14_4,10.175,-61.225,43,0,0,0,0,0,0,0,0,0,0,0,0,0,0,0,0,0
14_4,10.175,-61.225,44,0,0,0,0,0,0,0,0,0,0,0,0,0,0,0,0,0
14_4,10.175,-61.225,45,0,0,0,0,0,0,0,0,0,0,0,0,0,0,0,0,0
14_4,10.175,-61.225,46,0,0,0,0,0,0,0,0,0,0,0,0,0,0,0,0,0
14_4,10.175,-61.225,47,0,0,0,0,0,0,0,0,0,0,0,0,0,0,0,0,0
14_4,10.175,-61.225,48,0,0,0,0,0,0,0,0,0,0,0,0,0,0,0,0,0
14_4,10.175,-61.225,49,0,0,0,0,0,0,0,0,0,0,0,0,0,0,0,0,0
14_4,10.175,-61.225,50,0,0,0,0,0,0,0,0,0,0,0,0,0,0,0,0,0
14_4,10.175,-61.225,51,0,0,0,0,0,0,0,0,0,0,0,0,0,0,0,0,0
14_4,10.175,-61.225,52,0,0,0,0,0,0,0,0,0,0,0,0,0,0,0,0,0
14_5,10.225,-61.225,0,0,0,,,,,,,,0,,,,,,,
14_5,10.225,-61.225,1,0,0,0,,,,,,,0,0,,,,,,
14_5,10.225,-61.225,2,0,0,0,0,,,,,,0,0,0,,,,,
14_5,10.225,-61.225,3,0,0,0,0,0,,,,,0,0,0,0,,,,
14_5,10.225,-61.225,4,0,0,0,0,0,0,,,,0,0,0,0,0,,,
14_5,10.225,-61.225,5,0,0,0,0,0,0,0,,,0,0,0,0,0,0,,
14_5,10.225,-61.225,6,0,0,0,0,0,0,0,0,,0,0,0,0,0,0,0,
14_5,10.225,-61.225,7,0,0,0,0,0,0,0,0,0,0,0,0,0,0,0,0,0
14_5,10.225,-61.225,8,0,0,0,0,0,0,0,0,0,0,0,0,0,0,0,0,0
14_5,10.225,-61.225,9,0,0,0,0,0,0,0,0,0,0,0,0,0,0,0,0,0
14_5,10.225,-61.225,10,0,0,0,0,0,0,0,0,0,0,0,0,0,0,0,0,0
14_5,10.225,-61.225,11,0,0,0,0,0,0,0,0,0,0,0,0,0,0,0,0,0
14_5,10.225,-61.225,12,0,0,0,0,0,0,0,0,0,0,0,0,0,0,0,0,0
14_5,10.225,-61.225,13,0,0,0,0,0,0,0,0,0,0,0,0,0,0,0,0,0
14_5,10.225,-61.225,14,0,0,0,0,0,0,0,0,0,0,0,0,0,0,0,0,0
14_5,10.225,-61.225,15,0,0,0,0,0,0,0,0,0,0,0,0,0,0,0,0,0
14_5,10.225,-61.225,16,0,0,0,0,0,0,0,0,0,0,0,0,0,0,0,0,0
14_5,10.225,-61.225,17,0,0,0,0,0,0,0,0,0,0,0,0,0,0,0,0,0
14_5,10.225,-61.225,18,0,0,0,0,0,0,0,0,0,0,0,0,0,0,0,0,0
14_5,10.225,-61.225,19,0,0,0,0,0,0,0,0,0,0,0,0,0,0,0,0,0
14_5,10.225,-61.225,20,0,0,0,0,0,0,0,0,0,0,0,0,0,0,0,0,0
14_5,10.225,-61.225,21,0,0,0,0,0,0,0,0,0,0,0,0,0,0,0,0,0
14_5,10.225,-61.225,22,0,0,0,0,0,0,0,0,0,0,0,0,0,0,0,0,0
14_5,10.225,-61.225,23,0,0,0,0,0,0,0,0,0,0,0,0,0,0,0,0,0
14_5,10.225,-61.225,24,0,0,0,0,0,0,0,0,0,0,0,0,0,0,0,0,0
14_5,10.225,-61.225,25,0,0,0,0,0,0,0,0,0,0,0,0,0,0,0,0,0
14_5,10.225,-61.225,26,0,0,0,0,0,0,0,0,0,0,0,0,0,0,0,0,0
14_5,10.225,-61.225,27,0,0,0,0,0,0,0,0,0,0,0,0,0,0,0,0,0
14_5,10.225,-61.225,28,0,0,0,0,0,0,0,0,0,0,0,0,0,0,0,0,0
14_5,10.225,-61.225,29,0,0,0,0,0,0,0,0,0,0,0,0,0,0,0,0,0
14_5,10.225,-61.225,30,0,0,0,0,0,0,0,0,0,0,0,0,0,0,0,0,0
14_5,10.225,-61.225,31,0,0,0,0,0,0,0,0,0,0,0,0,0,0,0,0,0
14_5,10.225,-61.225,32,0,0,0,0,0,0,0,0,0,0,0,0,0,0,0,0,0
14_5,10.225,-61.225,33,0,0,0,0,0,0,0,0,0,0,0,0,0,0,0,0,0
14_5,10.225,-61.225,34,0,0,0,0,0,0,0,0,0,0,0,0,0,0,0,0,0
14_5,10.225,-61.225,35,0,0,0,0,0,0,0,0,0,0,0,0,0,0,0,0,0
14_5,10.225,-61.225,36,0,0,0,0,0,0,0,0,0,0,0,0,0,0,0,0,0
14_5,10.225,-61.225,37,0,0,0,0,0,0,0,0,0,0,0,0,0,0,0,0,0
14_5,10.225,-61.225,38,0,0,0,0,0,0,0,0,0,0,0,0,0,0,0,0,0
14_5,10.225,-61.225,39,0,0,0,0,0,0,0,0,0,0,0,0,0,0,0,0,0
14_5,10.225,-61.225,40,0,0,0,0,0,0,0,0,0,0,0,0,0,0,0,0,0
14_5,10.225,-61.225,41,0,0,0,0,0,0,0,0,0,0,0,0,0,0,0,0,0
14_5,10.225,-61.225,42,0,0,0,0,0,0,0,0,0,0,0,0,0,0,0,0,0
14_5,10.225,-61.225,43,0,0,0,0,0,0,0,0,0,0,0,0,0,0,0,0,0
14_5,10.225,-61.225,44,0,0,0,0,0,0,0,0,0,0,0,0,0,0,0,0,0
14_5,10.225,-61.225,45,0,0,0,0,0,0,0,0,0,0,0,0,0,0,0,0,0
14_5,10.225,-61.225,46,0,0,0,0,0,0,0,0,0,0,0,0,0,0,0,0,0
14_5,10.225,-61.225,47,0,0,0,0,0,0,0,0,0,0,0,0,0,0,0,0,0
14_5,10.225,-61.225,48,0,0,0,0,0,0,0,0,0,0,0,0,0,0,0,0,0
14_5,10.225,-61.225,49,0,0,0,0,0,0,0,0,0,0,0,0,0,0,0,0,0
14_5,10.225,-61.225,50,0,0,0,0,0,0,0,0,0,0,0,0,0,0,0,0,0
14_5,10.225,-61.225,51,0,0,0,0,0,0,0,0,0,0,0,0,0,0,0,0,0
14_5,10.225,-61.225,52,0,0,0,0,0,0,0,0,0,0,0,0,0,0,0,0,0
14_6,10.275,-61.225,0,0,0,,,,,,,,0,,,,,,,
14_6,10.275,-61.225,1,0,0,0,,,,,,,0,0,,,,,,
14_6,10.275,-61.225,2,0,0,0,0,,,,,,0,0,0,,,,,
14_6,10.275,-61.225,3,0,0,0,0,0,,,,,0,0,0,0,,,,
14_6,10.275,-61.225,4,0,0,0,0,0,0,,,,0,0,0,0,0,,,
14_6,10.275,-61.225,5,0,0,0,0,0,0,0,,,0,0,0,0,0,0,,
14_6,10.275,-61.225,6,0,0,0,0,0,0,0,0,,0,0,0,0,0,0,0,
14_6,10.275,-61.225,7,0,0,0,0,0,0,0,0,0,0,0,0,0,0,0,0,0
14_6,10.275,-61.225,8,0,0,0,0,0,0,0,0,0,0,0,0,0,0,0,0,0
14_6,10.275,-61.225,9,0,0,0,0,0,0,0,0,0,0,0,0,0,0,0,0,0
14_6,10.275,-61.225,10,0,0,0,0,0,0,0,0,0,0,0,0,0,0,0,0,0
14_6,10.275,-61.225,11,0,0,0,0,0,0,0,0,0,0,0,0,0,0,0,0,0
14_6,10.275,-61.225,12,0,0,0,0,0,0,0,0,0,0,0,0,0,0,0,0,0
14_6,10.275,-61.225,13,0,0,0,0,0,0,0,0,0,0,0,0,0,0,0,0,0
14_6,10.275,-61.225,14,0,0,0,0,0,0,0,0,0,0,0,0,0,0,0,0,0
14_6,10.275,-61.225,15,0,0,0,0,0,0,0,0,0,0,0,0,0,0,0,0,0
14_6,10.275,-61.225,16,0,0,0,0,0,0,0,0,0,0,0,0,0,0,0,0,0
14_6,10.275,-61.225,17,0,0,0,0,0,0,0,0,0,0,0,0,0,0,0,0,0
14_6,10.275,-61.225,18,0,0,0,0,0,0,0,0,0,0,0,0,0,0,0,0,0
14_6,10.275,-61.225,19,0,0,0,0,0,0,0,0,0,0,0,0,0,0,0,0,0
14_6,10.275,-61.225,20,0,0,0,0,0,0,0,0,0,0,0,0,0,0,0,0,0
14_6,10.275,-61.225,21,0,0,0,0,0,0,0,0,0,0,0,0,0,0,0,0,0
14_6,10.275,-61.225,22,0,0,0,0,0,0,0,0,0,0,0,0,0,0,0,0,0
14_6,10.275,-61.225,23,0,0,0,0,0,0,0,0,0,0,0,0,0,0,0,0,0
14_6,10.275,-61.225,24,0,0,0,0,0,0,0,0,0,0,0,0,0,0,0,0,0
14_6,10.275,-61.225,25,1,0,0,0,0,0,0,0,0,0,0,0,0,0,0,0,0
14_6,10.275,-61.225,26,0,0,0,0,0,0,0,0,0,0,0,0,0,0,0,0,0
14_6,10.275,-61.225,27,0,0,0,0,0,0,0,0,0,0,0,0,0,0,0,0,0
14_6,10.275,-61.225,28,0,0,0,0,0,0,0,0,0,0,0,0,0,0,0,0,0
14_6,10.275,-61.225,29,0,0,0,0,0,0,0,0,0,0,0,0,0,0,0,0,0
14_6,10.275,-61.225,30,0,0,0,0,0,0,0,0,0,0,0,0,0,0,0,0,0
14_6,10.275,-61.225,31,0,0,0,0,0,0,0,0,0,0,0,0,0,0,0,0,0
14_6,10.275,-61.225,32,0,0,0,0,0,0,0,0,0,0,0,0,0,0,0,0,0
14_6,10.275,-61.225,33,0,0,0,0,0,0,0,0,0,0,0,0,0,0,0,0,0
14_6,10.275,-61.225,34,0,0,0,0,0,0,0,0,0,0,0,0,0,0,0,0,0
14_6,10.275,-61.225,35,0,0,0,0,0,0,0,0,0,0,0,0,0,0,0,0,0
14_6,10.275,-61.225,36,0,0,0,0,0,0,0,0,0,0,0,0,0,0,0,0,0
14_6,10.275,-61.225,37,0,0,0,0,0,0,0,0,0,0,0,0,0,0,0,0,0
14_6,10.275,-61.225,38,0,0,0,0,0,0,0,0,0,0,0,0,0,0,0,0,0
14_6,10.275,-61.225,39,0,0,0,0,0,0,0,0,0,0,0,0,0,0,0,0,0
14_6,10.275,-61.225,40,0,0,0,0,0,0,0,0,0,0,0,0,0,0,0,0,0
14_6,10.275,-61.225,41,0,0,0,0,0,0,0,0,0,0,0,0,0,0,0,0,0
14_6,10.275,-61.225,42,0,0,0,0,0,0,0,0,0,0,0,0,0,0,0,0,0
14_6,10.275,-61.225,43,0,0,0,0,0,0,0,0,0,0,0,0,0,0,0,0,0
14_6,10.275,-61.225,44,0,0,0,0,0,0,0,0,0,0,0,0,0,0,0,0,0
14_6,10.275,-61.225,45,0,0,0,0,0,0,0,0,0,0,0,0,0,0,0,0,0
14_6,10.275,-61.225,46,0,0,0,0,0,0,0,0,0,0,0,0,0,0,0,0,0
14_6,10.275,-61.225,47,0,0,0,0,0,0,0,0,0,0,0,0,0,0,0,0,0
14_6,10.275,-61.225,48,0,0,0,0,0,0,0,0,0,0,0,0,0,0,0,0,0
14_6,10.275,-61.225,49,0,0,0,0,0,0,0,0,0,0,0,0,0,0,0,0,0
14_6,10.275,-61.225,50,0,0,0,0,0,0,0,0,0,0,0,0,0,0,0,0,0
14_6,10.275,-61.225,51,0,0,0,0,0,0,0,0,0,0,0,0,0,0,0,0,0
14_6,10.275,-61.225,52,0,0,0,0,0,0,0,0,0,0,0,0,0,0,0,0,0
14_7,10.325,-61.225,0,0,0,,,,,,,,0,,,,,,,
14_7,10.325,-61.225,1,0,0,0,,,,,,,0,0,,,,,,
14_7,10.325,-61.225,2,0,0,0,0,,,,,,0,0,0,,,,,
14_7,10.325,-61.225,3,0,0,0,0,0,,,,,0,0,0,0,,,,
14_7,10.325,-61.225,4,0,0,0,0,0,0,,,,0,0,0,0,0,,,
14_7,10.325,-61.225,5,0,0,0,0,0,0,0,,,0,0,0,0,0,0,,
14_7,10.325,-61.225,6,0,0,0,0,0,0,0,0,,0,0,0,0,0,0,0,
14_7,10.325,-61.225,7,0,0,0,0,0,0,0,0,0,0,0,0,0,0,0,0,0
14_7,10.325,-61.225,8,0,0,0,0,0,0,0,0,0,0,0,0,0,0,0,0,0
14_7,10.325,-61.225,9,0,0,0,0,0,0,0,0,0,0,0,0,0,0,0,0,0
14_7,10.325,-61.225,10,0,0,0,0,0,0,0,0,0,0,0,0,0,0,0,0,0
14_7,10.325,-61.225,11,0,0,0,0,0,0,0,0,0,0,0,0,0,0,0,0,0
14_7,10.325,-61.225,12,0,0,0,0,0,0,0,0,0,0,0,0,0,0,0,0,0
14_7,10.325,-61.225,13,0,0,0,0,0,0,0,0,0,0,0,0,0,0,0,0,0
14_7,10.325,-61.225,14,0,0,0,0,0,0,0,0,0,0,0,0,0,0,0,0,0
14_7,10.325,-61.225,15,0,0,0,0,0,0,0,0,0,0,0,0,0,0,0,0,0
14_7,10.325,-61.225,16,0,0,0,0,0,0,0,0,0,0,0,0,0,0,0,0,0
14_7,10.325,-61.225,17,0,0,0,0,0,0,0,0,0,0,0,0,0,0,0,0,0
14_7,10.325,-61.225,18,0,0,0,0,0,0,0,0,0,0,0,0,0,0,0,0,0
14_7,10.325,-61.225,19,0,0,0,0,0,0,0,0,0,0,0,0,0,0,0,0,0
14_7,10.325,-61.225,20,0,0,0,0,0,0,0,0,0,0,0,0,0,0,0,0,0
14_7,10.325,-61.225,21,0,0,0,0,0,0,0,0,0,0,0,0,0,0,0,0,0
14_7,10.325,-61.225,22,0,0,0,0,0,0,0,0,0,0,0,0,0,0,0,0,0
14_7,10.325,-61.225,23,0,0,0,0,0,0,0,0,0,0,0,0,0,0,0,0,0
14_7,10.325,-61.225,24,0,0,0,0,0,0,0,0,0,0,0,0,0,0,0,0,0
14_7,10.325,-61.225,25,0,0,0,0,0,0,0,0,0,0,0,0,0,0,0,0,0
14_7,10.325,-61.225,26,0,0,0,0,0,0,0,0,0,0,0,0,0,0,0,0,0
14_7,10.325,-61.225,27,0,0,0,0,0,0,0,0,0,0,0,0,0,0,0,0,0
14_7,10.325,-61.225,28,0,0,0,0,0,0,0,0,0,0,0,0,0,0,0,0,0
14_7,10.325,-61.225,29,0,0,0,0,0,0,0,0,0,0,0,0,0,0,0,0,0
14_7,10.325,-61.225,30,0,0,0,0,0,0,0,0,0,0,0,0,0,0,0,0,0
14_7,10.325,-61.225,31,0,0,0,0,0,0,0,0,0,0,0,0,0,0,0,0,0
14_7,10.325,-61.225,32,0,0,0,0,0,0,0,0,0,0,0,0,0,0,0,0,0
14_7,10.325,-61.225,33,0,0,0,0,0,0,0,0,0,0,0,0,0,0,0,0,0
14_7,10.325,-61.225,34,0,0,0,0,0,0,0,0,0,0,0,0,0,0,0,0,0
14_7,10.325,-61.225,35,0,0,0,0,0,0,0,0,0,0,0,0,0,0,0,0,0
14_7,10.325,-61.225,36,0,0,0,0,0,0,0,0,0,0,0,0,0,0,0,0,0
14_7,10.325,-61.225,37,0,0,0,0,0,0,0,0,0,0,0,0,0,0,0,0,0
14_7,10.325,-61.225,38,0,0,0,0,0,0,0,0,0,0,0,0,0,0,0,0,0
14_7,10.325,-61.225,39,1,0,0,0,0,0,0,0,0,0,0,0,0,0,0,0,0
14_7,10.325,-61.225,40,0,0,0,0,0,0,0,0,0,0,0,0,0,0,0,0,0
14_7,10.325,-61.225,41,0,0,0,0,0,0,0,0,0,0,0,0,0,0,0,0,0
14_7,10.325,-61.225,42,0,0,0,0,0,0,0,0,0,0,0,0,0,0,0,0,0
14_7,10.325,-61.225,43,1,0,0,0,0,0,0,0,0,0,0,0,0,0,0,0,0
14_7,10.325,-61.225,44,0,0,0,0,0,0,0,0,0,0,0,0,0,0,0,0,0
14_7,10.325,-61.225,45,0,0,0,0,0,0,0,0,0,0,0,0,0,0,0,0,0
14_7,10.325,-61.225,46,0,0,0,0,0,0,0,0,0,0,0,0,0,0,0,0,0
14_7,10.325,-61.225,47,0,0,0,0,0,0,0,0,0,0,0,0,0,0,0,0,0
14_7,10.325,-61.225,48,0,0,0,0,0,0,0,0,0,0,0,0,0,0,0,0,0
14_7,10.325,-61.225,49,0,0,0,0,0,0,0,0,0,0,0,0,0,0,0,0,0
14_7,10.325,-61.225,50,0,0,0,0,0,0,0,0,0,0,0,0,0,0,0,0,0
14_7,10.325,-61.225,51,0,0,0,0,0,0,0,0,0,0,0,0,0,0,0,0,0
14_7,10.325,-61.225,52,0,0,0,0,0,0,0,0,0,0,0,0,0,0,0,0,0
14_8,10.375,-61.225,0,0,0,,,,,,,,0,,,,,,,
14_8,10.375,-61.225,1,0,0,0,,,,,,,0,0,,,,,,
14_8,10.375,-61.225,2,0,0,0,0,,,,,,0,0,0,,,,,
14_8,10.375,-61.225,3,0,0,0,0,0,,,,,0,0,0,0,,,,
14_8,10.375,-61.225,4,0,0,0,0,0,0,,,,0,0,0,0,0,,,
14_8,10.375,-61.225,5,0,0,0,0,0,0,0,,,0,0,0,0,0,0,,
14_8,10.375,-61.225,6,0,0,0,0,0,0,0,0,,0,0,0,0,0,0,0,
14_8,10.375,-61.225,7,0,0,0,0,0,0,0,0,0,0,0,0,0,0,0,0,0
14_8,10.375,-61.225,8,0,0,0,0,0,0,0,0,0,0,0,0,0,0,0,0,0
14_8,10.375,-61.225,9,0,0,0,0,0,0,0,0,0,0,0,0,0,0,0,0,0
14_8,10.375,-61.225,10,0,0,0,0,0,0,0,0,0,0,0,0,0,0,0,0,0
14_8,10.375,-61.225,11,0,0,0,0,0,0,0,0,0,0,0,0,0,0,0,0,0
14_8,10.375,-61.225,12,0,0,0,0,0,0,0,0,0,0,0,0,0,0,0,0,0
14_8,10.375,-61.225,13,0,0,0,0,0,0,0,0,0,0,0,0,0,0,0,0,0
14_8,10.375,-61.225,14,0,0,0,0,0,0,0,0,0,0,0,0,0,0,0,0,0
14_8,10.375,-61.225,15,0,0,0,0,0,0,0,0,0,0,0,0,0,0,0,0,0
14_8,10.375,-61.225,16,0,0,0,0,0,0,0,0,0,0,0,0,0,0,0,0,0
14_8,10.375,-61.225,17,0,0,0,0,0,0,0,0,0,0,0,0,0,0,0,0,0
14_8,10.375,-61.225,18,0,0,0,0,0,0,0,0,0,0,0,0,0,0,0,0,0
14_8,10.375,-61.225,19,0,0,0,0,0,0,0,0,0,0,0,0,0,0,0,0,0
14_8,10.375,-61.225,20,0,0,0,0,0,0,0,0,0,0,0,0,0,0,0,0,0
14_8,10.375,-61.225,21,0,0,0,0,0,0,0,0,0,0,0,0,0,0,0,0,0
14_8,10.375,-61.225,22,0,0,0,0,0,0,0,0,0,0,0,0,0,0,0,0,0
14_8,10.375,-61.225,23,0,0,0,0,0,0,0,0,0,0,0,0,0,0,0,0,0
14_8,10.375,-61.225,24,0,0,0,0,0,0,0,0,0,0,0,0,0,0,0,0,0
14_8,10.375,-61.225,25,0,0,0,0,0,0,0,0,0,0,0,0,0,0,0,0,0
14_8,10.375,-61.225,26,0,0,0,0,0,0,0,0,0,0,0,0,0,0,0,0,0
14_8,10.375,-61.225,27,0,0,0,0,0,0,0,0,0,0,0,0,0,0,0,0,0
14_8,10.375,-61.225,28,0,0,0,0,0,0,0,0,0,0,0,0,0,0,0,0,0
14_8,10.375,-61.225,29,0,0,0,0,0,0,0,0,0,0,0,0,0,0,0,0,0
14_8,10.375,-61.225,30,0,0,0,0,0,0,0,0,0,0,0,0,0,0,0,0,0
14_8,10.375,-61.225,31,0,0,0,0,0,0,0,0,0,0,0,0,0,0,0,0,0
14_8,10.375,-61.225,32,0,0,0,0,0,0,0,0,0,0,0,0,0,0,0,0,0
14_8,10.375,-61.225,33,0,0,0,0,0,0,0,0,0,0,0,0,0,0,0,0,0
14_8,10.375,-61.225,34,0,0,0,0,0,0,0,0,0,0,0,0,0,0,0,0,0
14_8,10.375,-61.225,35,0,0,0,0,0,0,0,0,0,0,0,0,0,0,0,0,0
14_8,10.375,-61.225,36,0,0,0,0,0,0,0,0,0,0,0,0,0,0,0,0,0
14_8,10.375,-61.225,37,0,0,0,0,0,0,0,0,0,0,0,0,0,0,0,0,0
14_8,10.375,-61.225,38,0,0,0,0,0,0,0,0,0,0,0,0,0,0,0,0,0
14_8,10.375,-61.225,39,0,0,0,0,0,0,0,0,0,0,0,0,0,0,0,0,0
14_8,10.375,-61.225,40,0,0,0,0,0,0,0,0,0,0,0,0,0,0,0,0,0
14_8,10.375,-61.225,41,0,0,0,0,0,0,0,0,0,0,0,0,0,0,0,0,0
14_8,10.375,-61.225,42,0,0,0,0,0,0,0,0,0,0,0,0,0,0,0,0,0
14_8,10.375,-61.225,43,0,0,0,0,0,0,0,0,0,0,0,0,0,0,0,0,0
14_8,10.375,-61.225,44,0,0,0,0,0,0,0,0,0,0,0,0,0,0,0,0,0
14_8,10.375,-61.225,45,0,0,0,0,0,0,0,0,0,0,0,0,0,0,0,0,0
14_8,10.375,-61.225,46,0,0,0,0,0,0,0,0,0,0,0,0,0,0,0,0,0
14_8,10.375,-61.225,47,0,0,0,0,0,0,0,0,0,0,0,0,0,0,0,0,0
14_8,10.375,-61.225,48,0,0,0,0,0,0,0,0,0,0,0,0,0,0,0,0,0
14_8,10.375,-61.225,49,0,0,0,0,0,0,0,0,0,0,0,0,0,0,0,0,0
14_8,10.375,-61.225,50,0,0,0,0,0,0,0,0,0,0,0,0,0,0,0,0,0
14_8,10.375,-61.225,51,0,0,0,0,0,0,0,0,0,0,0,0,0,0,0,0,0
14_8,10.375,-61.225,52,0,0,0,0,0,0,0,0,0,0,0,0,0,0,0,0,0
14_9,10.425,-61.225,0,0,0,,,,,,,,0,,,,,,,
14_9,10.425,-61.225,1,0,0,0,,,,,,,0,0,,,,,,
14_9,10.425,-61.225,2,0,0,0,0,,,,,,0,0,0,,,,,
14_9,10.425,-61.225,3,0,0,0,0,0,,,,,0,0,0,0,,,,
14_9,10.425,-61.225,4,0,0,0,0,0,0,,,,0,0,0,0,0,,,
14_9,10.425,-61.225,5,0,0,0,0,0,0,0,,,0,0,0,0,0,0,,
14_9,10.425,-61.225,6,0,0,0,0,0,0,0,0,,0,0,0,0,0,0,0,
14_9,10.425,-61.225,7,0,0,0,0,0,0,0,0,0,0,0,0,0,0,0,0,0
14_9,10.425,-61.225,8,0,0,0,0,0,0,0,0,0,0,0,0,0,0,0,0,0
14_9,10.425,-61.225,9,0,0,0,0,0,0,0,0,0,0,0,0,0,0,0,0,0
14_9,10.425,-61.225,10,0,0,0,0,0,0,0,0,0,0,0,0,0,0,0,0,0
14_9,10.425,-61.225,11,0,0,0,0,0,0,0,0,0,0,0,0,0,0,0,0,0
14_9,10.425,-61.225,12,0,0,0,0,0,0,0,0,0,0,0,0,0,0,0,0,0
14_9,10.425,-61.225,13,0,0,0,0,0,0,0,0,0,0,0,0,0,0,0,0,0
14_9,10.425,-61.225,14,0,0,0,0,0,0,0,0,0,0,0,0,0,0,0,0,0
14_9,10.425,-61.225,15,0,0,0,0,0,0,0,0,0,0,0,0,0,0,0,0,0
14_9,10.425,-61.225,16,0,0,0,0,0,0,0,0,0,0,0,0,0,0,0,0,0
14_9,10.425,-61.225,17,0,0,0,0,0,0,0,0,0,0,0,0,0,0,0,0,0
14_9,10.425,-61.225,18,0,0,0,0,0,0,0,0,0,0,0,0,0,0,0,0,0
14_9,10.425,-61.225,19,0,0,0,0,0,0,0,0,0,0,0,0,0,0,0,0,0
14_9,10.425,-61.225,20,0,0,0,0,0,0,0,0,0,0,0,0,0,0,0,0,0
14_9,10.425,-61.225,21,0,0,0,0,0,0,0,0,0,0,0,0,0,0,0,0,0
14_9,10.425,-61.225,22,0,0,0,0,0,0,0,0,0,0,0,0,0,0,0,0,0
14_9,10.425,-61.225,23,0,0,0,0,0,0,0,0,0,0,0,0,0,0,0,0,0
14_9,10.425,-61.225,24,0,0,0,0,0,0,0,0,0,0,0,0,0,0,0,0,0
14_9,10.425,-61.225,25,0,0,0,0,0,0,0,0,0,0,0,0,0,0,0,0,0
14_9,10.425,-61.225,26,0,0,0,0,0,0,0,0,0,0,0,0,0,0,0,0,0
14_9,10.425,-61.225,27,0,0,0,0,0,0,0,0,0,0,0,0,0,0,0,0,0
14_9,10.425,-61.225,28,0,0,0,0,0,0,0,0,0,0,0,0,0,0,0,0,0
14_9,10.425,-61.225,29,0,0,0,0,0,0,0,0,0,0,0,0,0,0,0,0,0
14_9,10.425,-61.225,30,0,0,0,0,0,0,0,0,0,0,0,0,0,0,0,0,0
14_9,10.425,-61.225,31,0,0,0,0,0,0,0,0,0,0,0,0,0,0,0,0,0
14_9,10.425,-61.225,32,0,0,0,0,0,0,0,0,0,0,0,0,0,0,0,0,0
14_9,10.425,-61.225,33,0,0,0,0,0,0,0,0,0,0,0,0,0,0,0,0,0
14_9,10.425,-61.225,34,0,0,0,0,0,0,0,0,0,0,0,0,0,0,0,0,0
14_9,10.425,-61.225,35,0,0,0,0,0,0,0,0,0,0,0,0,0,0,0,0,0
14_9,10.425,-61.225,36,0,0,0,0,0,0,0,0,0,0,0,0,0,0,0,0,0
14_9,10.425,-61.225,37,0,0,0,0,0,0,0,0,0,0,0,0,0,0,0,0,0
14_9,10.425,-61.225,38,0,0,0,0,0,0,0,0,0,0,0,0,0,0,0,0,0
14_9,10.425,-61.225,39,0,0,0,0,0,0,0,0,0,0,0,0,0,0,0,0,0
14_9,10.425,-61.225,40,0,0,0,0,0,0,0,0,0,0,0,0,0,0,0,0,0
14_9,10.425,-61.225,41,0,0,0,0,0,0,0,0,0,0,0,0,0,0,0,0,0
14_9,10.425,-61.225,42,0,0,0,0,0,0,0,0,0,0,0,0,0,0,0,0,0
14_9,10.425,-61.225,43,0,0,0,0,0,0,0,0,0,0,0,0,0,0,0,0,0
14_9,10.425,-61.225,44,0,0,0,0,0,0,0,0,0,0,0,0,0,0,0,0,0
14_9,10.425,-61.225,45,0,0,0,0,0,0,0,0,0,0,0,0,0,0,0,0,0
14_9,10.425,-61.225,46,0,0,0,0,0,0,0,0,0,0,0,0,0,0,0,0,0
14_9,10.425,-61.225,47,0,0,0,0,0,0,0,0,0,0,0,0,0,0,0,0,0
14_9,10.425,-61.225,48,0,0,0,0,0,0,0,0,0,0,0,0,0,0,0,0,0
14_9,10.425,-61.225,49,0,0,0,0,0,0,0,0,0,0,0,0,0,0,0,0,0
14_9,10.425,-61.225,50,0,0,0,0,0,0,0,0,0,0,0,0,0,0,0,0,0
14_9,10.425,-61.225,51,0,0,0,0,0,0,0,0,0,0,0,0,0,0,0,0,0
14_9,10.425,-61.225,52,0,0,0,0,0,0,0,0,0,0,0,0,0,0,0,0,0
14_10,10.475,-61.225,0,0,0,,,,,,,,0,,,,,,,
14_10,10.475,-61.225,1,0,0,0,,,,,,,0,0,,,,,,
14_10,10.475,-61.225,2,0,0,0,0,,,,,,0,0,0,,,,,
14_10,10.475,-61.225,3,0,0,0,0,0,,,,,0,0,0,0,,,,
14_10,10.475,-61.225,4,0,0,0,0,0,0,,,,0,0,0,0,0,,,
14_10,10.475,-61.225,5,0,0,0,0,0,0,0,,,0,0,0,0,0,0,,
14_10,10.475,-61.225,6,0,0,0,0,0,0,0,0,,0,0,0,0,0,0,0,
14_10,10.475,-61.225,7,0,0,0,0,0,0,0,0,0,0,0,0,0,0,0,0,0
14_10,10.475,-61.225,8,0,0,0,0,0,0,0,0,0,0,0,0,0,0,0,0,0
14_10,10.475,-61.225,9,0,0,0,0,0,0,0,0,0,0,0,0,0,0,0,0,0
14_10,10.475,-61.225,10,0,0,0,0,0,0,0,0,0,0,0,0,0,0,0,0,0
14_10,10.475,-61.225,11,0,0,0,0,0,0,0,0,0,0,0,0,0,0,0,0,0
14_10,10.475,-61.225,12,0,0,0,0,0,0,0,0,0,0,0,0,0,0,0,0,0
14_10,10.475,-61.225,13,0,0,0,0,0,0,0,0,0,0,0,0,0,0,0,0,0
14_10,10.475,-61.225,14,0,0,0,0,0,0,0,0,0,0,0,0,0,0,0,0,0
14_10,10.475,-61.225,15,0,0,0,0,0,0,0,0,0,0,0,0,0,0,0,0,0
14_10,10.475,-61.225,16,0,0,0,0,0,0,0,0,0,0,0,0,0,0,0,0,0
14_10,10.475,-61.225,17,0,0,0,0,0,0,0,0,0,0,0,0,0,0,0,0,0
14_10,10.475,-61.225,18,0,0,0,0,0,0,0,0,0,0,0,0,0,0,0,0,0
14_10,10.475,-61.225,19,0,0,0,0,0,0,0,0,0,0,0,0,0,0,0,0,0
14_10,10.475,-61.225,20,0,0,0,0,0,0,0,0,0,0,0,0,0,0,0,0,0
14_10,10.475,-61.225,21,0,0,0,0,0,0,0,0,0,0,0,0,0,0,0,0,0
14_10,10.475,-61.225,22,0,0,0,0,0,0,0,0,0,0,0,0,0,0,0,0,0
14_10,10.475,-61.225,23,0,0,0,0,0,0,0,0,0,0,0,0,0,0,0,0,0
14_10,10.475,-61.225,24,0,0,0,0,0,0,0,0,0,0,0,0,0,0,0,0,0
14_10,10.475,-61.225,25,0,0,0,0,0,0,0,0,0,0,0,0,0,0,0,0,0
14_10,10.475,-61.225,26,0,0,0,0,0,0,0,0,0,0,0,0,0,0,0,0,0
14_10,10.475,-61.225,27,0,0,0,0,0,0,0,0,0,0,0,0,0,0,0,0,0
14_10,10.475,-61.225,28,0,0,0,0,0,0,0,0,0,0,0,0,0,0,0,0,0
14_10,10.475,-61.225,29,0,0,0,0,0,0,0,0,0,0,0,0,0,0,0,0,0
14_10,10.475,-61.225,30,0,0,0,0,0,0,0,0,0,0,0,0,0,0,0,0,0
14_10,10.475,-61.225,31,0,0,0,0,0,0,0,0,0,0,0,0,0,0,0,0,0
14_10,10.475,-61.225,32,0,0,0,0,0,0,0,0,0,0,0,0,0,0,0,0,0
14_10,10.475,-61.225,33,0,0,0,0,0,0,0,0,0,0,0,0,0,0,0,0,0
14_10,10.475,-61.225,34,0,0,0,0,0,0,0,0,0,0,0,0,0,0,0,0,0
14_10,10.475,-61.225,35,0,0,0,0,0,0,0,0,0,0,0,0,0,0,0,0,0
14_10,10.475,-61.225,36,0,0,0,0,0,0,0,0,0,0,0,0,0,0,0,0,0
14_10,10.475,-61.225,37,0,0,0,0,0,0,0,0,0,0,0,0,0,0,0,0,0
14_10,10.475,-61.225,38,0,0,0,0,0,0,0,0,0,0,0,0,0,0,0,0,0
14_10,10.475,-61.225,39,0,0,0,0,0,0,0,0,0,0,0,0,0,0,0,0,0
14_10,10.475,-61.225,40,0,0,0,0,0,0,0,0,0,0,0,0,0,0,0,0,0
14_10,10.475,-61.225,41,0,0,0,0,0,0,0,0,0,0,0,0,0,0,0,0,0
14_10,10.475,-61.225,42,0,0,0,0,0,0,0,0,0,0,0,0,0,0,0,0,0
14_10,10.475,-61.225,43,0,0,0,0,0,0,0,0,0,0,0,0,0,0,0,0,0
14_10,10.475,-61.225,44,0,0,0,0,0,0,0,0,0,0,0,0,0,0,0,0,0
14_10,10.475,-61.225,45,0,0,0,0,0,0,0,0,0,0,0,0,0,0,0,0,0
14_10,10.475,-61.225,46,0,0,0,0,0,0,0,0,0,0,0,0,0,0,0,0,0
14_10,10.475,-61.225,47,0,0,0,0,0,0,0,0,0,0,0,0,0,0,0,0,0
14_10,10.475,-61.225,48,0,0,0,0,0,0,0,0,0,0,0,0,0,0,0,0,0
14_10,10.475,-61.225,49,0,0,0,0,0,0,0,0,0,0,0,0,0,0,0,0,0
14_10,10.475,-61.225,50,0,0,0,0,0,0,0,0,0,0,0,0,0,0,0,0,0
14_10,10.475,-61.225,51,0,0,0,0,0,0,0,0,0,0,0,0,0,0,0,0,0
14_10,10.475,-61.225,52,0,0,0,0,0,0,0,0,0,0,0,0,0,0,0,0,0
14_11,10.525,-61.225,0,0,0,,,,,,,,0,,,,,,,
14_11,10.525,-61.225,1,0,0,0,,,,,,,0,0,,,,,,
14_11,10.525,-61.225,2,0,0,0,0,,,,,,0,0,0,,,,,
14_11,10.525,-61.225,3,0,0,0,0,0,,,,,0,0,0,0,,,,
14_11,10.525,-61.225,4,0,0,0,0,0,0,,,,0,0,0,0,0,,,
14_11,10.525,-61.225,5,0,0,0,0,0,0,0,,,0,0,0,0,0,0,,
14_11,10.525,-61.225,6,0,0,0,0,0,0,0,0,,0,0,0,0,0,0,0,
14_11,10.525,-61.225,7,0,0,0,0,0,0,0,0,0,0,0,0,0,0,0,0,0
14_11,10.525,-61.225,8,0,0,0,0,0,0,0,0,0,0,0,0,0,0,0,0,0
14_11,10.525,-61.225,9,0,0,0,0,0,0,0,0,0,0,0,0,0,0,0,0,0
14_11,10.525,-61.225,10,0,0,0,0,0,0,0,0,0,0,0,0,0,0,0,0,0
14_11,10.525,-61.225,11,0,0,0,0,0,0,0,0,0,0,0,0,0,0,0,0,0
14_11,10.525,-61.225,12,0,0,0,0,0,0,0,0,0,0,0,0,0,0,0,0,0
14_11,10.525,-61.225,13,0,0,0,0,0,0,0,0,0,0,0,0,0,0,0,0,0
14_11,10.525,-61.225,14,0,0,0,0,0,0,0,0,0,0,0,0,0,0,0,0,0
14_11,10.525,-61.225,15,0,0,0,0,0,0,0,0,0,0,0,0,0,0,0,0,0
14_11,10.525,-61.225,16,0,0,0,0,0,0,0,0,0,0,0,0,0,0,0,0,0
14_11,10.525,-61.225,17,0,0,0,0,0,0,0,0,0,0,0,0,0,0,0,0,0
14_11,10.525,-61.225,18,0,0,0,0,0,0,0,0,0,0,0,0,0,0,0,0,0
14_11,10.525,-61.225,19,0,0,0,0,0,0,0,0,0,0,0,0,0,0,0,0,0
14_11,10.525,-61.225,20,0,0,0,0,0,0,0,0,0,0,0,0,0,0,0,0,0
14_11,10.525,-61.225,21,0,0,0,0,0,0,0,0,0,0,0,0,0,0,0,0,0
14_11,10.525,-61.225,22,0,0,0,0,0,0,0,0,0,0,0,0,0,0,0,0,0
14_11,10.525,-61.225,23,0,0,0,0,0,0,0,0,0,0,0,0,0,0,0,0,0
14_11,10.525,-61.225,24,0,0,0,0,0,0,0,0,0,0,0,0,0,0,0,0,0
14_11,10.525,-61.225,25,0,0,0,0,0,0,0,0,0,0,0,0,0,0,0,0,0
14_11,10.525,-61.225,26,0,0,0,0,0,0,0,0,0,0,0,0,0,0,0,0,0
14_11,10.525,-61.225,27,0,0,0,0,0,0,0,0,0,0,0,0,0,0,0,0,0
14_11,10.525,-61.225,28,0,0,0,0,0,0,0,0,0,0,0,0,0,0,0,0,0
14_11,10.525,-61.225,29,0,0,0,0,0,0,0,0,0,0,0,0,0,0,0,0,0
14_11,10.525,-61.225,30,0,0,0,0,0,0,0,0,0,0,0,0,0,0,0,0,0
14_11,10.525,-61.225,31,0,0,0,0,0,0,0,0,0,0,0,0,0,0,0,0,0
14_11,10.525,-61.225,32,0,0,0,0,0,0,0,0,0,0,0,0,0,0,0,0,0
14_11,10.525,-61.225,33,0,0,0,0,0,0,0,0,0,0,0,0,0,0,0,0,0
14_11,10.525,-61.225,34,0,0,0,0,0,0,0,0,0,0,0,0,0,0,0,0,0
14_11,10.525,-61.225,35,0,0,0,0,0,0,0,0,0,0,0,0,0,0,0,0,0
14_11,10.525,-61.225,36,0,0,0,0,0,0,0,0,0,0,0,0,0,0,0,0,0
14_11,10.525,-61.225,37,0,0,0,0,0,0,0,0,0,0,0,0,0,0,0,0,0
14_11,10.525,-61.225,38,0,0,0,0,0,0,0,0,0,0,0,0,0,0,0,0,0
14_11,10.525,-61.225,39,0,0,0,0,0,0,0,0,0,0,0,0,0,0,0,0,0
14_11,10.525,-61.225,40,0,0,0,0,0,0,0,0,0,0,0,0,0,0,0,0,0
14_11,10.525,-61.225,41,0,0,0,0,0,0,0,0,0,0,0,0,0,0,0,0,0
14_11,10.525,-61.225,42,0,0,0,0,0,0,0,0,0,0,0,0,0,0,0,0,0
14_11,10.525,-61.225,43,0,0,0,0,0,0,0,0,0,0,0,0,0,0,0,0,0
14_11,10.525,-61.225,44,0,0,0,0,0,0,0,0,0,0,0,0,0,0,0,0,0
14_11,10.525,-61.225,45,0,0,0,0,0,0,0,0,0,0,0,0,0,0,0,0,0
14_11,10.525,-61.225,46,0,0,0,0,0,0,0,0,0,0,0,0,0,0,0,0,0
14_11,10.525,-61.225,47,0,0,0,0,0,0,0,0,0,0,0,0,0,0,0,0,0
14_11,10.525,-61.225,48,0,0,0,0,0,0,0,0,0,0,0,0,0,0,0,0,0
14_11,10.525,-61.225,49,0,0,0,0,0,0,0,0,0,0,0,0,0,0,0,0,0
14_11,10.525,-61.225,50,0,0,0,0,0,0,0,0,0,0,0,0,0,0,0,0,0
14_11,10.525,-61.225,51,0,0,0,0,0,0,0,0,0,0,0,0,0,0,0,0,0
14_11,10.525,-61.225,52,0,0,0,0,0,0,0,0,0,0,0,0,0,0,0,0,0
14_12,10.575,-61.225,0,0,0,,,,,,,,0,,,,,,,
14_12,10.575,-61.225,1,1,0,0,,,,,,,0,0,,,,,,
14_12,10.575,-61.225,2,0,0,0,0,,,,,,0,0,0,,,,,
14_12,10.575,-61.225,3,0,0,0,0,0,,,,,0,0,0,0,,,,
14_12,10.575,-61.225,4,0,0,0,0,0,0,,,,0,0,0,0,0,,,
14_12,10.575,-61.225,5,0,0,0,0,0,0,0,,,0,0,0,0,0,0,,
14_12,10.575,-61.225,6,0,0,0,0,0,0,0,0,,0,0,0,0,0,0,0,
14_12,10.575,-61.225,7,1,0,0,0,0,0,0,0,0,0,0,0,0,0,0,0,0
14_12,10.575,-61.225,8,0,0,0,0,0,0,0,0,0,0,0,0,0,0,0,0,0
14_12,10.575,-61.225,9,0,0,0,0,0,0,0,0,0,0,0,0,0,0,0,0,0
14_12,10.575,-61.225,10,0,0,0,0,0,0,0,0,0,0,0,0,0,0,0,0,0
14_12,10.575,-61.225,11,0,0,0,0,0,0,0,0,0,0,0,0,0,0,0,0,0
14_12,10.575,-61.225,12,0,0,0,0,0,0,0,0,0,0,0,0,0,0,0,0,0
14_12,10.575,-61.225,13,0,0,0,0,0,0,0,0,0,0,0,0,0,0,0,0,0
14_12,10.575,-61.225,14,0,0,0,0,0,0,0,0,0,0,0,0,0,0,0,0,0
14_12,10.575,-61.225,15,0,0,0,0,0,0,0,0,0,0,0,0,0,0,0,0,0
14_12,10.575,-61.225,16,0,0,0,0,0,0,0,0,0,0,0,0,0,0,0,0,0
14_12,10.575,-61.225,17,0,0,0,0,0,0,0,0,0,0,0,0,0,0,0,0,0
14_12,10.575,-61.225,18,0,0,0,0,0,0,0,0,0,0,0,0,0,0,0,0,0
14_12,10.575,-61.225,19,0,0,0,0,0,0,0,0,0,0,0,0,0,0,0,0,0
14_12,10.575,-61.225,20,1,0,0,0,0,0,0,0,0,0,0,0,0,0,0,0,0
14_12,10.575,-61.225,21,0,0,0,0,0,0,0,0,0,0,0,0,0,0,0,0,0
14_12,10.575,-61.225,22,0,0,0,0,0,0,0,0,0,0,0,0,0,0,0,0,0
14_12,10.575,-61.225,23,0,0,0,0,0,0,0,0,0,0,0,0,0,0,0,0,0
14_12,10.575,-61.225,24,0,0,0,0,0,0,0,0,0,0,0,0,0,0,0,0,0
14_12,10.575,-61.225,25,0,0,0,0,0,0,0,0,0,0,0,0,0,0,0,0,0
14_12,10.575,-61.225,26,0,0,0,0,0,0,0,0,0,0,0,0,0,0,0,0,0
14_12,10.575,-61.225,27,0,0,0,0,0,0,0,0,0,0,0,0,0,0,0,0,0
14_12,10.575,-61.225,28,0,0,0,0,0,0,0,0,0,0,0,0,0,0,0,0,0
14_12,10.575,-61.225,29,0,0,0,0,0,0,0,0,0,0,0,0,0,0,0,0,0
14_12,10.575,-61.225,30,0,0,0,0,0,0,0,0,0,0,0,0,0,0,0,0,0
14_12,10.575,-61.225,31,0,0,0,0,0,0,0,0,0,0,0,0,0,0,0,0,0
14_12,10.575,-61.225,32,0,0,0,0,0,0,0,0,0,0,0,0,0,0,0,0,0
14_12,10.575,-61.225,33,0,0,0,0,0,0,0,0,0,0,0,0,0,0,0,0,0
14_12,10.575,-61.225,34,0,0,0,0,0,0,0,0,0,0,0,0,0,0,0,0,0
14_12,10.575,-61.225,35,0,0,0,0,0,0,0,0,0,0,0,0,0,0,0,0,0
14_12,10.575,-61.225,36,0,0,0,0,0,0,0,0,0,0,0,0,0,0,0,0,0
14_12,10.575,-61.225,37,0,0,0,0,0,0,0,0,0,0,0,0,0,0,0,0,0
14_12,10.575,-61.225,38,0,0,0,0,0,0,0,0,0,0,0,0,0,0,0,0,0
14_12,10.575,-61.225,39,0,0,0,0,0,0,0,0,0,0,0,0,0,0,0,0,0
14_12,10.575,-61.225,40,0,0,0,0,0,0,0,0,0,0,0,0,0,0,0,0,0
14_12,10.575,-61.225,41,0,0,0,0,0,0,0,0,0,0,0,0,0,0,0,0,0
14_12,10.575,-61.225,42,0,0,0,0,0,0,0,0,0,0,0,0,0,0,0,0,0
14_12,10.575,-61.225,43,0,0,0,0,0,0,0,0,0,0,0,0,0,0,0,0,0
14_12,10.575,-61.225,44,0,0,0,0,0,0,0,0,0,0,0,0,0,0,0,0,0
14_12,10.575,-61.225,45,0,0,0,0,0,0,0,0,0,0,0,0,0,0,0,0,0
14_12,10.575,-61.225,46,0,0,0,0,0,0,0,0,0,0,0,0,0,0,0,0,0
14_12,10.575,-61.225,47,0,0,0,0,0,0,0,0,0,0,0,0,0,0,0,0,0
14_12,10.575,-61.225,48,0,0,0,0,0,0,0,0,0,0,0,0,0,0,0,0,0
14_12,10.575,-61.225,49,0,0,0,0,0,0,0,0,0,0,0,0,0,0,0,0,0
14_12,10.575,-61.225,50,0,0,0,0,0,0,0,0,0,0,0,0,0,0,0,0,0
14_12,10.575,-61.225,51,0,0,0,0,0,0,0,0,0,0,0,0,0,0,0,0,0
14_12,10.575,-61.225,52,0,0,0,0,0,0,0,0,0,0,0,0,0,0,0,0,0
14_13,10.625,-61.225,0,2,0,,,,,,,,0,,,,,,,
14_13,10.625,-61.225,1,0,0,0,,,,,,,0,0,,,,,,
14_13,10.625,-61.225,2,0,0,0,0,,,,,,0,0,0,,,,,
14_13,10.625,-61.225,3,1,0,0,0,0,,,,,0,0,0,0,,,,
14_13,10.625,-61.225,4,0,0,0,0,0,0,,,,0,0,0,0,0,,,
14_13,10.625,-61.225,5,0,0,0,0,0,0,0,,,0,0,0,0,0,0,,
14_13,10.625,-61.225,6,0,0,0,0,0,0,0,0,,0,0,0,0,0,0,0,
14_13,10.625,-61.225,7,0,0,0,0,0,0,0,0,0,0,0,0,0,0,0,0,0
14_13,10.625,-61.225,8,0,0,0,0,0,0,0,0,0,0.5845509004216165,0,0,0,0,0,0,0
14_13,10.625,-61.225,9,1,0,0,0,0,0,0,0,0,0,0.5845509004216165,0,0,0,0,0,0
14_13,10.625,-61.225,10,0,0,0,0,0,0,0,0,0,0,0,0.5845509004216165,0,0,0,0,0
14_13,10.625,-61.225,11,0,0,0,0,0,0,0,0,0,0,0,0,0.5845509004216165,0,0,0,0
14_13,10.625,-61.225,12,0,0,0,0,0,0,0,0,0,0,0,0,0,0.5845509004216165,0,0,0
14_13,10.625,-61.225,13,1,0,0,0,0,0,0,0,0,0,0,0,0,0,0.5845509004216165,0,0
14_13,10.625,-61.225,14,0,0,0,0,0,0,0,0,0,0,0,0,0,0,0,0.5845509004216165,0
14_13,10.625,-61.225,15,0,0,0,0,0,0,0,0,0,0,0,0,0,0,0,0,0.5845509004216165
14_13,10.625,-61.225,16,0,0,0,0,0,0,0,0,0,0,0,0,0,0,0,0,0
14_13,10.625,-61.225,17,0,0,0,0,0,0,0,0,0,0,0,0,0,0,0,0,0
14_13,10.625,-61.225,18,1,0,0,0,0,0,0,0,0,0,0,0,0,0,0,0,0
14_13,10.625,-61.225,19,0,0,0,0,0,0,0,0,0,0,0,0,0,0,0,0,0
14_13,10.625,-61.225,20,0,0,0,0,0,0,0,0,0,0,0,0,0,0,0,0,0
14_13,10.625,-61.225,21,0,0,0,0,0,0,0,0,0,0,0,0,0,0,0,0,0
14_13,10.625,-61.225,22,0,0,0,0,0,0,0,0,0,0,0,0,0,0,0,0,0
14_13,10.625,-61.225,23,0,0,0,0,0,0,0,0,0,0,0,0,0,0,0,0,0
14_13,10.625,-61.225,24,0,0,0,0,0,0,0,0,0,0,0,0,0,0,0,0,0
14_13,10.625,-61.225,25,0,0,0,0,0,0,0,0,0,0,0,0,0,0,0,0,0
14_13,10.625,-61.225,26,1,0,0,0,0,0,0,0,0,0,0,0,0,0,0,0,0
14_13,10.625,-61.225,27,0,0,0,0,0,0,0,0,0,0,0,0,0,0,0,0,0
14_13,10.625,-61.225,28,0,0,0,0,0,0,0,0,0,0,0,0,0,0,0,0,0
14_13,10.625,-61.225,29,0,0,0,0,0,0,0,0,0,0,0,0,0,0,0,0,0
14_13,10.625,-61.225,30,0,0,0,0,0,0,0,0,0,0.17489898375313195,0,0,0,0,0,0,0
14_13,10.625,-61.225,31,0,0,0,0,0,0,0,0,0,0,0.17489898375313195,0,0,0,0,0,0
14_13,10.625,-61.225,32,1,0,0,0,0,0,0,0,0,0.3582030543940644,0,0.17489898375313195,0,0,0,0,0
14_13,10.625,-61.225,33,0,0,0,0,0,0,0,0,0,0.3644847528100873,0.3582030543940644,0,0.17489898375313195,0,0,0,0
14_13,10.625,-61.225,34,0,0,0,0,0,0,0,0,0,0,0.3644847528100873,0.3582030543940644,0,0.17489898375313195,0,0,0
14_13,10.625,-61.225,35,0,0,0,0,0,0,0,0,0,0,0,0.3644847528100873,0.3582030543940644,0,0.17489898375313195,0,0
14_13,10.625,-61.225,36,0,1,0,0,0,0,0,0,0,0,0,0,0.3644847528100873,0.3582030543940644,0,0.17489898375313195,0
14_13,10.625,-61.225,37,0,0,1,0,0,0,0,0,0,0,0,0,0,0.3644847528100873,0.3582030543940644,0,0.17489898375313195
14_13,10.625,-61.225,38,0,0,0,1,0,0,0,0,0,0,0,0,0,0,0.3644847528100873,0.3582030543940644,0
14_13,10.625,-61.225,39,0,0,0,0,1,0,0,0,0,0,0,0,0,0,0,0.3644847528100873,0.3582030543940644
14_13,10.625,-61.225,40,1,0,0,0,0,1,0,0,0,0,0,0,0,0,0,0,0.3644847528100873
14_13,10.625,-61.225,41,0,0,0,0,0,0,1,0,0,0,0,0,0,0,0,0,0
14_13,10.625,-61.225,42,0,0,0,0,0,0,0,1,0,0,0,0,0,0,0,0,0
14_13,10.625,-61.225,43,1,0,0,0,0,0,0,0,1,0,0,0,0,0,0,0,0
14_13,10.625,-61.225,44,0,0,0,0,0,0,0,0,0,0,0,0,0,0,0,0,0
14_13,10.625,-61.225,45,0,0,0,0,0,0,0,0,0,0,0,0,0,0,0,0,0
14_13,10.625,-61.225,46,0,0,0,0,0,0,0,0,0,0,0,0,0,0,0,0,0
14_13,10.625,-61.225,47,1,0,0,0,0,0,0,0,0,0,0,0,0,0,0,0,0
14_13,10.625,-61.225,48,0,0,0,0,0,0,0,0,0,0,0,0,0,0,0,0,0
14_13,10.625,-61.225,49,1,0,0,0,0,0,0,0,0,0,0,0,0,0,0,0,0
14_13,10.625,-61.225,50,0,0,0,0,0,0,0,0,0,0,0,0,0,0,0,0,0
14_13,10.625,-61.225,51,0,0,0,0,0,0,0,0,0,0,0,0,0,0,0,0,0
14_13,10.625,-61.225,52,0,0,0,0,0,0,0,0,0,0,0,0,0,0,0,0,0
14_14,10.675,-61.225,0,0,0,,,,,,,,0,,,,,,,
14_14,10.675,-61.225,1,0,0,0,,,,,,,0,0,,,,,,
14_14,10.675,-61.225,2,0,0,0,0,,,,,,0,0,0,,,,,
14_14,10.675,-61.225,3,0,0,0,0,0,,,,,0,0,0,0,,,,
14_14,10.675,-61.225,4,1,0,0,0,0,0,,,,0,0,0,0,0,,,
14_14,10.675,-61.225,5,0,0,0,0,0,0,0,,,0,0,0,0,0,0,,
14_14,10.675,-61.225,6,0,0,0,0,0,0,0,0,,0,0,0,0,0,0,0,
14_14,10.675,-61.225,7,2,0,0,0,0,0,0,0,0,0,0,0,0,0,0,0,0
14_14,10.675,-61.225,8,0,0,0,0,0,0,0,0,0,0.7114708343857321,0,0,0,0,0,0,0
14_14,10.675,-61.225,9,0,0,0,0,0,0,0,0,0,0,0.7114708343857321,0,0,0,0,0,0
14_14,10.675,-61.225,10,0,0,0,0,0,0,0,0,0,0,0,0.7114708343857321,0,0,0,0,0
14_14,10.675,-61.225,11,0,0,0,0,0,0,0,0,0,0,0,0,0.7114708343857321,0,0,0,0
14_14,10.675,-61.225,12,0,0,0,0,0,0,0,0,0,0,0,0,0,0.7114708343857321,0,0,0
14_14,10.675,-61.225,13,0,0,0,0,0,0,0,0,0,0,0,0,0,0,0.7114708343857321,0,0
14_14,10.675,-61.225,14,0,0,0,0,0,0,0,0,0,0,0,0,0,0,0,0.7114708343857321,0
14_14,10.675,-61.225,15,0,0,0,0,0,0,0,0,0,0,0,0,0,0,0,0,0.7114708343857321
14_14,10.675,-61.225,16,0,0,0,0,0,0,0,0,0,0,0,0,0,0,0,0,0
14_14,10.675,-61.225,17,0,0,0,0,0,0,0,0,0,0,0,0,0,0,0,0,0
14_14,10.675,-61.225,18,1,0,0,0,0,0,0,0,0,0,0,0,0,0,0,0,0
14_14,10.675,-61.225,19,0,0,0,0,0,0,0,0,0,0,0,0,0,0,0,0,0
14_14,10.675,-61.225,20,0,0,0,0,0,0,0,0,0,0,0,0,0,0,0,0,0
14_14,10.675,-61.225,21,0,0,0,0,0,0,0,0,0,0,0,0,0,0,0,0,0
14_14,10.675,-61.225,22,0,0,0,0,0,0,0,0,0,0,0,0,0,0,0,0,0
14_14,10.675,-61.225,23,0,0,0,0,0,0,0,0,0,0,0,0,0,0,0,0,0
14_14,10.675,-61.225,24,1,0,0,0,0,0,0,0,0,0,0,0,0,0,0,0,0
14_14,10.675,-61.225,25,0,0,0,0,0,0,0,0,0,0,0,0,0,0,0,0,0
14_14,10.675,-61.225,26,0,0,0,0,0,0,0,0,0,0,0,0,0,0,0,0,0
14_14,10.675,-61.225,27,0,0,0,0,0,0,0,0,0,0,0,0,0,0,0,0,0
14_14,10.675,-61.225,28,1,0,0,0,0,0,0,0,0,0,0,0,0,0,0,0,0
14_14,10.675,-61.225,29,0,0,0,0,0,0,0,0,0,0,0,0,0,0,0,0,0
14_14,10.675,-61.225,30,0,0,0,0,0,0,0,0,0,0.18668128726943722,0,0,0,0,0,0,0
14_14,10.675,-61.225,31,0,0,0,0,0,0,0,0,0,0,0.18668128726943722,0,0,0,0,0,0
14_14,10.675,-61.225,32,0,0,0,0,0,0,0,0,0,0.18668128726943722,0,0.18668128726943722,0,0,0,0,0
14_14,10.675,-61.225,33,1,0,0,0,0,0,0,0,0,0.3462963002898329,0.18668128726943722,0,0.18668128726943722,0,0,0,0
14_14,10.675,-61.225,34,0,0,0,0,0,0,0,0,0,0,0.3462963002898329,0.18668128726943722,0,0.18668128726943722,0,0,0
14_14,10.675,-61.225,35,1,0,0,0,0,0,0,0,0,0,0,0.3462963002898329,0.18668128726943722,0,0.18668128726943722,0,0
14_14,10.675,-61.225,36,0,0,0,0,0,0,0,0,0,0.20292327322179066,0,0,0.3462963002898329,0.18668128726943722,0,0.18668128726943722,0
14_14,10.675,-61.225,37,0,0,0,0,0,0,0,0,0,0,0.20292327322179066,0,0,0.3462963002898329,0.18668128726943722,0,0.18668128726943722
14_14,10.675,-61.225,38,0,0,0,0,0,0,0,0,0,0,0,0.20292327322179066,0,0,0.3462963002898329,0.18668128726943722,0
14_14,10.675,-61.225,39,1,0,0,0,0,0,0,0,0,0,0,0,0.20292327322179066,0,0,0.3462963002898329,0.18668128726943722
14_14,10.675,-61.225,40,1,0,0,0,0,0,0,0,0,0,0,0,0,0.20292327322179066,0,0,0.3462963002898329
14_14,10.675,-61.225,41,1,0,0,0,0,0,0,0,0,0,0,0,0,0,0.20292327322179066,0,0
14_14,10.675,-61.225,42,0,0,0,0,0,0,0,0,0,0,0,0,0,0,0,0.20292327322179066,0
14_14,10.675,-61.225,43,2,0,0,0,0,0,0,0,0,0,0,0,0,0,0,0,0.20292327322179066
14_14,10.675,-61.225,44,2,0,0,0,0,0,0,0,0,0,0,0,0,0,0,0,0
14_14,10.675,-61.225,45,2,0,0,0,0,0,0,0,0,0,0,0,0,0,0,0,0
14_14,10.675,-61.225,46,0,0,0,0,0,0,0,0,0,0,0,0,0,0,0,0,0
14_14,10.675,-61.225,47,0,0,0,0,0,0,0,0,0,0,0,0,0,0,0,0,0
14_14,10.675,-61.225,48,0,0,0,0,0,0,0,0,0,0,0,0,0,0,0,0,0
14_14,10.675,-61.225,49,0,0,0,0,0,0,0,0,0,0,0,0,0,0,0,0,0
14_14,10.675,-61.225,50,0,0,0,0,0,0,0,0,0,0,0,0,0,0,0,0,0
14_14,10.675,-61.225,51,0,0,0,0,0,0,0,0,0,0,0,0,0,0,0,0,0
14_14,10.675,-61.225,52,0,0,0,0,0,0,0,0,0,0,0,0,0,0,0,0,0
14_15,10.725,-61.225,0,0,0,,,,,,,,0,,,,,,,
14_15,10.725,-61.225,1,0,0,0,,,,,,,0,0,,,,,,
14_15,10.725,-61.225,2,0,0,0,0,,,,,,0,0,0,,,,,
14_15,10.725,-61.225,3,0,0,0,0,0,,,,,0,0,0,0,,,,
14_15,10.725,-61.225,4,0,0,0,0,0,0,,,,0,0,0,0,0,,,
14_15,10.725,-61.225,5,0,0,0,0,0,0,0,,,0,0,0,0,0,0,,
14_15,10.725,-61.225,6,0,0,0,0,0,0,0,0,,0,0,0,0,0,0,0,
14_15,10.725,-61.225,7,0,0,0,0,0,0,0,0,0,0,0,0,0,0,0,0,0
14_15,10.725,-61.225,8,0,0,0,0,0,0,0,0,0,0,0,0,0,0,0,0,0
14_15,10.725,-61.225,9,0,0,0,0,0,0,0,0,0,0,0,0,0,0,0,0,0
14_15,10.725,-61.225,10,0,0,0,0,0,0,0,0,0,0,0,0,0,0,0,0,0
14_15,10.725,-61.225,11,0,0,0,0,0,0,0,0,0,0,0,0,0,0,0,0,0
14_15,10.725,-61.225,12,0,0,0,0,0,0,0,0,0,0,0,0,0,0,0,0,0
14_15,10.725,-61.225,13,0,0,0,0,0,0,0,0,0,0,0,0,0,0,0,0,0
14_15,10.725,-61.225,14,0,0,0,0,0,0,0,0,0,0,0,0,0,0,0,0,0
14_15,10.725,-61.225,15,0,0,0,0,0,0,0,0,0,0,0,0,0,0,0,0,0
14_15,10.725,-61.225,16,0,0,0,0,0,0,0,0,0,0,0,0,0,0,0,0,0
14_15,10.725,-61.225,17,0,0,0,0,0,0,0,0,0,0,0,0,0,0,0,0,0
14_15,10.725,-61.225,18,0,0,0,0,0,0,0,0,0,0,0,0,0,0,0,0,0
14_15,10.725,-61.225,19,0,0,0,0,0,0,0,0,0,0,0,0,0,0,0,0,0
14_15,10.725,-61.225,20,0,0,0,0,0,0,0,0,0,0,0,0,0,0,0,0,0
14_15,10.725,-61.225,21,0,0,0,0,0,0,0,0,0,0,0,0,0,0,0,0,0
14_15,10.725,-61.225,22,0,0,0,0,0,0,0,0,0,0,0,0,0,0,0,0,0
14_15,10.725,-61.225,23,0,0,0,0,0,0,0,0,0,0,0,0,0,0,0,0,0
14_15,10.725,-61.225,24,0,0,0,0,0,0,0,0,0,0,0,0,0,0,0,0,0
14_15,10.725,-61.225,25,0,0,0,0,0,0,0,0,0,0,0,0,0,0,0,0,0
14_15,10.725,-61.225,26,0,0,0,0,0,0,0,0,0,0,0,0,0,0,0,0,0
14_15,10.725,-61.225,27,0,0,0,0,0,0,0,0,0,0,0,0,0,0,0,0,0
14_15,10.725,-61.225,28,0,0,0,0,0,0,0,0,0,0,0,0,0,0,0,0,0
14_15,10.725,-61.225,29,0,0,0,0,0,0,0,0,0,0,0,0,0,0,0,0,0
14_15,10.725,-61.225,30,0,0,0,0,0,0,0,0,0,0,0,0,0,0,0,0,0
14_15,10.725,-61.225,31,0,0,0,0,0,0,0,0,0,0,0,0,0,0,0,0,0
14_15,10.725,-61.225,32,0,0,0,0,0,0,0,0,0,0,0,0,0,0,0,0,0
14_15,10.725,-61.225,33,0,0,0,0,0,0,0,0,0,0,0,0,0,0,0,0,0
14_15,10.725,-61.225,34,0,0,0,0,0,0,0,0,0,0,0,0,0,0,0,0,0
14_15,10.725,-61.225,35,0,0,0,0,0,0,0,0,0,0,0,0,0,0,0,0,0
14_15,10.725,-61.225,36,0,0,0,0,0,0,0,0,0,0,0,0,0,0,0,0,0
14_15,10.725,-61.225,37,0,0,0,0,0,0,0,0,0,0,0,0,0,0,0,0,0
14_15,10.725,-61.225,38,0,0,0,0,0,0,0,0,0,0,0,0,0,0,0,0,0
14_15,10.725,-61.225,39,0,0,0,0,0,0,0,0,0,0,0,0,0,0,0,0,0
14_15,10.725,-61.225,40,0,0,0,0,0,0,0,0,0,0,0,0,0,0,0,0,0
14_15,10.725,-61.225,41,0,0,0,0,0,0,0,0,0,0,0,0,0,0,0,0,0
14_15,10.725,-61.225,42,0,0,0,0,0,0,0,0,0,0,0,0,0,0,0,0,0
14_15,10.725,-61.225,43,0,0,0,0,0,0,0,0,0,0,0,0,0,0,0,0,0
14_15,10.725,-61.225,44,0,0,0,0,0,0,0,0,0,0,0,0,0,0,0,0,0
14_15,10.725,-61.225,45,0,0,0,0,0,0,0,0,0,0,0,0,0,0,0,0,0
14_15,10.725,-61.225,46,0,0,0,0,0,0,0,0,0,0,0,0,0,0,0,0,0
14_15,10.725,-61.225,47,0,0,0,0,0,0,0,0,0,0,0,0,0,0,0,0,0
14_15,10.725,-61.225,48,0,0,0,0,0,0,0,0,0,0,0,0,0,0,0,0,0
14_15,10.725,-61.225,49,0,0,0,0,0,0,0,0,0,0,0,0,0,0,0,0,0
14_15,10.725,-61.225,50,0,0,0,0,0,0,0,0,0,0,0,0,0,0,0,0,0
14_15,10.725,-61.225,51,0,0,0,0,0,0,0,0,0,0,0,0,0,0,0,0,0
14_15,10.725,-61.225,52,0,0,0,0,0,0,0,0,0,0,0,0,0,0,0,0,0
14_16,10.775,-61.225,0,0,0,,,,,,,,0,,,,,,,
14_16,10.775,-61.225,1,0,0,0,,,,,,,0,0,,,,,,
14_16,10.775,-61.225,2,0,0,0,0,,,,,,0,0,0,,,,,
14_16,10.775,-61.225,3,0,0,0,0,0,,,,,0,0,0,0,,,,
14_16,10.775,-61.225,4,0,0,0,0,0,0,,,,0,0,0,0,0,,,
14_16,10.775,-61.225,5,0,0,0,0,0,0,0,,,0,0,0,0,0,0,,
14_16,10.775,-61.225,6,0,0,0,0,0,0,0,0,,0,0,0,0,0,0,0,
14_16,10.775,-61.225,7,0,0,0,0,0,0,0,0,0,0,0,0,0,0,0,0,0
14_16,10.775,-61.225,8,0,0,0,0,0,0,0,0,0,0,0,0,0,0,0,0,0
14_16,10.775,-61.225,9,0,0,0,0,0,0,0,0,0,0,0,0,0,0,0,0,0
14_16,10.775,-61.225,10,0,0,0,0,0,0,0,0,0,0,0,0,0,0,0,0,0
14_16,10.775,-61.225,11,0,0,0,0,0,0,0,0,0,0,0,0,0,0,0,0,0
14_16,10.775,-61.225,12,0,0,0,0,0,0,0,0,0,0,0,0,0,0,0,0,0
14_16,10.775,-61.225,13,0,0,0,0,0,0,0,0,0,0,0,0,0,0,0,0,0
14_16,10.775,-61.225,14,0,0,0,0,0,0,0,0,0,0,0,0,0,0,0,0,0
14_16,10.775,-61.225,15,0,0,0,0,0,0,0,0,0,0,0,0,0,0,0,0,0
14_16,10.775,-61.225,16,0,0,0,0,0,0,0,0,0,0,0,0,0,0,0,0,0
14_16,10.775,-61.225,17,0,0,0,0,0,0,0,0,0,0,0,0,0,0,0,0,0
14_16,10.775,-61.225,18,0,0,0,0,0,0,0,0,0,0,0,0,0,0,0,0,0
14_16,10.775,-61.225,19,0,0,0,0,0,0,0,0,0,0,0,0,0,0,0,0,0
14_16,10.775,-61.225,20,0,0,0,0,0,0,0,0,0,0,0,0,0,0,0,0,0
14_16,10.775,-61.225,21,0,0,0,0,0,0,0,0,0,0,0,0,0,0,0,0,0
14_16,10.775,-61.225,22,0,0,0,0,0,0,0,0,0,0,0,0,0,0,0,0,0
14_16,10.775,-61.225,23,0,0,0,0,0,0,0,0,0,0,0,0,0,0,0,0,0
14_16,10.775,-61.225,24,0,0,0,0,0,0,0,0,0,0,0,0,0,0,0,0,0
14_16,10.775,-61.225,25,0,0,0,0,0,0,0,0,0,0,0,0,0,0,0,0,0
14_16,10.775,-61.225,26,0,0,0,0,0,0,0,0,0,0,0,0,0,0,0,0,0
14_16,10.775,-61.225,27,0,0,0,0,0,0,0,0,0,0,0,0,0,0,0,0,0
14_16,10.775,-61.225,28,0,0,0,0,0,0,0,0,0,0,0,0,0,0,0,0,0
14_16,10.775,-61.225,29,0,0,0,0,0,0,0,0,0,0,0,0,0,0,0,0,0
14_16,10.775,-61.225,30,0,0,0,0,0,0,0,0,0,0,0,0,0,0,0,0,0
14_16,10.775,-61.225,31,0,0,0,0,0,0,0,0,0,0,0,0,0,0,0,0,0
14_16,10.775,-61.225,32,0,0,0,0,0,0,0,0,0,0,0,0,0,0,0,0,0
14_16,10.775,-61.225,33,0,0,0,0,0,0,0,0,0,0,0,0,0,0,0,0,0
14_16,10.775,-61.225,34,0,0,0,0,0,0,0,0,0,0,0,0,0,0,0,0,0
14_16,10.775,-61.225,35,0,0,0,0,0,0,0,0,0,0,0,0,0,0,0,0,0
14_16,10.775,-61.225,36,0,0,0,0,0,0,0,0,0,0,0,0,0,0,0,0,0
14_16,10.775,-61.225,37,0,0,0,0,0,0,0,0,0,0,0,0,0,0,0,0,0
14_16,10.775,-61.225,38,0,0,0,0,0,0,0,0,0,0,0,0,0,0,0,0,0
14_16,10.775,-61.225,39,0,0,0,0,0,0,0,0,0,0,0,0,0,0,0,0,0
14_16,10.775,-61.225,40,0,0,0,0,0,0,0,0,0,0,0,0,0,0,0,0,0
14_16,10.775,-61.225,41,0,0,0,0,0,0,0,0,0,0,0,0,0,0,0,0,0
14_16,10.775,-61.225,42,0,0,0,0,0,0,0,0,0,0,0,0,0,0,0,0,0
14_16,10.775,-61.225,43,0,0,0,0,0,0,0,0,0,0,0,0,0,0,0,0,0
14_16,10.775,-61.225,44,0,0,0,0,0,0,0,0,0,0,0,0,0,0,0,0,0
14_16,10.775,-61.225,45,0,0,0,0,0,0,0,0,0,0,0,0,0,0,0,0,0
14_16,10.775,-61.225,46,0,0,0,0,0,0,0,0,0,0,0,0,0,0,0,0,0
14_16,10.775,-61.225,47,0,0,0,0,0,0,0,0,0,0,0,0,0,0,0,0,0
14_16,10.775,-61.225,48,0,0,0,0,0,0,0,0,0,0,0,0,0,0,0,0,0
14_16,10.775,-61.225,49,0,0,0,0,0,0,0,0,0,0,0,0,0,0,0,0,0
14_16,10.775,-61.225,50,0,0,0,0,0,0,0,0,0,0,0,0,0,0,0,0,0
14_16,10.775,-61.225,51,0,0,0,0,0,0,0,0,0,0,0,0,0,0,0,0,0
14_16,10.775,-61.225,52,0,0,0,0,0,0,0,0,0,0,0,0,0,0,0,0,0
15_2,10.075,-61.175,0,0,0,,,,,,,,0,,,,,,,
15_2,10.075,-61.175,1,0,0,0,,,,,,,0,0,,,,,,
15_2,10.075,-61.175,2,0,0,0,0,,,,,,0,0,0,,,,,
15_2,10.075,-61.175,3,0,0,0,0,0,,,,,0,0,0,0,,,,
15_2,10.075,-61.175,4,0,0,0,0,0,0,,,,0,0,0,0,0,,,
15_2,10.075,-61.175,5,0,0,0,0,0,0,0,,,0,0,0,0,0,0,,
15_2,10.075,-61.175,6,0,0,0,0,0,0,0,0,,0,0,0,0,0,0,0,
15_2,10.075,-61.175,7,0,0,0,0,0,0,0,0,0,0,0,0,0,0,0,0,0
15_2,10.075,-61.175,8,0,0,0,0,0,0,0,0,0,0,0,0,0,0,0,0,0
15_2,10.075,-61.175,9,0,0,0,0,0,0,0,0,0,0,0,0,0,0,0,0,0
15_2,10.075,-61.175,10,0,0,0,0,0,0,0,0,0,0,0,0,0,0,0,0,0
15_2,10.075,-61.175,11,0,0,0,0,0,0,0,0,0,0,0,0,0,0,0,0,0
15_2,10.075,-61.175,12,0,0,0,0,0,0,0,0,0,0,0,0,0,0,0,0,0
15_2,10.075,-61.175,13,0,0,0,0,0,0,0,0,0,0,0,0,0,0,0,0,0
15_2,10.075,-61.175,14,0,0,0,0,0,0,0,0,0,0,0,0,0,0,0,0,0
15_2,10.075,-61.175,15,0,0,0,0,0,0,0,0,0,0,0,0,0,0,0,0,0
15_2,10.075,-61.175,16,0,0,0,0,0,0,0,0,0,0,0,0,0,0,0,0,0
15_2,10.075,-61.175,17,0,0,0,0,0,0,0,0,0,0,0,0,0,0,0,0,0
15_2,10.075,-61.175,18,0,0,0,0,0,0,0,0,0,0,0,0,0,0,0,0,0
15_2,10.075,-61.175,19,0,0,0,0,0,0,0,0,0,0,0,0,0,0,0,0,0
15_2,10.075,-61.175,20,0,0,0,0,0,0,0,0,0,0,0,0,0,0,0,0,0
15_2,10.075,-61.175,21,0,0,0,0,0,0,0,0,0,0,0,0,0,0,0,0,0
15_2,10.075,-61.175,22,0,0,0,0,0,0,0,0,0,0,0,0,0,0,0,0,0
15_2,10.075,-61.175,23,0,0,0,0,0,0,0,0,0,0,0,0,0,0,0,0,0
15_2,10.075,-61.175,24,0,0,0,0,0,0,0,0,0,0,0,0,0,0,0,0,0
15_2,10.075,-61.175,25,0,0,0,0,0,0,0,0,0,0,0,0,0,0,0,0,0
15_2,10.075,-61.175,26,0,0,0,0,0,0,0,0,0,0,0,0,0,0,0,0,0
15_2,10.075,-61.175,27,0,0,0,0,0,0,0,0,0,0,0,0,0,0,0,0,0
15_2,10.075,-61.175,28,0,0,0,0,0,0,0,0,0,0,0,0,0,0,0,0,0
15_2,10.075,-61.175,29,0,0,0,0,0,0,0,0,0,0,0,0,0,0,0,0,0
15_2,10.075,-61.175,30,0,0,0,0,0,0,0,0,0,0,0,0,0,0,0,0,0
15_2,10.075,-61.175,31,0,0,0,0,0,0,0,0,0,0,0,0,0,0,0,0,0
15_2,10.075,-61.175,32,0,0,0,0,0,0,0,0,0,0,0,0,0,0,0,0,0
15_2,10.075,-61.175,33,0,0,0,0,0,0,0,0,0,0,0,0,0,0,0,0,0
15_2,10.075,-61.175,34,0,0,0,0,0,0,0,0,0,0,0,0,0,0,0,0,0
15_2,10.075,-61.175,35,0,0,0,0,0,0,0,0,0,0,0,0,0,0,0,0,0
15_2,10.075,-61.175,36,0,0,0,0,0,0,0,0,0,0,0,0,0,0,0,0,0
15_2,10.075,-61.175,37,0,0,0,0,0,0,0,0,0,0,0,0,0,0,0,0,0
15_2,10.075,-61.175,38,0,0,0,0,0,0,0,0,0,0,0,0,0,0,0,0,0
15_2,10.075,-61.175,39,0,0,0,0,0,0,0,0,0,0,0,0,0,0,0,0,0
15_2,10.075,-61.175,40,0,0,0,0,0,0,0,0,0,0,0,0,0,0,0,0,0
15_2,10.075,-61.175,41,0,0,0,0,0,0,0,0,0,0,0,0,0,0,0,0,0
15_2,10.075,-61.175,42,0,0,0,0,0,0,0,0,0,0,0,0,0,0,0,0,0
15_2,10.075,-61.175,43,0,0,0,0,0,0,0,0,0,0,0,0,0,0,0,0,0
15_2,10.075,-61.175,44,0,0,0,0,0,0,0,0,0,0,0,0,0,0,0,0,0
15_2,10.075,-61.175,45,0,0,0,0,0,0,0,0,0,0,0,0,0,0,0,0,0
15_2,10.075,-61.175,46,0,0,0,0,0,0,0,0,0,0,0,0,0,0,0,0,0
15_2,10.075,-61.175,47,0,0,0,0,0,0,0,0,0,0,0,0,0,0,0,0,0
15_2,10.075,-61.175,48,0,0,0,0,0,0,0,0,0,0,0,0,0,0,0,0,0
15_2,10.075,-61.175,49,0,0,0,0,0,0,0,0,0,0,0,0,0,0,0,0,0
15_2,10.075,-61.175,50,0,0,0,0,0,0,0,0,0,0,0,0,0,0,0,0,0
15_2,10.075,-61.175,51,0,0,0,0,0,0,0,0,0,0,0,0,0,0,0,0,0
15_2,10.075,-61.175,52,0,0,0,0,0,0,0,0,0,0,0,0,0,0,0,0,0
15_3,10.125,-61.175,0,0,0,,,,,,,,0,,,,,,,
15_3,10.125,-61.175,1,0,0,0,,,,,,,0,0,,,,,,
15_3,10.125,-61.175,2,0,0,0,0,,,,,,0,0,0,,,,,
15_3,10.125,-61.175,3,0,0,0,0,0,,,,,0,0,0,0,,,,
15_3,10.125,-61.175,4,0,0,0,0,0,0,,,,0,0,0,0,0,,,
15_3,10.125,-61.175,5,0,0,0,0,0,0,0,,,0,0,0,0,0,0,,
15_3,10.125,-61.175,6,0,0,0,0,0,0,0,0,,0,0,0,0,0,0,0,
15_3,10.125,-61.175,7,0,0,0,0,0,0,0,0,0,0,0,0,0,0,0,0,0
15_3,10.125,-61.175,8,0,0,0,0,0,0,0,0,0,0,0,0,0,0,0,0,0
15_3,10.125,-61.175,9,0,0,0,0,0,0,0,0,0,0,0,0,0,0,0,0,0
15_3,10.125,-61.175,10,0,0,0,0,0,0,0,0,0,0,0,0,0,0,0,0,0
15_3,10.125,-61.175,11,0,0,0,0,0,0,0,0,0,0,0,0,0,0,0,0,0
15_3,10.125,-61.175,12,0,0,0,0,0,0,0,0,0,0,0,0,0,0,0,0,0
15_3,10.125,-61.175,13,0,0,0,0,0,0,0,0,0,0,0,0,0,0,0,0,0
15_3,10.125,-61.175,14,0,0,0,0,0,0,0,0,0,0,0,0,0,0,0,0,0
15_3,10.125,-61.175,15,0,0,0,0,0,0,0,0,0,0,0,0,0,0,0,0,0
15_3,10.125,-61.175,16,0,0,0,0,0,0,0,0,0,0,0,0,0,0,0,0,0
15_3,10.125,-61.175,17,0,0,0,0,0,0,0,0,0,0,0,0,0,0,0,0,0
15_3,10.125,-61.175,18,0,0,0,0,0,0,0,0,0,0,0,0,0,0,0,0,0
15_3,10.125,-61.175,19,0,0,0,0,0,0,0,0,0,0,0,0,0,0,0,0,0
15_3,10.125,-61.175,20,0,0,0,0,0,0,0,0,0,0,0,0,0,0,0,0,0
15_3,10.125,-61.175,21,0,0,0,0,0,0,0,0,0,0,0,0,0,0,0,0,0
15_3,10.125,-61.175,22,0,0,0,0,0,0,0,0,0,0,0,0,0,0,0,0,0
15_3,10.125,-61.175,23,0,0,0,0,0,0,0,0,0,0,0,0,0,0,0,0,0
15_3,10.125,-61.175,24,0,0,0,0,0,0,0,0,0,0,0,0,0,0,0,0,0
15_3,10.125,-61.175,25,0,0,0,0,0,0,0,0,0,0,0,0,0,0,0,0,0
15_3,10.125,-61.175,26,0,0,0,0,0,0,0,0,0,0,0,0,0,0,0,0,0
15_3,10.125,-61.175,27,0,0,0,0,0,0,0,0,0,0,0,0,0,0,0,0,0
15_3,10.125,-61.175,28,0,0,0,0,0,0,0,0,0,0,0,0,0,0,0,0,0
15_3,10.125,-61.175,29,0,0,0,0,0,0,0,0,0,0,0,0,0,0,0,0,0
15_3,10.125,-61.175,30,0,0,0,0,0,0,0,0,0,0,0,0,0,0,0,0,0
15_3,10.125,-61.175,31,0,0,0,0,0,0,0,0,0,0,0,0,0,0,0,0,0
15_3,10.125,-61.175,32,0,0,0,0,0,0,0,0,0,0,0,0,0,0,0,0,0
15_3,10.125,-61.175,33,0,0,0,0,0,0,0,0,0,0,0,0,0,0,0,0,0
15_3,10.125,-61.175,34,0,0,0,0,0,0,0,0,0,0,0,0,0,0,0,0,0
15_3,10.125,-61.175,35,0,0,0,0,0,0,0,0,0,0,0,0,0,0,0,0,0
15_3,10.125,-61.175,36,0,0,0,0,0,0,0,0,0,0,0,0,0,0,0,0,0
15_3,10.125,-61.175,37,0,0,0,0,0,0,0,0,0,0,0,0,0,0,0,0,0
15_3,10.125,-61.175,38,0,0,0,0,0,0,0,0,0,0,0,0,0,0,0,0,0
15_3,10.125,-61.175,39,0,0,0,0,0,0,0,0,0,0,0,0,0,0,0,0,0
15_3,10.125,-61.175,40,0,0,0,0,0,0,0,0,0,0,0,0,0,0,0,0,0
15_3,10.125,-61.175,41,0,0,0,0,0,0,0,0,0,0,0,0,0,0,0,0,0
15_3,10.125,-61.175,42,0,0,0,0,0,0,0,0,0,0,0,0,0,0,0,0,0
15_3,10.125,-61.175,43,0,0,0,0,0,0,0,0,0,0,0,0,0,0,0,0,0
15_3,10.125,-61.175,44,0,0,0,0,0,0,0,0,0,0,0,0,0,0,0,0,0
15_3,10.125,-61.175,45,0,0,0,0,0,0,0,0,0,0,0,0,0,0,0,0,0
15_3,10.125,-61.175,46,0,0,0,0,0,0,0,0,0,0,0,0,0,0,0,0,0
15_3,10.125,-61.175,47,0,0,0,0,0,0,0,0,0,0,0,0,0,0,0,0,0
15_3,10.125,-61.175,48,0,0,0,0,0,0,0,0,0,0,0,0,0,0,0,0,0
15_3,10.125,-61.175,49,0,0,0,0,0,0,0,0,0,0,0,0,0,0,0,0,0
15_3,10.125,-61.175,50,0,0,0,0,0,0,0,0,0,0,0,0,0,0,0,0,0
15_3,10.125,-61.175,51,0,0,0,0,0,0,0,0,0,0,0,0,0,0,0,0,0
15_3,10.125,-61.175,52,0,0,0,0,0,0,0,0,0,0,0,0,0,0,0,0,0
15_4,10.175,-61.175,0,0,0,,,,,,,,0,,,,,,,
15_4,10.175,-61.175,1,0,0,0,,,,,,,0,0,,,,,,
15_4,10.175,-61.175,2,0,0,0,0,,,,,,0,0,0,,,,,
15_4,10.175,-61.175,3,0,0,0,0,0,,,,,0,0,0,0,,,,
15_4,10.175,-61.175,4,0,0,0,0,0,0,,,,0,0,0,0,0,,,
15_4,10.175,-61.175,5,0,0,0,0,0,0,0,,,0,0,0,0,0,0,,
15_4,10.175,-61.175,6,0,0,0,0,0,0,0,0,,0,0,0,0,0,0,0,
15_4,10.175,-61.175,7,0,0,0,0,0,0,0,0,0,0,0,0,0,0,0,0,0
15_4,10.175,-61.175,8,0,0,0,0,0,0,0,0,0,0,0,0,0,0,0,0,0
15_4,10.175,-61.175,9,0,0,0,0,0,0,0,0,0,0,0,0,0,0,0,0,0
15_4,10.175,-61.175,10,0,0,0,0,0,0,0,0,0,0,0,0,0,0,0,0,0
15_4,10.175,-61.175,11,0,0,0,0,0,0,0,0,0,0,0,0,0,0,0,0,0
15_4,10.175,-61.175,12,0,0,0,0,0,0,0,0,0,0,0,0,0,0,0,0,0
15_4,10.175,-61.175,13,0,0,0,0,0,0,0,0,0,0,0,0,0,0,0,0,0
15_4,10.175,-61.175,14,0,0,0,0,0,0,0,0,0,0,0,0,0,0,0,0,0
15_4,10.175,-61.175,15,0,0,0,0,0,0,0,0,0,0,0,0,0,0,0,0,0
15_4,10.175,-61.175,16,0,0,0,0,0,0,0,0,0,0,0,0,0,0,0,0,0
15_4,10.175,-61.175,17,0,0,0,0,0,0,0,0,0,0,0,0,0,0,0,0,0
15_4,10.175,-61.175,18,0,0,0,0,0,0,0,0,0,0,0,0,0,0,0,0,0
15_4,10.175,-61.175,19,0,0,0,0,0,0,0,0,0,0,0,0,0,0,0,0,0
15_4,10.175,-61.175,20,0,0,0,0,0,0,0,0,0,0,0,0,0,0,0,0,0
15_4,10.175,-61.175,21,0,0,0,0,0,0,0,0,0,0,0,0,0,0,0,0,0
15_4,10.175,-61.175,22,0,0,0,0,0,0,0,0,0,0,0,0,0,0,0,0,0
15_4,10.175,-61.175,23,0,0,0,0,0,0,0,0,0,0,0,0,0,0,0,0,0
15_4,10.175,-61.175,24,0,0,0,0,0,0,0,0,0,0,0,0,0,0,0,0,0
15_4,10.175,-61.175,25,0,0,0,0,0,0,0,0,0,0,0,0,0,0,0,0,0
15_4,10.175,-61.175,26,0,0,0,0,0,0,0,0,0,0,0,0,0,0,0,0,0
15_4,10.175,-61.175,27,0,0,0,0,0,0,0,0,0,0,0,0,0,0,0,0,0
15_4,10.175,-61.175,28,0,0,0,0,0,0,0,0,0,0,0,0,0,0,0,0,0
15_4,10.175,-61.175,29,0,0,0,0,0,0,0,0,0,0,0,0,0,0,0,0,0
15_4,10.175,-61.175,30,0,0,0,0,0,0,0,0,0,0,0,0,0,0,0,0,0
15_4,10.175,-61.175,31,0,0,0,0,0,0,0,0,0,0,0,0,0,0,0,0,0
15_4,10.175,-61.175,32,0,0,0,0,0,0,0,0,0,0,0,0,0,0,0,0,0
15_4,10.175,-61.175,33,0,0,0,0,0,0,0,0,0,0,0,0,0,0,0,0,0
15_4,10.175,-61.175,34,0,0,0,0,0,0,0,0,0,0,0,0,0,0,0,0,0
15_4,10.175,-61.175,35,0,0,0,0,0,0,0,0,0,0,0,0,0,0,0,0,0
15_4,10.175,-61.175,36,0,0,0,0,0,0,0,0,0,0,0,0,0,0,0,0,0
15_4,10.175,-61.175,37,0,0,0,0,0,0,0,0,0,0,0,0,0,0,0,0,0
15_4,10.175,-61.175,38,0,0,0,0,0,0,0,0,0,0,0,0,0,0,0,0,0
15_4,10.175,-61.175,39,0,0,0,0,0,0,0,0,0,0,0,0,0,0,0,0,0
15_4,10.175,-61.175,40,0,0,0,0,0,0,0,0,0,0,0,0,0,0,0,0,0
15_4,10.175,-61.175,41,0,0,0,0,0,0,0,0,0,0,0,0,0,0,0,0,0
15_4,10.175,-61.175,42,0,0,0,0,0,0,0,0,0,0,0,0,0,0,0,0,0
15_4,10.175,-61.175,43,0,0,0,0,0,0,0,0,0,0,0,0,0,0,0,0,0
15_4,10.175,-61.175,44,0,0,0,0,0,0,0,0,0,0,0,0,0,0,0,0,0
15_4,10.175,-61.175,45,0,0,0,0,0,0,0,0,0,0,0,0,0,0,0,0,0
15_4,10.175,-61.175,46,0,0,0,0,0,0,0,0,0,0,0,0,0,0,0,0,0
15_4,10.175,-61.175,47,0,0,0,0,0,0,0,0,0,0,0,0,0,0,0,0,0
15_4,10.175,-61.175,48,0,0,0,0,0,0,0,0,0,0,0,0,0,0,0,0,0
15_4,10.175,-61.175,49,0,0,0,0,0,0,0,0,0,0,0,0,0,0,0,0,0
15_4,10.175,-61.175,50,0,0,0,0,0,0,0,0,0,0,0,0,0,0,0,0,0
15_4,10.175,-61.175,51,0,0,0,0,0,0,0,0,0,0,0,0,0,0,0,0,0
15_4,10.175,-61.175,52,0,0,0,0,0,0,0,0,0,0,0,0,0,0,0,0,0
15_5,10.224999999999998,-61.175,0,0,0,,,,,,,,0,,,,,,,
15_5,10.224999999999998,-61.175,1,0,0,0,,,,,,,0,0,,,,,,
15_5,10.224999999999998,-61.175,2,0,0,0,0,,,,,,0,0,0,,,,,
15_5,10.224999999999998,-61.175,3,0,0,0,0,0,,,,,0,0,0,0,,,,
15_5,10.224999999999998,-61.175,4,0,0,0,0,0,0,,,,0,0,0,0,0,,,
15_5,10.224999999999998,-61.175,5,0,0,0,0,0,0,0,,,0,0,0,0,0,0,,
15_5,10.224999999999998,-61.175,6,0,0,0,0,0,0,0,0,,0,0,0,0,0,0,0,
15_5,10.224999999999998,-61.175,7,0,0,0,0,0,0,0,0,0,0,0,0,0,0,0,0,0
15_5,10.224999999999998,-61.175,8,0,0,0,0,0,0,0,0,0,0,0,0,0,0,0,0,0
15_5,10.224999999999998,-61.175,9,0,0,0,0,0,0,0,0,0,0,0,0,0,0,0,0,0
15_5,10.224999999999998,-61.175,10,0,0,0,0,0,0,0,0,0,0,0,0,0,0,0,0,0
15_5,10.224999999999998,-61.175,11,0,0,0,0,0,0,0,0,0,0,0,0,0,0,0,0,0
15_5,10.224999999999998,-61.175,12,0,0,0,0,0,0,0,0,0,0,0,0,0,0,0,0,0
15_5,10.224999999999998,-61.175,13,0,0,0,0,0,0,0,0,0,0,0,0,0,0,0,0,0
15_5,10.224999999999998,-61.175,14,0,0,0,0,0,0,0,0,0,0,0,0,0,0,0,0,0
15_5,10.224999999999998,-61.175,15,0,0,0,0,0,0,0,0,0,0,0,0,0,0,0,0,0
15_5,10.224999999999998,-61.175,16,0,0,0,0,0,0,0,0,0,0,0,0,0,0,0,0,0
15_5,10.224999999999998,-61.175,17,0,0,0,0,0,0,0,0,0,0,0,0,0,0,0,0,0
15_5,10.224999999999998,-61.175,18,0,0,0,0,0,0,0,0,0,0,0,0,0,0,0,0,0
15_5,10.224999999999998,-61.175,19,0,0,0,0,0,0,0,0,0,0,0,0,0,0,0,0,0
15_5,10.224999999999998,-61.175,20,0,0,0,0,0,0,0,0,0,0,0,0,0,0,0,0,0
15_5,10.224999999999998,-61.175,21,0,0,0,0,0,0,0,0,0,0,0,0,0,0,0,0,0
15_5,10.224999999999998,-61.175,22,0,0,0,0,0,0,0,0,0,0,0,0,0,0,0,0,0
15_5,10.224999999999998,-61.175,23,0,0,0,0,0,0,0,0,0,0,0,0,0,0,0,0,0
15_5,10.224999999999998,-61.175,24,0,0,0,0,0,0,0,0,0,0,0,0,0,0,0,0,0
15_5,10.224999999999998,-61.175,25,0,0,0,0,0,0,0,0,0,0,0,0,0,0,0,0,0
15_5,10.224999999999998,-61.175,26,0,0,0,0,0,0,0,0,0,0,0,0,0,0,0,0,0
15_5,10.224999999999998,-61.175,27,0,0,0,0,0,0,0,0,0,0,0,0,0,0,0,0,0
15_5,10.224999999999998,-61.175,28,0,0,0,0,0,0,0,0,0,0,0,0,0,0,0,0,0
15_5,10.224999999999998,-61.175,29,0,0,0,0,0,0,0,0,0,0,0,0,0,0,0,0,0
15_5,10.224999999999998,-61.175,30,0,0,0,0,0,0,0,0,0,0,0,0,0,0,0,0,0
15_5,10.224999999999998,-61.175,31,0,0,0,0,0,0,0,0,0,0,0,0,0,0,0,0,0
15_5,10.224999999999998,-61.175,32,0,0,0,0,0,0,0,0,0,0,0,0,0,0,0,0,0
15_5,10.224999999999998,-61.175,33,0,0,0,0,0,0,0,0,0,0,0,0,0,0,0,0,0
15_5,10.224999999999998,-61.175,34,0,0,0,0,0,0,0,0,0,0,0,0,0,0,0,0,0
15_5,10.224999999999998,-61.175,35,0,0,0,0,0,0,0,0,0,0,0,0,0,0,0,0,0
15_5,10.224999999999998,-61.175,36,0,0,0,0,0,0,0,0,0,0,0,0,0,0,0,0,0
15_5,10.224999999999998,-61.175,37,0,0,0,0,0,0,0,0,0,0,0,0,0,0,0,0,0
15_5,10.224999999999998,-61.175,38,0,0,0,0,0,0,0,0,0,0,0,0,0,0,0,0,0
15_5,10.224999999999998,-61.175,39,0,0,0,0,0,0,0,0,0,0,0,0,0,0,0,0,0
15_5,10.224999999999998,-61.175,40,0,0,0,0,0,0,0,0,0,0,0,0,0,0,0,0,0
15_5,10.224999999999998,-61.175,41,0,0,0,0,0,0,0,0,0,0,0,0,0,0,0,0,0
15_5,10.224999999999998,-61.175,42,0,0,0,0,0,0,0,0,0,0,0,0,0,0,0,0,0
15_5,10.224999999999998,-61.175,43,0,0,0,0,0,0,0,0,0,0,0,0,0,0,0,0,0
15_5,10.224999999999998,-61.175,44,0,0,0,0,0,0,0,0,0,0,0,0,0,0,0,0,0
15_5,10.224999999999998,-61.175,45,0,0,0,0,0,0,0,0,0,0,0,0,0,0,0,0,0
15_5,10.224999999999998,-61.175,46,0,0,0,0,0,0,0,0,0,0,0,0,0,0,0,0,0
15_5,10.224999999999998,-61.175,47,0,0,0,0,0,0,0,0,0,0,0,0,0,0,0,0,0
15_5,10.224999999999998,-61.175,48,0,0,0,0,0,0,0,0,0,0,0,0,0,0,0,0,0
15_5,10.224999999999998,-61.175,49,0,0,0,0,0,0,0,0,0,0,0,0,0,0,0,0,0
15_5,10.224999999999998,-61.175,50,0,0,0,0,0,0,0,0,0,0,0,0,0,0,0,0,0
15_5,10.224999999999998,-61.175,51,0,0,0,0,0,0,0,0,0,0,0,0,0,0,0,0,0
15_5,10.224999999999998,-61.175,52,0,0,0,0,0,0,0,0,0,0,0,0,0,0,0,0,0
15_6,10.275,-61.175,0,0,0,,,,,,,,0,,,,,,,
15_6,10.275,-61.175,1,0,0,0,,,,,,,0,0,,,,,,
15_6,10.275,-61.175,2,0,0,0,0,,,,,,0,0,0,,,,,
15_6,10.275,-61.175,3,0,0,0,0,0,,,,,0,0,0,0,,,,
15_6,10.275,-61.175,4,0,0,0,0,0,0,,,,0,0,0,0,0,,,
15_6,10.275,-61.175,5,0,0,0,0,0,0,0,,,0,0,0,0,0,0,,
15_6,10.275,-61.175,6,0,0,0,0,0,0,0,0,,0,0,0,0,0,0,0,
15_6,10.275,-61.175,7,0,0,0,0,0,0,0,0,0,0,0,0,0,0,0,0,0
15_6,10.275,-61.175,8,0,0,0,0,0,0,0,0,0,0,0,0,0,0,0,0,0
15_6,10.275,-61.175,9,0,0,0,0,0,0,0,0,0,0,0,0,0,0,0,0,0
15_6,10.275,-61.175,10,0,0,0,0,0,0,0,0,0,0,0,0,0,0,0,0,0
15_6,10.275,-61.175,11,0,0,0,0,0,0,0,0,0,0,0,0,0,0,0,0,0
15_6,10.275,-61.175,12,0,0,0,0,0,0,0,0,0,0,0,0,0,0,0,0,0
15_6,10.275,-61.175,13,0,0,0,0,0,0,0,0,0,0,0,0,0,0,0,0,0
15_6,10.275,-61.175,14,0,0,0,0,0,0,0,0,0,0,0,0,0,0,0,0,0
15_6,10.275,-61.175,15,0,0,0,0,0,0,0,0,0,0,0,0,0,0,0,0,0
15_6,10.275,-61.175,16,0,0,0,0,0,0,0,0,0,0,0,0,0,0,0,0,0
15_6,10.275,-61.175,17,0,0,0,0,0,0,0,0,0,0,0,0,0,0,0,0,0
15_6,10.275,-61.175,18,0,0,0,0,0,0,0,0,0,0,0,0,0,0,0,0,0
15_6,10.275,-61.175,19,1,0,0,0,0,0,0,0,0,0,0,0,0,0,0,0,0
15_6,10.275,-61.175,20,0,0,0,0,0,0,0,0,0,0,0,0,0,0,0,0,0
15_6,10.275,-61.175,21,1,0,0,0,0,0,0,0,0,0,0,0,0,0,0,0,0
15_6,10.275,-61.175,22,0,0,0,0,0,0,0,0,0,0,0,0,0,0,0,0,0
15_6,10.275,-61.175,23,0,0,0,0,0,0,0,0,0,0,0,0,0,0,0,0,0
15_6,10.275,-61.175,24,0,0,0,0,0,0,0,0,0,0,0,0,0,0,0,0,0
15_6,10.275,-61.175,25,0,0,0,0,0,0,0,0,0,0,0,0,0,0,0,0,0
15_6,10.275,-61.175,26,0,0,0,0,0,0,0,0,0,0,0,0,0,0,0,0,0
15_6,10.275,-61.175,27,0,0,0,0,0,0,0,0,0,0,0,0,0,0,0,0,0
15_6,10.275,-61.175,28,0,0,0,0,0,0,0,0,0,0,0,0,0,0,0,0,0
15_6,10.275,-61.175,29,0,0,0,0,0,0,0,0,0,0,0,0,0,0,0,0,0
15_6,10.275,-61.175,30,0,0,0,0,0,0,0,0,0,0,0,0,0,0,0,0,0
15_6,10.275,-61.175,31,0,0,0,0,0,0,0,0,0,0,0,0,0,0,0,0,0
15_6,10.275,-61.175,32,0,0,0,0,0,0,0,0,0,0,0,0,0,0,0,0,0
15_6,10.275,-61.175,33,0,0,0,0,0,0,0,0,0,0,0,0,0,0,0,0,0
15_6,10.275,-61.175,34,0,0,0,0,0,0,0,0,0,0,0,0,0,0,0,0,0
15_6,10.275,-61.175,35,0,0,0,0,0,0,0,0,0,0,0,0,0,0,0,0,0
15_6,10.275,-61.175,36,0,0,0,0,0,0,0,0,0,0,0,0,0,0,0,0,0
15_6,10.275,-61.175,37,0,0,0,0,0,0,0,0,0,0,0,0,0,0,0,0,0
15_6,10.275,-61.175,38,0,0,0,0,0,0,0,0,0,0,0,0,0,0,0,0,0
15_6,10.275,-61.175,39,0,0,0,0,0,0,0,0,0,0,0,0,0,0,0,0,0
15_6,10.275,-61.175,40,0,0,0,0,0,0,0,0,0,0,0,0,0,0,0,0,0
15_6,10.275,-61.175,41,0,0,0,0,0,0,0,0,0,0,0,0,0,0,0,0,0
15_6,10.275,-61.175,42,0,0,0,0,0,0,0,0,0,0,0,0,0,0,0,0,0
15_6,10.275,-61.175,43,0,0,0,0,0,0,0,0,0,0,0,0,0,0,0,0,0
15_6,10.275,-61.175,44,0,0,0,0,0,0,0,0,0,0,0,0,0,0,0,0,0
15_6,10.275,-61.175,45,0,0,0,0,0,0,0,0,0,0,0,0,0,0,0,0,0
15_6,10.275,-61.175,46,0,0,0,0,0,0,0,0,0,0,0,0,0,0,0,0,0
15_6,10.275,-61.175,47,0,0,0,0,0,0,0,0,0,0,0,0,0,0,0,0,0
15_6,10.275,-61.175,48,0,0,0,0,0,0,0,0,0,0,0,0,0,0,0,0,0
15_6,10.275,-61.175,49,0,0,0,0,0,0,0,0,0,0,0,0,0,0,0,0,0
15_6,10.275,-61.175,50,0,0,0,0,0,0,0,0,0,0,0,0,0,0,0,0,0
15_6,10.275,-61.175,51,0,0,0,0,0,0,0,0,0,0,0,0,0,0,0,0,0
15_6,10.275,-61.175,52,0,0,0,0,0,0,0,0,0,0,0,0,0,0,0,0,0
15_7,10.325,-61.175,0,0,0,,,,,,,,0,,,,,,,
15_7,10.325,-61.175,1,0,0,0,,,,,,,0,0,,,,,,
15_7,10.325,-61.175,2,0,0,0,0,,,,,,0,0,0,,,,,
15_7,10.325,-61.175,3,0,0,0,0,0,,,,,0,0,0,0,,,,
15_7,10.325,-61.175,4,0,0,0,0,0,0,,,,0,0,0,0,0,,,
15_7,10.325,-61.175,5,0,0,0,0,0,0,0,,,0,0,0,0,0,0,,
15_7,10.325,-61.175,6,0,0,0,0,0,0,0,0,,0,0,0,0,0,0,0,
15_7,10.325,-61.175,7,0,0,0,0,0,0,0,0,0,0,0,0,0,0,0,0,0
15_7,10.325,-61.175,8,0,0,0,0,0,0,0,0,0,0,0,0,0,0,0,0,0
15_7,10.325,-61.175,9,0,0,0,0,0,0,0,0,0,0,0,0,0,0,0,0,0
15_7,10.325,-61.175,10,0,0,0,0,0,0,0,0,0,0,0,0,0,0,0,0,0
15_7,10.325,-61.175,11,0,0,0,0,0,0,0,0,0,0,0,0,0,0,0,0,0
15_7,10.325,-61.175,12,0,0,0,0,0,0,0,0,0,0,0,0,0,0,0,0,0
15_7,10.325,-61.175,13,0,0,0,0,0,0,0,0,0,0,0,0,0,0,0,0,0
15_7,10.325,-61.175,14,0,0,0,0,0,0,0,0,0,0,0,0,0,0,0,0,0
15_7,10.325,-61.175,15,0,0,0,0,0,0,0,0,0,0,0,0,0,0,0,0,0
15_7,10.325,-61.175,16,0,0,0,0,0,0,0,0,0,0,0,0,0,0,0,0,0
15_7,10.325,-61.175,17,0,0,0,0,0,0,0,0,0,0,0,0,0,0,0,0,0
15_7,10.325,-61.175,18,0,0,0,0,0,0,0,0,0,0,0,0,0,0,0,0,0
15_7,10.325,-61.175,19,0,0,0,0,0,0,0,0,0,0,0,0,0,0,0,0,0
15_7,10.325,-61.175,20,0,0,0,0,0,0,0,0,0,0,0,0,0,0,0,0,0
15_7,10.325,-61.175,21,0,0,0,0,0,0,0,0,0,0,0,0,0,0,0,0,0
15_7,10.325,-61.175,22,0,0,0,0,0,0,0,0,0,0,0,0,0,0,0,0,0
15_7,10.325,-61.175,23,0,0,0,0,0,0,0,0,0,0,0,0,0,0,0,0,0
15_7,10.325,-61.175,24,0,0,0,0,0,0,0,0,0,0,0,0,0,0,0,0,0
15_7,10.325,-61.175,25,0,0,0,0,0,0,0,0,0,0,0,0,0,0,0,0,0
15_7,10.325,-61.175,26,0,0,0,0,0,0,0,0,0,0,0,0,0,0,0,0,0
15_7,10.325,-61.175,27,0,0,0,0,0,0,0,0,0,0,0,0,0,0,0,0,0
15_7,10.325,-61.175,28,0,0,0,0,0,0,0,0,0,0,0,0,0,0,0,0,0
15_7,10.325,-61.175,29,0,0,0,0,0,0,0,0,0,0,0,0,0,0,0,0,0
15_7,10.325,-61.175,30,1,0,0,0,0,0,0,0,0,0,0,0,0,0,0,0,0
15_7,10.325,-61.175,31,0,0,0,0,0,0,0,0,0,0,0,0,0,0,0,0,0
15_7,10.325,-61.175,32,0,0,0,0,0,0,0,0,0,0,0,0,0,0,0,0,0
15_7,10.325,-61.175,33,0,0,0,0,0,0,0,0,0,0,0,0,0,0,0,0,0
15_7,10.325,-61.175,34,0,0,0,0,0,0,0,0,0,0,0,0,0,0,0,0,0
15_7,10.325,-61.175,35,0,0,0,0,0,0,0,0,0,0,0,0,0,0,0,0,0
15_7,10.325,-61.175,36,0,0,0,0,0,0,0,0,0,0,0,0,0,0,0,0,0
15_7,10.325,-61.175,37,0,0,0,0,0,0,0,0,0,0,0,0,0,0,0,0,0
15_7,10.325,-61.175,38,0,0,0,0,0,0,0,0,0,0,0,0,0,0,0,0,0
15_7,10.325,-61.175,39,0,0,0,0,0,0,0,0,0,0,0,0,0,0,0,0,0
15_7,10.325,-61.175,40,0,0,0,0,0,0,0,0,0,0,0,0,0,0,0,0,0
15_7,10.325,-61.175,41,0,0,0,0,0,0,0,0,0,0,0,0,0,0,0,0,0
15_7,10.325,-61.175,42,0,0,0,0,0,0,0,0,0,0,0,0,0,0,0,0,0
15_7,10.325,-61.175,43,0,0,0,0,0,0,0,0,0,0,0,0,0,0,0,0,0
15_7,10.325,-61.175,44,0,0,0,0,0,0,0,0,0,0,0,0,0,0,0,0,0
15_7,10.325,-61.175,45,0,0,0,0,0,0,0,0,0,0,0,0,0,0,0,0,0
15_7,10.325,-61.175,46,0,0,0,0,0,0,0,0,0,0,0,0,0,0,0,0,0
15_7,10.325,-61.175,47,0,0,0,0,0,0,0,0,0,0,0,0,0,0,0,0,0
15_7,10.325,-61.175,48,0,0,0,0,0,0,0,0,0,0,0,0,0,0,0,0,0
15_7,10.325,-61.175,49,0,0,0,0,0,0,0,0,0,0,0,0,0,0,0,0,0
15_7,10.325,-61.175,50,0,0,0,0,0,0,0,0,0,0,0,0,0,0,0,0,0
15_7,10.325,-61.175,51,0,0,0,0,0,0,0,0,0,0,0,0,0,0,0,0,0
15_7,10.325,-61.175,52,0,0,0,0,0,0,0,0,0,0,0,0,0,0,0,0,0
15_8,10.375,-61.175,0,0,0,,,,,,,,0,,,,,,,
15_8,10.375,-61.175,1,0,0,0,,,,,,,0,0,,,,,,
15_8,10.375,-61.175,2,0,0,0,0,,,,,,0,0,0,,,,,
15_8,10.375,-61.175,3,0,0,0,0,0,,,,,0,0,0,0,,,,
15_8,10.375,-61.175,4,0,0,0,0,0,0,,,,0,0,0,0,0,,,
15_8,10.375,-61.175,5,0,0,0,0,0,0,0,,,0,0,0,0,0,0,,
15_8,10.375,-61.175,6,0,0,0,0,0,0,0,0,,0,0,0,0,0,0,0,
15_8,10.375,-61.175,7,0,0,0,0,0,0,0,0,0,0,0,0,0,0,0,0,0
15_8,10.375,-61.175,8,0,0,0,0,0,0,0,0,0,0,0,0,0,0,0,0,0
15_8,10.375,-61.175,9,0,0,0,0,0,0,0,0,0,0,0,0,0,0,0,0,0
15_8,10.375,-61.175,10,0,0,0,0,0,0,0,0,0,0,0,0,0,0,0,0,0
15_8,10.375,-61.175,11,0,0,0,0,0,0,0,0,0,0,0,0,0,0,0,0,0
15_8,10.375,-61.175,12,0,0,0,0,0,0,0,0,0,0,0,0,0,0,0,0,0
15_8,10.375,-61.175,13,0,0,0,0,0,0,0,0,0,0,0,0,0,0,0,0,0
15_8,10.375,-61.175,14,0,0,0,0,0,0,0,0,0,0,0,0,0,0,0,0,0
15_8,10.375,-61.175,15,0,0,0,0,0,0,0,0,0,0,0,0,0,0,0,0,0
15_8,10.375,-61.175,16,0,0,0,0,0,0,0,0,0,0,0,0,0,0,0,0,0
15_8,10.375,-61.175,17,0,0,0,0,0,0,0,0,0,0,0,0,0,0,0,0,0
15_8,10.375,-61.175,18,0,0,0,0,0,0,0,0,0,0,0,0,0,0,0,0,0
15_8,10.375,-61.175,19,0,0,0,0,0,0,0,0,0,0,0,0,0,0,0,0,0
15_8,10.375,-61.175,20,0,0,0,0,0,0,0,0,0,0,0,0,0,0,0,0,0
15_8,10.375,-61.175,21,0,0,0,0,0,0,0,0,0,0,0,0,0,0,0,0,0
15_8,10.375,-61.175,22,0,0,0,0,0,0,0,0,0,0,0,0,0,0,0,0,0
15_8,10.375,-61.175,23,0,0,0,0,0,0,0,0,0,0,0,0,0,0,0,0,0
15_8,10.375,-61.175,24,0,0,0,0,0,0,0,0,0,0,0,0,0,0,0,0,0
15_8,10.375,-61.175,25,0,0,0,0,0,0,0,0,0,0,0,0,0,0,0,0,0
15_8,10.375,-61.175,26,0,0,0,0,0,0,0,0,0,0,0,0,0,0,0,0,0
15_8,10.375,-61.175,27,0,0,0,0,0,0,0,0,0,0,0,0,0,0,0,0,0
15_8,10.375,-61.175,28,0,0,0,0,0,0,0,0,0,0,0,0,0,0,0,0,0
15_8,10.375,-61.175,29,0,0,0,0,0,0,0,0,0,0,0,0,0,0,0,0,0
15_8,10.375,-61.175,30,0,0,0,0,0,0,0,0,0,0,0,0,0,0,0,0,0
15_8,10.375,-61.175,31,0,0,0,0,0,0,0,0,0,0,0,0,0,0,0,0,0
15_8,10.375,-61.175,32,0,0,0,0,0,0,0,0,0,0,0,0,0,0,0,0,0
15_8,10.375,-61.175,33,0,0,0,0,0,0,0,0,0,0,0,0,0,0,0,0,0
15_8,10.375,-61.175,34,0,0,0,0,0,0,0,0,0,0,0,0,0,0,0,0,0
15_8,10.375,-61.175,35,0,0,0,0,0,0,0,0,0,0,0,0,0,0,0,0,0
15_8,10.375,-61.175,36,0,0,0,0,0,0,0,0,0,0,0,0,0,0,0,0,0
15_8,10.375,-61.175,37,0,0,0,0,0,0,0,0,0,0,0,0,0,0,0,0,0
15_8,10.375,-61.175,38,0,0,0,0,0,0,0,0,0,0,0,0,0,0,0,0,0
15_8,10.375,-61.175,39,0,0,0,0,0,0,0,0,0,0,0,0,0,0,0,0,0
15_8,10.375,-61.175,40,0,0,0,0,0,0,0,0,0,0,0,0,0,0,0,0,0
15_8,10.375,-61.175,41,0,0,0,0,0,0,0,0,0,0,0,0,0,0,0,0,0
15_8,10.375,-61.175,42,1,0,0,0,0,0,0,0,0,0,0,0,0,0,0,0,0
15_8,10.375,-61.175,43,0,0,0,0,0,0,0,0,0,0,0,0,0,0,0,0,0
15_8,10.375,-61.175,44,0,0,0,0,0,0,0,0,0,0,0,0,0,0,0,0,0
15_8,10.375,-61.175,45,0,0,0,0,0,0,0,0,0,0,0,0,0,0,0,0,0
15_8,10.375,-61.175,46,0,0,0,0,0,0,0,0,0,0,0,0,0,0,0,0,0
15_8,10.375,-61.175,47,0,0,0,0,0,0,0,0,0,0,0,0,0,0,0,0,0
15_8,10.375,-61.175,48,0,0,0,0,0,0,0,0,0,0,0,0,0,0,0,0,0
15_8,10.375,-61.175,49,0,0,0,0,0,0,0,0,0,0,0,0,0,0,0,0,0
15_8,10.375,-61.175,50,0,0,0,0,0,0,0,0,0,0,0,0,0,0,0,0,0
15_8,10.375,-61.175,51,0,0,0,0,0,0,0,0,0,0,0,0,0,0,0,0,0
15_8,10.375,-61.175,52,0,0,0,0,0,0,0,0,0,0,0,0,0,0,0,0,0
15_9,10.425,-61.175,0,0,0,,,,,,,,0,,,,,,,
15_9,10.425,-61.175,1,0,0,0,,,,,,,0,0,,,,,,
15_9,10.425,-61.175,2,0,0,0,0,,,,,,0,0,0,,,,,
15_9,10.425,-61.175,3,0,0,0,0,0,,,,,0,0,0,0,,,,
15_9,10.425,-61.175,4,0,0,0,0,0,0,,,,0,0,0,0,0,,,
15_9,10.425,-61.175,5,0,0,0,0,0,0,0,,,0,0,0,0,0,0,,
15_9,10.425,-61.175,6,0,0,0,0,0,0,0,0,,0,0,0,0,0,0,0,
15_9,10.425,-61.175,7,0,0,0,0,0,0,0,0,0,0,0,0,0,0,0,0,0
15_9,10.425,-61.175,8,0,0,0,0,0,0,0,0,0,0,0,0,0,0,0,0,0
15_9,10.425,-61.175,9,0,0,0,0,0,0,0,0,0,0,0,0,0,0,0,0,0
15_9,10.425,-61.175,10,0,0,0,0,0,0,0,0,0,0,0,0,0,0,0,0,0
15_9,10.425,-61.175,11,0,0,0,0,0,0,0,0,0,0,0,0,0,0,0,0,0
15_9,10.425,-61.175,12,0,0,0,0,0,0,0,0,0,0,0,0,0,0,0,0,0
15_9,10.425,-61.175,13,0,0,0,0,0,0,0,0,0,0,0,0,0,0,0,0,0
15_9,10.425,-61.175,14,0,0,0,0,0,0,0,0,0,0,0,0,0,0,0,0,0
15_9,10.425,-61.175,15,0,0,0,0,0,0,0,0,0,0,0,0,0,0,0,0,0
15_9,10.425,-61.175,16,0,0,0,0,0,0,0,0,0,0,0,0,0,0,0,0,0
15_9,10.425,-61.175,17,0,0,0,0,0,0,0,0,0,0,0,0,0,0,0,0,0
15_9,10.425,-61.175,18,0,0,0,0,0,0,0,0,0,0,0,0,0,0,0,0,0
15_9,10.425,-61.175,19,0,0,0,0,0,0,0,0,0,0,0,0,0,0,0,0,0
15_9,10.425,-61.175,20,0,0,0,0,0,0,0,0,0,0,0,0,0,0,0,0,0
15_9,10.425,-61.175,21,0,0,0,0,0,0,0,0,0,0,0,0,0,0,0,0,0
15_9,10.425,-61.175,22,0,0,0,0,0,0,0,0,0,0,0,0,0,0,0,0,0
15_9,10.425,-61.175,23,0,0,0,0,0,0,0,0,0,0,0,0,0,0,0,0,0
15_9,10.425,-61.175,24,0,0,0,0,0,0,0,0,0,0,0,0,0,0,0,0,0
15_9,10.425,-61.175,25,0,0,0,0,0,0,0,0,0,0,0,0,0,0,0,0,0
15_9,10.425,-61.175,26,0,0,0,0,0,0,0,0,0,0,0,0,0,0,0,0,0
15_9,10.425,-61.175,27,0,0,0,0,0,0,0,0,0,0,0,0,0,0,0,0,0
15_9,10.425,-61.175,28,0,0,0,0,0,0,0,0,0,0,0,0,0,0,0,0,0
15_9,10.425,-61.175,29,0,0,0,0,0,0,0,0,0,0,0,0,0,0,0,0,0
15_9,10.425,-61.175,30,0,0,0,0,0,0,0,0,0,0,0,0,0,0,0,0,0
15_9,10.425,-61.175,31,0,0,0,0,0,0,0,0,0,0,0,0,0,0,0,0,0
15_9,10.425,-61.175,32,0,0,0,0,0,0,0,0,0,0,0,0,0,0,0,0,0
15_9,10.425,-61.175,33,0,0,0,0,0,0,0,0,0,0,0,0,0,0,0,0,0
15_9,10.425,-61.175,34,0,0,0,0,0,0,0,0,0,0,0,0,0,0,0,0,0
15_9,10.425,-61.175,35,0,0,0,0,0,0,0,0,0,0,0,0,0,0,0,0,0
15_9,10.425,-61.175,36,0,0,0,0,0,0,0,0,0,0,0,0,0,0,0,0,0
15_9,10.425,-61.175,37,0,0,0,0,0,0,0,0,0,0,0,0,0,0,0,0,0
15_9,10.425,-61.175,38,0,0,0,0,0,0,0,0,0,0,0,0,0,0,0,0,0
15_9,10.425,-61.175,39,0,0,0,0,0,0,0,0,0,0,0,0,0,0,0,0,0
15_9,10.425,-61.175,40,0,0,0,0,0,0,0,0,0,0,0,0,0,0,0,0,0
15_9,10.425,-61.175,41,0,0,0,0,0,0,0,0,0,0,0,0,0,0,0,0,0
15_9,10.425,-61.175,42,0,0,0,0,0,0,0,0,0,0,0,0,0,0,0,0,0
15_9,10.425,-61.175,43,0,0,0,0,0,0,0,0,0,0,0,0,0,0,0,0,0
15_9,10.425,-61.175,44,0,0,0,0,0,0,0,0,0,0,0,0,0,0,0,0,0
15_9,10.425,-61.175,45,0,0,0,0,0,0,0,0,0,0,0,0,0,0,0,0,0
15_9,10.425,-61.175,46,0,0,0,0,0,0,0,0,0,0,0,0,0,0,0,0,0
15_9,10.425,-61.175,47,0,0,0,0,0,0,0,0,0,0,0,0,0,0,0,0,0
15_9,10.425,-61.175,48,0,0,0,0,0,0,0,0,0,0,0,0,0,0,0,0,0
15_9,10.425,-61.175,49,0,0,0,0,0,0,0,0,0,0,0,0,0,0,0,0,0
15_9,10.425,-61.175,50,0,0,0,0,0,0,0,0,0,0,0,0,0,0,0,0,0
15_9,10.425,-61.175,51,0,0,0,0,0,0,0,0,0,0,0,0,0,0,0,0,0
15_9,10.425,-61.175,52,0,0,0,0,0,0,0,0,0,0,0,0,0,0,0,0,0
15_10,10.475,-61.175,0,0,0,,,,,,,,0,,,,,,,
15_10,10.475,-61.175,1,0,0,0,,,,,,,0,0,,,,,,
15_10,10.475,-61.175,2,0,0,0,0,,,,,,0,0,0,,,,,
15_10,10.475,-61.175,3,0,0,0,0,0,,,,,0,0,0,0,,,,
15_10,10.475,-61.175,4,0,0,0,0,0,0,,,,0,0,0,0,0,,,
15_10,10.475,-61.175,5,0,0,0,0,0,0,0,,,0,0,0,0,0,0,,
15_10,10.475,-61.175,6,0,0,0,0,0,0,0,0,,0,0,0,0,0,0,0,
15_10,10.475,-61.175,7,0,0,0,0,0,0,0,0,0,0,0,0,0,0,0,0,0
15_10,10.475,-61.175,8,0,0,0,0,0,0,0,0,0,0,0,0,0,0,0,0,0
15_10,10.475,-61.175,9,0,0,0,0,0,0,0,0,0,0,0,0,0,0,0,0,0
15_10,10.475,-61.175,10,0,0,0,0,0,0,0,0,0,0,0,0,0,0,0,0,0
15_10,10.475,-61.175,11,0,0,0,0,0,0,0,0,0,0,0,0,0,0,0,0,0
15_10,10.475,-61.175,12,0,0,0,0,0,0,0,0,0,0,0,0,0,0,0,0,0
15_10,10.475,-61.175,13,0,0,0,0,0,0,0,0,0,0,0,0,0,0,0,0,0
15_10,10.475,-61.175,14,0,0,0,0,0,0,0,0,0,0,0,0,0,0,0,0,0
15_10,10.475,-61.175,15,0,0,0,0,0,0,0,0,0,0,0,0,0,0,0,0,0
15_10,10.475,-61.175,16,0,0,0,0,0,0,0,0,0,0,0,0,0,0,0,0,0
15_10,10.475,-61.175,17,0,0,0,0,0,0,0,0,0,0,0,0,0,0,0,0,0
15_10,10.475,-61.175,18,0,0,0,0,0,0,0,0,0,0,0,0,0,0,0,0,0
15_10,10.475,-61.175,19,0,0,0,0,0,0,0,0,0,0,0,0,0,0,0,0,0
15_10,10.475,-61.175,20,0,0,0,0,0,0,0,0,0,0,0,0,0,0,0,0,0
15_10,10.475,-61.175,21,0,0,0,0,0,0,0,0,0,0,0,0,0,0,0,0,0
15_10,10.475,-61.175,22,0,0,0,0,0,0,0,0,0,0,0,0,0,0,0,0,0
15_10,10.475,-61.175,23,0,0,0,0,0,0,0,0,0,0,0,0,0,0,0,0,0
15_10,10.475,-61.175,24,0,0,0,0,0,0,0,0,0,0,0,0,0,0,0,0,0
15_10,10.475,-61.175,25,0,0,0,0,0,0,0,0,0,0,0,0,0,0,0,0,0
15_10,10.475,-61.175,26,0,0,0,0,0,0,0,0,0,0,0,0,0,0,0,0,0
15_10,10.475,-61.175,27,0,0,0,0,0,0,0,0,0,0,0,0,0,0,0,0,0
15_10,10.475,-61.175,28,0,0,0,0,0,0,0,0,0,0,0,0,0,0,0,0,0
15_10,10.475,-61.175,29,0,0,0,0,0,0,0,0,0,0,0,0,0,0,0,0,0
15_10,10.475,-61.175,30,0,0,0,0,0,0,0,0,0,0,0,0,0,0,0,0,0
15_10,10.475,-61.175,31,0,0,0,0,0,0,0,0,0,0,0,0,0,0,0,0,0
15_10,10.475,-61.175,32,0,0,0,0,0,0,0,0,0,0,0,0,0,0,0,0,0
15_10,10.475,-61.175,33,1,0,0,0,0,0,0,0,0,0,0,0,0,0,0,0,0
15_10,10.475,-61.175,34,0,0,0,0,0,0,0,0,0,0,0,0,0,0,0,0,0
15_10,10.475,-61.175,35,0,0,0,0,0,0,0,0,0,0,0,0,0,0,0,0,0
15_10,10.475,-61.175,36,0,0,0,0,0,0,0,0,0,0,0,0,0,0,0,0,0
15_10,10.475,-61.175,37,0,0,0,0,0,0,0,0,0,0,0,0,0,0,0,0,0
15_10,10.475,-61.175,38,0,0,0,0,0,0,0,0,0,0,0,0,0,0,0,0,0
15_10,10.475,-61.175,39,0,0,0,0,0,0,0,0,0,0,0,0,0,0,0,0,0
15_10,10.475,-61.175,40,0,0,0,0,0,0,0,0,0,0,0,0,0,0,0,0,0
15_10,10.475,-61.175,41,0,0,0,0,0,0,0,0,0,0,0,0,0,0,0,0,0
15_10,10.475,-61.175,42,0,0,0,0,0,0,0,0,0,0,0,0,0,0,0,0,0
15_10,10.475,-61.175,43,0,0,0,0,0,0,0,0,0,0,0,0,0,0,0,0,0
15_10,10.475,-61.175,44,0,0,0,0,0,0,0,0,0,0,0,0,0,0,0,0,0
15_10,10.475,-61.175,45,0,0,0,0,0,0,0,0,0,0,0,0,0,0,0,0,0
15_10,10.475,-61.175,46,0,0,0,0,0,0,0,0,0,0,0,0,0,0,0,0,0
15_10,10.475,-61.175,47,0,0,0,0,0,0,0,0,0,0,0,0,0,0,0,0,0
15_10,10.475,-61.175,48,0,0,0,0,0,0,0,0,0,0,0,0,0,0,0,0,0
15_10,10.475,-61.175,49,0,0,0,0,0,0,0,0,0,0,0,0,0,0,0,0,0
15_10,10.475,-61.175,50,0,0,0,0,0,0,0,0,0,0,0,0,0,0,0,0,0
15_10,10.475,-61.175,51,0,0,0,0,0,0,0,0,0,0,0,0,0,0,0,0,0
15_10,10.475,-61.175,52,0,0,0,0,0,0,0,0,0,0,0,0,0,0,0,0,0
15_11,10.525,-61.175,0,0,0,,,,,,,,0,,,,,,,
15_11,10.525,-61.175,1,0,0,0,,,,,,,0,0,,,,,,
15_11,10.525,-61.175,2,0,0,0,0,,,,,,0,0,0,,,,,
15_11,10.525,-61.175,3,0,0,0,0,0,,,,,0,0,0,0,,,,
15_11,10.525,-61.175,4,0,0,0,0,0,0,,,,0,0,0,0,0,,,
15_11,10.525,-61.175,5,0,0,0,0,0,0,0,,,0,0,0,0,0,0,,
15_11,10.525,-61.175,6,0,0,0,0,0,0,0,0,,0,0,0,0,0,0,0,
15_11,10.525,-61.175,7,0,0,0,0,0,0,0,0,0,0,0,0,0,0,0,0,0
15_11,10.525,-61.175,8,0,0,0,0,0,0,0,0,0,0,0,0,0,0,0,0,0
15_11,10.525,-61.175,9,0,0,0,0,0,0,0,0,0,0,0,0,0,0,0,0,0
15_11,10.525,-61.175,10,0,0,0,0,0,0,0,0,0,0,0,0,0,0,0,0,0
15_11,10.525,-61.175,11,0,0,0,0,0,0,0,0,0,0,0,0,0,0,0,0,0
15_11,10.525,-61.175,12,0,0,0,0,0,0,0,0,0,0,0,0,0,0,0,0,0
15_11,10.525,-61.175,13,0,0,0,0,0,0,0,0,0,0,0,0,0,0,0,0,0
15_11,10.525,-61.175,14,0,0,0,0,0,0,0,0,0,0,0,0,0,0,0,0,0
15_11,10.525,-61.175,15,0,0,0,0,0,0,0,0,0,0,0,0,0,0,0,0,0
15_11,10.525,-61.175,16,0,0,0,0,0,0,0,0,0,0,0,0,0,0,0,0,0
15_11,10.525,-61.175,17,0,0,0,0,0,0,0,0,0,0,0,0,0,0,0,0,0
15_11,10.525,-61.175,18,0,0,0,0,0,0,0,0,0,0,0,0,0,0,0,0,0
15_11,10.525,-61.175,19,0,0,0,0,0,0,0,0,0,0,0,0,0,0,0,0,0
15_11,10.525,-61.175,20,0,0,0,0,0,0,0,0,0,0,0,0,0,0,0,0,0
15_11,10.525,-61.175,21,0,0,0,0,0,0,0,0,0,0,0,0,0,0,0,0,0
15_11,10.525,-61.175,22,0,0,0,0,0,0,0,0,0,0,0,0,0,0,0,0,0
15_11,10.525,-61.175,23,0,0,0,0,0,0,0,0,0,0,0,0,0,0,0,0,0
15_11,10.525,-61.175,24,0,0,0,0,0,0,0,0,0,0,0,0,0,0,0,0,0
15_11,10.525,-61.175,25,0,0,0,0,0,0,0,0,0,0,0,0,0,0,0,0,0
15_11,10.525,-61.175,26,0,0,0,0,0,0,0,0,0,0,0,0,0,0,0,0,0
15_11,10.525,-61.175,27,0,0,0,0,0,0,0,0,0,0,0,0,0,0,0,0,0
15_11,10.525,-61.175,28,0,0,0,0,0,0,0,0,0,0,0,0,0,0,0,0,0
15_11,10.525,-61.175,29,0,0,0,0,0,0,0,0,0,0,0,0,0,0,0,0,0
15_11,10.525,-61.175,30,0,0,0,0,0,0,0,0,0,0,0,0,0,0,0,0,0
15_11,10.525,-61.175,31,0,0,0,0,0,0,0,0,0,0,0,0,0,0,0,0,0
15_11,10.525,-61.175,32,0,0,0,0,0,0,0,0,0,0,0,0,0,0,0,0,0
15_11,10.525,-61.175,33,0,0,0,0,0,0,0,0,0,0,0,0,0,0,0,0,0
15_11,10.525,-61.175,34,0,0,0,0,0,0,0,0,0,0,0,0,0,0,0,0,0
15_11,10.525,-61.175,35,0,0,0,0,0,0,0,0,0,0,0,0,0,0,0,0,0
15_11,10.525,-61.175,36,0,0,0,0,0,0,0,0,0,0,0,0,0,0,0,0,0
15_11,10.525,-61.175,37,0,0,0,0,0,0,0,0,0,0,0,0,0,0,0,0,0
15_11,10.525,-61.175,38,0,0,0,0,0,0,0,0,0,0,0,0,0,0,0,0,0
15_11,10.525,-61.175,39,0,0,0,0,0,0,0,0,0,0,0,0,0,0,0,0,0
15_11,10.525,-61.175,40,0,0,0,0,0,0,0,0,0,0,0,0,0,0,0,0,0
15_11,10.525,-61.175,41,0,0,0,0,0,0,0,0,0,0,0,0,0,0,0,0,0
15_11,10.525,-61.175,42,0,0,0,0,0,0,0,0,0,0,0,0,0,0,0,0,0
15_11,10.525,-61.175,43,0,0,0,0,0,0,0,0,0,0,0,0,0,0,0,0,0
15_11,10.525,-61.175,44,0,0,0,0,0,0,0,0,0,0,0,0,0,0,0,0,0
15_11,10.525,-61.175,45,0,0,0,0,0,0,0,0,0,0,0,0,0,0,0,0,0
15_11,10.525,-61.175,46,0,0,0,0,0,0,0,0,0,0,0,0,0,0,0,0,0
15_11,10.525,-61.175,47,0,0,0,0,0,0,0,0,0,0,0,0,0,0,0,0,0
15_11,10.525,-61.175,48,0,0,0,0,0,0,0,0,0,0,0,0,0,0,0,0,0
15_11,10.525,-61.175,49,0,0,0,0,0,0,0,0,0,0,0,0,0,0,0,0,0
15_11,10.525,-61.175,50,0,0,0,0,0,0,0,0,0,0,0,0,0,0,0,0,0
15_11,10.525,-61.175,51,0,0,0,0,0,0,0,0,0,0,0,0,0,0,0,0,0
15_11,10.525,-61.175,52,0,0,0,0,0,0,0,0,0,0,0,0,0,0,0,0,0
15_12,10.575,-61.175,0,0,0,,,,,,,,0,,,,,,,
15_12,10.575,-61.175,1,0,0,0,,,,,,,0,0,,,,,,
15_12,10.575,-61.175,2,0,0,0,0,,,,,,0,0,0,,,,,
15_12,10.575,-61.175,3,0,0,0,0,0,,,,,0,0,0,0,,,,
15_12,10.575,-61.175,4,0,0,0,0,0,0,,,,0,0,0,0,0,,,
15_12,10.575,-61.175,5,0,0,0,0,0,0,0,,,0.17409283882780346,0,0,0,0,0,,
15_12,10.575,-61.175,6,0,0,0,0,0,0,0,0,,0,0.17409283882780346,0,0,0,0,0,
15_12,10.575,-61.175,7,0,0,0,0,0,0,0,0,0,0,0,0.17409283882780346,0,0,0,0,0
15_12,10.575,-61.175,8,0,0,0,0,0,0,0,0,0,0.1883874826504122,0,0,0.17409283882780346,0,0,0,0
15_12,10.575,-61.175,9,0,0,0,0,0,0,0,0,0,0,0.1883874826504122,0,0,0.17409283882780346,0,0,0
15_12,10.575,-61.175,10,0,0,0,0,0,0,0,0,0,0,0,0.1883874826504122,0,0,0.17409283882780346,0,0
15_12,10.575,-61.175,11,0,0,0,0,0,0,0,0,0,0,0,0,0.1883874826504122,0,0,0.17409283882780346,0
15_12,10.575,-61.175,12,0,0,0,0,0,0,0,0,0,0,0,0,0,0.1883874826504122,0,0,0.17409283882780346
15_12,10.575,-61.175,13,0,0,0,0,0,0,0,0,0,0,0,0,0,0,0.1883874826504122,0,0
15_12,10.575,-61.175,14,0,0,0,0,0,0,0,0,0,0,0,0,0,0,0,0.1883874826504122,0
15_12,10.575,-61.175,15,0,0,0,0,0,0,0,0,0,0,0,0,0,0,0,0,0.1883874826504122
15_12,10.575,-61.175,16,0,0,0,0,0,0,0,0,0,0,0,0,0,0,0,0,0
15_12,10.575,-61.175,17,0,0,0,0,0,0,0,0,0,0,0,0,0,0,0,0,0
15_12,10.575,-61.175,18,0,0,0,0,0,0,0,0,0,0,0,0,0,0,0,0,0
15_12,10.575,-61.175,19,0,0,0,0,0,0,0,0,0,0,0,0,0,0,0,0,0
15_12,10.575,-61.175,20,0,0,0,0,0,0,0,0,0,0,0,0,0,0,0,0,0
15_12,10.575,-61.175,21,0,0,0,0,0,0,0,0,0,0,0,0,0,0,0,0,0
15_12,10.575,-61.175,22,0,0,0,0,0,0,0,0,0,0,0,0,0,0,0,0,0
15_12,10.575,-61.175,23,0,0,0,0,0,0,0,0,0,0,0,0,0,0,0,0,0
15_12,10.575,-61.175,24,0,0,0,0,0,0,0,0,0,0,0,0,0,0,0,0,0
15_12,10.575,-61.175,25,0,0,0,0,0,0,0,0,0,0,0,0,0,0,0,0,0
15_12,10.575,-61.175,26,0,0,0,0,0,0,0,0,0,0,0,0,0,0,0,0,0
15_12,10.575,-61.175,27,0,0,0,0,0,0,0,0,0,0,0,0,0,0,0,0,0
15_12,10.575,-61.175,28,0,0,0,0,0,0,0,0,0,0,0,0,0,0,0,0,0
15_12,10.575,-61.175,29,0,0,0,0,0,0,0,0,0,0,0,0,0,0,0,0,0
15_12,10.575,-61.175,30,0,0,0,0,0,0,0,0,0,0,0,0,0,0,0,0,0
15_12,10.575,-61.175,31,0,0,0,0,0,0,0,0,0,0,0,0,0,0,0,0,0
15_12,10.575,-61.175,32,0,0,0,0,0,0,0,0,0,0,0,0,0,0,0,0,0
15_12,10.575,-61.175,33,0,0,0,0,0,0,0,0,0,0,0,0,0,0,0,0,0
15_12,10.575,-61.175,34,0,0,0,0,0,0,0,0,0,0,0,0,0,0,0,0,0
15_12,10.575,-61.175,35,0,0,0,0,0,0,0,0,0,0,0,0,0,0,0,0,0
15_12,10.575,-61.175,36,0,0,0,0,0,0,0,0,0,0,0,0,0,0,0,0,0
15_12,10.575,-61.175,37,0,0,0,0,0,0,0,0,0,0,0,0,0,0,0,0,0
15_12,10.575,-61.175,38,0,0,0,0,0,0,0,0,0,0,0,0,0,0,0,0,0
15_12,10.575,-61.175,39,0,0,0,0,0,0,0,0,0,0.2669506288124747,0,0,0,0,0,0,0
15_12,10.575,-61.175,40,0,0,0,0,0,0,0,0,0,0,0.2669506288124747,0,0,0,0,0,0
15_12,10.575,-61.175,41,0,0,0,0,0,0,0,0,0,0,0,0.2669506288124747,0,0,0,0,0
15_12,10.575,-61.175,42,0,0,0,0,0,0,0,0,0,0,0,0,0.2669506288124747,0,0,0,0
15_12,10.575,-61.175,43,1,0,0,0,0,0,0,0,0,0,0,0,0,0.2669506288124747,0,0,0
15_12,10.575,-61.175,44,1,0,0,0,0,0,0,0,0,0,0,0,0,0,0.2669506288124747,0,0
15_12,10.575,-61.175,45,0,0,0,0,0,0,0,0,0,0,0,0,0,0,0,0.2669506288124747,0
15_12,10.575,-61.175,46,0,0,0,0,0,0,0,0,0,0.18942355335655667,0,0,0,0,0,0,0.2669506288124747
15_12,10.575,-61.175,47,0,0,0,0,0,0,0,0,0,0,0.18942355335655667,0,0,0,0,0,0
15_12,10.575,-61.175,48,0,0,0,0,0,0,0,0,0,0,0,0.18942355335655667,0,0,0,0,0
15_12,10.575,-61.175,49,0,0,0,0,0,0,0,0,0,0,0,0,0.18942355335655667,0,0,0,0
15_12,10.575,-61.175,50,0,0,0,0,0,0,0,0,0,0,0,0,0,0.18942355335655667,0,0,0
15_12,10.575,-61.175,51,0,0,0,0,0,0,0,0,0,0,0,0,0,0,0.18942355335655667,0,0
15_12,10.575,-61.175,52,0,0,0,0,0,0,0,0,0,0,0,0,0,0,0,0.18942355335655667,0
15_13,10.625,-61.175,0,0,0,,,,,,,,0,,,,,,,
15_13,10.625,-61.175,1,1,0,0,,,,,,,0,0,,,,,,
15_13,10.625,-61.175,2,0,0,0,0,,,,,,0,0,0,,,,,
15_13,10.625,-61.175,3,0,0,0,0,0,,,,,0.17030705559422912,0,0,0,,,,
15_13,10.625,-61.175,4,0,0,0,0,0,0,,,,0,0.17030705559422912,0,0,0,,,
15_13,10.625,-61.175,5,0,0,0,0,0,0,0,,,0,0,0.17030705559422912,0,0,0,,
15_13,10.625,-61.175,6,0,0,0,0,0,0,0,0,,0,0,0,0.17030705559422912,0,0,0,
15_13,10.625,-61.175,7,0,0,0,0,0,0,0,0,0,0,0,0,0,0.17030705559422912,0,0,0
15_13,10.625,-61.175,8,0,0,0,0,0,0,0,0,0,0.36272301803927987,0,0,0,0,0.17030705559422912,0,0
15_13,10.625,-61.175,9,0,0,0,0,0,0,0,0,0,0,0.36272301803927987,0,0,0,0,0.17030705559422912,0
15_13,10.625,-61.175,10,1,0,0,0,0,0,0,0,0,0,0,0.36272301803927987,0,0,0,0,0.17030705559422912
15_13,10.625,-61.175,11,0,0,0,0,0,0,0,0,0,0,0,0,0.36272301803927987,0,0,0,0
15_13,10.625,-61.175,12,0,0,0,0,0,0,0,0,0,0,0,0,0,0.36272301803927987,0,0,0
15_13,10.625,-61.175,13,0,0,0,0,0,0,0,0,0,0,0,0,0,0,0.36272301803927987,0,0
15_13,10.625,-61.175,14,0,0,0,0,0,0,0,0,0,0,0,0,0,0,0,0.36272301803927987,0
15_13,10.625,-61.175,15,0,0,0,0,0,0,0,0,0,0,0,0,0,0,0,0,0.36272301803927987
15_13,10.625,-61.175,16,0,0,0,0,0,0,0,0,0,0,0,0,0,0,0,0,0
15_13,10.625,-61.175,17,0,0,0,0,0,0,0,0,0,0,0,0,0,0,0,0,0
15_13,10.625,-61.175,18,0,0,0,0,0,0,0,0,0,0,0,0,0,0,0,0,0
15_13,10.625,-61.175,19,0,0,0,0,0,0,0,0,0,0,0,0,0,0,0,0,0
15_13,10.625,-61.175,20,0,0,0,0,0,0,0,0,0,0,0,0,0,0,0,0,0
15_13,10.625,-61.175,21,0,0,0,0,0,0,0,0,0,0,0,0,0,0,0,0,0
15_13,10.625,-61.175,22,0,0,0,0,0,0,0,0,0,0,0,0,0,0,0,0,0
15_13,10.625,-61.175,23,0,0,0,0,0,0,0,0,0,0,0,0,0,0,0,0,0
15_13,10.625,-61.175,24,0,0,0,0,0,0,0,0,0,0,0,0,0,0,0,0,0
15_13,10.625,-61.175,25,0,0,0,0,0,0,0,0,0,0,0,0,0,0,0,0,0
15_13,10.625,-61.175,26,0,0,0,0,0,0,0,0,0,0,0,0,0,0,0,0,0
15_13,10.625,-61.175,27,0,0,0,0,0,0,0,0,0,0,0,0,0,0,0,0,0
15_13,10.625,-61.175,28,0,0,0,0,0,0,0,0,0,0,0,0,0,0,0,0,0
15_13,10.625,-61.175,29,0,0,0,0,0,0,0,0,0,0,0,0,0,0,0,0,0
15_13,10.625,-61.175,30,0,0,0,0,0,0,0,0,0,0.26014295441323776,0,0,0,0,0,0,0
15_13,10.625,-61.175,31,0,0,0,0,0,0,0,0,0,0,0.26014295441323776,0,0,0,0,0,0
15_13,10.625,-61.175,32,0,0,0,0,0,0,0,0,0,0.26014295441323776,0,0.26014295441323776,0,0,0,0,0
15_13,10.625,-61.175,33,0,0,0,0,0,0,0,0,0,0,0.26014295441323776,0,0.26014295441323776,0,0,0,0
15_13,10.625,-61.175,34,1,0,0,0,0,0,0,0,0,0,0,0.26014295441323776,0,0.26014295441323776,0,0,0
15_13,10.625,-61.175,35,0,0,0,0,0,0,0,0,0,0,0,0,0.26014295441323776,0,0.26014295441323776,0,0
15_13,10.625,-61.175,36,0,0,0,0,0,0,0,0,0,0,0,0,0,0.26014295441323776,0,0.26014295441323776,0
15_13,10.625,-61.175,37,1,0,0,0,0,0,0,0,0,0,0,0,0,0,0.26014295441323776,0,0.26014295441323776
15_13,10.625,-61.175,38,1,0,0,0,0,0,0,0,0,0,0,0,0,0,0,0.26014295441323776,0
15_13,10.625,-61.175,39,0,0,0,0,0,0,0,0,0,0.1779097099448518,0,0,0,0,0,0,0.26014295441323776
15_13,10.625,-61.175,40,0,0,0,0,0,0,0,0,0,0,0.1779097099448518,0,0,0,0,0,0
15_13,10.625,-61.175,41,0,0,0,0,0,0,0,0,0,0,0,0.1779097099448518,0,0,0,0,0
15_13,10.625,-61.175,42,0,0,0,0,0,0,0,0,0,0,0,0,0.1779097099448518,0,0,0,0
15_13,10.625,-61.175,43,0,0,0,0,0,0,0,0,0,0,0,0,0,0.1779097099448518,0,0,0
15_13,10.625,-61.175,44,0,0,0,0,0,0,0,0,0,0,0,0,0,0,0.1779097099448518,0,0
15_13,10.625,-61.175,45,0,0,0,0,0,0,0,0,0,0,0,0,0,0,0,0.1779097099448518,0
15_13,10.625,-61.175,46,0,0,0,0,0,0,0,0,0,0,0,0,0,0,0,0,0.1779097099448518
15_13,10.625,-61.175,47,0,0,0,0,0,0,0,0,0,0,0,0,0,0,0,0,0
15_13,10.625,-61.175,48,0,0,0,0,0,0,0,0,0,0,0,0,0,0,0,0,0
15_13,10.625,-61.175,49,0,0,0,0,0,0,0,0,0,0,0,0,0,0,0,0,0
15_13,10.625,-61.175,50,0,0,0,0,0,0,0,0,0,0,0,0,0,0,0,0,0
15_13,10.625,-61.175,51,0,0,0,0,0,0,0,0,0,0,0,0,0,0,0,0,0
15_13,10.625,-61.175,52,1,0,0,0,0,0,0,0,0,0,0,0,0,0,0,0,0
15_14,10.675,-61.175,0,0,0,,,,,,,,0,,,,,,,
15_14,10.675,-61.175,1,0,0,0,,,,,,,0,0,,,,,,
15_14,10.675,-61.175,2,0,0,0,0,,,,,,0,0,0,,,,,
15_14,10.675,-61.175,3,0,0,0,0,0,,,,,0,0,0,0,,,,
15_14,10.675,-61.175,4,0,0,0,0,0,0,,,,0,0,0,0,0,,,
15_14,10.675,-61.175,5,0,0,0,0,0,0,0,,,0,0,0,0,0,0,,
15_14,10.675,-61.175,6,0,0,0,0,0,0,0,0,,0,0,0,0,0,0,0,
15_14,10.675,-61.175,7,0,0,0,0,0,0,0,0,0,0,0,0,0,0,0,0,0
15_14,10.675,-61.175,8,0,0,0,0,0,0,0,0,0,0,0,0,0,0,0,0,0
15_14,10.675,-61.175,9,1,0,0,0,0,0,0,0,0,0,0,0,0,0,0,0,0
15_14,10.675,-61.175,10,0,0,0,0,0,0,0,0,0,0,0,0,0,0,0,0,0
15_14,10.675,-61.175,11,0,0,0,0,0,0,0,0,0,0,0,0,0,0,0,0,0
15_14,10.675,-61.175,12,0,0,0,0,0,0,0,0,0,0,0,0,0,0,0,0,0
15_14,10.675,-61.175,13,0,0,0,0,0,0,0,0,0,0,0,0,0,0,0,0,0
15_14,10.675,-61.175,14,1,0,0,0,0,0,0,0,0,0,0,0,0,0,0,0,0
15_14,10.675,-61.175,15,0,0,0,0,0,0,0,0,0,0,0,0,0,0,0,0,0
15_14,10.675,-61.175,16,1,0,0,0,0,0,0,0,0,0,0,0,0,0,0,0,0
15_14,10.675,-61.175,17,0,0,0,0,0,0,0,0,0,0,0,0,0,0,0,0,0
15_14,10.675,-61.175,18,0,0,0,0,0,0,0,0,0,0,0,0,0,0,0,0,0
15_14,10.675,-61.175,19,0,0,0,0,0,0,0,0,0,0,0,0,0,0,0,0,0
15_14,10.675,-61.175,20,0,0,0,0,0,0,0,0,0,0,0,0,0,0,0,0,0
15_14,10.675,-61.175,21,0,0,0,0,0,0,0,0,0,0,0,0,0,0,0,0,0
15_14,10.675,-61.175,22,1,0,0,0,0,0,0,0,0,0,0,0,0,0,0,0,0
15_14,10.675,-61.175,23,0,0,0,0,0,0,0,0,0,0,0,0,0,0,0,0,0
15_14,10.675,-61.175,24,1,0,0,0,0,0,0,0,0,0,0,0,0,0,0,0,0
15_14,10.675,-61.175,25,0,0,0,0,0,0,0,0,0,0,0,0,0,0,0,0,0
15_14,10.675,-61.175,26,0,0,0,0,0,0,0,0,0,0,0,0,0,0,0,0,0
15_14,10.675,-61.175,27,0,0,0,0,0,0,0,0,0,0,0,0,0,0,0,0,0
15_14,10.675,-61.175,28,1,0,0,0,0,0,0,0,0,0,0,0,0,0,0,0,0
15_14,10.675,-61.175,29,0,0,0,0,0,0,0,0,0,0,0,0,0,0,0,0,0
15_14,10.675,-61.175,30,0,1,0,0,0,0,0,0,0,0,0,0,0,0,0,0,0
15_14,10.675,-61.175,31,0,0,1,0,0,0,0,0,0,0,0,0,0,0,0,0,0
15_14,10.675,-61.175,32,0,1,0,1,0,0,0,0,0,0,0,0,0,0,0,0,0
15_14,10.675,-61.175,33,0,0,1,0,1,0,0,0,0,0,0,0,0,0,0,0,0
15_14,10.675,-61.175,34,0,0,0,1,0,1,0,0,0,0,0,0,0,0,0,0,0
15_14,10.675,-61.175,35,0,0,0,0,1,0,1,0,0,0,0,0,0,0,0,0,0
15_14,10.675,-61.175,36,0,0,0,0,0,1,0,1,0,0,0,0,0,0,0,0,0
15_14,10.675,-61.175,37,0,0,0,0,0,0,1,0,1,0,0,0,0,0,0,0,0
15_14,10.675,-61.175,38,0,0,0,0,0,0,0,1,0,0,0,0,0,0,0,0,0
15_14,10.675,-61.175,39,0,0,0,0,0,0,0,0,1,0,0,0,0,0,0,0,0
15_14,10.675,-61.175,40,2,0,0,0,0,0,0,0,0,0,0,0,0,0,0,0,0
15_14,10.675,-61.175,41,0,0,0,0,0,0,0,0,0,0,0,0,0,0,0,0,0
15_14,10.675,-61.175,42,0,0,0,0,0,0,0,0,0,0,0,0,0,0,0,0,0
15_14,10.675,-61.175,43,0,0,0,0,0,0,0,0,0,0,0,0,0,0,0,0,0
15_14,10.675,-61.175,44,0,0,0,0,0,0,0,0,0,0,0,0,0,0,0,0,0
15_14,10.675,-61.175,45,0,0,0,0,0,0,0,0,0,0,0,0,0,0,0,0,0
15_14,10.675,-61.175,46,0,0,0,0,0,0,0,0,0,0,0,0,0,0,0,0,0
15_14,10.675,-61.175,47,0,0,0,0,0,0,0,0,0,0,0,0,0,0,0,0,0
15_14,10.675,-61.175,48,0,0,0,0,0,0,0,0,0,0,0,0,0,0,0,0,0
15_14,10.675,-61.175,49,0,0,0,0,0,0,0,0,0,0,0,0,0,0,0,0,0
15_14,10.675,-61.175,50,0,0,0,0,0,0,0,0,0,0,0,0,0,0,0,0,0
15_14,10.675,-61.175,51,0,0,0,0,0,0,0,0,0,0,0,0,0,0,0,0,0
15_14,10.675,-61.175,52,0,0,0,0,0,0,0,0,0,0,0,0,0,0,0,0,0
15_15,10.725,-61.175,0,0,0,,,,,,,,0,,,,,,,
15_15,10.725,-61.175,1,0,0,0,,,,,,,0,0,,,,,,
15_15,10.725,-61.175,2,0,0,0,0,,,,,,0,0,0,,,,,
15_15,10.725,-61.175,3,0,0,0,0,0,,,,,0,0,0,0,,,,
15_15,10.725,-61.175,4,0,0,0,0,0,0,,,,0,0,0,0,0,,,
15_15,10.725,-61.175,5,0,0,0,0,0,0,0,,,0,0,0,0,0,0,,
15_15,10.725,-61.175,6,0,0,0,0,0,0,0,0,,0,0,0,0,0,0,0,
15_15,10.725,-61.175,7,0,0,0,0,0,0,0,0,0,0,0,0,0,0,0,0,0
15_15,10.725,-61.175,8,0,0,0,0,0,0,0,0,0,0,0,0,0,0,0,0,0
15_15,10.725,-61.175,9,0,0,0,0,0,0,0,0,0,0,0,0,0,0,0,0,0
15_15,10.725,-61.175,10,0,0,0,0,0,0,0,0,0,0,0,0,0,0,0,0,0
15_15,10.725,-61.175,11,0,0,0,0,0,0,0,0,0,0,0,0,0,0,0,0,0
15_15,10.725,-61.175,12,0,0,0,0,0,0,0,0,0,0,0,0,0,0,0,0,0
15_15,10.725,-61.175,13,0,0,0,0,0,0,0,0,0,0,0,0,0,0,0,0,0
15_15,10.725,-61.175,14,0,0,0,0,0,0,0,0,0,0,0,0,0,0,0,0,0
15_15,10.725,-61.175,15,0,0,0,0,0,0,0,0,0,0,0,0,0,0,0,0,0
15_15,10.725,-61.175,16,0,0,0,0,0,0,0,0,0,0,0,0,0,0,0,0,0
15_15,10.725,-61.175,17,0,0,0,0,0,0,0,0,0,0,0,0,0,0,0,0,0
15_15,10.725,-61.175,18,0,0,0,0,0,0,0,0,0,0,0,0,0,0,0,0,0
15_15,10.725,-61.175,19,0,0,0,0,0,0,0,0,0,0,0,0,0,0,0,0,0
15_15,10.725,-61.175,20,0,0,0,0,0,0,0,0,0,0,0,0,0,0,0,0,0
15_15,10.725,-61.175,21,0,0,0,0,0,0,0,0,0,0,0,0,0,0,0,0,0
15_15,10.725,-61.175,22,0,0,0,0,0,0,0,0,0,0,0,0,0,0,0,0,0
15_15,10.725,-61.175,23,0,0,0,0,0,0,0,0,0,0,0,0,0,0,0,0,0
15_15,10.725,-61.175,24,0,0,0,0,0,0,0,0,0,0,0,0,0,0,0,0,0
15_15,10.725,-61.175,25,0,0,0,0,0,0,0,0,0,0,0,0,0,0,0,0,0
15_15,10.725,-61.175,26,0,0,0,0,0,0,0,0,0,0,0,0,0,0,0,0,0
15_15,10.725,-61.175,27,0,0,0,0,0,0,0,0,0,0,0,0,0,0,0,0,0
15_15,10.725,-61.175,28,0,0,0,0,0,0,0,0,0,0,0,0,0,0,0,0,0
15_15,10.725,-61.175,29,0,0,0,0,0,0,0,0,0,0,0,0,0,0,0,0,0
15_15,10.725,-61.175,30,0,0,0,0,0,0,0,0,0,0,0,0,0,0,0,0,0
15_15,10.725,-61.175,31,0,0,0,0,0,0,0,0,0,0,0,0,0,0,0,0,0
15_15,10.725,-61.175,32,0,0,0,0,0,0,0,0,0,0,0,0,0,0,0,0,0
15_15,10.725,-61.175,33,0,0,0,0,0,0,0,0,0,0,0,0,0,0,0,0,0
15_15,10.725,-61.175,34,0,0,0,0,0,0,0,0,0,0,0,0,0,0,0,0,0
15_15,10.725,-61.175,35,0,0,0,0,0,0,0,0,0,0,0,0,0,0,0,0,0
15_15,10.725,-61.175,36,0,0,0,0,0,0,0,0,0,0,0,0,0,0,0,0,0
15_15,10.725,-61.175,37,0,0,0,0,0,0,0,0,0,0,0,0,0,0,0,0,0
15_15,10.725,-61.175,38,0,0,0,0,0,0,0,0,0,0,0,0,0,0,0,0,0
15_15,10.725,-61.175,39,0,0,0,0,0,0,0,0,0,0,0,0,0,0,0,0,0
15_15,10.725,-61.175,40,0,0,0,0,0,0,0,0,0,0,0,0,0,0,0,0,0
15_15,10.725,-61.175,41,0,0,0,0,0,0,0,0,0,0,0,0,0,0,0,0,0
15_15,10.725,-61.175,42,0,0,0,0,0,0,0,0,0,0,0,0,0,0,0,0,0
15_15,10.725,-61.175,43,0,0,0,0,0,0,0,0,0,0,0,0,0,0,0,0,0
15_15,10.725,-61.175,44,0,0,0,0,0,0,0,0,0,0,0,0,0,0,0,0,0
15_15,10.725,-61.175,45,0,0,0,0,0,0,0,0,0,0,0,0,0,0,0,0,0
15_15,10.725,-61.175,46,0,0,0,0,0,0,0,0,0,0,0,0,0,0,0,0,0
15_15,10.725,-61.175,47,0,0,0,0,0,0,0,0,0,0,0,0,0,0,0,0,0
15_15,10.725,-61.175,48,0,0,0,0,0,0,0,0,0,0,0,0,0,0,0,0,0
15_15,10.725,-61.175,49,0,0,0,0,0,0,0,0,0,0,0,0,0,0,0,0,0
15_15,10.725,-61.175,50,0,0,0,0,0,0,0,0,0,0,0,0,0,0,0,0,0
15_15,10.725,-61.175,51,0,0,0,0,0,0,0,0,0,0,0,0,0,0,0,0,0
15_15,10.725,-61.175,52,0,0,0,0,0,0,0,0,0,0,0,0,0,0,0,0,0
15_16,10.775,-61.175,0,0,0,,,,,,,,0,,,,,,,
15_16,10.775,-61.175,1,0,0,0,,,,,,,0,0,,,,,,
15_16,10.775,-61.175,2,0,0,0,0,,,,,,0,0,0,,,,,
15_16,10.775,-61.175,3,0,0,0,0,0,,,,,0,0,0,0,,,,
15_16,10.775,-61.175,4,0,0,0,0,0,0,,,,0,0,0,0,0,,,
15_16,10.775,-61.175,5,0,0,0,0,0,0,0,,,0,0,0,0,0,0,,
15_16,10.775,-61.175,6,0,0,0,0,0,0,0,0,,0,0,0,0,0,0,0,
15_16,10.775,-61.175,7,0,0,0,0,0,0,0,0,0,0,0,0,0,0,0,0,0
15_16,10.775,-61.175,8,0,0,0,0,0,0,0,0,0,0,0,0,0,0,0,0,0
15_16,10.775,-61.175,9,0,0,0,0,0,0,0,0,0,0,0,0,0,0,0,0,0
15_16,10.775,-61.175,10,0,0,0,0,0,0,0,0,0,0,0,0,0,0,0,0,0
15_16,10.775,-61.175,11,0,0,0,0,0,0,0,0,0,0,0,0,0,0,0,0,0
15_16,10.775,-61.175,12,0,0,0,0,0,0,0,0,0,0,0,0,0,0,0,0,0
15_16,10.775,-61.175,13,0,0,0,0,0,0,0,0,0,0,0,0,0,0,0,0,0
15_16,10.775,-61.175,14,0,0,0,0,0,0,0,0,0,0,0,0,0,0,0,0,0
15_16,10.775,-61.175,15,0,0,0,0,0,0,0,0,0,0,0,0,0,0,0,0,0
15_16,10.775,-61.175,16,0,0,0,0,0,0,0,0,0,0,0,0,0,0,0,0,0
15_16,10.775,-61.175,17,0,0,0,0,0,0,0,0,0,0,0,0,0,0,0,0,0
15_16,10.775,-61.175,18,0,0,0,0,0,0,0,0,0,0,0,0,0,0,0,0,0
15_16,10.775,-61.175,19,0,0,0,0,0,0,0,0,0,0,0,0,0,0,0,0,0
15_16,10.775,-61.175,20,0,0,0,0,0,0,0,0,0,0,0,0,0,0,0,0,0
15_16,10.775,-61.175,21,0,0,0,0,0,0,0,0,0,0,0,0,0,0,0,0,0
15_16,10.775,-61.175,22,0,0,0,0,0,0,0,0,0,0,0,0,0,0,0,0,0
15_16,10.775,-61.175,23,0,0,0,0,0,0,0,0,0,0,0,0,0,0,0,0,0
15_16,10.775,-61.175,24,0,0,0,0,0,0,0,0,0,0,0,0,0,0,0,0,0
15_16,10.775,-61.175,25,0,0,0,0,0,0,0,0,0,0,0,0,0,0,0,0,0
15_16,10.775,-61.175,26,0,0,0,0,0,0,0,0,0,0,0,0,0,0,0,0,0
15_16,10.775,-61.175,27,0,0,0,0,0,0,0,0,0,0,0,0,0,0,0,0,0
15_16,10.775,-61.175,28,0,0,0,0,0,0,0,0,0,0,0,0,0,0,0,0,0
15_16,10.775,-61.175,29,0,0,0,0,0,0,0,0,0,0,0,0,0,0,0,0,0
15_16,10.775,-61.175,30,0,0,0,0,0,0,0,0,0,0,0,0,0,0,0,0,0
15_16,10.775,-61.175,31,0,0,0,0,0,0,0,0,0,0,0,0,0,0,0,0,0
15_16,10.775,-61.175,32,0,0,0,0,0,0,0,0,0,0,0,0,0,0,0,0,0
15_16,10.775,-61.175,33,0,0,0,0,0,0,0,0,0,0,0,0,0,0,0,0,0
15_16,10.775,-61.175,34,0,0,0,0,0,0,0,0,0,0,0,0,0,0,0,0,0
15_16,10.775,-61.175,35,0,0,0,0,0,0,0,0,0,0,0,0,0,0,0,0,0
15_16,10.775,-61.175,36,0,0,0,0,0,0,0,0,0,0,0,0,0,0,0,0,0
15_16,10.775,-61.175,37,0,0,0,0,0,0,0,0,0,0,0,0,0,0,0,0,0
15_16,10.775,-61.175,38,0,0,0,0,0,0,0,0,0,0,0,0,0,0,0,0,0
15_16,10.775,-61.175,39,0,0,0,0,0,0,0,0,0,0,0,0,0,0,0,0,0
15_16,10.775,-61.175,40,0,0,0,0,0,0,0,0,0,0,0,0,0,0,0,0,0
15_16,10.775,-61.175,41,0,0,0,0,0,0,0,0,0,0,0,0,0,0,0,0,0
15_16,10.775,-61.175,42,0,0,0,0,0,0,0,0,0,0,0,0,0,0,0,0,0
15_16,10.775,-61.175,43,0,0,0,0,0,0,0,0,0,0,0,0,0,0,0,0,0
15_16,10.775,-61.175,44,0,0,0,0,0,0,0,0,0,0,0,0,0,0,0,0,0
15_16,10.775,-61.175,45,0,0,0,0,0,0,0,0,0,0,0,0,0,0,0,0,0
15_16,10.775,-61.175,46,0,0,0,0,0,0,0,0,0,0,0,0,0,0,0,0,0
15_16,10.775,-61.175,47,0,0,0,0,0,0,0,0,0,0,0,0,0,0,0,0,0
15_16,10.775,-61.175,48,0,0,0,0,0,0,0,0,0,0,0,0,0,0,0,0,0
15_16,10.775,-61.175,49,0,0,0,0,0,0,0,0,0,0,0,0,0,0,0,0,0
15_16,10.775,-61.175,50,0,0,0,0,0,0,0,0,0,0,0,0,0,0,0,0,0
15_16,10.775,-61.175,51,0,0,0,0,0,0,0,0,0,0,0,0,0,0,0,0,0
15_16,10.775,-61.175,52,0,0,0,0,0,0,0,0,0,0,0,0,0,0,0,0,0
15_17,10.825,-61.175,0,0,0,,,,,,,,0,,,,,,,
15_17,10.825,-61.175,1,0,0,0,,,,,,,0,0,,,,,,
15_17,10.825,-61.175,2,0,0,0,0,,,,,,0,0,0,,,,,
15_17,10.825,-61.175,3,0,0,0,0,0,,,,,0,0,0,0,,,,
15_17,10.825,-61.175,4,0,0,0,0,0,0,,,,0,0,0,0,0,,,
15_17,10.825,-61.175,5,0,0,0,0,0,0,0,,,0,0,0,0,0,0,,
15_17,10.825,-61.175,6,0,0,0,0,0,0,0,0,,0,0,0,0,0,0,0,
15_17,10.825,-61.175,7,0,0,0,0,0,0,0,0,0,0,0,0,0,0,0,0,0
15_17,10.825,-61.175,8,0,0,0,0,0,0,0,0,0,0,0,0,0,0,0,0,0
15_17,10.825,-61.175,9,0,0,0,0,0,0,0,0,0,0,0,0,0,0,0,0,0
15_17,10.825,-61.175,10,0,0,0,0,0,0,0,0,0,0,0,0,0,0,0,0,0
15_17,10.825,-61.175,11,0,0,0,0,0,0,0,0,0,0,0,0,0,0,0,0,0
15_17,10.825,-61.175,12,0,0,0,0,0,0,0,0,0,0,0,0,0,0,0,0,0
15_17,10.825,-61.175,13,0,0,0,0,0,0,0,0,0,0,0,0,0,0,0,0,0
15_17,10.825,-61.175,14,0,0,0,0,0,0,0,0,0,0,0,0,0,0,0,0,0
15_17,10.825,-61.175,15,0,0,0,0,0,0,0,0,0,0,0,0,0,0,0,0,0
15_17,10.825,-61.175,16,0,0,0,0,0,0,0,0,0,0,0,0,0,0,0,0,0
15_17,10.825,-61.175,17,0,0,0,0,0,0,0,0,0,0,0,0,0,0,0,0,0
15_17,10.825,-61.175,18,0,0,0,0,0,0,0,0,0,0,0,0,0,0,0,0,0
15_17,10.825,-61.175,19,0,0,0,0,0,0,0,0,0,0,0,0,0,0,0,0,0
15_17,10.825,-61.175,20,0,0,0,0,0,0,0,0,0,0,0,0,0,0,0,0,0
15_17,10.825,-61.175,21,0,0,0,0,0,0,0,0,0,0,0,0,0,0,0,0,0
15_17,10.825,-61.175,22,0,0,0,0,0,0,0,0,0,0,0,0,0,0,0,0,0
15_17,10.825,-61.175,23,0,0,0,0,0,0,0,0,0,0,0,0,0,0,0,0,0
15_17,10.825,-61.175,24,0,0,0,0,0,0,0,0,0,0,0,0,0,0,0,0,0
15_17,10.825,-61.175,25,0,0,0,0,0,0,0,0,0,0,0,0,0,0,0,0,0
15_17,10.825,-61.175,26,0,0,0,0,0,0,0,0,0,0,0,0,0,0,0,0,0
15_17,10.825,-61.175,27,0,0,0,0,0,0,0,0,0,0,0,0,0,0,0,0,0
15_17,10.825,-61.175,28,0,0,0,0,0,0,0,0,0,0,0,0,0,0,0,0,0
15_17,10.825,-61.175,29,0,0,0,0,0,0,0,0,0,0,0,0,0,0,0,0,0
15_17,10.825,-61.175,30,0,0,0,0,0,0,0,0,0,0,0,0,0,0,0,0,0
15_17,10.825,-61.175,31,0,0,0,0,0,0,0,0,0,0,0,0,0,0,0,0,0
15_17,10.825,-61.175,32,0,0,0,0,0,0,0,0,0,0,0,0,0,0,0,0,0
15_17,10.825,-61.175,33,0,0,0,0,0,0,0,0,0,0,0,0,0,0,0,0,0
15_17,10.825,-61.175,34,0,0,0,0,0,0,0,0,0,0,0,0,0,0,0,0,0
15_17,10.825,-61.175,35,0,0,0,0,0,0,0,0,0,0,0,0,0,0,0,0,0
15_17,10.825,-61.175,36,0,0,0,0,0,0,0,0,0,0,0,0,0,0,0,0,0
15_17,10.825,-61.175,37,0,0,0,0,0,0,0,0,0,0,0,0,0,0,0,0,0
15_17,10.825,-61.175,38,0,0,0,0,0,0,0,0,0,0,0,0,0,0,0,0,0
15_17,10.825,-61.175,39,0,0,0,0,0,0,0,0,0,0,0,0,0,0,0,0,0
15_17,10.825,-61.175,40,0,0,0,0,0,0,0,0,0,0,0,0,0,0,0,0,0
15_17,10.825,-61.175,41,0,0,0,0,0,0,0,0,0,0,0,0,0,0,0,0,0
15_17,10.825,-61.175,42,0,0,0,0,0,0,0,0,0,0,0,0,0,0,0,0,0
15_17,10.825,-61.175,43,0,0,0,0,0,0,0,0,0,0,0,0,0,0,0,0,0
15_17,10.825,-61.175,44,0,0,0,0,0,0,0,0,0,0,0,0,0,0,0,0,0
15_17,10.825,-61.175,45,0,0,0,0,0,0,0,0,0,0,0,0,0,0,0,0,0
15_17,10.825,-61.175,46,0,0,0,0,0,0,0,0,0,0,0,0,0,0,0,0,0
15_17,10.825,-61.175,47,0,0,0,0,0,0,0,0,0,0,0,0,0,0,0,0,0
15_17,10.825,-61.175,48,0,0,0,0,0,0,0,0,0,0,0,0,0,0,0,0,0
15_17,10.825,-61.175,49,0,0,0,0,0,0,0,0,0,0,0,0,0,0,0,0,0
15_17,10.825,-61.175,50,0,0,0,0,0,0,0,0,0,0,0,0,0,0,0,0,0
15_17,10.825,-61.175,51,0,0,0,0,0,0,0,0,0,0,0,0,0,0,0,0,0
15_17,10.825,-61.175,52,0,0,0,0,0,0,0,0,0,0,0,0,0,0,0,0,0
16_2,10.075,-61.125,0,0,0,,,,,,,,0,,,,,,,
16_2,10.075,-61.125,1,0,0,0,,,,,,,0,0,,,,,,
16_2,10.075,-61.125,2,0,0,0,0,,,,,,0,0,0,,,,,
16_2,10.075,-61.125,3,0,0,0,0,0,,,,,0,0,0,0,,,,
16_2,10.075,-61.125,4,0,0,0,0,0,0,,,,0,0,0,0,0,,,
16_2,10.075,-61.125,5,0,0,0,0,0,0,0,,,0,0,0,0,0,0,,
16_2,10.075,-61.125,6,0,0,0,0,0,0,0,0,,0,0,0,0,0,0,0,
16_2,10.075,-61.125,7,0,0,0,0,0,0,0,0,0,0,0,0,0,0,0,0,0
16_2,10.075,-61.125,8,0,0,0,0,0,0,0,0,0,0,0,0,0,0,0,0,0
16_2,10.075,-61.125,9,0,0,0,0,0,0,0,0,0,0,0,0,0,0,0,0,0
16_2,10.075,-61.125,10,0,0,0,0,0,0,0,0,0,0,0,0,0,0,0,0,0
16_2,10.075,-61.125,11,0,0,0,0,0,0,0,0,0,0,0,0,0,0,0,0,0
16_2,10.075,-61.125,12,0,0,0,0,0,0,0,0,0,0,0,0,0,0,0,0,0
16_2,10.075,-61.125,13,0,0,0,0,0,0,0,0,0,0,0,0,0,0,0,0,0
16_2,10.075,-61.125,14,0,0,0,0,0,0,0,0,0,0,0,0,0,0,0,0,0
16_2,10.075,-61.125,15,0,0,0,0,0,0,0,0,0,0,0,0,0,0,0,0,0
16_2,10.075,-61.125,16,0,0,0,0,0,0,0,0,0,0,0,0,0,0,0,0,0
16_2,10.075,-61.125,17,0,0,0,0,0,0,0,0,0,0,0,0,0,0,0,0,0
16_2,10.075,-61.125,18,0,0,0,0,0,0,0,0,0,0,0,0,0,0,0,0,0
16_2,10.075,-61.125,19,0,0,0,0,0,0,0,0,0,0,0,0,0,0,0,0,0
16_2,10.075,-61.125,20,0,0,0,0,0,0,0,0,0,0,0,0,0,0,0,0,0
16_2,10.075,-61.125,21,0,0,0,0,0,0,0,0,0,0,0,0,0,0,0,0,0
16_2,10.075,-61.125,22,0,0,0,0,0,0,0,0,0,0,0,0,0,0,0,0,0
16_2,10.075,-61.125,23,0,0,0,0,0,0,0,0,0,0,0,0,0,0,0,0,0
16_2,10.075,-61.125,24,0,0,0,0,0,0,0,0,0,0,0,0,0,0,0,0,0
16_2,10.075,-61.125,25,0,0,0,0,0,0,0,0,0,0,0,0,0,0,0,0,0
16_2,10.075,-61.125,26,0,0,0,0,0,0,0,0,0,0,0,0,0,0,0,0,0
16_2,10.075,-61.125,27,0,0,0,0,0,0,0,0,0,0,0,0,0,0,0,0,0
16_2,10.075,-61.125,28,0,0,0,0,0,0,0,0,0,0,0,0,0,0,0,0,0
16_2,10.075,-61.125,29,0,0,0,0,0,0,0,0,0,0,0,0,0,0,0,0,0
16_2,10.075,-61.125,30,0,0,0,0,0,0,0,0,0,0,0,0,0,0,0,0,0
16_2,10.075,-61.125,31,0,0,0,0,0,0,0,0,0,0,0,0,0,0,0,0,0
16_2,10.075,-61.125,32,0,0,0,0,0,0,0,0,0,0,0,0,0,0,0,0,0
16_2,10.075,-61.125,33,0,0,0,0,0,0,0,0,0,0,0,0,0,0,0,0,0
16_2,10.075,-61.125,34,0,0,0,0,0,0,0,0,0,0,0,0,0,0,0,0,0
16_2,10.075,-61.125,35,0,0,0,0,0,0,0,0,0,0,0,0,0,0,0,0,0
16_2,10.075,-61.125,36,0,0,0,0,0,0,0,0,0,0,0,0,0,0,0,0,0
16_2,10.075,-61.125,37,0,0,0,0,0,0,0,0,0,0,0,0,0,0,0,0,0
16_2,10.075,-61.125,38,0,0,0,0,0,0,0,0,0,0,0,0,0,0,0,0,0
16_2,10.075,-61.125,39,0,0,0,0,0,0,0,0,0,0,0,0,0,0,0,0,0
16_2,10.075,-61.125,40,0,0,0,0,0,0,0,0,0,0,0,0,0,0,0,0,0
16_2,10.075,-61.125,41,0,0,0,0,0,0,0,0,0,0,0,0,0,0,0,0,0
16_2,10.075,-61.125,42,0,0,0,0,0,0,0,0,0,0,0,0,0,0,0,0,0
16_2,10.075,-61.125,43,0,0,0,0,0,0,0,0,0,0,0,0,0,0,0,0,0
16_2,10.075,-61.125,44,0,0,0,0,0,0,0,0,0,0,0,0,0,0,0,0,0
16_2,10.075,-61.125,45,0,0,0,0,0,0,0,0,0,0,0,0,0,0,0,0,0
16_2,10.075,-61.125,46,0,0,0,0,0,0,0,0,0,0,0,0,0,0,0,0,0
16_2,10.075,-61.125,47,0,0,0,0,0,0,0,0,0,0,0,0,0,0,0,0,0
16_2,10.075,-61.125,48,0,0,0,0,0,0,0,0,0,0,0,0,0,0,0,0,0
16_2,10.075,-61.125,49,0,0,0,0,0,0,0,0,0,0,0,0,0,0,0,0,0
16_2,10.075,-61.125,50,0,0,0,0,0,0,0,0,0,0,0,0,0,0,0,0,0
16_2,10.075,-61.125,51,0,0,0,0,0,0,0,0,0,0,0,0,0,0,0,0,0
16_2,10.075,-61.125,52,0,0,0,0,0,0,0,0,0,0,0,0,0,0,0,0,0
16_3,10.125,-61.12500000000001,0,0,0,,,,,,,,0,,,,,,,
16_3,10.125,-61.12500000000001,1,0,0,0,,,,,,,0,0,,,,,,
16_3,10.125,-61.12500000000001,2,0,0,0,0,,,,,,0,0,0,,,,,
16_3,10.125,-61.12500000000001,3,0,0,0,0,0,,,,,0,0,0,0,,,,
16_3,10.125,-61.12500000000001,4,0,0,0,0,0,0,,,,0,0,0,0,0,,,
16_3,10.125,-61.12500000000001,5,0,0,0,0,0,0,0,,,0,0,0,0,0,0,,
16_3,10.125,-61.12500000000001,6,0,0,0,0,0,0,0,0,,0,0,0,0,0,0,0,
16_3,10.125,-61.12500000000001,7,0,0,0,0,0,0,0,0,0,0,0,0,0,0,0,0,0
16_3,10.125,-61.12500000000001,8,0,0,0,0,0,0,0,0,0,0,0,0,0,0,0,0,0
16_3,10.125,-61.12500000000001,9,0,0,0,0,0,0,0,0,0,0,0,0,0,0,0,0,0
16_3,10.125,-61.12500000000001,10,0,0,0,0,0,0,0,0,0,0,0,0,0,0,0,0,0
16_3,10.125,-61.12500000000001,11,0,0,0,0,0,0,0,0,0,0,0,0,0,0,0,0,0
16_3,10.125,-61.12500000000001,12,0,0,0,0,0,0,0,0,0,0,0,0,0,0,0,0,0
16_3,10.125,-61.12500000000001,13,0,0,0,0,0,0,0,0,0,0,0,0,0,0,0,0,0
16_3,10.125,-61.12500000000001,14,0,0,0,0,0,0,0,0,0,0,0,0,0,0,0,0,0
16_3,10.125,-61.12500000000001,15,0,0,0,0,0,0,0,0,0,0,0,0,0,0,0,0,0
16_3,10.125,-61.12500000000001,16,0,0,0,0,0,0,0,0,0,0,0,0,0,0,0,0,0
16_3,10.125,-61.12500000000001,17,0,0,0,0,0,0,0,0,0,0,0,0,0,0,0,0,0
16_3,10.125,-61.12500000000001,18,0,0,0,0,0,0,0,0,0,0,0,0,0,0,0,0,0
16_3,10.125,-61.12500000000001,19,0,0,0,0,0,0,0,0,0,0,0,0,0,0,0,0,0
16_3,10.125,-61.12500000000001,20,0,0,0,0,0,0,0,0,0,0,0,0,0,0,0,0,0
16_3,10.125,-61.12500000000001,21,0,0,0,0,0,0,0,0,0,0,0,0,0,0,0,0,0
16_3,10.125,-61.12500000000001,22,0,0,0,0,0,0,0,0,0,0,0,0,0,0,0,0,0
16_3,10.125,-61.12500000000001,23,0,0,0,0,0,0,0,0,0,0,0,0,0,0,0,0,0
16_3,10.125,-61.12500000000001,24,0,0,0,0,0,0,0,0,0,0,0,0,0,0,0,0,0
16_3,10.125,-61.12500000000001,25,0,0,0,0,0,0,0,0,0,0,0,0,0,0,0,0,0
16_3,10.125,-61.12500000000001,26,0,0,0,0,0,0,0,0,0,0,0,0,0,0,0,0,0
16_3,10.125,-61.12500000000001,27,0,0,0,0,0,0,0,0,0,0,0,0,0,0,0,0,0
16_3,10.125,-61.12500000000001,28,0,0,0,0,0,0,0,0,0,0,0,0,0,0,0,0,0
16_3,10.125,-61.12500000000001,29,0,0,0,0,0,0,0,0,0,0,0,0,0,0,0,0,0
16_3,10.125,-61.12500000000001,30,0,0,0,0,0,0,0,0,0,0,0,0,0,0,0,0,0
16_3,10.125,-61.12500000000001,31,0,0,0,0,0,0,0,0,0,0,0,0,0,0,0,0,0
16_3,10.125,-61.12500000000001,32,0,0,0,0,0,0,0,0,0,0,0,0,0,0,0,0,0
16_3,10.125,-61.12500000000001,33,0,0,0,0,0,0,0,0,0,0,0,0,0,0,0,0,0
16_3,10.125,-61.12500000000001,34,0,0,0,0,0,0,0,0,0,0,0,0,0,0,0,0,0
16_3,10.125,-61.12500000000001,35,0,0,0,0,0,0,0,0,0,0,0,0,0,0,0,0,0
16_3,10.125,-61.12500000000001,36,0,0,0,0,0,0,0,0,0,0,0,0,0,0,0,0,0
16_3,10.125,-61.12500000000001,37,0,0,0,0,0,0,0,0,0,0,0,0,0,0,0,0,0
16_3,10.125,-61.12500000000001,38,0,0,0,0,0,0,0,0,0,0,0,0,0,0,0,0,0
16_3,10.125,-61.12500000000001,39,0,0,0,0,0,0,0,0,0,0,0,0,0,0,0,0,0
16_3,10.125,-61.12500000000001,40,0,0,0,0,0,0,0,0,0,0,0,0,0,0,0,0,0
16_3,10.125,-61.12500000000001,41,0,0,0,0,0,0,0,0,0,0,0,0,0,0,0,0,0
16_3,10.125,-61.12500000000001,42,0,0,0,0,0,0,0,0,0,0,0,0,0,0,0,0,0
16_3,10.125,-61.12500000000001,43,0,0,0,0,0,0,0,0,0,0,0,0,0,0,0,0,0
16_3,10.125,-61.12500000000001,44,0,0,0,0,0,0,0,0,0,0,0,0,0,0,0,0,0
16_3,10.125,-61.12500000000001,45,0,0,0,0,0,0,0,0,0,0,0,0,0,0,0,0,0
16_3,10.125,-61.12500000000001,46,0,0,0,0,0,0,0,0,0,0,0,0,0,0,0,0,0
16_3,10.125,-61.12500000000001,47,0,0,0,0,0,0,0,0,0,0,0,0,0,0,0,0,0
16_3,10.125,-61.12500000000001,48,0,0,0,0,0,0,0,0,0,0,0,0,0,0,0,0,0
16_3,10.125,-61.12500000000001,49,0,0,0,0,0,0,0,0,0,0,0,0,0,0,0,0,0
16_3,10.125,-61.12500000000001,50,0,0,0,0,0,0,0,0,0,0,0,0,0,0,0,0,0
16_3,10.125,-61.12500000000001,51,0,0,0,0,0,0,0,0,0,0,0,0,0,0,0,0,0
16_3,10.125,-61.12500000000001,52,0,0,0,0,0,0,0,0,0,0,0,0,0,0,0,0,0
16_4,10.175,-61.125,0,0,0,,,,,,,,0,,,,,,,
16_4,10.175,-61.125,1,0,0,0,,,,,,,0,0,,,,,,
16_4,10.175,-61.125,2,0,0,0,0,,,,,,0,0,0,,,,,
16_4,10.175,-61.125,3,0,0,0,0,0,,,,,0,0,0,0,,,,
16_4,10.175,-61.125,4,0,0,0,0,0,0,,,,0,0,0,0,0,,,
16_4,10.175,-61.125,5,0,0,0,0,0,0,0,,,0,0,0,0,0,0,,
16_4,10.175,-61.125,6,0,0,0,0,0,0,0,0,,0,0,0,0,0,0,0,
16_4,10.175,-61.125,7,0,0,0,0,0,0,0,0,0,0,0,0,0,0,0,0,0
16_4,10.175,-61.125,8,0,0,0,0,0,0,0,0,0,0,0,0,0,0,0,0,0
16_4,10.175,-61.125,9,0,0,0,0,0,0,0,0,0,0,0,0,0,0,0,0,0
16_4,10.175,-61.125,10,0,0,0,0,0,0,0,0,0,0,0,0,0,0,0,0,0
16_4,10.175,-61.125,11,0,0,0,0,0,0,0,0,0,0,0,0,0,0,0,0,0
16_4,10.175,-61.125,12,0,0,0,0,0,0,0,0,0,0,0,0,0,0,0,0,0
16_4,10.175,-61.125,13,0,0,0,0,0,0,0,0,0,0,0,0,0,0,0,0,0
16_4,10.175,-61.125,14,0,0,0,0,0,0,0,0,0,0,0,0,0,0,0,0,0
16_4,10.175,-61.125,15,0,0,0,0,0,0,0,0,0,0,0,0,0,0,0,0,0
16_4,10.175,-61.125,16,0,0,0,0,0,0,0,0,0,0,0,0,0,0,0,0,0
16_4,10.175,-61.125,17,0,0,0,0,0,0,0,0,0,0,0,0,0,0,0,0,0
16_4,10.175,-61.125,18,0,0,0,0,0,0,0,0,0,0,0,0,0,0,0,0,0
16_4,10.175,-61.125,19,0,0,0,0,0,0,0,0,0,0,0,0,0,0,0,0,0
16_4,10.175,-61.125,20,0,0,0,0,0,0,0,0,0,0,0,0,0,0,0,0,0
16_4,10.175,-61.125,21,0,0,0,0,0,0,0,0,0,0,0,0,0,0,0,0,0
16_4,10.175,-61.125,22,0,0,0,0,0,0,0,0,0,0,0,0,0,0,0,0,0
16_4,10.175,-61.125,23,0,0,0,0,0,0,0,0,0,0,0,0,0,0,0,0,0
16_4,10.175,-61.125,24,0,0,0,0,0,0,0,0,0,0,0,0,0,0,0,0,0
16_4,10.175,-61.125,25,0,0,0,0,0,0,0,0,0,0,0,0,0,0,0,0,0
16_4,10.175,-61.125,26,0,0,0,0,0,0,0,0,0,0,0,0,0,0,0,0,0
16_4,10.175,-61.125,27,0,0,0,0,0,0,0,0,0,0,0,0,0,0,0,0,0
16_4,10.175,-61.125,28,0,0,0,0,0,0,0,0,0,0,0,0,0,0,0,0,0
16_4,10.175,-61.125,29,0,0,0,0,0,0,0,0,0,0,0,0,0,0,0,0,0
16_4,10.175,-61.125,30,0,0,0,0,0,0,0,0,0,0,0,0,0,0,0,0,0
16_4,10.175,-61.125,31,0,0,0,0,0,0,0,0,0,0,0,0,0,0,0,0,0
16_4,10.175,-61.125,32,0,0,0,0,0,0,0,0,0,0,0,0,0,0,0,0,0
16_4,10.175,-61.125,33,0,0,0,0,0,0,0,0,0,0,0,0,0,0,0,0,0
16_4,10.175,-61.125,34,0,0,0,0,0,0,0,0,0,0,0,0,0,0,0,0,0
16_4,10.175,-61.125,35,0,0,0,0,0,0,0,0,0,0,0,0,0,0,0,0,0
16_4,10.175,-61.125,36,0,0,0,0,0,0,0,0,0,0,0,0,0,0,0,0,0
16_4,10.175,-61.125,37,0,0,0,0,0,0,0,0,0,0,0,0,0,0,0,0,0
16_4,10.175,-61.125,38,0,0,0,0,0,0,0,0,0,0,0,0,0,0,0,0,0
16_4,10.175,-61.125,39,0,0,0,0,0,0,0,0,0,0,0,0,0,0,0,0,0
16_4,10.175,-61.125,40,0,0,0,0,0,0,0,0,0,0,0,0,0,0,0,0,0
16_4,10.175,-61.125,41,0,0,0,0,0,0,0,0,0,0,0,0,0,0,0,0,0
16_4,10.175,-61.125,42,0,0,0,0,0,0,0,0,0,0,0,0,0,0,0,0,0
16_4,10.175,-61.125,43,0,0,0,0,0,0,0,0,0,0,0,0,0,0,0,0,0
16_4,10.175,-61.125,44,0,0,0,0,0,0,0,0,0,0,0,0,0,0,0,0,0
16_4,10.175,-61.125,45,0,0,0,0,0,0,0,0,0,0,0,0,0,0,0,0,0
16_4,10.175,-61.125,46,0,0,0,0,0,0,0,0,0,0,0,0,0,0,0,0,0
16_4,10.175,-61.125,47,0,0,0,0,0,0,0,0,0,0,0,0,0,0,0,0,0
16_4,10.175,-61.125,48,0,0,0,0,0,0,0,0,0,0,0,0,0,0,0,0,0
16_4,10.175,-61.125,49,0,0,0,0,0,0,0,0,0,0,0,0,0,0,0,0,0
16_4,10.175,-61.125,50,0,0,0,0,0,0,0,0,0,0,0,0,0,0,0,0,0
16_4,10.175,-61.125,51,0,0,0,0,0,0,0,0,0,0,0,0,0,0,0,0,0
16_4,10.175,-61.125,52,0,0,0,0,0,0,0,0,0,0,0,0,0,0,0,0,0
16_5,10.224999999999998,-61.12500000000001,0,0,0,,,,,,,,0,,,,,,,
16_5,10.224999999999998,-61.12500000000001,1,0,0,0,,,,,,,0,0,,,,,,
16_5,10.224999999999998,-61.12500000000001,2,0,0,0,0,,,,,,0,0,0,,,,,
16_5,10.224999999999998,-61.12500000000001,3,0,0,0,0,0,,,,,0,0,0,0,,,,
16_5,10.224999999999998,-61.12500000000001,4,0,0,0,0,0,0,,,,0,0,0,0,0,,,
16_5,10.224999999999998,-61.12500000000001,5,0,0,0,0,0,0,0,,,0,0,0,0,0,0,,
16_5,10.224999999999998,-61.12500000000001,6,0,0,0,0,0,0,0,0,,0,0,0,0,0,0,0,
16_5,10.224999999999998,-61.12500000000001,7,0,0,0,0,0,0,0,0,0,0,0,0,0,0,0,0,0
16_5,10.224999999999998,-61.12500000000001,8,0,0,0,0,0,0,0,0,0,0,0,0,0,0,0,0,0
16_5,10.224999999999998,-61.12500000000001,9,0,0,0,0,0,0,0,0,0,0,0,0,0,0,0,0,0
16_5,10.224999999999998,-61.12500000000001,10,0,0,0,0,0,0,0,0,0,0,0,0,0,0,0,0,0
16_5,10.224999999999998,-61.12500000000001,11,0,0,0,0,0,0,0,0,0,0,0,0,0,0,0,0,0
16_5,10.224999999999998,-61.12500000000001,12,0,0,0,0,0,0,0,0,0,0,0,0,0,0,0,0,0
16_5,10.224999999999998,-61.12500000000001,13,0,0,0,0,0,0,0,0,0,0,0,0,0,0,0,0,0
16_5,10.224999999999998,-61.12500000000001,14,0,0,0,0,0,0,0,0,0,0,0,0,0,0,0,0,0
16_5,10.224999999999998,-61.12500000000001,15,0,0,0,0,0,0,0,0,0,0,0,0,0,0,0,0,0
16_5,10.224999999999998,-61.12500000000001,16,0,0,0,0,0,0,0,0,0,0,0,0,0,0,0,0,0
16_5,10.224999999999998,-61.12500000000001,17,0,0,0,0,0,0,0,0,0,0,0,0,0,0,0,0,0
16_5,10.224999999999998,-61.12500000000001,18,0,0,0,0,0,0,0,0,0,0,0,0,0,0,0,0,0
16_5,10.224999999999998,-61.12500000000001,19,0,0,0,0,0,0,0,0,0,0,0,0,0,0,0,0,0
16_5,10.224999999999998,-61.12500000000001,20,0,0,0,0,0,0,0,0,0,0,0,0,0,0,0,0,0
16_5,10.224999999999998,-61.12500000000001,21,0,0,0,0,0,0,0,0,0,0,0,0,0,0,0,0,0
16_5,10.224999999999998,-61.12500000000001,22,0,0,0,0,0,0,0,0,0,0,0,0,0,0,0,0,0
16_5,10.224999999999998,-61.12500000000001,23,0,0,0,0,0,0,0,0,0,0,0,0,0,0,0,0,0
16_5,10.224999999999998,-61.12500000000001,24,0,0,0,0,0,0,0,0,0,0,0,0,0,0,0,0,0
16_5,10.224999999999998,-61.12500000000001,25,0,0,0,0,0,0,0,0,0,0,0,0,0,0,0,0,0
16_5,10.224999999999998,-61.12500000000001,26,0,0,0,0,0,0,0,0,0,0,0,0,0,0,0,0,0
16_5,10.224999999999998,-61.12500000000001,27,0,0,0,0,0,0,0,0,0,0,0,0,0,0,0,0,0
16_5,10.224999999999998,-61.12500000000001,28,0,0,0,0,0,0,0,0,0,0,0,0,0,0,0,0,0
16_5,10.224999999999998,-61.12500000000001,29,0,0,0,0,0,0,0,0,0,0,0,0,0,0,0,0,0
16_5,10.224999999999998,-61.12500000000001,30,0,0,0,0,0,0,0,0,0,0,0,0,0,0,0,0,0
16_5,10.224999999999998,-61.12500000000001,31,0,0,0,0,0,0,0,0,0,0,0,0,0,0,0,0,0
16_5,10.224999999999998,-61.12500000000001,32,0,0,0,0,0,0,0,0,0,0,0,0,0,0,0,0,0
16_5,10.224999999999998,-61.12500000000001,33,0,0,0,0,0,0,0,0,0,0,0,0,0,0,0,0,0
16_5,10.224999999999998,-61.12500000000001,34,0,0,0,0,0,0,0,0,0,0,0,0,0,0,0,0,0
16_5,10.224999999999998,-61.12500000000001,35,0,0,0,0,0,0,0,0,0,0,0,0,0,0,0,0,0
16_5,10.224999999999998,-61.12500000000001,36,0,0,0,0,0,0,0,0,0,0,0,0,0,0,0,0,0
16_5,10.224999999999998,-61.12500000000001,37,0,0,0,0,0,0,0,0,0,0,0,0,0,0,0,0,0
16_5,10.224999999999998,-61.12500000000001,38,0,0,0,0,0,0,0,0,0,0,0,0,0,0,0,0,0
16_5,10.224999999999998,-61.12500000000001,39,0,0,0,0,0,0,0,0,0,0,0,0,0,0,0,0,0
16_5,10.224999999999998,-61.12500000000001,40,0,0,0,0,0,0,0,0,0,0,0,0,0,0,0,0,0
16_5,10.224999999999998,-61.12500000000001,41,0,0,0,0,0,0,0,0,0,0,0,0,0,0,0,0,0
16_5,10.224999999999998,-61.12500000000001,42,0,0,0,0,0,0,0,0,0,0,0,0,0,0,0,0,0
16_5,10.224999999999998,-61.12500000000001,43,0,0,0,0,0,0,0,0,0,0,0,0,0,0,0,0,0
16_5,10.224999999999998,-61.12500000000001,44,0,0,0,0,0,0,0,0,0,0,0,0,0,0,0,0,0
16_5,10.224999999999998,-61.12500000000001,45,0,0,0,0,0,0,0,0,0,0,0,0,0,0,0,0,0
16_5,10.224999999999998,-61.12500000000001,46,0,0,0,0,0,0,0,0,0,0,0,0,0,0,0,0,0
16_5,10.224999999999998,-61.12500000000001,47,0,0,0,0,0,0,0,0,0,0,0,0,0,0,0,0,0
16_5,10.224999999999998,-61.12500000000001,48,0,0,0,0,0,0,0,0,0,0,0,0,0,0,0,0,0
16_5,10.224999999999998,-61.12500000000001,49,0,0,0,0,0,0,0,0,0,0,0,0,0,0,0,0,0
16_5,10.224999999999998,-61.12500000000001,50,0,0,0,0,0,0,0,0,0,0,0,0,0,0,0,0,0
16_5,10.224999999999998,-61.12500000000001,51,0,0,0,0,0,0,0,0,0,0,0,0,0,0,0,0,0
16_5,10.224999999999998,-61.12500000000001,52,0,0,0,0,0,0,0,0,0,0,0,0,0,0,0,0,0
16_6,10.275,-61.12500000000001,0,0,0,,,,,,,,0,,,,,,,
16_6,10.275,-61.12500000000001,1,0,0,0,,,,,,,0,0,,,,,,
16_6,10.275,-61.12500000000001,2,0,0,0,0,,,,,,0,0,0,,,,,
16_6,10.275,-61.12500000000001,3,0,0,0,0,0,,,,,0,0,0,0,,,,
16_6,10.275,-61.12500000000001,4,0,0,0,0,0,0,,,,0,0,0,0,0,,,
16_6,10.275,-61.12500000000001,5,0,0,0,0,0,0,0,,,0,0,0,0,0,0,,
16_6,10.275,-61.12500000000001,6,0,0,0,0,0,0,0,0,,0,0,0,0,0,0,0,
16_6,10.275,-61.12500000000001,7,0,0,0,0,0,0,0,0,0,0,0,0,0,0,0,0,0
16_6,10.275,-61.12500000000001,8,0,0,0,0,0,0,0,0,0,0,0,0,0,0,0,0,0
16_6,10.275,-61.12500000000001,9,0,0,0,0,0,0,0,0,0,0,0,0,0,0,0,0,0
16_6,10.275,-61.12500000000001,10,0,0,0,0,0,0,0,0,0,0,0,0,0,0,0,0,0
16_6,10.275,-61.12500000000001,11,0,0,0,0,0,0,0,0,0,0,0,0,0,0,0,0,0
16_6,10.275,-61.12500000000001,12,0,0,0,0,0,0,0,0,0,0,0,0,0,0,0,0,0
16_6,10.275,-61.12500000000001,13,0,0,0,0,0,0,0,0,0,0,0,0,0,0,0,0,0
16_6,10.275,-61.12500000000001,14,0,0,0,0,0,0,0,0,0,0,0,0,0,0,0,0,0
16_6,10.275,-61.12500000000001,15,0,0,0,0,0,0,0,0,0,0,0,0,0,0,0,0,0
16_6,10.275,-61.12500000000001,16,0,0,0,0,0,0,0,0,0,0,0,0,0,0,0,0,0
16_6,10.275,-61.12500000000001,17,0,0,0,0,0,0,0,0,0,0,0,0,0,0,0,0,0
16_6,10.275,-61.12500000000001,18,0,0,0,0,0,0,0,0,0,0,0,0,0,0,0,0,0
16_6,10.275,-61.12500000000001,19,0,0,0,0,0,0,0,0,0,0,0,0,0,0,0,0,0
16_6,10.275,-61.12500000000001,20,0,0,0,0,0,0,0,0,0,0,0,0,0,0,0,0,0
16_6,10.275,-61.12500000000001,21,0,0,0,0,0,0,0,0,0,0,0,0,0,0,0,0,0
16_6,10.275,-61.12500000000001,22,0,0,0,0,0,0,0,0,0,0,0,0,0,0,0,0,0
16_6,10.275,-61.12500000000001,23,0,0,0,0,0,0,0,0,0,0,0,0,0,0,0,0,0
16_6,10.275,-61.12500000000001,24,0,0,0,0,0,0,0,0,0,0,0,0,0,0,0,0,0
16_6,10.275,-61.12500000000001,25,0,0,0,0,0,0,0,0,0,0,0,0,0,0,0,0,0
16_6,10.275,-61.12500000000001,26,0,0,0,0,0,0,0,0,0,0,0,0,0,0,0,0,0
16_6,10.275,-61.12500000000001,27,0,0,0,0,0,0,0,0,0,0,0,0,0,0,0,0,0
16_6,10.275,-61.12500000000001,28,0,0,0,0,0,0,0,0,0,0,0,0,0,0,0,0,0
16_6,10.275,-61.12500000000001,29,0,0,0,0,0,0,0,0,0,0,0,0,0,0,0,0,0
16_6,10.275,-61.12500000000001,30,0,0,0,0,0,0,0,0,0,0,0,0,0,0,0,0,0
16_6,10.275,-61.12500000000001,31,0,0,0,0,0,0,0,0,0,0,0,0,0,0,0,0,0
16_6,10.275,-61.12500000000001,32,0,0,0,0,0,0,0,0,0,0,0,0,0,0,0,0,0
16_6,10.275,-61.12500000000001,33,0,0,0,0,0,0,0,0,0,0,0,0,0,0,0,0,0
16_6,10.275,-61.12500000000001,34,0,0,0,0,0,0,0,0,0,0,0,0,0,0,0,0,0
16_6,10.275,-61.12500000000001,35,0,0,0,0,0,0,0,0,0,0,0,0,0,0,0,0,0
16_6,10.275,-61.12500000000001,36,0,0,0,0,0,0,0,0,0,0,0,0,0,0,0,0,0
16_6,10.275,-61.12500000000001,37,0,0,0,0,0,0,0,0,0,0,0,0,0,0,0,0,0
16_6,10.275,-61.12500000000001,38,0,0,0,0,0,0,0,0,0,0,0,0,0,0,0,0,0
16_6,10.275,-61.12500000000001,39,0,0,0,0,0,0,0,0,0,0,0,0,0,0,0,0,0
16_6,10.275,-61.12500000000001,40,0,0,0,0,0,0,0,0,0,0,0,0,0,0,0,0,0
16_6,10.275,-61.12500000000001,41,0,0,0,0,0,0,0,0,0,0,0,0,0,0,0,0,0
16_6,10.275,-61.12500000000001,42,0,0,0,0,0,0,0,0,0,0,0,0,0,0,0,0,0
16_6,10.275,-61.12500000000001,43,0,0,0,0,0,0,0,0,0,0,0,0,0,0,0,0,0
16_6,10.275,-61.12500000000001,44,0,0,0,0,0,0,0,0,0,0,0,0,0,0,0,0,0
16_6,10.275,-61.12500000000001,45,0,0,0,0,0,0,0,0,0,0,0,0,0,0,0,0,0
16_6,10.275,-61.12500000000001,46,0,0,0,0,0,0,0,0,0,0,0,0,0,0,0,0,0
16_6,10.275,-61.12500000000001,47,0,0,0,0,0,0,0,0,0,0,0,0,0,0,0,0,0
16_6,10.275,-61.12500000000001,48,0,0,0,0,0,0,0,0,0,0,0,0,0,0,0,0,0
16_6,10.275,-61.12500000000001,49,0,0,0,0,0,0,0,0,0,0,0,0,0,0,0,0,0
16_6,10.275,-61.12500000000001,50,0,0,0,0,0,0,0,0,0,0,0,0,0,0,0,0,0
16_6,10.275,-61.12500000000001,51,0,0,0,0,0,0,0,0,0,0,0,0,0,0,0,0,0
16_6,10.275,-61.12500000000001,52,0,0,0,0,0,0,0,0,0,0,0,0,0,0,0,0,0
16_7,10.325,-61.125,0,0,0,,,,,,,,0,,,,,,,
16_7,10.325,-61.125,1,0,0,0,,,,,,,0,0,,,,,,
16_7,10.325,-61.125,2,0,0,0,0,,,,,,0,0,0,,,,,
16_7,10.325,-61.125,3,0,0,0,0,0,,,,,0,0,0,0,,,,
16_7,10.325,-61.125,4,0,0,0,0,0,0,,,,0,0,0,0,0,,,
16_7,10.325,-61.125,5,0,0,0,0,0,0,0,,,0,0,0,0,0,0,,
16_7,10.325,-61.125,6,0,0,0,0,0,0,0,0,,0,0,0,0,0,0,0,
16_7,10.325,-61.125,7,0,0,0,0,0,0,0,0,0,0,0,0,0,0,0,0,0
16_7,10.325,-61.125,8,0,0,0,0,0,0,0,0,0,0,0,0,0,0,0,0,0
16_7,10.325,-61.125,9,0,0,0,0,0,0,0,0,0,0,0,0,0,0,0,0,0
16_7,10.325,-61.125,10,0,0,0,0,0,0,0,0,0,0,0,0,0,0,0,0,0
16_7,10.325,-61.125,11,0,0,0,0,0,0,0,0,0,0,0,0,0,0,0,0,0
16_7,10.325,-61.125,12,0,0,0,0,0,0,0,0,0,0,0,0,0,0,0,0,0
16_7,10.325,-61.125,13,0,0,0,0,0,0,0,0,0,0,0,0,0,0,0,0,0
16_7,10.325,-61.125,14,0,0,0,0,0,0,0,0,0,0,0,0,0,0,0,0,0
16_7,10.325,-61.125,15,0,0,0,0,0,0,0,0,0,0,0,0,0,0,0,0,0
16_7,10.325,-61.125,16,0,0,0,0,0,0,0,0,0,0,0,0,0,0,0,0,0
16_7,10.325,-61.125,17,0,0,0,0,0,0,0,0,0,0,0,0,0,0,0,0,0
16_7,10.325,-61.125,18,0,0,0,0,0,0,0,0,0,0,0,0,0,0,0,0,0
16_7,10.325,-61.125,19,1,0,0,0,0,0,0,0,0,0,0,0,0,0,0,0,0
16_7,10.325,-61.125,20,0,0,0,0,0,0,0,0,0,0,0,0,0,0,0,0,0
16_7,10.325,-61.125,21,0,0,0,0,0,0,0,0,0,0,0,0,0,0,0,0,0
16_7,10.325,-61.125,22,0,0,0,0,0,0,0,0,0,0,0,0,0,0,0,0,0
16_7,10.325,-61.125,23,0,0,0,0,0,0,0,0,0,0,0,0,0,0,0,0,0
16_7,10.325,-61.125,24,0,0,0,0,0,0,0,0,0,0,0,0,0,0,0,0,0
16_7,10.325,-61.125,25,0,0,0,0,0,0,0,0,0,0,0,0,0,0,0,0,0
16_7,10.325,-61.125,26,0,0,0,0,0,0,0,0,0,0,0,0,0,0,0,0,0
16_7,10.325,-61.125,27,0,0,0,0,0,0,0,0,0,0,0,0,0,0,0,0,0
16_7,10.325,-61.125,28,0,0,0,0,0,0,0,0,0,0,0,0,0,0,0,0,0
16_7,10.325,-61.125,29,0,0,0,0,0,0,0,0,0,0,0,0,0,0,0,0,0
16_7,10.325,-61.125,30,0,0,0,0,0,0,0,0,0,0,0,0,0,0,0,0,0
16_7,10.325,-61.125,31,0,0,0,0,0,0,0,0,0,0,0,0,0,0,0,0,0
16_7,10.325,-61.125,32,0,0,0,0,0,0,0,0,0,0,0,0,0,0,0,0,0
16_7,10.325,-61.125,33,0,0,0,0,0,0,0,0,0,0,0,0,0,0,0,0,0
16_7,10.325,-61.125,34,0,0,0,0,0,0,0,0,0,0,0,0,0,0,0,0,0
16_7,10.325,-61.125,35,0,0,0,0,0,0,0,0,0,0,0,0,0,0,0,0,0
16_7,10.325,-61.125,36,0,0,0,0,0,0,0,0,0,0,0,0,0,0,0,0,0
16_7,10.325,-61.125,37,0,0,0,0,0,0,0,0,0,0,0,0,0,0,0,0,0
16_7,10.325,-61.125,38,0,0,0,0,0,0,0,0,0,0,0,0,0,0,0,0,0
16_7,10.325,-61.125,39,0,0,0,0,0,0,0,0,0,0,0,0,0,0,0,0,0
16_7,10.325,-61.125,40,0,0,0,0,0,0,0,0,0,0,0,0,0,0,0,0,0
16_7,10.325,-61.125,41,0,0,0,0,0,0,0,0,0,0,0,0,0,0,0,0,0
16_7,10.325,-61.125,42,0,0,0,0,0,0,0,0,0,0,0,0,0,0,0,0,0
16_7,10.325,-61.125,43,0,0,0,0,0,0,0,0,0,0,0,0,0,0,0,0,0
16_7,10.325,-61.125,44,0,0,0,0,0,0,0,0,0,0,0,0,0,0,0,0,0
16_7,10.325,-61.125,45,0,0,0,0,0,0,0,0,0,0,0,0,0,0,0,0,0
16_7,10.325,-61.125,46,0,0,0,0,0,0,0,0,0,0,0,0,0,0,0,0,0
16_7,10.325,-61.125,47,0,0,0,0,0,0,0,0,0,0,0,0,0,0,0,0,0
16_7,10.325,-61.125,48,0,0,0,0,0,0,0,0,0,0,0,0,0,0,0,0,0
16_7,10.325,-61.125,49,0,0,0,0,0,0,0,0,0,0,0,0,0,0,0,0,0
16_7,10.325,-61.125,50,0,0,0,0,0,0,0,0,0,0,0,0,0,0,0,0,0
16_7,10.325,-61.125,51,0,0,0,0,0,0,0,0,0,0,0,0,0,0,0,0,0
16_7,10.325,-61.125,52,0,0,0,0,0,0,0,0,0,0,0,0,0,0,0,0,0
16_8,10.375,-61.12500000000001,0,0,0,,,,,,,,0,,,,,,,
16_8,10.375,-61.12500000000001,1,0,0,0,,,,,,,0,0,,,,,,
16_8,10.375,-61.12500000000001,2,0,0,0,0,,,,,,0,0,0,,,,,
16_8,10.375,-61.12500000000001,3,0,0,0,0,0,,,,,0,0,0,0,,,,
16_8,10.375,-61.12500000000001,4,0,0,0,0,0,0,,,,0,0,0,0,0,,,
16_8,10.375,-61.12500000000001,5,0,0,0,0,0,0,0,,,0,0,0,0,0,0,,
16_8,10.375,-61.12500000000001,6,0,0,0,0,0,0,0,0,,0,0,0,0,0,0,0,
16_8,10.375,-61.12500000000001,7,0,0,0,0,0,0,0,0,0,0,0,0,0,0,0,0,0
16_8,10.375,-61.12500000000001,8,0,0,0,0,0,0,0,0,0,0,0,0,0,0,0,0,0
16_8,10.375,-61.12500000000001,9,0,0,0,0,0,0,0,0,0,0,0,0,0,0,0,0,0
16_8,10.375,-61.12500000000001,10,0,0,0,0,0,0,0,0,0,0,0,0,0,0,0,0,0
16_8,10.375,-61.12500000000001,11,0,0,0,0,0,0,0,0,0,0,0,0,0,0,0,0,0
16_8,10.375,-61.12500000000001,12,0,0,0,0,0,0,0,0,0,0,0,0,0,0,0,0,0
16_8,10.375,-61.12500000000001,13,0,0,0,0,0,0,0,0,0,0,0,0,0,0,0,0,0
16_8,10.375,-61.12500000000001,14,0,0,0,0,0,0,0,0,0,0,0,0,0,0,0,0,0
16_8,10.375,-61.12500000000001,15,0,0,0,0,0,0,0,0,0,0,0,0,0,0,0,0,0
16_8,10.375,-61.12500000000001,16,0,0,0,0,0,0,0,0,0,0,0,0,0,0,0,0,0
16_8,10.375,-61.12500000000001,17,0,0,0,0,0,0,0,0,0,0,0,0,0,0,0,0,0
16_8,10.375,-61.12500000000001,18,0,0,0,0,0,0,0,0,0,0,0,0,0,0,0,0,0
16_8,10.375,-61.12500000000001,19,0,0,0,0,0,0,0,0,0,0,0,0,0,0,0,0,0
16_8,10.375,-61.12500000000001,20,0,0,0,0,0,0,0,0,0,0,0,0,0,0,0,0,0
16_8,10.375,-61.12500000000001,21,0,0,0,0,0,0,0,0,0,0,0,0,0,0,0,0,0
16_8,10.375,-61.12500000000001,22,0,0,0,0,0,0,0,0,0,0,0,0,0,0,0,0,0
16_8,10.375,-61.12500000000001,23,0,0,0,0,0,0,0,0,0,0,0,0,0,0,0,0,0
16_8,10.375,-61.12500000000001,24,0,0,0,0,0,0,0,0,0,0,0,0,0,0,0,0,0
16_8,10.375,-61.12500000000001,25,0,0,0,0,0,0,0,0,0,0,0,0,0,0,0,0,0
16_8,10.375,-61.12500000000001,26,0,0,0,0,0,0,0,0,0,0,0,0,0,0,0,0,0
16_8,10.375,-61.12500000000001,27,0,0,0,0,0,0,0,0,0,0,0,0,0,0,0,0,0
16_8,10.375,-61.12500000000001,28,0,0,0,0,0,0,0,0,0,0,0,0,0,0,0,0,0
16_8,10.375,-61.12500000000001,29,0,0,0,0,0,0,0,0,0,0,0,0,0,0,0,0,0
16_8,10.375,-61.12500000000001,30,0,0,0,0,0,0,0,0,0,0,0,0,0,0,0,0,0
16_8,10.375,-61.12500000000001,31,0,0,0,0,0,0,0,0,0,0,0,0,0,0,0,0,0
16_8,10.375,-61.12500000000001,32,0,0,0,0,0,0,0,0,0,0,0,0,0,0,0,0,0
16_8,10.375,-61.12500000000001,33,0,0,0,0,0,0,0,0,0,0,0,0,0,0,0,0,0
16_8,10.375,-61.12500000000001,34,0,0,0,0,0,0,0,0,0,0,0,0,0,0,0,0,0
16_8,10.375,-61.12500000000001,35,0,0,0,0,0,0,0,0,0,0,0,0,0,0,0,0,0
16_8,10.375,-61.12500000000001,36,0,0,0,0,0,0,0,0,0,0,0,0,0,0,0,0,0
16_8,10.375,-61.12500000000001,37,0,0,0,0,0,0,0,0,0,0,0,0,0,0,0,0,0
16_8,10.375,-61.12500000000001,38,0,0,0,0,0,0,0,0,0,0,0,0,0,0,0,0,0
16_8,10.375,-61.12500000000001,39,0,0,0,0,0,0,0,0,0,0,0,0,0,0,0,0,0
16_8,10.375,-61.12500000000001,40,0,0,0,0,0,0,0,0,0,0,0,0,0,0,0,0,0
16_8,10.375,-61.12500000000001,41,0,0,0,0,0,0,0,0,0,0,0,0,0,0,0,0,0
16_8,10.375,-61.12500000000001,42,0,0,0,0,0,0,0,0,0,0,0,0,0,0,0,0,0
16_8,10.375,-61.12500000000001,43,0,0,0,0,0,0,0,0,0,0,0,0,0,0,0,0,0
16_8,10.375,-61.12500000000001,44,0,0,0,0,0,0,0,0,0,0,0,0,0,0,0,0,0
16_8,10.375,-61.12500000000001,45,0,0,0,0,0,0,0,0,0,0,0,0,0,0,0,0,0
16_8,10.375,-61.12500000000001,46,0,0,0,0,0,0,0,0,0,0,0,0,0,0,0,0,0
16_8,10.375,-61.12500000000001,47,0,0,0,0,0,0,0,0,0,0,0,0,0,0,0,0,0
16_8,10.375,-61.12500000000001,48,0,0,0,0,0,0,0,0,0,0,0,0,0,0,0,0,0
16_8,10.375,-61.12500000000001,49,0,0,0,0,0,0,0,0,0,0,0,0,0,0,0,0,0
16_8,10.375,-61.12500000000001,50,0,0,0,0,0,0,0,0,0,0,0,0,0,0,0,0,0
16_8,10.375,-61.12500000000001,51,0,0,0,0,0,0,0,0,0,0,0,0,0,0,0,0,0
16_8,10.375,-61.12500000000001,52,0,0,0,0,0,0,0,0,0,0,0,0,0,0,0,0,0
16_9,10.425,-61.125,0,0,0,,,,,,,,0,,,,,,,
16_9,10.425,-61.125,1,0,0,0,,,,,,,0,0,,,,,,
16_9,10.425,-61.125,2,0,0,0,0,,,,,,0,0,0,,,,,
16_9,10.425,-61.125,3,0,0,0,0,0,,,,,0,0,0,0,,,,
16_9,10.425,-61.125,4,0,0,0,0,0,0,,,,0,0,0,0,0,,,
16_9,10.425,-61.125,5,0,0,0,0,0,0,0,,,0,0,0,0,0,0,,
16_9,10.425,-61.125,6,0,0,0,0,0,0,0,0,,0,0,0,0,0,0,0,
16_9,10.425,-61.125,7,0,0,0,0,0,0,0,0,0,0,0,0,0,0,0,0,0
16_9,10.425,-61.125,8,0,0,0,0,0,0,0,0,0,0,0,0,0,0,0,0,0
16_9,10.425,-61.125,9,0,0,0,0,0,0,0,0,0,0,0,0,0,0,0,0,0
16_9,10.425,-61.125,10,0,0,0,0,0,0,0,0,0,0,0,0,0,0,0,0,0
16_9,10.425,-61.125,11,0,0,0,0,0,0,0,0,0,0,0,0,0,0,0,0,0
16_9,10.425,-61.125,12,0,0,0,0,0,0,0,0,0,0,0,0,0,0,0,0,0
16_9,10.425,-61.125,13,0,0,0,0,0,0,0,0,0,0,0,0,0,0,0,0,0
16_9,10.425,-61.125,14,0,0,0,0,0,0,0,0,0,0,0,0,0,0,0,0,0
16_9,10.425,-61.125,15,0,0,0,0,0,0,0,0,0,0,0,0,0,0,0,0,0
16_9,10.425,-61.125,16,0,0,0,0,0,0,0,0,0,0,0,0,0,0,0,0,0
16_9,10.425,-61.125,17,0,0,0,0,0,0,0,0,0,0,0,0,0,0,0,0,0
16_9,10.425,-61.125,18,0,0,0,0,0,0,0,0,0,0,0,0,0,0,0,0,0
16_9,10.425,-61.125,19,0,0,0,0,0,0,0,0,0,0,0,0,0,0,0,0,0
16_9,10.425,-61.125,20,0,0,0,0,0,0,0,0,0,0,0,0,0,0,0,0,0
16_9,10.425,-61.125,21,0,0,0,0,0,0,0,0,0,0,0,0,0,0,0,0,0
16_9,10.425,-61.125,22,0,0,0,0,0,0,0,0,0,0,0,0,0,0,0,0,0
16_9,10.425,-61.125,23,0,0,0,0,0,0,0,0,0,0,0,0,0,0,0,0,0
16_9,10.425,-61.125,24,0,0,0,0,0,0,0,0,0,0,0,0,0,0,0,0,0
16_9,10.425,-61.125,25,0,0,0,0,0,0,0,0,0,0,0,0,0,0,0,0,0
16_9,10.425,-61.125,26,0,0,0,0,0,0,0,0,0,0,0,0,0,0,0,0,0
16_9,10.425,-61.125,27,0,0,0,0,0,0,0,0,0,0,0,0,0,0,0,0,0
16_9,10.425,-61.125,28,0,0,0,0,0,0,0,0,0,0,0,0,0,0,0,0,0
16_9,10.425,-61.125,29,0,0,0,0,0,0,0,0,0,0,0,0,0,0,0,0,0
16_9,10.425,-61.125,30,0,0,0,0,0,0,0,0,0,0,0,0,0,0,0,0,0
16_9,10.425,-61.125,31,0,0,0,0,0,0,0,0,0,0,0,0,0,0,0,0,0
16_9,10.425,-61.125,32,0,0,0,0,0,0,0,0,0,0,0,0,0,0,0,0,0
16_9,10.425,-61.125,33,0,0,0,0,0,0,0,0,0,0,0,0,0,0,0,0,0
16_9,10.425,-61.125,34,0,0,0,0,0,0,0,0,0,0,0,0,0,0,0,0,0
16_9,10.425,-61.125,35,0,0,0,0,0,0,0,0,0,0,0,0,0,0,0,0,0
16_9,10.425,-61.125,36,0,0,0,0,0,0,0,0,0,0,0,0,0,0,0,0,0
16_9,10.425,-61.125,37,0,0,0,0,0,0,0,0,0,0,0,0,0,0,0,0,0
16_9,10.425,-61.125,38,0,0,0,0,0,0,0,0,0,0,0,0,0,0,0,0,0
16_9,10.425,-61.125,39,0,0,0,0,0,0,0,0,0,0,0,0,0,0,0,0,0
16_9,10.425,-61.125,40,0,0,0,0,0,0,0,0,0,0,0,0,0,0,0,0,0
16_9,10.425,-61.125,41,0,0,0,0,0,0,0,0,0,0,0,0,0,0,0,0,0
16_9,10.425,-61.125,42,0,0,0,0,0,0,0,0,0,0,0,0,0,0,0,0,0
16_9,10.425,-61.125,43,0,0,0,0,0,0,0,0,0,0,0,0,0,0,0,0,0
16_9,10.425,-61.125,44,0,0,0,0,0,0,0,0,0,0,0,0,0,0,0,0,0
16_9,10.425,-61.125,45,1,0,0,0,0,0,0,0,0,0,0,0,0,0,0,0,0
16_9,10.425,-61.125,46,0,0,0,0,0,0,0,0,0,0,0,0,0,0,0,0,0
16_9,10.425,-61.125,47,0,0,0,0,0,0,0,0,0,0,0,0,0,0,0,0,0
16_9,10.425,-61.125,48,0,0,0,0,0,0,0,0,0,0,0,0,0,0,0,0,0
16_9,10.425,-61.125,49,0,0,0,0,0,0,0,0,0,0,0,0,0,0,0,0,0
16_9,10.425,-61.125,50,0,0,0,0,0,0,0,0,0,0,0,0,0,0,0,0,0
16_9,10.425,-61.125,51,0,0,0,0,0,0,0,0,0,0,0,0,0,0,0,0,0
16_9,10.425,-61.125,52,0,0,0,0,0,0,0,0,0,0,0,0,0,0,0,0,0
16_10,10.475,-61.12500000000001,0,0,0,,,,,,,,0,,,,,,,
16_10,10.475,-61.12500000000001,1,0,0,0,,,,,,,0,0,,,,,,
16_10,10.475,-61.12500000000001,2,0,0,0,0,,,,,,0,0,0,,,,,
16_10,10.475,-61.12500000000001,3,0,0,0,0,0,,,,,0,0,0,0,,,,
16_10,10.475,-61.12500000000001,4,0,0,0,0,0,0,,,,0,0,0,0,0,,,
16_10,10.475,-61.12500000000001,5,0,0,0,0,0,0,0,,,0,0,0,0,0,0,,
16_10,10.475,-61.12500000000001,6,0,0,0,0,0,0,0,0,,0,0,0,0,0,0,0,
16_10,10.475,-61.12500000000001,7,0,0,0,0,0,0,0,0,0,0,0,0,0,0,0,0,0
16_10,10.475,-61.12500000000001,8,0,0,0,0,0,0,0,0,0,0,0,0,0,0,0,0,0
16_10,10.475,-61.12500000000001,9,0,0,0,0,0,0,0,0,0,0,0,0,0,0,0,0,0
16_10,10.475,-61.12500000000001,10,0,0,0,0,0,0,0,0,0,0,0,0,0,0,0,0,0
16_10,10.475,-61.12500000000001,11,0,0,0,0,0,0,0,0,0,0,0,0,0,0,0,0,0
16_10,10.475,-61.12500000000001,12,0,0,0,0,0,0,0,0,0,0,0,0,0,0,0,0,0
16_10,10.475,-61.12500000000001,13,0,0,0,0,0,0,0,0,0,0,0,0,0,0,0,0,0
16_10,10.475,-61.12500000000001,14,0,0,0,0,0,0,0,0,0,0,0,0,0,0,0,0,0
16_10,10.475,-61.12500000000001,15,0,0,0,0,0,0,0,0,0,0,0,0,0,0,0,0,0
16_10,10.475,-61.12500000000001,16,0,0,0,0,0,0,0,0,0,0,0,0,0,0,0,0,0
16_10,10.475,-61.12500000000001,17,0,0,0,0,0,0,0,0,0,0,0,0,0,0,0,0,0
16_10,10.475,-61.12500000000001,18,0,0,0,0,0,0,0,0,0,0,0,0,0,0,0,0,0
16_10,10.475,-61.12500000000001,19,0,0,0,0,0,0,0,0,0,0,0,0,0,0,0,0,0
16_10,10.475,-61.12500000000001,20,0,0,0,0,0,0,0,0,0,0,0,0,0,0,0,0,0
16_10,10.475,-61.12500000000001,21,0,0,0,0,0,0,0,0,0,0,0,0,0,0,0,0,0
16_10,10.475,-61.12500000000001,22,0,0,0,0,0,0,0,0,0,0,0,0,0,0,0,0,0
16_10,10.475,-61.12500000000001,23,0,0,0,0,0,0,0,0,0,0,0,0,0,0,0,0,0
16_10,10.475,-61.12500000000001,24,0,0,0,0,0,0,0,0,0,0,0,0,0,0,0,0,0
16_10,10.475,-61.12500000000001,25,0,0,0,0,0,0,0,0,0,0,0,0,0,0,0,0,0
16_10,10.475,-61.12500000000001,26,0,0,0,0,0,0,0,0,0,0,0,0,0,0,0,0,0
16_10,10.475,-61.12500000000001,27,0,0,0,0,0,0,0,0,0,0,0,0,0,0,0,0,0
16_10,10.475,-61.12500000000001,28,0,0,0,0,0,0,0,0,0,0,0,0,0,0,0,0,0
16_10,10.475,-61.12500000000001,29,0,0,0,0,0,0,0,0,0,0,0,0,0,0,0,0,0
16_10,10.475,-61.12500000000001,30,0,0,0,0,0,0,0,0,0,0,0,0,0,0,0,0,0
16_10,10.475,-61.12500000000001,31,0,0,0,0,0,0,0,0,0,0,0,0,0,0,0,0,0
16_10,10.475,-61.12500000000001,32,0,0,0,0,0,0,0,0,0,0,0,0,0,0,0,0,0
16_10,10.475,-61.12500000000001,33,0,0,0,0,0,0,0,0,0,0,0,0,0,0,0,0,0
16_10,10.475,-61.12500000000001,34,0,0,0,0,0,0,0,0,0,0,0,0,0,0,0,0,0
16_10,10.475,-61.12500000000001,35,0,0,0,0,0,0,0,0,0,0,0,0,0,0,0,0,0
16_10,10.475,-61.12500000000001,36,0,0,0,0,0,0,0,0,0,0,0,0,0,0,0,0,0
16_10,10.475,-61.12500000000001,37,0,0,0,0,0,0,0,0,0,0,0,0,0,0,0,0,0
16_10,10.475,-61.12500000000001,38,0,0,0,0,0,0,0,0,0,0,0,0,0,0,0,0,0
16_10,10.475,-61.12500000000001,39,0,0,0,0,0,0,0,0,0,0,0,0,0,0,0,0,0
16_10,10.475,-61.12500000000001,40,0,0,0,0,0,0,0,0,0,0,0,0,0,0,0,0,0
16_10,10.475,-61.12500000000001,41,0,0,0,0,0,0,0,0,0,0,0,0,0,0,0,0,0
16_10,10.475,-61.12500000000001,42,0,0,0,0,0,0,0,0,0,0,0,0,0,0,0,0,0
16_10,10.475,-61.12500000000001,43,0,0,0,0,0,0,0,0,0,0,0,0,0,0,0,0,0
16_10,10.475,-61.12500000000001,44,0,0,0,0,0,0,0,0,0,0,0,0,0,0,0,0,0
16_10,10.475,-61.12500000000001,45,0,0,0,0,0,0,0,0,0,0,0,0,0,0,0,0,0
16_10,10.475,-61.12500000000001,46,0,0,0,0,0,0,0,0,0,0,0,0,0,0,0,0,0
16_10,10.475,-61.12500000000001,47,0,0,0,0,0,0,0,0,0,0,0,0,0,0,0,0,0
16_10,10.475,-61.12500000000001,48,0,0,0,0,0,0,0,0,0,0,0,0,0,0,0,0,0
16_10,10.475,-61.12500000000001,49,0,0,0,0,0,0,0,0,0,0,0,0,0,0,0,0,0
16_10,10.475,-61.12500000000001,50,0,0,0,0,0,0,0,0,0,0,0,0,0,0,0,0,0
16_10,10.475,-61.12500000000001,51,0,0,0,0,0,0,0,0,0,0,0,0,0,0,0,0,0
16_10,10.475,-61.12500000000001,52,0,0,0,0,0,0,0,0,0,0,0,0,0,0,0,0,0
16_11,10.525,-61.12500000000001,0,0,0,,,,,,,,0,,,,,,,
16_11,10.525,-61.12500000000001,1,0,0,0,,,,,,,0,0,,,,,,
16_11,10.525,-61.12500000000001,2,0,0,0,0,,,,,,0,0,0,,,,,
16_11,10.525,-61.12500000000001,3,0,0,0,0,0,,,,,0,0,0,0,,,,
16_11,10.525,-61.12500000000001,4,0,0,0,0,0,0,,,,0,0,0,0,0,,,
16_11,10.525,-61.12500000000001,5,0,0,0,0,0,0,0,,,0,0,0,0,0,0,,
16_11,10.525,-61.12500000000001,6,0,0,0,0,0,0,0,0,,0,0,0,0,0,0,0,
16_11,10.525,-61.12500000000001,7,0,0,0,0,0,0,0,0,0,0,0,0,0,0,0,0,0
16_11,10.525,-61.12500000000001,8,0,0,0,0,0,0,0,0,0,0,0,0,0,0,0,0,0
16_11,10.525,-61.12500000000001,9,0,0,0,0,0,0,0,0,0,0,0,0,0,0,0,0,0
16_11,10.525,-61.12500000000001,10,0,0,0,0,0,0,0,0,0,0,0,0,0,0,0,0,0
16_11,10.525,-61.12500000000001,11,0,0,0,0,0,0,0,0,0,0,0,0,0,0,0,0,0
16_11,10.525,-61.12500000000001,12,0,0,0,0,0,0,0,0,0,0,0,0,0,0,0,0,0
16_11,10.525,-61.12500000000001,13,0,0,0,0,0,0,0,0,0,0,0,0,0,0,0,0,0
16_11,10.525,-61.12500000000001,14,0,0,0,0,0,0,0,0,0,0,0,0,0,0,0,0,0
16_11,10.525,-61.12500000000001,15,0,0,0,0,0,0,0,0,0,0,0,0,0,0,0,0,0
16_11,10.525,-61.12500000000001,16,0,0,0,0,0,0,0,0,0,0,0,0,0,0,0,0,0
16_11,10.525,-61.12500000000001,17,0,0,0,0,0,0,0,0,0,0,0,0,0,0,0,0,0
16_11,10.525,-61.12500000000001,18,0,0,0,0,0,0,0,0,0,0,0,0,0,0,0,0,0
16_11,10.525,-61.12500000000001,19,0,0,0,0,0,0,0,0,0,0,0,0,0,0,0,0,0
16_11,10.525,-61.12500000000001,20,0,0,0,0,0,0,0,0,0,0,0,0,0,0,0,0,0
16_11,10.525,-61.12500000000001,21,0,0,0,0,0,0,0,0,0,0,0,0,0,0,0,0,0
16_11,10.525,-61.12500000000001,22,0,0,0,0,0,0,0,0,0,0,0,0,0,0,0,0,0
16_11,10.525,-61.12500000000001,23,0,0,0,0,0,0,0,0,0,0,0,0,0,0,0,0,0
16_11,10.525,-61.12500000000001,24,0,0,0,0,0,0,0,0,0,0,0,0,0,0,0,0,0
16_11,10.525,-61.12500000000001,25,0,0,0,0,0,0,0,0,0,0,0,0,0,0,0,0,0
16_11,10.525,-61.12500000000001,26,0,0,0,0,0,0,0,0,0,0,0,0,0,0,0,0,0
16_11,10.525,-61.12500000000001,27,0,0,0,0,0,0,0,0,0,0,0,0,0,0,0,0,0
16_11,10.525,-61.12500000000001,28,0,0,0,0,0,0,0,0,0,0,0,0,0,0,0,0,0
16_11,10.525,-61.12500000000001,29,0,0,0,0,0,0,0,0,0,0,0,0,0,0,0,0,0
16_11,10.525,-61.12500000000001,30,0,0,0,0,0,0,0,0,0,0,0,0,0,0,0,0,0
16_11,10.525,-61.12500000000001,31,0,0,0,0,0,0,0,0,0,0,0,0,0,0,0,0,0
16_11,10.525,-61.12500000000001,32,0,0,0,0,0,0,0,0,0,0,0,0,0,0,0,0,0
16_11,10.525,-61.12500000000001,33,0,0,0,0,0,0,0,0,0,0,0,0,0,0,0,0,0
16_11,10.525,-61.12500000000001,34,0,0,0,0,0,0,0,0,0,0,0,0,0,0,0,0,0
16_11,10.525,-61.12500000000001,35,0,0,0,0,0,0,0,0,0,0,0,0,0,0,0,0,0
16_11,10.525,-61.12500000000001,36,0,0,0,0,0,0,0,0,0,0,0,0,0,0,0,0,0
16_11,10.525,-61.12500000000001,37,1,0,0,0,0,0,0,0,0,0,0,0,0,0,0,0,0
16_11,10.525,-61.12500000000001,38,0,0,0,0,0,0,0,0,0,0,0,0,0,0,0,0,0
16_11,10.525,-61.12500000000001,39,0,0,0,0,0,0,0,0,0,0,0,0,0,0,0,0,0
16_11,10.525,-61.12500000000001,40,0,0,0,0,0,0,0,0,0,0,0,0,0,0,0,0,0
16_11,10.525,-61.12500000000001,41,0,0,0,0,0,0,0,0,0,0,0,0,0,0,0,0,0
16_11,10.525,-61.12500000000001,42,0,0,0,0,0,0,0,0,0,0,0,0,0,0,0,0,0
16_11,10.525,-61.12500000000001,43,0,0,0,0,0,0,0,0,0,0,0,0,0,0,0,0,0
16_11,10.525,-61.12500000000001,44,0,0,0,0,0,0,0,0,0,0,0,0,0,0,0,0,0
16_11,10.525,-61.12500000000001,45,0,0,0,0,0,0,0,0,0,0,0,0,0,0,0,0,0
16_11,10.525,-61.12500000000001,46,0,0,0,0,0,0,0,0,0,0,0,0,0,0,0,0,0
16_11,10.525,-61.12500000000001,47,0,0,0,0,0,0,0,0,0,0,0,0,0,0,0,0,0
16_11,10.525,-61.12500000000001,48,0,0,0,0,0,0,0,0,0,0,0,0,0,0,0,0,0
16_11,10.525,-61.12500000000001,49,0,0,0,0,0,0,0,0,0,0,0,0,0,0,0,0,0
16_11,10.525,-61.12500000000001,50,0,0,0,0,0,0,0,0,0,0,0,0,0,0,0,0,0
16_11,10.525,-61.12500000000001,51,0,0,0,0,0,0,0,0,0,0,0,0,0,0,0,0,0
16_11,10.525,-61.12500000000001,52,0,0,0,0,0,0,0,0,0,0,0,0,0,0,0,0,0
16_12,10.575,-61.125,0,0,0,,,,,,,,0,,,,,,,
16_12,10.575,-61.125,1,0,0,0,,,,,,,0,0,,,,,,
16_12,10.575,-61.125,2,0,0,0,0,,,,,,0,0,0,,,,,
16_12,10.575,-61.125,3,0,0,0,0,0,,,,,0.28572976923528126,0,0,0,,,,
16_12,10.575,-61.125,4,0,0,0,0,0,0,,,,0,0.28572976923528126,0,0,0,,,
16_12,10.575,-61.125,5,1,1,0,0,0,0,0,,,0,0,0.28572976923528126,0,0,0,,
16_12,10.575,-61.125,6,0,0,1,0,0,0,0,0,,0,0,0,0.28572976923528126,0,0,0,
16_12,10.575,-61.125,7,1,0,0,1,0,0,0,0,0,0,0,0,0,0.28572976923528126,0,0,0
16_12,10.575,-61.125,8,0,1,0,0,1,0,0,0,0,0.24798940476703138,0,0,0,0,0.28572976923528126,0,0
16_12,10.575,-61.125,9,0,0,1,0,0,1,0,0,0,0,0.24798940476703138,0,0,0,0,0.28572976923528126,0
16_12,10.575,-61.125,10,0,0,0,1,0,0,1,0,0,0,0,0.24798940476703138,0,0,0,0,0.28572976923528126
16_12,10.575,-61.125,11,0,0,0,0,1,0,0,1,0,0,0,0,0.24798940476703138,0,0,0,0
16_12,10.575,-61.125,12,0,0,0,0,0,1,0,0,1,0,0,0,0,0.24798940476703138,0,0,0
16_12,10.575,-61.125,13,1,0,0,0,0,0,1,0,0,0,0,0,0,0,0.24798940476703138,0,0
16_12,10.575,-61.125,14,0,0,0,0,0,0,0,1,0,0,0,0,0,0,0,0.24798940476703138,0
16_12,10.575,-61.125,15,0,0,0,0,0,0,0,0,1,0,0,0,0,0,0,0,0.24798940476703138
16_12,10.575,-61.125,16,0,0,0,0,0,0,0,0,0,0,0,0,0,0,0,0,0
16_12,10.575,-61.125,17,0,0,0,0,0,0,0,0,0,0,0,0,0,0,0,0,0
16_12,10.575,-61.125,18,0,0,0,0,0,0,0,0,0,0,0,0,0,0,0,0,0
16_12,10.575,-61.125,19,0,0,0,0,0,0,0,0,0,0,0,0,0,0,0,0,0
16_12,10.575,-61.125,20,0,0,0,0,0,0,0,0,0,0,0,0,0,0,0,0,0
16_12,10.575,-61.125,21,0,0,0,0,0,0,0,0,0,0,0,0,0,0,0,0,0
16_12,10.575,-61.125,22,0,0,0,0,0,0,0,0,0,0,0,0,0,0,0,0,0
16_12,10.575,-61.125,23,0,0,0,0,0,0,0,0,0,0,0,0,0,0,0,0,0
16_12,10.575,-61.125,24,1,0,0,0,0,0,0,0,0,0,0,0,0,0,0,0,0
16_12,10.575,-61.125,25,0,0,0,0,0,0,0,0,0,0,0,0,0,0,0,0,0
16_12,10.575,-61.125,26,1,0,0,0,0,0,0,0,0,0,0,0,0,0,0,0,0
16_12,10.575,-61.125,27,0,0,0,0,0,0,0,0,0,0,0,0,0,0,0,0,0
16_12,10.575,-61.125,28,1,0,0,0,0,0,0,0,0,0,0,0,0,0,0,0,0
16_12,10.575,-61.125,29,0,0,0,0,0,0,0,0,0,0,0,0,0,0,0,0,0
16_12,10.575,-61.125,30,0,0,0,0,0,0,0,0,0,0,0,0,0,0,0,0,0
16_12,10.575,-61.125,31,0,0,0,0,0,0,0,0,0,0,0,0,0,0,0,0,0
16_12,10.575,-61.125,32,0,0,0,0,0,0,0,0,0,0,0,0,0,0,0,0,0
16_12,10.575,-61.125,33,0,0,0,0,0,0,0,0,0,0,0,0,0,0,0,0,0
16_12,10.575,-61.125,34,0,0,0,0,0,0,0,0,0,0,0,0,0,0,0,0,0
16_12,10.575,-61.125,35,0,0,0,0,0,0,0,0,0,0,0,0,0,0,0,0,0
16_12,10.575,-61.125,36,0,0,0,0,0,0,0,0,0,0,0,0,0,0,0,0,0
16_12,10.575,-61.125,37,0,0,0,0,0,0,0,0,0,0,0,0,0,0,0,0,0
16_12,10.575,-61.125,38,0,0,0,0,0,0,0,0,0,0,0,0,0,0,0,0,0
16_12,10.575,-61.125,39,0,1,0,0,0,0,0,0,0,0,0,0,0,0,0,0,0
16_12,10.575,-61.125,40,0,0,1,0,0,0,0,0,0,0,0,0,0,0,0,0,0
16_12,10.575,-61.125,41,0,0,0,1,0,0,0,0,0,0,0,0,0,0,0,0,0
16_12,10.575,-61.125,42,0,0,0,0,1,0,0,0,0,0,0,0,0,0,0,0,0
16_12,10.575,-61.125,43,1,0,0,0,0,1,0,0,0,0,0,0,0,0,0,0,0
16_12,10.575,-61.125,44,0,0,0,0,0,0,1,0,0,0,0,0,0,0,0,0,0
16_12,10.575,-61.125,45,0,0,0,0,0,0,0,1,0,0,0,0,0,0,0,0,0
16_12,10.575,-61.125,46,0,2,0,0,0,0,0,0,1,0.28479102672109163,0,0,0,0,0,0,0
16_12,10.575,-61.125,47,0,0,2,0,0,0,0,0,0,0,0.28479102672109163,0,0,0,0,0,0
16_12,10.575,-61.125,48,0,0,0,2,0,0,0,0,0,0,0,0.28479102672109163,0,0,0,0,0
16_12,10.575,-61.125,49,1,0,0,0,2,0,0,0,0,0,0,0,0.28479102672109163,0,0,0,0
16_12,10.575,-61.125,50,0,0,0,0,0,2,0,0,0,0,0,0,0,0.28479102672109163,0,0,0
16_12,10.575,-61.125,51,0,0,0,0,0,0,2,0,0,0,0,0,0,0,0.28479102672109163,0,0
16_12,10.575,-61.125,52,1,0,0,0,0,0,0,2,0,0,0,0,0,0,0,0.28479102672109163,0
16_13,10.625,-61.12500000000001,0,0,0,,,,,,,,0,,,,,,,
16_13,10.625,-61.12500000000001,1,0,0,0,,,,,,,0,0,,,,,,
16_13,10.625,-61.12500000000001,2,0,0,0,0,,,,,,0,0,0,,,,,
16_13,10.625,-61.12500000000001,3,0,1,0,0,0,,,,,0,0,0,0,,,,
16_13,10.625,-61.12500000000001,4,0,0,1,0,0,0,,,,0,0,0,0,0,,,
16_13,10.625,-61.12500000000001,5,0,0,0,1,0,0,0,,,0.24417219295128678,0,0,0,0,0,,
16_13,10.625,-61.12500000000001,6,0,0,0,0,1,0,0,0,,0,0.24417219295128678,0,0,0,0,0,
16_13,10.625,-61.12500000000001,7,1,0,0,0,0,1,0,0,0,0,0,0.24417219295128678,0,0,0,0,0
16_13,10.625,-61.12500000000001,8,0,1,0,0,0,0,1,0,0,0.27097644182857966,0,0,0.24417219295128678,0,0,0,0
16_13,10.625,-61.12500000000001,9,0,0,1,0,0,0,0,1,0,0,0.27097644182857966,0,0,0.24417219295128678,0,0,0
16_13,10.625,-61.12500000000001,10,0,0,0,1,0,0,0,0,1,0,0,0.27097644182857966,0,0,0.24417219295128678,0,0
16_13,10.625,-61.12500000000001,11,0,0,0,0,1,0,0,0,0,0,0,0,0.27097644182857966,0,0,0.24417219295128678,0
16_13,10.625,-61.12500000000001,12,0,0,0,0,0,1,0,0,0,0,0,0,0,0.27097644182857966,0,0,0.24417219295128678
16_13,10.625,-61.12500000000001,13,0,0,0,0,0,0,1,0,0,0,0,0,0,0,0.27097644182857966,0,0
16_13,10.625,-61.12500000000001,14,0,0,0,0,0,0,0,1,0,0,0,0,0,0,0,0.27097644182857966,0
16_13,10.625,-61.12500000000001,15,0,0,0,0,0,0,0,0,1,0,0,0,0,0,0,0,0.27097644182857966
16_13,10.625,-61.12500000000001,16,0,0,0,0,0,0,0,0,0,0,0,0,0,0,0,0,0
16_13,10.625,-61.12500000000001,17,0,0,0,0,0,0,0,0,0,0,0,0,0,0,0,0,0
16_13,10.625,-61.12500000000001,18,0,0,0,0,0,0,0,0,0,0,0,0,0,0,0,0,0
16_13,10.625,-61.12500000000001,19,0,0,0,0,0,0,0,0,0,0,0,0,0,0,0,0,0
16_13,10.625,-61.12500000000001,20,0,0,0,0,0,0,0,0,0,0,0,0,0,0,0,0,0
16_13,10.625,-61.12500000000001,21,1,0,0,0,0,0,0,0,0,0,0,0,0,0,0,0,0
16_13,10.625,-61.12500000000001,22,0,0,0,0,0,0,0,0,0,0,0,0,0,0,0,0,0
16_13,10.625,-61.12500000000001,23,0,0,0,0,0,0,0,0,0,0,0,0,0,0,0,0,0
16_13,10.625,-61.12500000000001,24,0,0,0,0,0,0,0,0,0,0,0,0,0,0,0,0,0
16_13,10.625,-61.12500000000001,25,0,0,0,0,0,0,0,0,0,0,0,0,0,0,0,0,0
16_13,10.625,-61.12500000000001,26,0,0,0,0,0,0,0,0,0,0,0,0,0,0,0,0,0
16_13,10.625,-61.12500000000001,27,0,0,0,0,0,0,0,0,0,0,0,0,0,0,0,0,0
16_13,10.625,-61.12500000000001,28,0,0,0,0,0,0,0,0,0,0,0,0,0,0,0,0,0
16_13,10.625,-61.12500000000001,29,0,0,0,0,0,0,0,0,0,0,0,0,0,0,0,0,0
16_13,10.625,-61.12500000000001,30,1,0,0,0,0,0,0,0,0,0,0,0,0,0,0,0,0
16_13,10.625,-61.12500000000001,31,0,0,0,0,0,0,0,0,0,0,0,0,0,0,0,0,0
16_13,10.625,-61.12500000000001,32,0,0,0,0,0,0,0,0,0,0,0,0,0,0,0,0,0
16_13,10.625,-61.12500000000001,33,0,0,0,0,0,0,0,0,0,0,0,0,0,0,0,0,0
16_13,10.625,-61.12500000000001,34,1,0,0,0,0,0,0,0,0,0,0,0,0,0,0,0,0
16_13,10.625,-61.12500000000001,35,0,0,0,0,0,0,0,0,0,0,0,0,0,0,0,0,0
16_13,10.625,-61.12500000000001,36,0,0,0,0,0,0,0,0,0,0,0,0,0,0,0,0,0
16_13,10.625,-61.12500000000001,37,0,0,0,0,0,0,0,0,0,0,0,0,0,0,0,0,0
16_13,10.625,-61.12500000000001,38,0,0,0,0,0,0,0,0,0,0,0,0,0,0,0,0,0
16_13,10.625,-61.12500000000001,39,0,0,0,0,0,0,0,0,0,0.18576657759503215,0,0,0,0,0,0,0
16_13,10.625,-61.12500000000001,40,0,0,0,0,0,0,0,0,0,0,0.18576657759503215,0,0,0,0,0,0
16_13,10.625,-61.12500000000001,41,0,0,0,0,0,0,0,0,0,0,0,0.18576657759503215,0,0,0,0,0
16_13,10.625,-61.12500000000001,42,0,0,0,0,0,0,0,0,0,0,0,0,0.18576657759503215,0,0,0,0
16_13,10.625,-61.12500000000001,43,0,0,0,0,0,0,0,0,0,0,0,0,0,0.18576657759503215,0,0,0
16_13,10.625,-61.12500000000001,44,0,0,0,0,0,0,0,0,0,0,0,0,0,0,0.18576657759503215,0,0
16_13,10.625,-61.12500000000001,45,0,0,0,0,0,0,0,0,0,0,0,0,0,0,0,0.18576657759503215,0
16_13,10.625,-61.12500000000001,46,0,1,0,0,0,0,0,0,0,0.4323417418936085,0,0,0,0,0,0,0.18576657759503215
16_13,10.625,-61.12500000000001,47,0,0,1,0,0,0,0,0,0,0,0.4323417418936085,0,0,0,0,0,0
16_13,10.625,-61.12500000000001,48,0,0,0,1,0,0,0,0,0,0,0,0.4323417418936085,0,0,0,0,0
16_13,10.625,-61.12500000000001,49,0,0,0,0,1,0,0,0,0,0,0,0,0.4323417418936085,0,0,0,0
16_13,10.625,-61.12500000000001,50,0,0,0,0,0,1,0,0,0,0,0,0,0,0.4323417418936085,0,0,0
16_13,10.625,-61.12500000000001,51,0,0,0,0,0,0,1,0,0,0,0,0,0,0,0.4323417418936085,0,0
16_13,10.625,-61.12500000000001,52,0,0,0,0,0,0,0,1,0,0,0,0,0,0,0,0.4323417418936085,0
16_14,10.675,-61.125,0,0,0,,,,,,,,0,,,,,,,
16_14,10.675,-61.125,1,0,0,0,,,,,,,0,0,,,,,,
16_14,10.675,-61.125,2,0,0,0,0,,,,,,0,0,0,,,,,
16_14,10.675,-61.125,3,0,0,0,0,0,,,,,0,0,0,0,,,,
16_14,10.675,-61.125,4,0,0,0,0,0,0,,,,0,0,0,0,0,,,
16_14,10.675,-61.125,5,0,0,0,0,0,0,0,,,0,0,0,0,0,0,,
16_14,10.675,-61.125,6,0,0,0,0,0,0,0,0,,0,0,0,0,0,0,0,
16_14,10.675,-61.125,7,0,0,0,0,0,0,0,0,0,0,0,0,0,0,0,0,0
16_14,10.675,-61.125,8,0,0,0,0,0,0,0,0,0,0,0,0,0,0,0,0,0
16_14,10.675,-61.125,9,0,0,0,0,0,0,0,0,0,0,0,0,0,0,0,0,0
16_14,10.675,-61.125,10,0,0,0,0,0,0,0,0,0,0,0,0,0,0,0,0,0
16_14,10.675,-61.125,11,0,0,0,0,0,0,0,0,0,0,0,0,0,0,0,0,0
16_14,10.675,-61.125,12,0,0,0,0,0,0,0,0,0,0,0,0,0,0,0,0,0
16_14,10.675,-61.125,13,0,0,0,0,0,0,0,0,0,0,0,0,0,0,0,0,0
16_14,10.675,-61.125,14,0,0,0,0,0,0,0,0,0,0,0,0,0,0,0,0,0
16_14,10.675,-61.125,15,0,0,0,0,0,0,0,0,0,0,0,0,0,0,0,0,0
16_14,10.675,-61.125,16,0,0,0,0,0,0,0,0,0,0,0,0,0,0,0,0,0
16_14,10.675,-61.125,17,0,0,0,0,0,0,0,0,0,0,0,0,0,0,0,0,0
16_14,10.675,-61.125,18,0,0,0,0,0,0,0,0,0,0,0,0,0,0,0,0,0
16_14,10.675,-61.125,19,0,0,0,0,0,0,0,0,0,0,0,0,0,0,0,0,0
16_14,10.675,-61.125,20,0,0,0,0,0,0,0,0,0,0,0,0,0,0,0,0,0
16_14,10.675,-61.125,21,0,0,0,0,0,0,0,0,0,0,0,0,0,0,0,0,0
16_14,10.675,-61.125,22,0,0,0,0,0,0,0,0,0,0,0,0,0,0,0,0,0
16_14,10.675,-61.125,23,0,0,0,0,0,0,0,0,0,0,0,0,0,0,0,0,0
16_14,10.675,-61.125,24,0,0,0,0,0,0,0,0,0,0,0,0,0,0,0,0,0
16_14,10.675,-61.125,25,0,0,0,0,0,0,0,0,0,0,0,0,0,0,0,0,0
16_14,10.675,-61.125,26,0,0,0,0,0,0,0,0,0,0,0,0,0,0,0,0,0
16_14,10.675,-61.125,27,0,0,0,0,0,0,0,0,0,0,0,0,0,0,0,0,0
16_14,10.675,-61.125,28,0,0,0,0,0,0,0,0,0,0,0,0,0,0,0,0,0
16_14,10.675,-61.125,29,0,0,0,0,0,0,0,0,0,0,0,0,0,0,0,0,0
16_14,10.675,-61.125,30,0,0,0,0,0,0,0,0,0,0,0,0,0,0,0,0,0
16_14,10.675,-61.125,31,0,0,0,0,0,0,0,0,0,0,0,0,0,0,0,0,0
16_14,10.675,-61.125,32,0,0,0,0,0,0,0,0,0,0,0,0,0,0,0,0,0
16_14,10.675,-61.125,33,0,0,0,0,0,0,0,0,0,0,0,0,0,0,0,0,0
16_14,10.675,-61.125,34,0,0,0,0,0,0,0,0,0,0,0,0,0,0,0,0,0
16_14,10.675,-61.125,35,0,0,0,0,0,0,0,0,0,0,0,0,0,0,0,0,0
16_14,10.675,-61.125,36,0,0,0,0,0,0,0,0,0,0,0,0,0,0,0,0,0
16_14,10.675,-61.125,37,0,0,0,0,0,0,0,0,0,0,0,0,0,0,0,0,0
16_14,10.675,-61.125,38,0,0,0,0,0,0,0,0,0,0,0,0,0,0,0,0,0
16_14,10.675,-61.125,39,0,0,0,0,0,0,0,0,0,0,0,0,0,0,0,0,0
16_14,10.675,-61.125,40,0,0,0,0,0,0,0,0,0,0,0,0,0,0,0,0,0
16_14,10.675,-61.125,41,0,0,0,0,0,0,0,0,0,0,0,0,0,0,0,0,0
16_14,10.675,-61.125,42,0,0,0,0,0,0,0,0,0,0,0,0,0,0,0,0,0
16_14,10.675,-61.125,43,0,0,0,0,0,0,0,0,0,0,0,0,0,0,0,0,0
16_14,10.675,-61.125,44,0,0,0,0,0,0,0,0,0,0,0,0,0,0,0,0,0
16_14,10.675,-61.125,45,0,0,0,0,0,0,0,0,0,0,0,0,0,0,0,0,0
16_14,10.675,-61.125,46,0,0,0,0,0,0,0,0,0,0,0,0,0,0,0,0,0
16_14,10.675,-61.125,47,0,0,0,0,0,0,0,0,0,0,0,0,0,0,0,0,0
16_14,10.675,-61.125,48,0,0,0,0,0,0,0,0,0,0,0,0,0,0,0,0,0
16_14,10.675,-61.125,49,0,0,0,0,0,0,0,0,0,0,0,0,0,0,0,0,0
16_14,10.675,-61.125,50,0,0,0,0,0,0,0,0,0,0,0,0,0,0,0,0,0
16_14,10.675,-61.125,51,0,0,0,0,0,0,0,0,0,0,0,0,0,0,0,0,0
16_14,10.675,-61.125,52,0,0,0,0,0,0,0,0,0,0,0,0,0,0,0,0,0
16_15,10.725,-61.12500000000001,0,0,0,,,,,,,,0,,,,,,,
16_15,10.725,-61.12500000000001,1,0,0,0,,,,,,,0,0,,,,,,
16_15,10.725,-61.12500000000001,2,0,0,0,0,,,,,,0,0,0,,,,,
16_15,10.725,-61.12500000000001,3,0,0,0,0,0,,,,,0,0,0,0,,,,
16_15,10.725,-61.12500000000001,4,0,0,0,0,0,0,,,,0,0,0,0,0,,,
16_15,10.725,-61.12500000000001,5,0,0,0,0,0,0,0,,,0,0,0,0,0,0,,
16_15,10.725,-61.12500000000001,6,0,0,0,0,0,0,0,0,,0,0,0,0,0,0,0,
16_15,10.725,-61.12500000000001,7,0,0,0,0,0,0,0,0,0,0,0,0,0,0,0,0,0
16_15,10.725,-61.12500000000001,8,0,0,0,0,0,0,0,0,0,0,0,0,0,0,0,0,0
16_15,10.725,-61.12500000000001,9,0,0,0,0,0,0,0,0,0,0,0,0,0,0,0,0,0
16_15,10.725,-61.12500000000001,10,0,0,0,0,0,0,0,0,0,0,0,0,0,0,0,0,0
16_15,10.725,-61.12500000000001,11,0,0,0,0,0,0,0,0,0,0,0,0,0,0,0,0,0
16_15,10.725,-61.12500000000001,12,0,0,0,0,0,0,0,0,0,0,0,0,0,0,0,0,0
16_15,10.725,-61.12500000000001,13,0,0,0,0,0,0,0,0,0,0,0,0,0,0,0,0,0
16_15,10.725,-61.12500000000001,14,0,0,0,0,0,0,0,0,0,0,0,0,0,0,0,0,0
16_15,10.725,-61.12500000000001,15,0,0,0,0,0,0,0,0,0,0,0,0,0,0,0,0,0
16_15,10.725,-61.12500000000001,16,0,0,0,0,0,0,0,0,0,0,0,0,0,0,0,0,0
16_15,10.725,-61.12500000000001,17,0,0,0,0,0,0,0,0,0,0,0,0,0,0,0,0,0
16_15,10.725,-61.12500000000001,18,0,0,0,0,0,0,0,0,0,0,0,0,0,0,0,0,0
16_15,10.725,-61.12500000000001,19,0,0,0,0,0,0,0,0,0,0,0,0,0,0,0,0,0
16_15,10.725,-61.12500000000001,20,0,0,0,0,0,0,0,0,0,0,0,0,0,0,0,0,0
16_15,10.725,-61.12500000000001,21,0,0,0,0,0,0,0,0,0,0,0,0,0,0,0,0,0
16_15,10.725,-61.12500000000001,22,0,0,0,0,0,0,0,0,0,0,0,0,0,0,0,0,0
16_15,10.725,-61.12500000000001,23,0,0,0,0,0,0,0,0,0,0,0,0,0,0,0,0,0
16_15,10.725,-61.12500000000001,24,0,0,0,0,0,0,0,0,0,0,0,0,0,0,0,0,0
16_15,10.725,-61.12500000000001,25,0,0,0,0,0,0,0,0,0,0,0,0,0,0,0,0,0
16_15,10.725,-61.12500000000001,26,0,0,0,0,0,0,0,0,0,0,0,0,0,0,0,0,0
16_15,10.725,-61.12500000000001,27,0,0,0,0,0,0,0,0,0,0,0,0,0,0,0,0,0
16_15,10.725,-61.12500000000001,28,0,0,0,0,0,0,0,0,0,0,0,0,0,0,0,0,0
16_15,10.725,-61.12500000000001,29,0,0,0,0,0,0,0,0,0,0,0,0,0,0,0,0,0
16_15,10.725,-61.12500000000001,30,0,0,0,0,0,0,0,0,0,0,0,0,0,0,0,0,0
16_15,10.725,-61.12500000000001,31,0,0,0,0,0,0,0,0,0,0,0,0,0,0,0,0,0
16_15,10.725,-61.12500000000001,32,0,0,0,0,0,0,0,0,0,0,0,0,0,0,0,0,0
16_15,10.725,-61.12500000000001,33,0,0,0,0,0,0,0,0,0,0,0,0,0,0,0,0,0
16_15,10.725,-61.12500000000001,34,0,0,0,0,0,0,0,0,0,0,0,0,0,0,0,0,0
16_15,10.725,-61.12500000000001,35,0,0,0,0,0,0,0,0,0,0,0,0,0,0,0,0,0
16_15,10.725,-61.12500000000001,36,0,0,0,0,0,0,0,0,0,0,0,0,0,0,0,0,0
16_15,10.725,-61.12500000000001,37,0,0,0,0,0,0,0,0,0,0,0,0,0,0,0,0,0
16_15,10.725,-61.12500000000001,38,0,0,0,0,0,0,0,0,0,0,0,0,0,0,0,0,0
16_15,10.725,-61.12500000000001,39,0,0,0,0,0,0,0,0,0,0,0,0,0,0,0,0,0
16_15,10.725,-61.12500000000001,40,0,0,0,0,0,0,0,0,0,0,0,0,0,0,0,0,0
16_15,10.725,-61.12500000000001,41,0,0,0,0,0,0,0,0,0,0,0,0,0,0,0,0,0
16_15,10.725,-61.12500000000001,42,0,0,0,0,0,0,0,0,0,0,0,0,0,0,0,0,0
16_15,10.725,-61.12500000000001,43,0,0,0,0,0,0,0,0,0,0,0,0,0,0,0,0,0
16_15,10.725,-61.12500000000001,44,0,0,0,0,0,0,0,0,0,0,0,0,0,0,0,0,0
16_15,10.725,-61.12500000000001,45,0,0,0,0,0,0,0,0,0,0,0,0,0,0,0,0,0
16_15,10.725,-61.12500000000001,46,0,0,0,0,0,0,0,0,0,0,0,0,0,0,0,0,0
16_15,10.725,-61.12500000000001,47,0,0,0,0,0,0,0,0,0,0,0,0,0,0,0,0,0
16_15,10.725,-61.12500000000001,48,0,0,0,0,0,0,0,0,0,0,0,0,0,0,0,0,0
16_15,10.725,-61.12500000000001,49,0,0,0,0,0,0,0,0,0,0,0,0,0,0,0,0,0
16_15,10.725,-61.12500000000001,50,0,0,0,0,0,0,0,0,0,0,0,0,0,0,0,0,0
16_15,10.725,-61.12500000000001,51,0,0,0,0,0,0,0,0,0,0,0,0,0,0,0,0,0
16_15,10.725,-61.12500000000001,52,0,0,0,0,0,0,0,0,0,0,0,0,0,0,0,0,0
16_16,10.775,-61.12500000000001,0,0,0,,,,,,,,0,,,,,,,
16_16,10.775,-61.12500000000001,1,0,0,0,,,,,,,0,0,,,,,,
16_16,10.775,-61.12500000000001,2,0,0,0,0,,,,,,0,0,0,,,,,
16_16,10.775,-61.12500000000001,3,0,0,0,0,0,,,,,0,0,0,0,,,,
16_16,10.775,-61.12500000000001,4,0,0,0,0,0,0,,,,0,0,0,0,0,,,
16_16,10.775,-61.12500000000001,5,0,0,0,0,0,0,0,,,0,0,0,0,0,0,,
16_16,10.775,-61.12500000000001,6,0,0,0,0,0,0,0,0,,0,0,0,0,0,0,0,
16_16,10.775,-61.12500000000001,7,0,0,0,0,0,0,0,0,0,0,0,0,0,0,0,0,0
16_16,10.775,-61.12500000000001,8,0,0,0,0,0,0,0,0,0,0,0,0,0,0,0,0,0
16_16,10.775,-61.12500000000001,9,0,0,0,0,0,0,0,0,0,0,0,0,0,0,0,0,0
16_16,10.775,-61.12500000000001,10,0,0,0,0,0,0,0,0,0,0,0,0,0,0,0,0,0
16_16,10.775,-61.12500000000001,11,0,0,0,0,0,0,0,0,0,0,0,0,0,0,0,0,0
16_16,10.775,-61.12500000000001,12,0,0,0,0,0,0,0,0,0,0,0,0,0,0,0,0,0
16_16,10.775,-61.12500000000001,13,0,0,0,0,0,0,0,0,0,0,0,0,0,0,0,0,0
16_16,10.775,-61.12500000000001,14,0,0,0,0,0,0,0,0,0,0,0,0,0,0,0,0,0
16_16,10.775,-61.12500000000001,15,0,0,0,0,0,0,0,0,0,0,0,0,0,0,0,0,0
16_16,10.775,-61.12500000000001,16,0,0,0,0,0,0,0,0,0,0,0,0,0,0,0,0,0
16_16,10.775,-61.12500000000001,17,0,0,0,0,0,0,0,0,0,0,0,0,0,0,0,0,0
16_16,10.775,-61.12500000000001,18,0,0,0,0,0,0,0,0,0,0,0,0,0,0,0,0,0
16_16,10.775,-61.12500000000001,19,0,0,0,0,0,0,0,0,0,0,0,0,0,0,0,0,0
16_16,10.775,-61.12500000000001,20,0,0,0,0,0,0,0,0,0,0,0,0,0,0,0,0,0
16_16,10.775,-61.12500000000001,21,0,0,0,0,0,0,0,0,0,0,0,0,0,0,0,0,0
16_16,10.775,-61.12500000000001,22,0,0,0,0,0,0,0,0,0,0,0,0,0,0,0,0,0
16_16,10.775,-61.12500000000001,23,0,0,0,0,0,0,0,0,0,0,0,0,0,0,0,0,0
16_16,10.775,-61.12500000000001,24,0,0,0,0,0,0,0,0,0,0,0,0,0,0,0,0,0
16_16,10.775,-61.12500000000001,25,0,0,0,0,0,0,0,0,0,0,0,0,0,0,0,0,0
16_16,10.775,-61.12500000000001,26,0,0,0,0,0,0,0,0,0,0,0,0,0,0,0,0,0
16_16,10.775,-61.12500000000001,27,0,0,0,0,0,0,0,0,0,0,0,0,0,0,0,0,0
16_16,10.775,-61.12500000000001,28,0,0,0,0,0,0,0,0,0,0,0,0,0,0,0,0,0
16_16,10.775,-61.12500000000001,29,0,0,0,0,0,0,0,0,0,0,0,0,0,0,0,0,0
16_16,10.775,-61.12500000000001,30,0,0,0,0,0,0,0,0,0,0,0,0,0,0,0,0,0
16_16,10.775,-61.12500000000001,31,0,0,0,0,0,0,0,0,0,0,0,0,0,0,0,0,0
16_16,10.775,-61.12500000000001,32,0,0,0,0,0,0,0,0,0,0,0,0,0,0,0,0,0
16_16,10.775,-61.12500000000001,33,0,0,0,0,0,0,0,0,0,0,0,0,0,0,0,0,0
16_16,10.775,-61.12500000000001,34,0,0,0,0,0,0,0,0,0,0,0,0,0,0,0,0,0
16_16,10.775,-61.12500000000001,35,0,0,0,0,0,0,0,0,0,0,0,0,0,0,0,0,0
16_16,10.775,-61.12500000000001,36,0,0,0,0,0,0,0,0,0,0,0,0,0,0,0,0,0
16_16,10.775,-61.12500000000001,37,0,0,0,0,0,0,0,0,0,0,0,0,0,0,0,0,0
16_16,10.775,-61.12500000000001,38,0,0,0,0,0,0,0,0,0,0,0,0,0,0,0,0,0
16_16,10.775,-61.12500000000001,39,0,0,0,0,0,0,0,0,0,0,0,0,0,0,0,0,0
16_16,10.775,-61.12500000000001,40,0,0,0,0,0,0,0,0,0,0,0,0,0,0,0,0,0
16_16,10.775,-61.12500000000001,41,0,0,0,0,0,0,0,0,0,0,0,0,0,0,0,0,0
16_16,10.775,-61.12500000000001,42,0,0,0,0,0,0,0,0,0,0,0,0,0,0,0,0,0
16_16,10.775,-61.12500000000001,43,0,0,0,0,0,0,0,0,0,0,0,0,0,0,0,0,0
16_16,10.775,-61.12500000000001,44,0,0,0,0,0,0,0,0,0,0,0,0,0,0,0,0,0
16_16,10.775,-61.12500000000001,45,0,0,0,0,0,0,0,0,0,0,0,0,0,0,0,0,0
16_16,10.775,-61.12500000000001,46,0,0,0,0,0,0,0,0,0,0,0,0,0,0,0,0,0
16_16,10.775,-61.12500000000001,47,0,0,0,0,0,0,0,0,0,0,0,0,0,0,0,0,0
16_16,10.775,-61.12500000000001,48,0,0,0,0,0,0,0,0,0,0,0,0,0,0,0,0,0
16_16,10.775,-61.12500000000001,49,0,0,0,0,0,0,0,0,0,0,0,0,0,0,0,0,0
16_16,10.775,-61.12500000000001,50,0,0,0,0,0,0,0,0,0,0,0,0,0,0,0,0,0
16_16,10.775,-61.12500000000001,51,0,0,0,0,0,0,0,0,0,0,0,0,0,0,0,0,0
16_16,10.775,-61.12500000000001,52,0,0,0,0,0,0,0,0,0,0,0,0,0,0,0,0,0
16_17,10.825,-61.125,0,0,0,,,,,,,,0,,,,,,,
16_17,10.825,-61.125,1,0,0,0,,,,,,,0,0,,,,,,
16_17,10.825,-61.125,2,1,0,0,0,,,,,,0,0,0,,,,,
16_17,10.825,-61.125,3,0,0,0,0,0,,,,,0,0,0,0,,,,
16_17,10.825,-61.125,4,0,0,0,0,0,0,,,,0,0,0,0,0,,,
16_17,10.825,-61.125,5,0,0,0,0,0,0,0,,,0,0,0,0,0,0,,
16_17,10.825,-61.125,6,0,0,0,0,0,0,0,0,,0,0,0,0,0,0,0,
16_17,10.825,-61.125,7,0,0,0,0,0,0,0,0,0,0,0,0,0,0,0,0,0
16_17,10.825,-61.125,8,0,0,0,0,0,0,0,0,0,0,0,0,0,0,0,0,0
16_17,10.825,-61.125,9,0,0,0,0,0,0,0,0,0,0,0,0,0,0,0,0,0
16_17,10.825,-61.125,10,0,0,0,0,0,0,0,0,0,0,0,0,0,0,0,0,0
16_17,10.825,-61.125,11,0,0,0,0,0,0,0,0,0,0,0,0,0,0,0,0,0
16_17,10.825,-61.125,12,0,0,0,0,0,0,0,0,0,0,0,0,0,0,0,0,0
16_17,10.825,-61.125,13,0,0,0,0,0,0,0,0,0,0,0,0,0,0,0,0,0
16_17,10.825,-61.125,14,0,0,0,0,0,0,0,0,0,0,0,0,0,0,0,0,0
16_17,10.825,-61.125,15,0,0,0,0,0,0,0,0,0,0,0,0,0,0,0,0,0
16_17,10.825,-61.125,16,0,0,0,0,0,0,0,0,0,0,0,0,0,0,0,0,0
16_17,10.825,-61.125,17,0,0,0,0,0,0,0,0,0,0,0,0,0,0,0,0,0
16_17,10.825,-61.125,18,0,0,0,0,0,0,0,0,0,0,0,0,0,0,0,0,0
16_17,10.825,-61.125,19,0,0,0,0,0,0,0,0,0,0,0,0,0,0,0,0,0
16_17,10.825,-61.125,20,0,0,0,0,0,0,0,0,0,0,0,0,0,0,0,0,0
16_17,10.825,-61.125,21,0,0,0,0,0,0,0,0,0,0,0,0,0,0,0,0,0
16_17,10.825,-61.125,22,0,0,0,0,0,0,0,0,0,0,0,0,0,0,0,0,0
16_17,10.825,-61.125,23,0,0,0,0,0,0,0,0,0,0,0,0,0,0,0,0,0
16_17,10.825,-61.125,24,0,0,0,0,0,0,0,0,0,0,0,0,0,0,0,0,0
16_17,10.825,-61.125,25,0,0,0,0,0,0,0,0,0,0,0,0,0,0,0,0,0
16_17,10.825,-61.125,26,0,0,0,0,0,0,0,0,0,0,0,0,0,0,0,0,0
16_17,10.825,-61.125,27,0,0,0,0,0,0,0,0,0,0,0,0,0,0,0,0,0
16_17,10.825,-61.125,28,0,0,0,0,0,0,0,0,0,0,0,0,0,0,0,0,0
16_17,10.825,-61.125,29,0,0,0,0,0,0,0,0,0,0,0,0,0,0,0,0,0
16_17,10.825,-61.125,30,0,0,0,0,0,0,0,0,0,0,0,0,0,0,0,0,0
16_17,10.825,-61.125,31,0,0,0,0,0,0,0,0,0,0,0,0,0,0,0,0,0
16_17,10.825,-61.125,32,0,0,0,0,0,0,0,0,0,0,0,0,0,0,0,0,0
16_17,10.825,-61.125,33,0,0,0,0,0,0,0,0,0,0,0,0,0,0,0,0,0
16_17,10.825,-61.125,34,0,0,0,0,0,0,0,0,0,0,0,0,0,0,0,0,0
16_17,10.825,-61.125,35,0,0,0,0,0,0,0,0,0,0,0,0,0,0,0,0,0
16_17,10.825,-61.125,36,0,0,0,0,0,0,0,0,0,0,0,0,0,0,0,0,0
16_17,10.825,-61.125,37,0,0,0,0,0,0,0,0,0,0,0,0,0,0,0,0,0
16_17,10.825,-61.125,38,0,0,0,0,0,0,0,0,0,0,0,0,0,0,0,0,0
16_17,10.825,-61.125,39,0,0,0,0,0,0,0,0,0,0,0,0,0,0,0,0,0
16_17,10.825,-61.125,40,0,0,0,0,0,0,0,0,0,0,0,0,0,0,0,0,0
16_17,10.825,-61.125,41,0,0,0,0,0,0,0,0,0,0,0,0,0,0,0,0,0
16_17,10.825,-61.125,42,0,0,0,0,0,0,0,0,0,0,0,0,0,0,0,0,0
16_17,10.825,-61.125,43,0,0,0,0,0,0,0,0,0,0,0,0,0,0,0,0,0
16_17,10.825,-61.125,44,0,0,0,0,0,0,0,0,0,0,0,0,0,0,0,0,0
16_17,10.825,-61.125,45,0,0,0,0,0,0,0,0,0,0,0,0,0,0,0,0,0
16_17,10.825,-61.125,46,0,0,0,0,0,0,0,0,0,0,0,0,0,0,0,0,0
16_17,10.825,-61.125,47,0,0,0,0,0,0,0,0,0,0,0,0,0,0,0,0,0
16_17,10.825,-61.125,48,0,0,0,0,0,0,0,0,0,0,0,0,0,0,0,0,0
16_17,10.825,-61.125,49,0,0,0,0,0,0,0,0,0,0,0,0,0,0,0,0,0
16_17,10.825,-61.125,50,0,0,0,0,0,0,0,0,0,0,0,0,0,0,0,0,0
16_17,10.825,-61.125,51,0,0,0,0,0,0,0,0,0,0,0,0,0,0,0,0,0
16_17,10.825,-61.125,52,0,0,0,0,0,0,0,0,0,0,0,0,0,0,0,0,0
17_3,10.124999999999998,-61.07499999999999,0,0,0,,,,,,,,0,,,,,,,
17_3,10.124999999999998,-61.07499999999999,1,0,0,0,,,,,,,0,0,,,,,,
17_3,10.124999999999998,-61.07499999999999,2,0,0,0,0,,,,,,0,0,0,,,,,
17_3,10.124999999999998,-61.07499999999999,3,0,0,0,0,0,,,,,0,0,0,0,,,,
17_3,10.124999999999998,-61.07499999999999,4,0,0,0,0,0,0,,,,0,0,0,0,0,,,
17_3,10.124999999999998,-61.07499999999999,5,0,0,0,0,0,0,0,,,0,0,0,0,0,0,,
17_3,10.124999999999998,-61.07499999999999,6,0,0,0,0,0,0,0,0,,0,0,0,0,0,0,0,
17_3,10.124999999999998,-61.07499999999999,7,0,0,0,0,0,0,0,0,0,0,0,0,0,0,0,0,0
17_3,10.124999999999998,-61.07499999999999,8,0,0,0,0,0,0,0,0,0,0,0,0,0,0,0,0,0
17_3,10.124999999999998,-61.07499999999999,9,0,0,0,0,0,0,0,0,0,0,0,0,0,0,0,0,0
17_3,10.124999999999998,-61.07499999999999,10,0,0,0,0,0,0,0,0,0,0,0,0,0,0,0,0,0
17_3,10.124999999999998,-61.07499999999999,11,0,0,0,0,0,0,0,0,0,0,0,0,0,0,0,0,0
17_3,10.124999999999998,-61.07499999999999,12,0,0,0,0,0,0,0,0,0,0,0,0,0,0,0,0,0
17_3,10.124999999999998,-61.07499999999999,13,0,0,0,0,0,0,0,0,0,0,0,0,0,0,0,0,0
17_3,10.124999999999998,-61.07499999999999,14,0,0,0,0,0,0,0,0,0,0,0,0,0,0,0,0,0
17_3,10.124999999999998,-61.07499999999999,15,0,0,0,0,0,0,0,0,0,0,0,0,0,0,0,0,0
17_3,10.124999999999998,-61.07499999999999,16,0,0,0,0,0,0,0,0,0,0,0,0,0,0,0,0,0
17_3,10.124999999999998,-61.07499999999999,17,0,0,0,0,0,0,0,0,0,0,0,0,0,0,0,0,0
17_3,10.124999999999998,-61.07499999999999,18,0,0,0,0,0,0,0,0,0,0,0,0,0,0,0,0,0
17_3,10.124999999999998,-61.07499999999999,19,0,0,0,0,0,0,0,0,0,0,0,0,0,0,0,0,0
17_3,10.124999999999998,-61.07499999999999,20,0,0,0,0,0,0,0,0,0,0,0,0,0,0,0,0,0
17_3,10.124999999999998,-61.07499999999999,21,0,0,0,0,0,0,0,0,0,0,0,0,0,0,0,0,0
17_3,10.124999999999998,-61.07499999999999,22,0,0,0,0,0,0,0,0,0,0,0,0,0,0,0,0,0
17_3,10.124999999999998,-61.07499999999999,23,0,0,0,0,0,0,0,0,0,0,0,0,0,0,0,0,0
17_3,10.124999999999998,-61.07499999999999,24,0,0,0,0,0,0,0,0,0,0,0,0,0,0,0,0,0
17_3,10.124999999999998,-61.07499999999999,25,0,0,0,0,0,0,0,0,0,0,0,0,0,0,0,0,0
17_3,10.124999999999998,-61.07499999999999,26,0,0,0,0,0,0,0,0,0,0,0,0,0,0,0,0,0
17_3,10.124999999999998,-61.07499999999999,27,0,0,0,0,0,0,0,0,0,0,0,0,0,0,0,0,0
17_3,10.124999999999998,-61.07499999999999,28,0,0,0,0,0,0,0,0,0,0,0,0,0,0,0,0,0
17_3,10.124999999999998,-61.07499999999999,29,0,0,0,0,0,0,0,0,0,0,0,0,0,0,0,0,0
17_3,10.124999999999998,-61.07499999999999,30,0,0,0,0,0,0,0,0,0,0,0,0,0,0,0,0,0
17_3,10.124999999999998,-61.07499999999999,31,0,0,0,0,0,0,0,0,0,0,0,0,0,0,0,0,0
17_3,10.124999999999998,-61.07499999999999,32,0,0,0,0,0,0,0,0,0,0,0,0,0,0,0,0,0
17_3,10.124999999999998,-61.07499999999999,33,0,0,0,0,0,0,0,0,0,0,0,0,0,0,0,0,0
17_3,10.124999999999998,-61.07499999999999,34,0,0,0,0,0,0,0,0,0,0,0,0,0,0,0,0,0
17_3,10.124999999999998,-61.07499999999999,35,0,0,0,0,0,0,0,0,0,0,0,0,0,0,0,0,0
17_3,10.124999999999998,-61.07499999999999,36,0,0,0,0,0,0,0,0,0,0,0,0,0,0,0,0,0
17_3,10.124999999999998,-61.07499999999999,37,0,0,0,0,0,0,0,0,0,0,0,0,0,0,0,0,0
17_3,10.124999999999998,-61.07499999999999,38,0,0,0,0,0,0,0,0,0,0,0,0,0,0,0,0,0
17_3,10.124999999999998,-61.07499999999999,39,0,0,0,0,0,0,0,0,0,0,0,0,0,0,0,0,0
17_3,10.124999999999998,-61.07499999999999,40,0,0,0,0,0,0,0,0,0,0,0,0,0,0,0,0,0
17_3,10.124999999999998,-61.07499999999999,41,0,0,0,0,0,0,0,0,0,0,0,0,0,0,0,0,0
17_3,10.124999999999998,-61.07499999999999,42,0,0,0,0,0,0,0,0,0,0,0,0,0,0,0,0,0
17_3,10.124999999999998,-61.07499999999999,43,0,0,0,0,0,0,0,0,0,0,0,0,0,0,0,0,0
17_3,10.124999999999998,-61.07499999999999,44,0,0,0,0,0,0,0,0,0,0,0,0,0,0,0,0,0
17_3,10.124999999999998,-61.07499999999999,45,0,0,0,0,0,0,0,0,0,0,0,0,0,0,0,0,0
17_3,10.124999999999998,-61.07499999999999,46,0,0,0,0,0,0,0,0,0,0,0,0,0,0,0,0,0
17_3,10.124999999999998,-61.07499999999999,47,0,0,0,0,0,0,0,0,0,0,0,0,0,0,0,0,0
17_3,10.124999999999998,-61.07499999999999,48,0,0,0,0,0,0,0,0,0,0,0,0,0,0,0,0,0
17_3,10.124999999999998,-61.07499999999999,49,0,0,0,0,0,0,0,0,0,0,0,0,0,0,0,0,0
17_3,10.124999999999998,-61.07499999999999,50,0,0,0,0,0,0,0,0,0,0,0,0,0,0,0,0,0
17_3,10.124999999999998,-61.07499999999999,51,0,0,0,0,0,0,0,0,0,0,0,0,0,0,0,0,0
17_3,10.124999999999998,-61.07499999999999,52,0,0,0,0,0,0,0,0,0,0,0,0,0,0,0,0,0
17_4,10.175,-61.075,0,0,0,,,,,,,,0,,,,,,,
17_4,10.175,-61.075,1,0,0,0,,,,,,,0,0,,,,,,
17_4,10.175,-61.075,2,0,0,0,0,,,,,,0,0,0,,,,,
17_4,10.175,-61.075,3,0,0,0,0,0,,,,,0,0,0,0,,,,
17_4,10.175,-61.075,4,0,0,0,0,0,0,,,,0,0,0,0,0,,,
17_4,10.175,-61.075,5,0,0,0,0,0,0,0,,,0,0,0,0,0,0,,
17_4,10.175,-61.075,6,0,0,0,0,0,0,0,0,,0,0,0,0,0,0,0,
17_4,10.175,-61.075,7,0,0,0,0,0,0,0,0,0,0,0,0,0,0,0,0,0
17_4,10.175,-61.075,8,0,0,0,0,0,0,0,0,0,0,0,0,0,0,0,0,0
17_4,10.175,-61.075,9,0,0,0,0,0,0,0,0,0,0,0,0,0,0,0,0,0
17_4,10.175,-61.075,10,0,0,0,0,0,0,0,0,0,0,0,0,0,0,0,0,0
17_4,10.175,-61.075,11,0,0,0,0,0,0,0,0,0,0,0,0,0,0,0,0,0
17_4,10.175,-61.075,12,0,0,0,0,0,0,0,0,0,0,0,0,0,0,0,0,0
17_4,10.175,-61.075,13,0,0,0,0,0,0,0,0,0,0,0,0,0,0,0,0,0
17_4,10.175,-61.075,14,0,0,0,0,0,0,0,0,0,0,0,0,0,0,0,0,0
17_4,10.175,-61.075,15,0,0,0,0,0,0,0,0,0,0,0,0,0,0,0,0,0
17_4,10.175,-61.075,16,0,0,0,0,0,0,0,0,0,0,0,0,0,0,0,0,0
17_4,10.175,-61.075,17,0,0,0,0,0,0,0,0,0,0,0,0,0,0,0,0,0
17_4,10.175,-61.075,18,0,0,0,0,0,0,0,0,0,0,0,0,0,0,0,0,0
17_4,10.175,-61.075,19,0,0,0,0,0,0,0,0,0,0,0,0,0,0,0,0,0
17_4,10.175,-61.075,20,0,0,0,0,0,0,0,0,0,0,0,0,0,0,0,0,0
17_4,10.175,-61.075,21,0,0,0,0,0,0,0,0,0,0,0,0,0,0,0,0,0
17_4,10.175,-61.075,22,0,0,0,0,0,0,0,0,0,0,0,0,0,0,0,0,0
17_4,10.175,-61.075,23,0,0,0,0,0,0,0,0,0,0,0,0,0,0,0,0,0
17_4,10.175,-61.075,24,0,0,0,0,0,0,0,0,0,0,0,0,0,0,0,0,0
17_4,10.175,-61.075,25,0,0,0,0,0,0,0,0,0,0,0,0,0,0,0,0,0
17_4,10.175,-61.075,26,0,0,0,0,0,0,0,0,0,0,0,0,0,0,0,0,0
17_4,10.175,-61.075,27,0,0,0,0,0,0,0,0,0,0,0,0,0,0,0,0,0
17_4,10.175,-61.075,28,0,0,0,0,0,0,0,0,0,0,0,0,0,0,0,0,0
17_4,10.175,-61.075,29,0,0,0,0,0,0,0,0,0,0,0,0,0,0,0,0,0
17_4,10.175,-61.075,30,0,0,0,0,0,0,0,0,0,0,0,0,0,0,0,0,0
17_4,10.175,-61.075,31,0,0,0,0,0,0,0,0,0,0,0,0,0,0,0,0,0
17_4,10.175,-61.075,32,0,0,0,0,0,0,0,0,0,0,0,0,0,0,0,0,0
17_4,10.175,-61.075,33,0,0,0,0,0,0,0,0,0,0,0,0,0,0,0,0,0
17_4,10.175,-61.075,34,0,0,0,0,0,0,0,0,0,0,0,0,0,0,0,0,0
17_4,10.175,-61.075,35,0,0,0,0,0,0,0,0,0,0,0,0,0,0,0,0,0
17_4,10.175,-61.075,36,0,0,0,0,0,0,0,0,0,0,0,0,0,0,0,0,0
17_4,10.175,-61.075,37,0,0,0,0,0,0,0,0,0,0,0,0,0,0,0,0,0
17_4,10.175,-61.075,38,0,0,0,0,0,0,0,0,0,0,0,0,0,0,0,0,0
17_4,10.175,-61.075,39,0,0,0,0,0,0,0,0,0,0,0,0,0,0,0,0,0
17_4,10.175,-61.075,40,0,0,0,0,0,0,0,0,0,0,0,0,0,0,0,0,0
17_4,10.175,-61.075,41,0,0,0,0,0,0,0,0,0,0,0,0,0,0,0,0,0
17_4,10.175,-61.075,42,0,0,0,0,0,0,0,0,0,0,0,0,0,0,0,0,0
17_4,10.175,-61.075,43,0,0,0,0,0,0,0,0,0,0,0,0,0,0,0,0,0
17_4,10.175,-61.075,44,0,0,0,0,0,0,0,0,0,0,0,0,0,0,0,0,0
17_4,10.175,-61.075,45,0,0,0,0,0,0,0,0,0,0,0,0,0,0,0,0,0
17_4,10.175,-61.075,46,0,0,0,0,0,0,0,0,0,0,0,0,0,0,0,0,0
17_4,10.175,-61.075,47,0,0,0,0,0,0,0,0,0,0,0,0,0,0,0,0,0
17_4,10.175,-61.075,48,0,0,0,0,0,0,0,0,0,0,0,0,0,0,0,0,0
17_4,10.175,-61.075,49,0,0,0,0,0,0,0,0,0,0,0,0,0,0,0,0,0
17_4,10.175,-61.075,50,0,0,0,0,0,0,0,0,0,0,0,0,0,0,0,0,0
17_4,10.175,-61.075,51,0,0,0,0,0,0,0,0,0,0,0,0,0,0,0,0,0
17_4,10.175,-61.075,52,0,0,0,0,0,0,0,0,0,0,0,0,0,0,0,0,0
17_5,10.225,-61.07499999999999,0,0,0,,,,,,,,0,,,,,,,
17_5,10.225,-61.07499999999999,1,0,0,0,,,,,,,0,0,,,,,,
17_5,10.225,-61.07499999999999,2,0,0,0,0,,,,,,0,0,0,,,,,
17_5,10.225,-61.07499999999999,3,0,0,0,0,0,,,,,0,0,0,0,,,,
17_5,10.225,-61.07499999999999,4,0,0,0,0,0,0,,,,0,0,0,0,0,,,
17_5,10.225,-61.07499999999999,5,0,0,0,0,0,0,0,,,0,0,0,0,0,0,,
17_5,10.225,-61.07499999999999,6,0,0,0,0,0,0,0,0,,0,0,0,0,0,0,0,
17_5,10.225,-61.07499999999999,7,0,0,0,0,0,0,0,0,0,0,0,0,0,0,0,0,0
17_5,10.225,-61.07499999999999,8,0,0,0,0,0,0,0,0,0,0,0,0,0,0,0,0,0
17_5,10.225,-61.07499999999999,9,0,0,0,0,0,0,0,0,0,0,0,0,0,0,0,0,0
17_5,10.225,-61.07499999999999,10,0,0,0,0,0,0,0,0,0,0,0,0,0,0,0,0,0
17_5,10.225,-61.07499999999999,11,0,0,0,0,0,0,0,0,0,0,0,0,0,0,0,0,0
17_5,10.225,-61.07499999999999,12,0,0,0,0,0,0,0,0,0,0,0,0,0,0,0,0,0
17_5,10.225,-61.07499999999999,13,0,0,0,0,0,0,0,0,0,0,0,0,0,0,0,0,0
17_5,10.225,-61.07499999999999,14,0,0,0,0,0,0,0,0,0,0,0,0,0,0,0,0,0
17_5,10.225,-61.07499999999999,15,0,0,0,0,0,0,0,0,0,0,0,0,0,0,0,0,0
17_5,10.225,-61.07499999999999,16,0,0,0,0,0,0,0,0,0,0,0,0,0,0,0,0,0
17_5,10.225,-61.07499999999999,17,0,0,0,0,0,0,0,0,0,0,0,0,0,0,0,0,0
17_5,10.225,-61.07499999999999,18,0,0,0,0,0,0,0,0,0,0,0,0,0,0,0,0,0
17_5,10.225,-61.07499999999999,19,0,0,0,0,0,0,0,0,0,0,0,0,0,0,0,0,0
17_5,10.225,-61.07499999999999,20,0,0,0,0,0,0,0,0,0,0,0,0,0,0,0,0,0
17_5,10.225,-61.07499999999999,21,0,0,0,0,0,0,0,0,0,0,0,0,0,0,0,0,0
17_5,10.225,-61.07499999999999,22,0,0,0,0,0,0,0,0,0,0,0,0,0,0,0,0,0
17_5,10.225,-61.07499999999999,23,0,0,0,0,0,0,0,0,0,0,0,0,0,0,0,0,0
17_5,10.225,-61.07499999999999,24,0,0,0,0,0,0,0,0,0,0,0,0,0,0,0,0,0
17_5,10.225,-61.07499999999999,25,0,0,0,0,0,0,0,0,0,0,0,0,0,0,0,0,0
17_5,10.225,-61.07499999999999,26,0,0,0,0,0,0,0,0,0,0,0,0,0,0,0,0,0
17_5,10.225,-61.07499999999999,27,0,0,0,0,0,0,0,0,0,0,0,0,0,0,0,0,0
17_5,10.225,-61.07499999999999,28,0,0,0,0,0,0,0,0,0,0,0,0,0,0,0,0,0
17_5,10.225,-61.07499999999999,29,0,0,0,0,0,0,0,0,0,0,0,0,0,0,0,0,0
17_5,10.225,-61.07499999999999,30,0,0,0,0,0,0,0,0,0,0,0,0,0,0,0,0,0
17_5,10.225,-61.07499999999999,31,0,0,0,0,0,0,0,0,0,0,0,0,0,0,0,0,0
17_5,10.225,-61.07499999999999,32,0,0,0,0,0,0,0,0,0,0,0,0,0,0,0,0,0
17_5,10.225,-61.07499999999999,33,0,0,0,0,0,0,0,0,0,0,0,0,0,0,0,0,0
17_5,10.225,-61.07499999999999,34,0,0,0,0,0,0,0,0,0,0,0,0,0,0,0,0,0
17_5,10.225,-61.07499999999999,35,0,0,0,0,0,0,0,0,0,0,0,0,0,0,0,0,0
17_5,10.225,-61.07499999999999,36,0,0,0,0,0,0,0,0,0,0,0,0,0,0,0,0,0
17_5,10.225,-61.07499999999999,37,0,0,0,0,0,0,0,0,0,0,0,0,0,0,0,0,0
17_5,10.225,-61.07499999999999,38,0,0,0,0,0,0,0,0,0,0,0,0,0,0,0,0,0
17_5,10.225,-61.07499999999999,39,0,0,0,0,0,0,0,0,0,0,0,0,0,0,0,0,0
17_5,10.225,-61.07499999999999,40,0,0,0,0,0,0,0,0,0,0,0,0,0,0,0,0,0
17_5,10.225,-61.07499999999999,41,0,0,0,0,0,0,0,0,0,0,0,0,0,0,0,0,0
17_5,10.225,-61.07499999999999,42,0,0,0,0,0,0,0,0,0,0,0,0,0,0,0,0,0
17_5,10.225,-61.07499999999999,43,0,0,0,0,0,0,0,0,0,0,0,0,0,0,0,0,0
17_5,10.225,-61.07499999999999,44,0,0,0,0,0,0,0,0,0,0,0,0,0,0,0,0,0
17_5,10.225,-61.07499999999999,45,0,0,0,0,0,0,0,0,0,0,0,0,0,0,0,0,0
17_5,10.225,-61.07499999999999,46,0,0,0,0,0,0,0,0,0,0,0,0,0,0,0,0,0
17_5,10.225,-61.07499999999999,47,0,0,0,0,0,0,0,0,0,0,0,0,0,0,0,0,0
17_5,10.225,-61.07499999999999,48,0,0,0,0,0,0,0,0,0,0,0,0,0,0,0,0,0
17_5,10.225,-61.07499999999999,49,0,0,0,0,0,0,0,0,0,0,0,0,0,0,0,0,0
17_5,10.225,-61.07499999999999,50,0,0,0,0,0,0,0,0,0,0,0,0,0,0,0,0,0
17_5,10.225,-61.07499999999999,51,0,0,0,0,0,0,0,0,0,0,0,0,0,0,0,0,0
17_5,10.225,-61.07499999999999,52,0,0,0,0,0,0,0,0,0,0,0,0,0,0,0,0,0
17_6,10.275,-61.07499999999999,0,0,0,,,,,,,,0,,,,,,,
17_6,10.275,-61.07499999999999,1,0,0,0,,,,,,,0,0,,,,,,
17_6,10.275,-61.07499999999999,2,0,0,0,0,,,,,,0,0,0,,,,,
17_6,10.275,-61.07499999999999,3,0,0,0,0,0,,,,,0,0,0,0,,,,
17_6,10.275,-61.07499999999999,4,0,0,0,0,0,0,,,,0,0,0,0,0,,,
17_6,10.275,-61.07499999999999,5,0,0,0,0,0,0,0,,,0,0,0,0,0,0,,
17_6,10.275,-61.07499999999999,6,0,0,0,0,0,0,0,0,,0,0,0,0,0,0,0,
17_6,10.275,-61.07499999999999,7,0,0,0,0,0,0,0,0,0,0,0,0,0,0,0,0,0
17_6,10.275,-61.07499999999999,8,0,0,0,0,0,0,0,0,0,0,0,0,0,0,0,0,0
17_6,10.275,-61.07499999999999,9,0,0,0,0,0,0,0,0,0,0,0,0,0,0,0,0,0
17_6,10.275,-61.07499999999999,10,0,0,0,0,0,0,0,0,0,0,0,0,0,0,0,0,0
17_6,10.275,-61.07499999999999,11,0,0,0,0,0,0,0,0,0,0,0,0,0,0,0,0,0
17_6,10.275,-61.07499999999999,12,0,0,0,0,0,0,0,0,0,0,0,0,0,0,0,0,0
17_6,10.275,-61.07499999999999,13,0,0,0,0,0,0,0,0,0,0,0,0,0,0,0,0,0
17_6,10.275,-61.07499999999999,14,0,0,0,0,0,0,0,0,0,0,0,0,0,0,0,0,0
17_6,10.275,-61.07499999999999,15,0,0,0,0,0,0,0,0,0,0,0,0,0,0,0,0,0
17_6,10.275,-61.07499999999999,16,0,0,0,0,0,0,0,0,0,0,0,0,0,0,0,0,0
17_6,10.275,-61.07499999999999,17,0,0,0,0,0,0,0,0,0,0,0,0,0,0,0,0,0
17_6,10.275,-61.07499999999999,18,0,0,0,0,0,0,0,0,0,0,0,0,0,0,0,0,0
17_6,10.275,-61.07499999999999,19,0,0,0,0,0,0,0,0,0,0,0,0,0,0,0,0,0
17_6,10.275,-61.07499999999999,20,0,0,0,0,0,0,0,0,0,0,0,0,0,0,0,0,0
17_6,10.275,-61.07499999999999,21,0,0,0,0,0,0,0,0,0,0,0,0,0,0,0,0,0
17_6,10.275,-61.07499999999999,22,0,0,0,0,0,0,0,0,0,0,0,0,0,0,0,0,0
17_6,10.275,-61.07499999999999,23,0,0,0,0,0,0,0,0,0,0,0,0,0,0,0,0,0
17_6,10.275,-61.07499999999999,24,0,0,0,0,0,0,0,0,0,0,0,0,0,0,0,0,0
17_6,10.275,-61.07499999999999,25,0,0,0,0,0,0,0,0,0,0,0,0,0,0,0,0,0
17_6,10.275,-61.07499999999999,26,0,0,0,0,0,0,0,0,0,0,0,0,0,0,0,0,0
17_6,10.275,-61.07499999999999,27,0,0,0,0,0,0,0,0,0,0,0,0,0,0,0,0,0
17_6,10.275,-61.07499999999999,28,0,0,0,0,0,0,0,0,0,0,0,0,0,0,0,0,0
17_6,10.275,-61.07499999999999,29,0,0,0,0,0,0,0,0,0,0,0,0,0,0,0,0,0
17_6,10.275,-61.07499999999999,30,0,0,0,0,0,0,0,0,0,0,0,0,0,0,0,0,0
17_6,10.275,-61.07499999999999,31,0,0,0,0,0,0,0,0,0,0,0,0,0,0,0,0,0
17_6,10.275,-61.07499999999999,32,0,0,0,0,0,0,0,0,0,0,0,0,0,0,0,0,0
17_6,10.275,-61.07499999999999,33,0,0,0,0,0,0,0,0,0,0,0,0,0,0,0,0,0
17_6,10.275,-61.07499999999999,34,0,0,0,0,0,0,0,0,0,0,0,0,0,0,0,0,0
17_6,10.275,-61.07499999999999,35,0,0,0,0,0,0,0,0,0,0,0,0,0,0,0,0,0
17_6,10.275,-61.07499999999999,36,0,0,0,0,0,0,0,0,0,0,0,0,0,0,0,0,0
17_6,10.275,-61.07499999999999,37,0,0,0,0,0,0,0,0,0,0,0,0,0,0,0,0,0
17_6,10.275,-61.07499999999999,38,0,0,0,0,0,0,0,0,0,0,0,0,0,0,0,0,0
17_6,10.275,-61.07499999999999,39,0,0,0,0,0,0,0,0,0,0,0,0,0,0,0,0,0
17_6,10.275,-61.07499999999999,40,0,0,0,0,0,0,0,0,0,0,0,0,0,0,0,0,0
17_6,10.275,-61.07499999999999,41,0,0,0,0,0,0,0,0,0,0,0,0,0,0,0,0,0
17_6,10.275,-61.07499999999999,42,0,0,0,0,0,0,0,0,0,0,0,0,0,0,0,0,0
17_6,10.275,-61.07499999999999,43,0,0,0,0,0,0,0,0,0,0,0,0,0,0,0,0,0
17_6,10.275,-61.07499999999999,44,0,0,0,0,0,0,0,0,0,0,0,0,0,0,0,0,0
17_6,10.275,-61.07499999999999,45,0,0,0,0,0,0,0,0,0,0,0,0,0,0,0,0,0
17_6,10.275,-61.07499999999999,46,0,0,0,0,0,0,0,0,0,0,0,0,0,0,0,0,0
17_6,10.275,-61.07499999999999,47,0,0,0,0,0,0,0,0,0,0,0,0,0,0,0,0,0
17_6,10.275,-61.07499999999999,48,0,0,0,0,0,0,0,0,0,0,0,0,0,0,0,0,0
17_6,10.275,-61.07499999999999,49,0,0,0,0,0,0,0,0,0,0,0,0,0,0,0,0,0
17_6,10.275,-61.07499999999999,50,0,0,0,0,0,0,0,0,0,0,0,0,0,0,0,0,0
17_6,10.275,-61.07499999999999,51,0,0,0,0,0,0,0,0,0,0,0,0,0,0,0,0,0
17_6,10.275,-61.07499999999999,52,0,0,0,0,0,0,0,0,0,0,0,0,0,0,0,0,0
17_7,10.325,-61.075,0,0,0,,,,,,,,0,,,,,,,
17_7,10.325,-61.075,1,0,0,0,,,,,,,0,0,,,,,,
17_7,10.325,-61.075,2,0,0,0,0,,,,,,0,0,0,,,,,
17_7,10.325,-61.075,3,0,0,0,0,0,,,,,0,0,0,0,,,,
17_7,10.325,-61.075,4,0,0,0,0,0,0,,,,0,0,0,0,0,,,
17_7,10.325,-61.075,5,0,0,0,0,0,0,0,,,0,0,0,0,0,0,,
17_7,10.325,-61.075,6,0,0,0,0,0,0,0,0,,0,0,0,0,0,0,0,
17_7,10.325,-61.075,7,0,0,0,0,0,0,0,0,0,0,0,0,0,0,0,0,0
17_7,10.325,-61.075,8,0,0,0,0,0,0,0,0,0,0,0,0,0,0,0,0,0
17_7,10.325,-61.075,9,0,0,0,0,0,0,0,0,0,0,0,0,0,0,0,0,0
17_7,10.325,-61.075,10,0,0,0,0,0,0,0,0,0,0,0,0,0,0,0,0,0
17_7,10.325,-61.075,11,0,0,0,0,0,0,0,0,0,0,0,0,0,0,0,0,0
17_7,10.325,-61.075,12,0,0,0,0,0,0,0,0,0,0,0,0,0,0,0,0,0
17_7,10.325,-61.075,13,0,0,0,0,0,0,0,0,0,0,0,0,0,0,0,0,0
17_7,10.325,-61.075,14,0,0,0,0,0,0,0,0,0,0,0,0,0,0,0,0,0
17_7,10.325,-61.075,15,0,0,0,0,0,0,0,0,0,0,0,0,0,0,0,0,0
17_7,10.325,-61.075,16,0,0,0,0,0,0,0,0,0,0,0,0,0,0,0,0,0
17_7,10.325,-61.075,17,0,0,0,0,0,0,0,0,0,0,0,0,0,0,0,0,0
17_7,10.325,-61.075,18,0,0,0,0,0,0,0,0,0,0,0,0,0,0,0,0,0
17_7,10.325,-61.075,19,0,0,0,0,0,0,0,0,0,0,0,0,0,0,0,0,0
17_7,10.325,-61.075,20,0,0,0,0,0,0,0,0,0,0,0,0,0,0,0,0,0
17_7,10.325,-61.075,21,0,0,0,0,0,0,0,0,0,0,0,0,0,0,0,0,0
17_7,10.325,-61.075,22,0,0,0,0,0,0,0,0,0,0,0,0,0,0,0,0,0
17_7,10.325,-61.075,23,0,0,0,0,0,0,0,0,0,0,0,0,0,0,0,0,0
17_7,10.325,-61.075,24,0,0,0,0,0,0,0,0,0,0,0,0,0,0,0,0,0
17_7,10.325,-61.075,25,0,0,0,0,0,0,0,0,0,0,0,0,0,0,0,0,0
17_7,10.325,-61.075,26,0,0,0,0,0,0,0,0,0,0,0,0,0,0,0,0,0
17_7,10.325,-61.075,27,0,0,0,0,0,0,0,0,0,0,0,0,0,0,0,0,0
17_7,10.325,-61.075,28,0,0,0,0,0,0,0,0,0,0,0,0,0,0,0,0,0
17_7,10.325,-61.075,29,0,0,0,0,0,0,0,0,0,0,0,0,0,0,0,0,0
17_7,10.325,-61.075,30,0,0,0,0,0,0,0,0,0,0,0,0,0,0,0,0,0
17_7,10.325,-61.075,31,0,0,0,0,0,0,0,0,0,0,0,0,0,0,0,0,0
17_7,10.325,-61.075,32,0,0,0,0,0,0,0,0,0,0,0,0,0,0,0,0,0
17_7,10.325,-61.075,33,0,0,0,0,0,0,0,0,0,0,0,0,0,0,0,0,0
17_7,10.325,-61.075,34,0,0,0,0,0,0,0,0,0,0,0,0,0,0,0,0,0
17_7,10.325,-61.075,35,0,0,0,0,0,0,0,0,0,0,0,0,0,0,0,0,0
17_7,10.325,-61.075,36,0,0,0,0,0,0,0,0,0,0,0,0,0,0,0,0,0
17_7,10.325,-61.075,37,0,0,0,0,0,0,0,0,0,0,0,0,0,0,0,0,0
17_7,10.325,-61.075,38,0,0,0,0,0,0,0,0,0,0,0,0,0,0,0,0,0
17_7,10.325,-61.075,39,0,0,0,0,0,0,0,0,0,0,0,0,0,0,0,0,0
17_7,10.325,-61.075,40,0,0,0,0,0,0,0,0,0,0,0,0,0,0,0,0,0
17_7,10.325,-61.075,41,0,0,0,0,0,0,0,0,0,0,0,0,0,0,0,0,0
17_7,10.325,-61.075,42,0,0,0,0,0,0,0,0,0,0,0,0,0,0,0,0,0
17_7,10.325,-61.075,43,0,0,0,0,0,0,0,0,0,0,0,0,0,0,0,0,0
17_7,10.325,-61.075,44,0,0,0,0,0,0,0,0,0,0,0,0,0,0,0,0,0
17_7,10.325,-61.075,45,0,0,0,0,0,0,0,0,0,0,0,0,0,0,0,0,0
17_7,10.325,-61.075,46,0,0,0,0,0,0,0,0,0,0,0,0,0,0,0,0,0
17_7,10.325,-61.075,47,0,0,0,0,0,0,0,0,0,0,0,0,0,0,0,0,0
17_7,10.325,-61.075,48,0,0,0,0,0,0,0,0,0,0,0,0,0,0,0,0,0
17_7,10.325,-61.075,49,0,0,0,0,0,0,0,0,0,0,0,0,0,0,0,0,0
17_7,10.325,-61.075,50,0,0,0,0,0,0,0,0,0,0,0,0,0,0,0,0,0
17_7,10.325,-61.075,51,0,0,0,0,0,0,0,0,0,0,0,0,0,0,0,0,0
17_7,10.325,-61.075,52,0,0,0,0,0,0,0,0,0,0,0,0,0,0,0,0,0
17_8,10.375,-61.07499999999999,0,0,0,,,,,,,,0,,,,,,,
17_8,10.375,-61.07499999999999,1,0,0,0,,,,,,,0,0,,,,,,
17_8,10.375,-61.07499999999999,2,0,0,0,0,,,,,,0,0,0,,,,,
17_8,10.375,-61.07499999999999,3,0,0,0,0,0,,,,,0,0,0,0,,,,
17_8,10.375,-61.07499999999999,4,0,0,0,0,0,0,,,,0,0,0,0,0,,,
17_8,10.375,-61.07499999999999,5,0,0,0,0,0,0,0,,,0,0,0,0,0,0,,
17_8,10.375,-61.07499999999999,6,0,0,0,0,0,0,0,0,,0,0,0,0,0,0,0,
17_8,10.375,-61.07499999999999,7,0,0,0,0,0,0,0,0,0,0,0,0,0,0,0,0,0
17_8,10.375,-61.07499999999999,8,0,0,0,0,0,0,0,0,0,0,0,0,0,0,0,0,0
17_8,10.375,-61.07499999999999,9,0,0,0,0,0,0,0,0,0,0,0,0,0,0,0,0,0
17_8,10.375,-61.07499999999999,10,0,0,0,0,0,0,0,0,0,0,0,0,0,0,0,0,0
17_8,10.375,-61.07499999999999,11,0,0,0,0,0,0,0,0,0,0,0,0,0,0,0,0,0
17_8,10.375,-61.07499999999999,12,0,0,0,0,0,0,0,0,0,0,0,0,0,0,0,0,0
17_8,10.375,-61.07499999999999,13,0,0,0,0,0,0,0,0,0,0,0,0,0,0,0,0,0
17_8,10.375,-61.07499999999999,14,0,0,0,0,0,0,0,0,0,0,0,0,0,0,0,0,0
17_8,10.375,-61.07499999999999,15,0,0,0,0,0,0,0,0,0,0,0,0,0,0,0,0,0
17_8,10.375,-61.07499999999999,16,0,0,0,0,0,0,0,0,0,0,0,0,0,0,0,0,0
17_8,10.375,-61.07499999999999,17,0,0,0,0,0,0,0,0,0,0,0,0,0,0,0,0,0
17_8,10.375,-61.07499999999999,18,0,0,0,0,0,0,0,0,0,0,0,0,0,0,0,0,0
17_8,10.375,-61.07499999999999,19,0,0,0,0,0,0,0,0,0,0,0,0,0,0,0,0,0
17_8,10.375,-61.07499999999999,20,0,0,0,0,0,0,0,0,0,0,0,0,0,0,0,0,0
17_8,10.375,-61.07499999999999,21,0,0,0,0,0,0,0,0,0,0,0,0,0,0,0,0,0
17_8,10.375,-61.07499999999999,22,0,0,0,0,0,0,0,0,0,0,0,0,0,0,0,0,0
17_8,10.375,-61.07499999999999,23,0,0,0,0,0,0,0,0,0,0,0,0,0,0,0,0,0
17_8,10.375,-61.07499999999999,24,0,0,0,0,0,0,0,0,0,0,0,0,0,0,0,0,0
17_8,10.375,-61.07499999999999,25,0,0,0,0,0,0,0,0,0,0,0,0,0,0,0,0,0
17_8,10.375,-61.07499999999999,26,0,0,0,0,0,0,0,0,0,0,0,0,0,0,0,0,0
17_8,10.375,-61.07499999999999,27,0,0,0,0,0,0,0,0,0,0,0,0,0,0,0,0,0
17_8,10.375,-61.07499999999999,28,0,0,0,0,0,0,0,0,0,0,0,0,0,0,0,0,0
17_8,10.375,-61.07499999999999,29,0,0,0,0,0,0,0,0,0,0,0,0,0,0,0,0,0
17_8,10.375,-61.07499999999999,30,0,0,0,0,0,0,0,0,0,0,0,0,0,0,0,0,0
17_8,10.375,-61.07499999999999,31,0,0,0,0,0,0,0,0,0,0,0,0,0,0,0,0,0
17_8,10.375,-61.07499999999999,32,0,0,0,0,0,0,0,0,0,0,0,0,0,0,0,0,0
17_8,10.375,-61.07499999999999,33,0,0,0,0,0,0,0,0,0,0,0,0,0,0,0,0,0
17_8,10.375,-61.07499999999999,34,0,0,0,0,0,0,0,0,0,0,0,0,0,0,0,0,0
17_8,10.375,-61.07499999999999,35,0,0,0,0,0,0,0,0,0,0,0,0,0,0,0,0,0
17_8,10.375,-61.07499999999999,36,0,0,0,0,0,0,0,0,0,0,0,0,0,0,0,0,0
17_8,10.375,-61.07499999999999,37,0,0,0,0,0,0,0,0,0,0,0,0,0,0,0,0,0
17_8,10.375,-61.07499999999999,38,0,0,0,0,0,0,0,0,0,0,0,0,0,0,0,0,0
17_8,10.375,-61.07499999999999,39,0,0,0,0,0,0,0,0,0,0,0,0,0,0,0,0,0
17_8,10.375,-61.07499999999999,40,0,0,0,0,0,0,0,0,0,0,0,0,0,0,0,0,0
17_8,10.375,-61.07499999999999,41,0,0,0,0,0,0,0,0,0,0,0,0,0,0,0,0,0
17_8,10.375,-61.07499999999999,42,0,0,0,0,0,0,0,0,0,0,0,0,0,0,0,0,0
17_8,10.375,-61.07499999999999,43,0,0,0,0,0,0,0,0,0,0,0,0,0,0,0,0,0
17_8,10.375,-61.07499999999999,44,0,0,0,0,0,0,0,0,0,0,0,0,0,0,0,0,0
17_8,10.375,-61.07499999999999,45,0,0,0,0,0,0,0,0,0,0,0,0,0,0,0,0,0
17_8,10.375,-61.07499999999999,46,0,0,0,0,0,0,0,0,0,0,0,0,0,0,0,0,0
17_8,10.375,-61.07499999999999,47,0,0,0,0,0,0,0,0,0,0,0,0,0,0,0,0,0
17_8,10.375,-61.07499999999999,48,0,0,0,0,0,0,0,0,0,0,0,0,0,0,0,0,0
17_8,10.375,-61.07499999999999,49,0,0,0,0,0,0,0,0,0,0,0,0,0,0,0,0,0
17_8,10.375,-61.07499999999999,50,0,0,0,0,0,0,0,0,0,0,0,0,0,0,0,0,0
17_8,10.375,-61.07499999999999,51,0,0,0,0,0,0,0,0,0,0,0,0,0,0,0,0,0
17_8,10.375,-61.07499999999999,52,0,0,0,0,0,0,0,0,0,0,0,0,0,0,0,0,0
17_9,10.425,-61.075,0,0,0,,,,,,,,0,,,,,,,
17_9,10.425,-61.075,1,0,0,0,,,,,,,0,0,,,,,,
17_9,10.425,-61.075,2,0,0,0,0,,,,,,0,0,0,,,,,
17_9,10.425,-61.075,3,0,0,0,0,0,,,,,0,0,0,0,,,,
17_9,10.425,-61.075,4,0,0,0,0,0,0,,,,0,0,0,0,0,,,
17_9,10.425,-61.075,5,0,0,0,0,0,0,0,,,0,0,0,0,0,0,,
17_9,10.425,-61.075,6,0,0,0,0,0,0,0,0,,0,0,0,0,0,0,0,
17_9,10.425,-61.075,7,0,0,0,0,0,0,0,0,0,0,0,0,0,0,0,0,0
17_9,10.425,-61.075,8,0,0,0,0,0,0,0,0,0,0,0,0,0,0,0,0,0
17_9,10.425,-61.075,9,0,0,0,0,0,0,0,0,0,0,0,0,0,0,0,0,0
17_9,10.425,-61.075,10,0,0,0,0,0,0,0,0,0,0,0,0,0,0,0,0,0
17_9,10.425,-61.075,11,0,0,0,0,0,0,0,0,0,0,0,0,0,0,0,0,0
17_9,10.425,-61.075,12,0,0,0,0,0,0,0,0,0,0,0,0,0,0,0,0,0
17_9,10.425,-61.075,13,0,0,0,0,0,0,0,0,0,0,0,0,0,0,0,0,0
17_9,10.425,-61.075,14,0,0,0,0,0,0,0,0,0,0,0,0,0,0,0,0,0
17_9,10.425,-61.075,15,0,0,0,0,0,0,0,0,0,0,0,0,0,0,0,0,0
17_9,10.425,-61.075,16,0,0,0,0,0,0,0,0,0,0,0,0,0,0,0,0,0
17_9,10.425,-61.075,17,0,0,0,0,0,0,0,0,0,0,0,0,0,0,0,0,0
17_9,10.425,-61.075,18,0,0,0,0,0,0,0,0,0,0,0,0,0,0,0,0,0
17_9,10.425,-61.075,19,0,0,0,0,0,0,0,0,0,0,0,0,0,0,0,0,0
17_9,10.425,-61.075,20,0,0,0,0,0,0,0,0,0,0,0,0,0,0,0,0,0
17_9,10.425,-61.075,21,0,0,0,0,0,0,0,0,0,0,0,0,0,0,0,0,0
17_9,10.425,-61.075,22,0,0,0,0,0,0,0,0,0,0,0,0,0,0,0,0,0
17_9,10.425,-61.075,23,0,0,0,0,0,0,0,0,0,0,0,0,0,0,0,0,0
17_9,10.425,-61.075,24,0,0,0,0,0,0,0,0,0,0,0,0,0,0,0,0,0
17_9,10.425,-61.075,25,0,0,0,0,0,0,0,0,0,0,0,0,0,0,0,0,0
17_9,10.425,-61.075,26,0,0,0,0,0,0,0,0,0,0,0,0,0,0,0,0,0
17_9,10.425,-61.075,27,0,0,0,0,0,0,0,0,0,0,0,0,0,0,0,0,0
17_9,10.425,-61.075,28,0,0,0,0,0,0,0,0,0,0,0,0,0,0,0,0,0
17_9,10.425,-61.075,29,0,0,0,0,0,0,0,0,0,0,0,0,0,0,0,0,0
17_9,10.425,-61.075,30,0,0,0,0,0,0,0,0,0,0,0,0,0,0,0,0,0
17_9,10.425,-61.075,31,0,0,0,0,0,0,0,0,0,0,0,0,0,0,0,0,0
17_9,10.425,-61.075,32,0,0,0,0,0,0,0,0,0,0,0,0,0,0,0,0,0
17_9,10.425,-61.075,33,0,0,0,0,0,0,0,0,0,0,0,0,0,0,0,0,0
17_9,10.425,-61.075,34,0,0,0,0,0,0,0,0,0,0,0,0,0,0,0,0,0
17_9,10.425,-61.075,35,0,0,0,0,0,0,0,0,0,0,0,0,0,0,0,0,0
17_9,10.425,-61.075,36,0,0,0,0,0,0,0,0,0,0,0,0,0,0,0,0,0
17_9,10.425,-61.075,37,0,0,0,0,0,0,0,0,0,0,0,0,0,0,0,0,0
17_9,10.425,-61.075,38,0,0,0,0,0,0,0,0,0,0,0,0,0,0,0,0,0
17_9,10.425,-61.075,39,0,0,0,0,0,0,0,0,0,0,0,0,0,0,0,0,0
17_9,10.425,-61.075,40,0,0,0,0,0,0,0,0,0,0,0,0,0,0,0,0,0
17_9,10.425,-61.075,41,0,0,0,0,0,0,0,0,0,0,0,0,0,0,0,0,0
17_9,10.425,-61.075,42,0,0,0,0,0,0,0,0,0,0,0,0,0,0,0,0,0
17_9,10.425,-61.075,43,0,0,0,0,0,0,0,0,0,0,0,0,0,0,0,0,0
17_9,10.425,-61.075,44,0,0,0,0,0,0,0,0,0,0,0,0,0,0,0,0,0
17_9,10.425,-61.075,45,0,0,0,0,0,0,0,0,0,0,0,0,0,0,0,0,0
17_9,10.425,-61.075,46,0,0,0,0,0,0,0,0,0,0,0,0,0,0,0,0,0
17_9,10.425,-61.075,47,0,0,0,0,0,0,0,0,0,0,0,0,0,0,0,0,0
17_9,10.425,-61.075,48,0,0,0,0,0,0,0,0,0,0,0,0,0,0,0,0,0
17_9,10.425,-61.075,49,0,0,0,0,0,0,0,0,0,0,0,0,0,0,0,0,0
17_9,10.425,-61.075,50,0,0,0,0,0,0,0,0,0,0,0,0,0,0,0,0,0
17_9,10.425,-61.075,51,0,0,0,0,0,0,0,0,0,0,0,0,0,0,0,0,0
17_9,10.425,-61.075,52,0,0,0,0,0,0,0,0,0,0,0,0,0,0,0,0,0
17_10,10.475,-61.07499999999999,0,0,0,,,,,,,,0,,,,,,,
17_10,10.475,-61.07499999999999,1,0,0,0,,,,,,,0,0,,,,,,
17_10,10.475,-61.07499999999999,2,0,0,0,0,,,,,,0,0,0,,,,,
17_10,10.475,-61.07499999999999,3,0,0,0,0,0,,,,,0,0,0,0,,,,
17_10,10.475,-61.07499999999999,4,0,0,0,0,0,0,,,,0,0,0,0,0,,,
17_10,10.475,-61.07499999999999,5,0,0,0,0,0,0,0,,,0,0,0,0,0,0,,
17_10,10.475,-61.07499999999999,6,0,0,0,0,0,0,0,0,,0,0,0,0,0,0,0,
17_10,10.475,-61.07499999999999,7,0,0,0,0,0,0,0,0,0,0,0,0,0,0,0,0,0
17_10,10.475,-61.07499999999999,8,0,0,0,0,0,0,0,0,0,0,0,0,0,0,0,0,0
17_10,10.475,-61.07499999999999,9,0,0,0,0,0,0,0,0,0,0,0,0,0,0,0,0,0
17_10,10.475,-61.07499999999999,10,0,0,0,0,0,0,0,0,0,0,0,0,0,0,0,0,0
17_10,10.475,-61.07499999999999,11,0,0,0,0,0,0,0,0,0,0,0,0,0,0,0,0,0
17_10,10.475,-61.07499999999999,12,0,0,0,0,0,0,0,0,0,0,0,0,0,0,0,0,0
17_10,10.475,-61.07499999999999,13,0,0,0,0,0,0,0,0,0,0,0,0,0,0,0,0,0
17_10,10.475,-61.07499999999999,14,0,0,0,0,0,0,0,0,0,0,0,0,0,0,0,0,0
17_10,10.475,-61.07499999999999,15,0,0,0,0,0,0,0,0,0,0,0,0,0,0,0,0,0
17_10,10.475,-61.07499999999999,16,0,0,0,0,0,0,0,0,0,0,0,0,0,0,0,0,0
17_10,10.475,-61.07499999999999,17,0,0,0,0,0,0,0,0,0,0,0,0,0,0,0,0,0
17_10,10.475,-61.07499999999999,18,0,0,0,0,0,0,0,0,0,0,0,0,0,0,0,0,0
17_10,10.475,-61.07499999999999,19,0,0,0,0,0,0,0,0,0,0,0,0,0,0,0,0,0
17_10,10.475,-61.07499999999999,20,0,0,0,0,0,0,0,0,0,0,0,0,0,0,0,0,0
17_10,10.475,-61.07499999999999,21,0,0,0,0,0,0,0,0,0,0,0,0,0,0,0,0,0
17_10,10.475,-61.07499999999999,22,0,0,0,0,0,0,0,0,0,0,0,0,0,0,0,0,0
17_10,10.475,-61.07499999999999,23,0,0,0,0,0,0,0,0,0,0,0,0,0,0,0,0,0
17_10,10.475,-61.07499999999999,24,0,0,0,0,0,0,0,0,0,0,0,0,0,0,0,0,0
17_10,10.475,-61.07499999999999,25,0,0,0,0,0,0,0,0,0,0,0,0,0,0,0,0,0
17_10,10.475,-61.07499999999999,26,0,0,0,0,0,0,0,0,0,0,0,0,0,0,0,0,0
17_10,10.475,-61.07499999999999,27,0,0,0,0,0,0,0,0,0,0,0,0,0,0,0,0,0
17_10,10.475,-61.07499999999999,28,0,0,0,0,0,0,0,0,0,0,0,0,0,0,0,0,0
17_10,10.475,-61.07499999999999,29,0,0,0,0,0,0,0,0,0,0,0,0,0,0,0,0,0
17_10,10.475,-61.07499999999999,30,0,0,0,0,0,0,0,0,0,0,0,0,0,0,0,0,0
17_10,10.475,-61.07499999999999,31,0,0,0,0,0,0,0,0,0,0,0,0,0,0,0,0,0
17_10,10.475,-61.07499999999999,32,0,0,0,0,0,0,0,0,0,0,0,0,0,0,0,0,0
17_10,10.475,-61.07499999999999,33,0,0,0,0,0,0,0,0,0,0,0,0,0,0,0,0,0
17_10,10.475,-61.07499999999999,34,0,0,0,0,0,0,0,0,0,0,0,0,0,0,0,0,0
17_10,10.475,-61.07499999999999,35,0,0,0,0,0,0,0,0,0,0,0,0,0,0,0,0,0
17_10,10.475,-61.07499999999999,36,0,0,0,0,0,0,0,0,0,0,0,0,0,0,0,0,0
17_10,10.475,-61.07499999999999,37,0,0,0,0,0,0,0,0,0,0,0,0,0,0,0,0,0
17_10,10.475,-61.07499999999999,38,0,0,0,0,0,0,0,0,0,0,0,0,0,0,0,0,0
17_10,10.475,-61.07499999999999,39,0,0,0,0,0,0,0,0,0,0,0,0,0,0,0,0,0
17_10,10.475,-61.07499999999999,40,0,0,0,0,0,0,0,0,0,0,0,0,0,0,0,0,0
17_10,10.475,-61.07499999999999,41,0,0,0,0,0,0,0,0,0,0,0,0,0,0,0,0,0
17_10,10.475,-61.07499999999999,42,0,0,0,0,0,0,0,0,0,0,0,0,0,0,0,0,0
17_10,10.475,-61.07499999999999,43,0,0,0,0,0,0,0,0,0,0,0,0,0,0,0,0,0
17_10,10.475,-61.07499999999999,44,0,0,0,0,0,0,0,0,0,0,0,0,0,0,0,0,0
17_10,10.475,-61.07499999999999,45,0,0,0,0,0,0,0,0,0,0,0,0,0,0,0,0,0
17_10,10.475,-61.07499999999999,46,0,0,0,0,0,0,0,0,0,0,0,0,0,0,0,0,0
17_10,10.475,-61.07499999999999,47,0,0,0,0,0,0,0,0,0,0,0,0,0,0,0,0,0
17_10,10.475,-61.07499999999999,48,0,0,0,0,0,0,0,0,0,0,0,0,0,0,0,0,0
17_10,10.475,-61.07499999999999,49,0,0,0,0,0,0,0,0,0,0,0,0,0,0,0,0,0
17_10,10.475,-61.07499999999999,50,0,0,0,0,0,0,0,0,0,0,0,0,0,0,0,0,0
17_10,10.475,-61.07499999999999,51,0,0,0,0,0,0,0,0,0,0,0,0,0,0,0,0,0
17_10,10.475,-61.07499999999999,52,0,0,0,0,0,0,0,0,0,0,0,0,0,0,0,0,0
17_11,10.525,-61.07499999999999,0,0,0,,,,,,,,0,,,,,,,
17_11,10.525,-61.07499999999999,1,0,0,0,,,,,,,0,0,,,,,,
17_11,10.525,-61.07499999999999,2,0,0,0,0,,,,,,0,0,0,,,,,
17_11,10.525,-61.07499999999999,3,0,0,0,0,0,,,,,0,0,0,0,,,,
17_11,10.525,-61.07499999999999,4,0,0,0,0,0,0,,,,0,0,0,0,0,,,
17_11,10.525,-61.07499999999999,5,0,0,0,0,0,0,0,,,0,0,0,0,0,0,,
17_11,10.525,-61.07499999999999,6,0,0,0,0,0,0,0,0,,0,0,0,0,0,0,0,
17_11,10.525,-61.07499999999999,7,0,0,0,0,0,0,0,0,0,0,0,0,0,0,0,0,0
17_11,10.525,-61.07499999999999,8,0,0,0,0,0,0,0,0,0,0,0,0,0,0,0,0,0
17_11,10.525,-61.07499999999999,9,0,0,0,0,0,0,0,0,0,0,0,0,0,0,0,0,0
17_11,10.525,-61.07499999999999,10,0,0,0,0,0,0,0,0,0,0,0,0,0,0,0,0,0
17_11,10.525,-61.07499999999999,11,0,0,0,0,0,0,0,0,0,0,0,0,0,0,0,0,0
17_11,10.525,-61.07499999999999,12,0,0,0,0,0,0,0,0,0,0,0,0,0,0,0,0,0
17_11,10.525,-61.07499999999999,13,0,0,0,0,0,0,0,0,0,0,0,0,0,0,0,0,0
17_11,10.525,-61.07499999999999,14,0,0,0,0,0,0,0,0,0,0,0,0,0,0,0,0,0
17_11,10.525,-61.07499999999999,15,0,0,0,0,0,0,0,0,0,0,0,0,0,0,0,0,0
17_11,10.525,-61.07499999999999,16,0,0,0,0,0,0,0,0,0,0,0,0,0,0,0,0,0
17_11,10.525,-61.07499999999999,17,0,0,0,0,0,0,0,0,0,0,0,0,0,0,0,0,0
17_11,10.525,-61.07499999999999,18,0,0,0,0,0,0,0,0,0,0,0,0,0,0,0,0,0
17_11,10.525,-61.07499999999999,19,0,0,0,0,0,0,0,0,0,0,0,0,0,0,0,0,0
17_11,10.525,-61.07499999999999,20,0,0,0,0,0,0,0,0,0,0,0,0,0,0,0,0,0
17_11,10.525,-61.07499999999999,21,0,0,0,0,0,0,0,0,0,0,0,0,0,0,0,0,0
17_11,10.525,-61.07499999999999,22,0,0,0,0,0,0,0,0,0,0,0,0,0,0,0,0,0
17_11,10.525,-61.07499999999999,23,0,0,0,0,0,0,0,0,0,0,0,0,0,0,0,0,0
17_11,10.525,-61.07499999999999,24,0,0,0,0,0,0,0,0,0,0,0,0,0,0,0,0,0
17_11,10.525,-61.07499999999999,25,0,0,0,0,0,0,0,0,0,0,0,0,0,0,0,0,0
17_11,10.525,-61.07499999999999,26,0,0,0,0,0,0,0,0,0,0,0,0,0,0,0,0,0
17_11,10.525,-61.07499999999999,27,0,0,0,0,0,0,0,0,0,0,0,0,0,0,0,0,0
17_11,10.525,-61.07499999999999,28,0,0,0,0,0,0,0,0,0,0,0,0,0,0,0,0,0
17_11,10.525,-61.07499999999999,29,0,0,0,0,0,0,0,0,0,0,0,0,0,0,0,0,0
17_11,10.525,-61.07499999999999,30,0,0,0,0,0,0,0,0,0,0,0,0,0,0,0,0,0
17_11,10.525,-61.07499999999999,31,0,0,0,0,0,0,0,0,0,0,0,0,0,0,0,0,0
17_11,10.525,-61.07499999999999,32,0,0,0,0,0,0,0,0,0,0,0,0,0,0,0,0,0
17_11,10.525,-61.07499999999999,33,0,0,0,0,0,0,0,0,0,0,0,0,0,0,0,0,0
17_11,10.525,-61.07499999999999,34,0,0,0,0,0,0,0,0,0,0,0,0,0,0,0,0,0
17_11,10.525,-61.07499999999999,35,0,0,0,0,0,0,0,0,0,0,0,0,0,0,0,0,0
17_11,10.525,-61.07499999999999,36,0,0,0,0,0,0,0,0,0,0,0,0,0,0,0,0,0
17_11,10.525,-61.07499999999999,37,0,0,0,0,0,0,0,0,0,0,0,0,0,0,0,0,0
17_11,10.525,-61.07499999999999,38,0,0,0,0,0,0,0,0,0,0,0,0,0,0,0,0,0
17_11,10.525,-61.07499999999999,39,0,0,0,0,0,0,0,0,0,0,0,0,0,0,0,0,0
17_11,10.525,-61.07499999999999,40,0,0,0,0,0,0,0,0,0,0,0,0,0,0,0,0,0
17_11,10.525,-61.07499999999999,41,0,0,0,0,0,0,0,0,0,0,0,0,0,0,0,0,0
17_11,10.525,-61.07499999999999,42,0,0,0,0,0,0,0,0,0,0,0,0,0,0,0,0,0
17_11,10.525,-61.07499999999999,43,0,0,0,0,0,0,0,0,0,0,0,0,0,0,0,0,0
17_11,10.525,-61.07499999999999,44,0,0,0,0,0,0,0,0,0,0,0,0,0,0,0,0,0
17_11,10.525,-61.07499999999999,45,0,0,0,0,0,0,0,0,0,0,0,0,0,0,0,0,0
17_11,10.525,-61.07499999999999,46,1,0,0,0,0,0,0,0,0,0,0,0,0,0,0,0,0
17_11,10.525,-61.07499999999999,47,0,0,0,0,0,0,0,0,0,0,0,0,0,0,0,0,0
17_11,10.525,-61.07499999999999,48,0,0,0,0,0,0,0,0,0,0,0,0,0,0,0,0,0
17_11,10.525,-61.07499999999999,49,0,0,0,0,0,0,0,0,0,0,0,0,0,0,0,0,0
17_11,10.525,-61.07499999999999,50,0,0,0,0,0,0,0,0,0,0,0,0,0,0,0,0,0
17_11,10.525,-61.07499999999999,51,0,0,0,0,0,0,0,0,0,0,0,0,0,0,0,0,0
17_11,10.525,-61.07499999999999,52,0,0,0,0,0,0,0,0,0,0,0,0,0,0,0,0,0
17_12,10.575,-61.075,0,0,0,,,,,,,,0,,,,,,,
17_12,10.575,-61.075,1,0,0,0,,,,,,,0,0,,,,,,
17_12,10.575,-61.075,2,0,0,0,0,,,,,,0,0,0,,,,,
17_12,10.575,-61.075,3,0,0,0,0,0,,,,,0,0,0,0,,,,
17_12,10.575,-61.075,4,0,0,0,0,0,0,,,,0,0,0,0,0,,,
17_12,10.575,-61.075,5,0,0,0,0,0,0,0,,,0,0,0,0,0,0,,
17_12,10.575,-61.075,6,0,0,0,0,0,0,0,0,,0,0,0,0,0,0,0,
17_12,10.575,-61.075,7,0,0,0,0,0,0,0,0,0,0,0,0,0,0,0,0,0
17_12,10.575,-61.075,8,0,0,0,0,0,0,0,0,0,0,0,0,0,0,0,0,0
17_12,10.575,-61.075,9,0,0,0,0,0,0,0,0,0,0,0,0,0,0,0,0,0
17_12,10.575,-61.075,10,0,0,0,0,0,0,0,0,0,0,0,0,0,0,0,0,0
17_12,10.575,-61.075,11,0,0,0,0,0,0,0,0,0,0,0,0,0,0,0,0,0
17_12,10.575,-61.075,12,0,0,0,0,0,0,0,0,0,0,0,0,0,0,0,0,0
17_12,10.575,-61.075,13,0,0,0,0,0,0,0,0,0,0,0,0,0,0,0,0,0
17_12,10.575,-61.075,14,1,0,0,0,0,0,0,0,0,0,0,0,0,0,0,0,0
17_12,10.575,-61.075,15,0,0,0,0,0,0,0,0,0,0,0,0,0,0,0,0,0
17_12,10.575,-61.075,16,0,0,0,0,0,0,0,0,0,0,0,0,0,0,0,0,0
17_12,10.575,-61.075,17,0,0,0,0,0,0,0,0,0,0,0,0,0,0,0,0,0
17_12,10.575,-61.075,18,0,0,0,0,0,0,0,0,0,0,0,0,0,0,0,0,0
17_12,10.575,-61.075,19,0,0,0,0,0,0,0,0,0,0,0,0,0,0,0,0,0
17_12,10.575,-61.075,20,0,0,0,0,0,0,0,0,0,0,0,0,0,0,0,0,0
17_12,10.575,-61.075,21,0,0,0,0,0,0,0,0,0,0,0,0,0,0,0,0,0
17_12,10.575,-61.075,22,0,0,0,0,0,0,0,0,0,0,0,0,0,0,0,0,0
17_12,10.575,-61.075,23,0,0,0,0,0,0,0,0,0,0,0,0,0,0,0,0,0
17_12,10.575,-61.075,24,0,0,0,0,0,0,0,0,0,0,0,0,0,0,0,0,0
17_12,10.575,-61.075,25,0,0,0,0,0,0,0,0,0,0,0,0,0,0,0,0,0
17_12,10.575,-61.075,26,0,0,0,0,0,0,0,0,0,0,0,0,0,0,0,0,0
17_12,10.575,-61.075,27,0,0,0,0,0,0,0,0,0,0,0,0,0,0,0,0,0
17_12,10.575,-61.075,28,0,0,0,0,0,0,0,0,0,0,0,0,0,0,0,0,0
17_12,10.575,-61.075,29,0,0,0,0,0,0,0,0,0,0,0,0,0,0,0,0,0
17_12,10.575,-61.075,30,0,0,0,0,0,0,0,0,0,0,0,0,0,0,0,0,0
17_12,10.575,-61.075,31,0,0,0,0,0,0,0,0,0,0,0,0,0,0,0,0,0
17_12,10.575,-61.075,32,0,0,0,0,0,0,0,0,0,0,0,0,0,0,0,0,0
17_12,10.575,-61.075,33,0,0,0,0,0,0,0,0,0,0,0,0,0,0,0,0,0
17_12,10.575,-61.075,34,0,0,0,0,0,0,0,0,0,0,0,0,0,0,0,0,0
17_12,10.575,-61.075,35,0,0,0,0,0,0,0,0,0,0,0,0,0,0,0,0,0
17_12,10.575,-61.075,36,0,0,0,0,0,0,0,0,0,0,0,0,0,0,0,0,0
17_12,10.575,-61.075,37,0,0,0,0,0,0,0,0,0,0,0,0,0,0,0,0,0
17_12,10.575,-61.075,38,0,0,0,0,0,0,0,0,0,0,0,0,0,0,0,0,0
17_12,10.575,-61.075,39,0,0,0,0,0,0,0,0,0,0,0,0,0,0,0,0,0
17_12,10.575,-61.075,40,0,0,0,0,0,0,0,0,0,0,0,0,0,0,0,0,0
17_12,10.575,-61.075,41,0,0,0,0,0,0,0,0,0,0,0,0,0,0,0,0,0
17_12,10.575,-61.075,42,0,0,0,0,0,0,0,0,0,0,0,0,0,0,0,0,0
17_12,10.575,-61.075,43,0,0,0,0,0,0,0,0,0,0,0,0,0,0,0,0,0
17_12,10.575,-61.075,44,0,0,0,0,0,0,0,0,0,0,0,0,0,0,0,0,0
17_12,10.575,-61.075,45,0,0,0,0,0,0,0,0,0,0,0,0,0,0,0,0,0
17_12,10.575,-61.075,46,0,1,0,0,0,0,0,0,0,0.1694878922217596,0,0,0,0,0,0,0
17_12,10.575,-61.075,47,2,0,1,0,0,0,0,0,0,0,0.1694878922217596,0,0,0,0,0,0
17_12,10.575,-61.075,48,0,0,0,1,0,0,0,0,0,0,0,0.1694878922217596,0,0,0,0,0
17_12,10.575,-61.075,49,0,0,0,0,1,0,0,0,0,0,0,0,0.1694878922217596,0,0,0,0
17_12,10.575,-61.075,50,0,0,0,0,0,1,0,0,0,0,0,0,0,0.1694878922217596,0,0,0
17_12,10.575,-61.075,51,0,0,0,0,0,0,1,0,0,0,0,0,0,0,0.1694878922217596,0,0
17_12,10.575,-61.075,52,0,0,0,0,0,0,0,1,0,0,0,0,0,0,0,0.1694878922217596,0
17_13,10.625,-61.07499999999999,0,0,0,,,,,,,,0,,,,,,,
17_13,10.625,-61.07499999999999,1,0,0,0,,,,,,,0,0,,,,,,
17_13,10.625,-61.07499999999999,2,0,0,0,0,,,,,,0,0,0,,,,,
17_13,10.625,-61.07499999999999,3,0,0,0,0,0,,,,,0,0,0,0,,,,
17_13,10.625,-61.07499999999999,4,0,0,0,0,0,0,,,,0,0,0,0,0,,,
17_13,10.625,-61.07499999999999,5,0,0,0,0,0,0,0,,,0,0,0,0,0,0,,
17_13,10.625,-61.07499999999999,6,0,0,0,0,0,0,0,0,,0,0,0,0,0,0,0,
17_13,10.625,-61.07499999999999,7,0,0,0,0,0,0,0,0,0,0,0,0,0,0,0,0,0
17_13,10.625,-61.07499999999999,8,0,0,0,0,0,0,0,0,0,0,0,0,0,0,0,0,0
17_13,10.625,-61.07499999999999,9,0,0,0,0,0,0,0,0,0,0,0,0,0,0,0,0,0
17_13,10.625,-61.07499999999999,10,0,0,0,0,0,0,0,0,0,0,0,0,0,0,0,0,0
17_13,10.625,-61.07499999999999,11,0,0,0,0,0,0,0,0,0,0,0,0,0,0,0,0,0
17_13,10.625,-61.07499999999999,12,0,0,0,0,0,0,0,0,0,0,0,0,0,0,0,0,0
17_13,10.625,-61.07499999999999,13,0,0,0,0,0,0,0,0,0,0,0,0,0,0,0,0,0
17_13,10.625,-61.07499999999999,14,0,0,0,0,0,0,0,0,0,0,0,0,0,0,0,0,0
17_13,10.625,-61.07499999999999,15,0,0,0,0,0,0,0,0,0,0,0,0,0,0,0,0,0
17_13,10.625,-61.07499999999999,16,0,0,0,0,0,0,0,0,0,0,0,0,0,0,0,0,0
17_13,10.625,-61.07499999999999,17,0,0,0,0,0,0,0,0,0,0,0,0,0,0,0,0,0
17_13,10.625,-61.07499999999999,18,0,0,0,0,0,0,0,0,0,0,0,0,0,0,0,0,0
17_13,10.625,-61.07499999999999,19,0,0,0,0,0,0,0,0,0,0,0,0,0,0,0,0,0
17_13,10.625,-61.07499999999999,20,0,0,0,0,0,0,0,0,0,0,0,0,0,0,0,0,0
17_13,10.625,-61.07499999999999,21,0,0,0,0,0,0,0,0,0,0,0,0,0,0,0,0,0
17_13,10.625,-61.07499999999999,22,0,0,0,0,0,0,0,0,0,0,0,0,0,0,0,0,0
17_13,10.625,-61.07499999999999,23,0,0,0,0,0,0,0,0,0,0,0,0,0,0,0,0,0
17_13,10.625,-61.07499999999999,24,0,0,0,0,0,0,0,0,0,0,0,0,0,0,0,0,0
17_13,10.625,-61.07499999999999,25,0,0,0,0,0,0,0,0,0,0,0,0,0,0,0,0,0
17_13,10.625,-61.07499999999999,26,0,0,0,0,0,0,0,0,0,0,0,0,0,0,0,0,0
17_13,10.625,-61.07499999999999,27,0,0,0,0,0,0,0,0,0,0,0,0,0,0,0,0,0
17_13,10.625,-61.07499999999999,28,0,0,0,0,0,0,0,0,0,0,0,0,0,0,0,0,0
17_13,10.625,-61.07499999999999,29,0,0,0,0,0,0,0,0,0,0,0,0,0,0,0,0,0
17_13,10.625,-61.07499999999999,30,0,0,0,0,0,0,0,0,0,0,0,0,0,0,0,0,0
17_13,10.625,-61.07499999999999,31,0,0,0,0,0,0,0,0,0,0,0,0,0,0,0,0,0
17_13,10.625,-61.07499999999999,32,0,0,0,0,0,0,0,0,0,0,0,0,0,0,0,0,0
17_13,10.625,-61.07499999999999,33,0,0,0,0,0,0,0,0,0,0,0,0,0,0,0,0,0
17_13,10.625,-61.07499999999999,34,0,0,0,0,0,0,0,0,0,0,0,0,0,0,0,0,0
17_13,10.625,-61.07499999999999,35,0,0,0,0,0,0,0,0,0,0,0,0,0,0,0,0,0
17_13,10.625,-61.07499999999999,36,0,0,0,0,0,0,0,0,0,0,0,0,0,0,0,0,0
17_13,10.625,-61.07499999999999,37,0,0,0,0,0,0,0,0,0,0,0,0,0,0,0,0,0
17_13,10.625,-61.07499999999999,38,0,0,0,0,0,0,0,0,0,0,0,0,0,0,0,0,0
17_13,10.625,-61.07499999999999,39,0,0,0,0,0,0,0,0,0,0,0,0,0,0,0,0,0
17_13,10.625,-61.07499999999999,40,0,0,0,0,0,0,0,0,0,0,0,0,0,0,0,0,0
17_13,10.625,-61.07499999999999,41,0,0,0,0,0,0,0,0,0,0,0,0,0,0,0,0,0
17_13,10.625,-61.07499999999999,42,0,0,0,0,0,0,0,0,0,0,0,0,0,0,0,0,0
17_13,10.625,-61.07499999999999,43,0,0,0,0,0,0,0,0,0,0,0,0,0,0,0,0,0
17_13,10.625,-61.07499999999999,44,0,0,0,0,0,0,0,0,0,0,0,0,0,0,0,0,0
17_13,10.625,-61.07499999999999,45,0,0,0,0,0,0,0,0,0,0,0,0,0,0,0,0,0
17_13,10.625,-61.07499999999999,46,0,0,0,0,0,0,0,0,0,0.2570887953398246,0,0,0,0,0,0,0
17_13,10.625,-61.07499999999999,47,0,0,0,0,0,0,0,0,0,0,0.2570887953398246,0,0,0,0,0,0
17_13,10.625,-61.07499999999999,48,0,0,0,0,0,0,0,0,0,0,0,0.2570887953398246,0,0,0,0,0
17_13,10.625,-61.07499999999999,49,0,0,0,0,0,0,0,0,0,0,0,0,0.2570887953398246,0,0,0,0
17_13,10.625,-61.07499999999999,50,0,0,0,0,0,0,0,0,0,0,0,0,0,0.2570887953398246,0,0,0
17_13,10.625,-61.07499999999999,51,0,0,0,0,0,0,0,0,0,0,0,0,0,0,0.2570887953398246,0,0
17_13,10.625,-61.07499999999999,52,0,0,0,0,0,0,0,0,0,0,0,0,0,0,0,0.2570887953398246,0
17_14,10.675,-61.075,0,0,0,,,,,,,,0,,,,,,,
17_14,10.675,-61.075,1,0,0,0,,,,,,,0,0,,,,,,
17_14,10.675,-61.075,2,0,0,0,0,,,,,,0,0,0,,,,,
17_14,10.675,-61.075,3,1,0,0,0,0,,,,,0,0,0,0,,,,
17_14,10.675,-61.075,4,0,0,0,0,0,0,,,,0,0,0,0,0,,,
17_14,10.675,-61.075,5,0,0,0,0,0,0,0,,,0,0,0,0,0,0,,
17_14,10.675,-61.075,6,0,0,0,0,0,0,0,0,,0,0,0,0,0,0,0,
17_14,10.675,-61.075,7,0,0,0,0,0,0,0,0,0,0,0,0,0,0,0,0,0
17_14,10.675,-61.075,8,0,0,0,0,0,0,0,0,0,0,0,0,0,0,0,0,0
17_14,10.675,-61.075,9,0,0,0,0,0,0,0,0,0,0,0,0,0,0,0,0,0
17_14,10.675,-61.075,10,0,0,0,0,0,0,0,0,0,0,0,0,0,0,0,0,0
17_14,10.675,-61.075,11,0,0,0,0,0,0,0,0,0,0,0,0,0,0,0,0,0
17_14,10.675,-61.075,12,0,0,0,0,0,0,0,0,0,0,0,0,0,0,0,0,0
17_14,10.675,-61.075,13,0,0,0,0,0,0,0,0,0,0,0,0,0,0,0,0,0
17_14,10.675,-61.075,14,0,0,0,0,0,0,0,0,0,0,0,0,0,0,0,0,0
17_14,10.675,-61.075,15,0,0,0,0,0,0,0,0,0,0,0,0,0,0,0,0,0
17_14,10.675,-61.075,16,0,0,0,0,0,0,0,0,0,0,0,0,0,0,0,0,0
17_14,10.675,-61.075,17,0,0,0,0,0,0,0,0,0,0,0,0,0,0,0,0,0
17_14,10.675,-61.075,18,0,0,0,0,0,0,0,0,0,0,0,0,0,0,0,0,0
17_14,10.675,-61.075,19,1,0,0,0,0,0,0,0,0,0,0,0,0,0,0,0,0
17_14,10.675,-61.075,20,0,0,0,0,0,0,0,0,0,0,0,0,0,0,0,0,0
17_14,10.675,-61.075,21,0,0,0,0,0,0,0,0,0,0,0,0,0,0,0,0,0
17_14,10.675,-61.075,22,0,0,0,0,0,0,0,0,0,0,0,0,0,0,0,0,0
17_14,10.675,-61.075,23,0,0,0,0,0,0,0,0,0,0,0,0,0,0,0,0,0
17_14,10.675,-61.075,24,0,0,0,0,0,0,0,0,0,0,0,0,0,0,0,0,0
17_14,10.675,-61.075,25,0,0,0,0,0,0,0,0,0,0,0,0,0,0,0,0,0
17_14,10.675,-61.075,26,2,0,0,0,0,0,0,0,0,0,0,0,0,0,0,0,0
17_14,10.675,-61.075,27,0,0,0,0,0,0,0,0,0,0,0,0,0,0,0,0,0
17_14,10.675,-61.075,28,0,0,0,0,0,0,0,0,0,0,0,0,0,0,0,0,0
17_14,10.675,-61.075,29,0,0,0,0,0,0,0,0,0,0,0,0,0,0,0,0,0
17_14,10.675,-61.075,30,0,0,0,0,0,0,0,0,0,0,0,0,0,0,0,0,0
17_14,10.675,-61.075,31,0,0,0,0,0,0,0,0,0,0,0,0,0,0,0,0,0
17_14,10.675,-61.075,32,0,0,0,0,0,0,0,0,0,0,0,0,0,0,0,0,0
17_14,10.675,-61.075,33,0,0,0,0,0,0,0,0,0,0,0,0,0,0,0,0,0
17_14,10.675,-61.075,34,0,0,0,0,0,0,0,0,0,0,0,0,0,0,0,0,0
17_14,10.675,-61.075,35,0,0,0,0,0,0,0,0,0,0,0,0,0,0,0,0,0
17_14,10.675,-61.075,36,0,0,0,0,0,0,0,0,0,0,0,0,0,0,0,0,0
17_14,10.675,-61.075,37,0,0,0,0,0,0,0,0,0,0,0,0,0,0,0,0,0
17_14,10.675,-61.075,38,0,0,0,0,0,0,0,0,0,0,0,0,0,0,0,0,0
17_14,10.675,-61.075,39,1,0,0,0,0,0,0,0,0,0,0,0,0,0,0,0,0
17_14,10.675,-61.075,40,0,0,0,0,0,0,0,0,0,0,0,0,0,0,0,0,0
17_14,10.675,-61.075,41,0,0,0,0,0,0,0,0,0,0,0,0,0,0,0,0,0
17_14,10.675,-61.075,42,0,0,0,0,0,0,0,0,0,0,0,0,0,0,0,0,0
17_14,10.675,-61.075,43,0,0,0,0,0,0,0,0,0,0,0,0,0,0,0,0,0
17_14,10.675,-61.075,44,0,0,0,0,0,0,0,0,0,0,0,0,0,0,0,0,0
17_14,10.675,-61.075,45,0,0,0,0,0,0,0,0,0,0,0,0,0,0,0,0,0
17_14,10.675,-61.075,46,0,0,0,0,0,0,0,0,0,0,0,0,0,0,0,0,0
17_14,10.675,-61.075,47,0,0,0,0,0,0,0,0,0,0,0,0,0,0,0,0,0
17_14,10.675,-61.075,48,0,0,0,0,0,0,0,0,0,0,0,0,0,0,0,0,0
17_14,10.675,-61.075,49,0,0,0,0,0,0,0,0,0,0,0,0,0,0,0,0,0
17_14,10.675,-61.075,50,0,0,0,0,0,0,0,0,0,0,0,0,0,0,0,0,0
17_14,10.675,-61.075,51,0,0,0,0,0,0,0,0,0,0,0,0,0,0,0,0,0
17_14,10.675,-61.075,52,0,0,0,0,0,0,0,0,0,0,0,0,0,0,0,0,0
17_15,10.725,-61.07499999999999,0,0,0,,,,,,,,0,,,,,,,
17_15,10.725,-61.07499999999999,1,0,0,0,,,,,,,0,0,,,,,,
17_15,10.725,-61.07499999999999,2,0,0,0,0,,,,,,0,0,0,,,,,
17_15,10.725,-61.07499999999999,3,0,0,0,0,0,,,,,0,0,0,0,,,,
17_15,10.725,-61.07499999999999,4,0,0,0,0,0,0,,,,0,0,0,0,0,,,
17_15,10.725,-61.07499999999999,5,0,0,0,0,0,0,0,,,0,0,0,0,0,0,,
17_15,10.725,-61.07499999999999,6,0,0,0,0,0,0,0,0,,0,0,0,0,0,0,0,
17_15,10.725,-61.07499999999999,7,0,0,0,0,0,0,0,0,0,0,0,0,0,0,0,0,0
17_15,10.725,-61.07499999999999,8,0,0,0,0,0,0,0,0,0,0,0,0,0,0,0,0,0
17_15,10.725,-61.07499999999999,9,0,0,0,0,0,0,0,0,0,0,0,0,0,0,0,0,0
17_15,10.725,-61.07499999999999,10,0,0,0,0,0,0,0,0,0,0,0,0,0,0,0,0,0
17_15,10.725,-61.07499999999999,11,0,0,0,0,0,0,0,0,0,0,0,0,0,0,0,0,0
17_15,10.725,-61.07499999999999,12,0,0,0,0,0,0,0,0,0,0,0,0,0,0,0,0,0
17_15,10.725,-61.07499999999999,13,0,0,0,0,0,0,0,0,0,0,0,0,0,0,0,0,0
17_15,10.725,-61.07499999999999,14,0,0,0,0,0,0,0,0,0,0,0,0,0,0,0,0,0
17_15,10.725,-61.07499999999999,15,0,0,0,0,0,0,0,0,0,0,0,0,0,0,0,0,0
17_15,10.725,-61.07499999999999,16,0,0,0,0,0,0,0,0,0,0,0,0,0,0,0,0,0
17_15,10.725,-61.07499999999999,17,0,0,0,0,0,0,0,0,0,0,0,0,0,0,0,0,0
17_15,10.725,-61.07499999999999,18,0,0,0,0,0,0,0,0,0,0,0,0,0,0,0,0,0
17_15,10.725,-61.07499999999999,19,0,0,0,0,0,0,0,0,0,0,0,0,0,0,0,0,0
17_15,10.725,-61.07499999999999,20,0,0,0,0,0,0,0,0,0,0,0,0,0,0,0,0,0
17_15,10.725,-61.07499999999999,21,0,0,0,0,0,0,0,0,0,0,0,0,0,0,0,0,0
17_15,10.725,-61.07499999999999,22,0,0,0,0,0,0,0,0,0,0,0,0,0,0,0,0,0
17_15,10.725,-61.07499999999999,23,0,0,0,0,0,0,0,0,0,0,0,0,0,0,0,0,0
17_15,10.725,-61.07499999999999,24,0,0,0,0,0,0,0,0,0,0,0,0,0,0,0,0,0
17_15,10.725,-61.07499999999999,25,0,0,0,0,0,0,0,0,0,0,0,0,0,0,0,0,0
17_15,10.725,-61.07499999999999,26,0,0,0,0,0,0,0,0,0,0,0,0,0,0,0,0,0
17_15,10.725,-61.07499999999999,27,0,0,0,0,0,0,0,0,0,0,0,0,0,0,0,0,0
17_15,10.725,-61.07499999999999,28,0,0,0,0,0,0,0,0,0,0,0,0,0,0,0,0,0
17_15,10.725,-61.07499999999999,29,0,0,0,0,0,0,0,0,0,0,0,0,0,0,0,0,0
17_15,10.725,-61.07499999999999,30,0,0,0,0,0,0,0,0,0,0,0,0,0,0,0,0,0
17_15,10.725,-61.07499999999999,31,0,0,0,0,0,0,0,0,0,0,0,0,0,0,0,0,0
17_15,10.725,-61.07499999999999,32,0,0,0,0,0,0,0,0,0,0,0,0,0,0,0,0,0
17_15,10.725,-61.07499999999999,33,0,0,0,0,0,0,0,0,0,0,0,0,0,0,0,0,0
17_15,10.725,-61.07499999999999,34,0,0,0,0,0,0,0,0,0,0,0,0,0,0,0,0,0
17_15,10.725,-61.07499999999999,35,0,0,0,0,0,0,0,0,0,0,0,0,0,0,0,0,0
17_15,10.725,-61.07499999999999,36,0,0,0,0,0,0,0,0,0,0,0,0,0,0,0,0,0
17_15,10.725,-61.07499999999999,37,0,0,0,0,0,0,0,0,0,0,0,0,0,0,0,0,0
17_15,10.725,-61.07499999999999,38,0,0,0,0,0,0,0,0,0,0,0,0,0,0,0,0,0
17_15,10.725,-61.07499999999999,39,0,0,0,0,0,0,0,0,0,0,0,0,0,0,0,0,0
17_15,10.725,-61.07499999999999,40,0,0,0,0,0,0,0,0,0,0,0,0,0,0,0,0,0
17_15,10.725,-61.07499999999999,41,0,0,0,0,0,0,0,0,0,0,0,0,0,0,0,0,0
17_15,10.725,-61.07499999999999,42,0,0,0,0,0,0,0,0,0,0,0,0,0,0,0,0,0
17_15,10.725,-61.07499999999999,43,0,0,0,0,0,0,0,0,0,0,0,0,0,0,0,0,0
17_15,10.725,-61.07499999999999,44,0,0,0,0,0,0,0,0,0,0,0,0,0,0,0,0,0
17_15,10.725,-61.07499999999999,45,0,0,0,0,0,0,0,0,0,0,0,0,0,0,0,0,0
17_15,10.725,-61.07499999999999,46,0,0,0,0,0,0,0,0,0,0,0,0,0,0,0,0,0
17_15,10.725,-61.07499999999999,47,0,0,0,0,0,0,0,0,0,0,0,0,0,0,0,0,0
17_15,10.725,-61.07499999999999,48,0,0,0,0,0,0,0,0,0,0,0,0,0,0,0,0,0
17_15,10.725,-61.07499999999999,49,0,0,0,0,0,0,0,0,0,0,0,0,0,0,0,0,0
17_15,10.725,-61.07499999999999,50,0,0,0,0,0,0,0,0,0,0,0,0,0,0,0,0,0
17_15,10.725,-61.07499999999999,51,0,0,0,0,0,0,0,0,0,0,0,0,0,0,0,0,0
17_15,10.725,-61.07499999999999,52,0,0,0,0,0,0,0,0,0,0,0,0,0,0,0,0,0
17_16,10.775,-61.07499999999999,0,0,0,,,,,,,,0,,,,,,,
17_16,10.775,-61.07499999999999,1,0,0,0,,,,,,,0,0,,,,,,
17_16,10.775,-61.07499999999999,2,0,0,0,0,,,,,,0,0,0,,,,,
17_16,10.775,-61.07499999999999,3,0,0,0,0,0,,,,,0,0,0,0,,,,
17_16,10.775,-61.07499999999999,4,0,0,0,0,0,0,,,,0,0,0,0,0,,,
17_16,10.775,-61.07499999999999,5,0,0,0,0,0,0,0,,,0,0,0,0,0,0,,
17_16,10.775,-61.07499999999999,6,0,0,0,0,0,0,0,0,,0,0,0,0,0,0,0,
17_16,10.775,-61.07499999999999,7,0,0,0,0,0,0,0,0,0,0,0,0,0,0,0,0,0
17_16,10.775,-61.07499999999999,8,0,0,0,0,0,0,0,0,0,0,0,0,0,0,0,0,0
17_16,10.775,-61.07499999999999,9,0,0,0,0,0,0,0,0,0,0,0,0,0,0,0,0,0
17_16,10.775,-61.07499999999999,10,0,0,0,0,0,0,0,0,0,0,0,0,0,0,0,0,0
17_16,10.775,-61.07499999999999,11,0,0,0,0,0,0,0,0,0,0,0,0,0,0,0,0,0
17_16,10.775,-61.07499999999999,12,0,0,0,0,0,0,0,0,0,0,0,0,0,0,0,0,0
17_16,10.775,-61.07499999999999,13,0,0,0,0,0,0,0,0,0,0,0,0,0,0,0,0,0
17_16,10.775,-61.07499999999999,14,0,0,0,0,0,0,0,0,0,0,0,0,0,0,0,0,0
17_16,10.775,-61.07499999999999,15,0,0,0,0,0,0,0,0,0,0,0,0,0,0,0,0,0
17_16,10.775,-61.07499999999999,16,0,0,0,0,0,0,0,0,0,0,0,0,0,0,0,0,0
17_16,10.775,-61.07499999999999,17,0,0,0,0,0,0,0,0,0,0,0,0,0,0,0,0,0
17_16,10.775,-61.07499999999999,18,0,0,0,0,0,0,0,0,0,0,0,0,0,0,0,0,0
17_16,10.775,-61.07499999999999,19,0,0,0,0,0,0,0,0,0,0,0,0,0,0,0,0,0
17_16,10.775,-61.07499999999999,20,0,0,0,0,0,0,0,0,0,0,0,0,0,0,0,0,0
17_16,10.775,-61.07499999999999,21,0,0,0,0,0,0,0,0,0,0,0,0,0,0,0,0,0
17_16,10.775,-61.07499999999999,22,0,0,0,0,0,0,0,0,0,0,0,0,0,0,0,0,0
17_16,10.775,-61.07499999999999,23,0,0,0,0,0,0,0,0,0,0,0,0,0,0,0,0,0
17_16,10.775,-61.07499999999999,24,0,0,0,0,0,0,0,0,0,0,0,0,0,0,0,0,0
17_16,10.775,-61.07499999999999,25,0,0,0,0,0,0,0,0,0,0,0,0,0,0,0,0,0
17_16,10.775,-61.07499999999999,26,0,0,0,0,0,0,0,0,0,0,0,0,0,0,0,0,0
17_16,10.775,-61.07499999999999,27,0,0,0,0,0,0,0,0,0,0,0,0,0,0,0,0,0
17_16,10.775,-61.07499999999999,28,0,0,0,0,0,0,0,0,0,0,0,0,0,0,0,0,0
17_16,10.775,-61.07499999999999,29,0,0,0,0,0,0,0,0,0,0,0,0,0,0,0,0,0
17_16,10.775,-61.07499999999999,30,0,0,0,0,0,0,0,0,0,0,0,0,0,0,0,0,0
17_16,10.775,-61.07499999999999,31,0,0,0,0,0,0,0,0,0,0,0,0,0,0,0,0,0
17_16,10.775,-61.07499999999999,32,0,0,0,0,0,0,0,0,0,0,0,0,0,0,0,0,0
17_16,10.775,-61.07499999999999,33,0,0,0,0,0,0,0,0,0,0,0,0,0,0,0,0,0
17_16,10.775,-61.07499999999999,34,0,0,0,0,0,0,0,0,0,0,0,0,0,0,0,0,0
17_16,10.775,-61.07499999999999,35,0,0,0,0,0,0,0,0,0,0,0,0,0,0,0,0,0
17_16,10.775,-61.07499999999999,36,0,0,0,0,0,0,0,0,0,0,0,0,0,0,0,0,0
17_16,10.775,-61.07499999999999,37,0,0,0,0,0,0,0,0,0,0,0,0,0,0,0,0,0
17_16,10.775,-61.07499999999999,38,0,0,0,0,0,0,0,0,0,0,0,0,0,0,0,0,0
17_16,10.775,-61.07499999999999,39,0,0,0,0,0,0,0,0,0,0,0,0,0,0,0,0,0
17_16,10.775,-61.07499999999999,40,0,0,0,0,0,0,0,0,0,0,0,0,0,0,0,0,0
17_16,10.775,-61.07499999999999,41,0,0,0,0,0,0,0,0,0,0,0,0,0,0,0,0,0
17_16,10.775,-61.07499999999999,42,0,0,0,0,0,0,0,0,0,0,0,0,0,0,0,0,0
17_16,10.775,-61.07499999999999,43,0,0,0,0,0,0,0,0,0,0,0,0,0,0,0,0,0
17_16,10.775,-61.07499999999999,44,0,0,0,0,0,0,0,0,0,0,0,0,0,0,0,0,0
17_16,10.775,-61.07499999999999,45,0,0,0,0,0,0,0,0,0,0,0,0,0,0,0,0,0
17_16,10.775,-61.07499999999999,46,0,0,0,0,0,0,0,0,0,0,0,0,0,0,0,0,0
17_16,10.775,-61.07499999999999,47,0,0,0,0,0,0,0,0,0,0,0,0,0,0,0,0,0
17_16,10.775,-61.07499999999999,48,0,0,0,0,0,0,0,0,0,0,0,0,0,0,0,0,0
17_16,10.775,-61.07499999999999,49,0,0,0,0,0,0,0,0,0,0,0,0,0,0,0,0,0
17_16,10.775,-61.07499999999999,50,0,0,0,0,0,0,0,0,0,0,0,0,0,0,0,0,0
17_16,10.775,-61.07499999999999,51,0,0,0,0,0,0,0,0,0,0,0,0,0,0,0,0,0
17_16,10.775,-61.07499999999999,52,0,0,0,0,0,0,0,0,0,0,0,0,0,0,0,0,0
17_17,10.825000000000005,-61.075,0,0,0,,,,,,,,0,,,,,,,
17_17,10.825000000000005,-61.075,1,0,0,0,,,,,,,0,0,,,,,,
17_17,10.825000000000005,-61.075,2,0,0,0,0,,,,,,0,0,0,,,,,
17_17,10.825000000000005,-61.075,3,0,0,0,0,0,,,,,0,0,0,0,,,,
17_17,10.825000000000005,-61.075,4,0,0,0,0,0,0,,,,0,0,0,0,0,,,
17_17,10.825000000000005,-61.075,5,0,0,0,0,0,0,0,,,0,0,0,0,0,0,,
17_17,10.825000000000005,-61.075,6,0,0,0,0,0,0,0,0,,0,0,0,0,0,0,0,
17_17,10.825000000000005,-61.075,7,0,0,0,0,0,0,0,0,0,0,0,0,0,0,0,0,0
17_17,10.825000000000005,-61.075,8,0,0,0,0,0,0,0,0,0,0,0,0,0,0,0,0,0
17_17,10.825000000000005,-61.075,9,0,0,0,0,0,0,0,0,0,0,0,0,0,0,0,0,0
17_17,10.825000000000005,-61.075,10,1,0,0,0,0,0,0,0,0,0,0,0,0,0,0,0,0
17_17,10.825000000000005,-61.075,11,0,0,0,0,0,0,0,0,0,0,0,0,0,0,0,0,0
17_17,10.825000000000005,-61.075,12,0,0,0,0,0,0,0,0,0,0,0,0,0,0,0,0,0
17_17,10.825000000000005,-61.075,13,0,0,0,0,0,0,0,0,0,0,0,0,0,0,0,0,0
17_17,10.825000000000005,-61.075,14,0,0,0,0,0,0,0,0,0,0,0,0,0,0,0,0,0
17_17,10.825000000000005,-61.075,15,0,0,0,0,0,0,0,0,0,0,0,0,0,0,0,0,0
17_17,10.825000000000005,-61.075,16,0,0,0,0,0,0,0,0,0,0,0,0,0,0,0,0,0
17_17,10.825000000000005,-61.075,17,0,0,0,0,0,0,0,0,0,0,0,0,0,0,0,0,0
17_17,10.825000000000005,-61.075,18,0,0,0,0,0,0,0,0,0,0,0,0,0,0,0,0,0
17_17,10.825000000000005,-61.075,19,0,0,0,0,0,0,0,0,0,0,0,0,0,0,0,0,0
17_17,10.825000000000005,-61.075,20,0,0,0,0,0,0,0,0,0,0,0,0,0,0,0,0,0
17_17,10.825000000000005,-61.075,21,0,0,0,0,0,0,0,0,0,0,0,0,0,0,0,0,0
17_17,10.825000000000005,-61.075,22,0,0,0,0,0,0,0,0,0,0,0,0,0,0,0,0,0
17_17,10.825000000000005,-61.075,23,0,0,0,0,0,0,0,0,0,0,0,0,0,0,0,0,0
17_17,10.825000000000005,-61.075,24,0,0,0,0,0,0,0,0,0,0,0,0,0,0,0,0,0
17_17,10.825000000000005,-61.075,25,0,0,0,0,0,0,0,0,0,0,0,0,0,0,0,0,0
17_17,10.825000000000005,-61.075,26,0,0,0,0,0,0,0,0,0,0,0,0,0,0,0,0,0
17_17,10.825000000000005,-61.075,27,0,0,0,0,0,0,0,0,0,0,0,0,0,0,0,0,0
17_17,10.825000000000005,-61.075,28,0,0,0,0,0,0,0,0,0,0,0,0,0,0,0,0,0
17_17,10.825000000000005,-61.075,29,0,0,0,0,0,0,0,0,0,0,0,0,0,0,0,0,0
17_17,10.825000000000005,-61.075,30,0,0,0,0,0,0,0,0,0,0,0,0,0,0,0,0,0
17_17,10.825000000000005,-61.075,31,0,0,0,0,0,0,0,0,0,0,0,0,0,0,0,0,0
17_17,10.825000000000005,-61.075,32,0,0,0,0,0,0,0,0,0,0,0,0,0,0,0,0,0
17_17,10.825000000000005,-61.075,33,0,0,0,0,0,0,0,0,0,0,0,0,0,0,0,0,0
17_17,10.825000000000005,-61.075,34,0,0,0,0,0,0,0,0,0,0,0,0,0,0,0,0,0
17_17,10.825000000000005,-61.075,35,0,0,0,0,0,0,0,0,0,0,0,0,0,0,0,0,0
17_17,10.825000000000005,-61.075,36,0,0,0,0,0,0,0,0,0,0,0,0,0,0,0,0,0
17_17,10.825000000000005,-61.075,37,0,0,0,0,0,0,0,0,0,0,0,0,0,0,0,0,0
17_17,10.825000000000005,-61.075,38,0,0,0,0,0,0,0,0,0,0,0,0,0,0,0,0,0
17_17,10.825000000000005,-61.075,39,0,0,0,0,0,0,0,0,0,0,0,0,0,0,0,0,0
17_17,10.825000000000005,-61.075,40,0,0,0,0,0,0,0,0,0,0,0,0,0,0,0,0,0
17_17,10.825000000000005,-61.075,41,0,0,0,0,0,0,0,0,0,0,0,0,0,0,0,0,0
17_17,10.825000000000005,-61.075,42,0,0,0,0,0,0,0,0,0,0,0,0,0,0,0,0,0
17_17,10.825000000000005,-61.075,43,0,0,0,0,0,0,0,0,0,0,0,0,0,0,0,0,0
17_17,10.825000000000005,-61.075,44,0,0,0,0,0,0,0,0,0,0,0,0,0,0,0,0,0
17_17,10.825000000000005,-61.075,45,0,0,0,0,0,0,0,0,0,0,0,0,0,0,0,0,0
17_17,10.825000000000005,-61.075,46,0,0,0,0,0,0,0,0,0,0,0,0,0,0,0,0,0
17_17,10.825000000000005,-61.075,47,0,0,0,0,0,0,0,0,0,0,0,0,0,0,0,0,0
17_17,10.825000000000005,-61.075,48,0,0,0,0,0,0,0,0,0,0,0,0,0,0,0,0,0
17_17,10.825000000000005,-61.075,49,1,0,0,0,0,0,0,0,0,0,0,0,0,0,0,0,0
17_17,10.825000000000005,-61.075,50,0,0,0,0,0,0,0,0,0,0,0,0,0,0,0,0,0
17_17,10.825000000000005,-61.075,51,0,0,0,0,0,0,0,0,0,0,0,0,0,0,0,0,0
17_17,10.825000000000005,-61.075,52,0,0,0,0,0,0,0,0,0,0,0,0,0,0,0,0,0
18_3,10.125,-61.025,0,0,0,,,,,,,,0,,,,,,,
18_3,10.125,-61.025,1,0,0,0,,,,,,,0,0,,,,,,
18_3,10.125,-61.025,2,0,0,0,0,,,,,,0,0,0,,,,,
18_3,10.125,-61.025,3,0,0,0,0,0,,,,,0,0,0,0,,,,
18_3,10.125,-61.025,4,0,0,0,0,0,0,,,,0,0,0,0,0,,,
18_3,10.125,-61.025,5,0,0,0,0,0,0,0,,,0,0,0,0,0,0,,
18_3,10.125,-61.025,6,0,0,0,0,0,0,0,0,,0,0,0,0,0,0,0,
18_3,10.125,-61.025,7,0,0,0,0,0,0,0,0,0,0,0,0,0,0,0,0,0
18_3,10.125,-61.025,8,0,0,0,0,0,0,0,0,0,0,0,0,0,0,0,0,0
18_3,10.125,-61.025,9,0,0,0,0,0,0,0,0,0,0,0,0,0,0,0,0,0
18_3,10.125,-61.025,10,0,0,0,0,0,0,0,0,0,0,0,0,0,0,0,0,0
18_3,10.125,-61.025,11,0,0,0,0,0,0,0,0,0,0,0,0,0,0,0,0,0
18_3,10.125,-61.025,12,0,0,0,0,0,0,0,0,0,0,0,0,0,0,0,0,0
18_3,10.125,-61.025,13,0,0,0,0,0,0,0,0,0,0,0,0,0,0,0,0,0
18_3,10.125,-61.025,14,0,0,0,0,0,0,0,0,0,0,0,0,0,0,0,0,0
18_3,10.125,-61.025,15,0,0,0,0,0,0,0,0,0,0,0,0,0,0,0,0,0
18_3,10.125,-61.025,16,0,0,0,0,0,0,0,0,0,0,0,0,0,0,0,0,0
18_3,10.125,-61.025,17,0,0,0,0,0,0,0,0,0,0,0,0,0,0,0,0,0
18_3,10.125,-61.025,18,0,0,0,0,0,0,0,0,0,0,0,0,0,0,0,0,0
18_3,10.125,-61.025,19,0,0,0,0,0,0,0,0,0,0,0,0,0,0,0,0,0
18_3,10.125,-61.025,20,0,0,0,0,0,0,0,0,0,0,0,0,0,0,0,0,0
18_3,10.125,-61.025,21,0,0,0,0,0,0,0,0,0,0,0,0,0,0,0,0,0
18_3,10.125,-61.025,22,0,0,0,0,0,0,0,0,0,0,0,0,0,0,0,0,0
18_3,10.125,-61.025,23,0,0,0,0,0,0,0,0,0,0,0,0,0,0,0,0,0
18_3,10.125,-61.025,24,0,0,0,0,0,0,0,0,0,0,0,0,0,0,0,0,0
18_3,10.125,-61.025,25,0,0,0,0,0,0,0,0,0,0,0,0,0,0,0,0,0
18_3,10.125,-61.025,26,0,0,0,0,0,0,0,0,0,0,0,0,0,0,0,0,0
18_3,10.125,-61.025,27,0,0,0,0,0,0,0,0,0,0,0,0,0,0,0,0,0
18_3,10.125,-61.025,28,0,0,0,0,0,0,0,0,0,0,0,0,0,0,0,0,0
18_3,10.125,-61.025,29,0,0,0,0,0,0,0,0,0,0,0,0,0,0,0,0,0
18_3,10.125,-61.025,30,0,0,0,0,0,0,0,0,0,0,0,0,0,0,0,0,0
18_3,10.125,-61.025,31,0,0,0,0,0,0,0,0,0,0,0,0,0,0,0,0,0
18_3,10.125,-61.025,32,0,0,0,0,0,0,0,0,0,0,0,0,0,0,0,0,0
18_3,10.125,-61.025,33,0,0,0,0,0,0,0,0,0,0,0,0,0,0,0,0,0
18_3,10.125,-61.025,34,0,0,0,0,0,0,0,0,0,0,0,0,0,0,0,0,0
18_3,10.125,-61.025,35,0,0,0,0,0,0,0,0,0,0,0,0,0,0,0,0,0
18_3,10.125,-61.025,36,0,0,0,0,0,0,0,0,0,0,0,0,0,0,0,0,0
18_3,10.125,-61.025,37,0,0,0,0,0,0,0,0,0,0,0,0,0,0,0,0,0
18_3,10.125,-61.025,38,0,0,0,0,0,0,0,0,0,0,0,0,0,0,0,0,0
18_3,10.125,-61.025,39,0,0,0,0,0,0,0,0,0,0,0,0,0,0,0,0,0
18_3,10.125,-61.025,40,0,0,0,0,0,0,0,0,0,0,0,0,0,0,0,0,0
18_3,10.125,-61.025,41,0,0,0,0,0,0,0,0,0,0,0,0,0,0,0,0,0
18_3,10.125,-61.025,42,0,0,0,0,0,0,0,0,0,0,0,0,0,0,0,0,0
18_3,10.125,-61.025,43,0,0,0,0,0,0,0,0,0,0,0,0,0,0,0,0,0
18_3,10.125,-61.025,44,0,0,0,0,0,0,0,0,0,0,0,0,0,0,0,0,0
18_3,10.125,-61.025,45,0,0,0,0,0,0,0,0,0,0,0,0,0,0,0,0,0
18_3,10.125,-61.025,46,0,0,0,0,0,0,0,0,0,0,0,0,0,0,0,0,0
18_3,10.125,-61.025,47,0,0,0,0,0,0,0,0,0,0,0,0,0,0,0,0,0
18_3,10.125,-61.025,48,0,0,0,0,0,0,0,0,0,0,0,0,0,0,0,0,0
18_3,10.125,-61.025,49,0,0,0,0,0,0,0,0,0,0,0,0,0,0,0,0,0
18_3,10.125,-61.025,50,0,0,0,0,0,0,0,0,0,0,0,0,0,0,0,0,0
18_3,10.125,-61.025,51,0,0,0,0,0,0,0,0,0,0,0,0,0,0,0,0,0
18_3,10.125,-61.025,52,0,0,0,0,0,0,0,0,0,0,0,0,0,0,0,0,0
18_4,10.175,-61.025000000000006,0,0,0,,,,,,,,0,,,,,,,
18_4,10.175,-61.025000000000006,1,0,0,0,,,,,,,0,0,,,,,,
18_4,10.175,-61.025000000000006,2,0,0,0,0,,,,,,0,0,0,,,,,
18_4,10.175,-61.025000000000006,3,0,0,0,0,0,,,,,0,0,0,0,,,,
18_4,10.175,-61.025000000000006,4,0,0,0,0,0,0,,,,0,0,0,0,0,,,
18_4,10.175,-61.025000000000006,5,0,0,0,0,0,0,0,,,0,0,0,0,0,0,,
18_4,10.175,-61.025000000000006,6,0,0,0,0,0,0,0,0,,0,0,0,0,0,0,0,
18_4,10.175,-61.025000000000006,7,0,0,0,0,0,0,0,0,0,0,0,0,0,0,0,0,0
18_4,10.175,-61.025000000000006,8,0,0,0,0,0,0,0,0,0,0,0,0,0,0,0,0,0
18_4,10.175,-61.025000000000006,9,0,0,0,0,0,0,0,0,0,0,0,0,0,0,0,0,0
18_4,10.175,-61.025000000000006,10,0,0,0,0,0,0,0,0,0,0,0,0,0,0,0,0,0
18_4,10.175,-61.025000000000006,11,0,0,0,0,0,0,0,0,0,0,0,0,0,0,0,0,0
18_4,10.175,-61.025000000000006,12,0,0,0,0,0,0,0,0,0,0,0,0,0,0,0,0,0
18_4,10.175,-61.025000000000006,13,0,0,0,0,0,0,0,0,0,0,0,0,0,0,0,0,0
18_4,10.175,-61.025000000000006,14,0,0,0,0,0,0,0,0,0,0,0,0,0,0,0,0,0
18_4,10.175,-61.025000000000006,15,0,0,0,0,0,0,0,0,0,0,0,0,0,0,0,0,0
18_4,10.175,-61.025000000000006,16,0,0,0,0,0,0,0,0,0,0,0,0,0,0,0,0,0
18_4,10.175,-61.025000000000006,17,0,0,0,0,0,0,0,0,0,0,0,0,0,0,0,0,0
18_4,10.175,-61.025000000000006,18,0,0,0,0,0,0,0,0,0,0,0,0,0,0,0,0,0
18_4,10.175,-61.025000000000006,19,0,0,0,0,0,0,0,0,0,0,0,0,0,0,0,0,0
18_4,10.175,-61.025000000000006,20,0,0,0,0,0,0,0,0,0,0,0,0,0,0,0,0,0
18_4,10.175,-61.025000000000006,21,0,0,0,0,0,0,0,0,0,0,0,0,0,0,0,0,0
18_4,10.175,-61.025000000000006,22,0,0,0,0,0,0,0,0,0,0,0,0,0,0,0,0,0
18_4,10.175,-61.025000000000006,23,0,0,0,0,0,0,0,0,0,0,0,0,0,0,0,0,0
18_4,10.175,-61.025000000000006,24,0,0,0,0,0,0,0,0,0,0,0,0,0,0,0,0,0
18_4,10.175,-61.025000000000006,25,0,0,0,0,0,0,0,0,0,0,0,0,0,0,0,0,0
18_4,10.175,-61.025000000000006,26,0,0,0,0,0,0,0,0,0,0,0,0,0,0,0,0,0
18_4,10.175,-61.025000000000006,27,0,0,0,0,0,0,0,0,0,0,0,0,0,0,0,0,0
18_4,10.175,-61.025000000000006,28,0,0,0,0,0,0,0,0,0,0,0,0,0,0,0,0,0
18_4,10.175,-61.025000000000006,29,0,0,0,0,0,0,0,0,0,0,0,0,0,0,0,0,0
18_4,10.175,-61.025000000000006,30,0,0,0,0,0,0,0,0,0,0,0,0,0,0,0,0,0
18_4,10.175,-61.025000000000006,31,0,0,0,0,0,0,0,0,0,0,0,0,0,0,0,0,0
18_4,10.175,-61.025000000000006,32,0,0,0,0,0,0,0,0,0,0,0,0,0,0,0,0,0
18_4,10.175,-61.025000000000006,33,0,0,0,0,0,0,0,0,0,0,0,0,0,0,0,0,0
18_4,10.175,-61.025000000000006,34,0,0,0,0,0,0,0,0,0,0,0,0,0,0,0,0,0
18_4,10.175,-61.025000000000006,35,0,0,0,0,0,0,0,0,0,0,0,0,0,0,0,0,0
18_4,10.175,-61.025000000000006,36,0,0,0,0,0,0,0,0,0,0,0,0,0,0,0,0,0
18_4,10.175,-61.025000000000006,37,0,0,0,0,0,0,0,0,0,0,0,0,0,0,0,0,0
18_4,10.175,-61.025000000000006,38,0,0,0,0,0,0,0,0,0,0,0,0,0,0,0,0,0
18_4,10.175,-61.025000000000006,39,0,0,0,0,0,0,0,0,0,0,0,0,0,0,0,0,0
18_4,10.175,-61.025000000000006,40,0,0,0,0,0,0,0,0,0,0,0,0,0,0,0,0,0
18_4,10.175,-61.025000000000006,41,0,0,0,0,0,0,0,0,0,0,0,0,0,0,0,0,0
18_4,10.175,-61.025000000000006,42,0,0,0,0,0,0,0,0,0,0,0,0,0,0,0,0,0
18_4,10.175,-61.025000000000006,43,0,0,0,0,0,0,0,0,0,0,0,0,0,0,0,0,0
18_4,10.175,-61.025000000000006,44,0,0,0,0,0,0,0,0,0,0,0,0,0,0,0,0,0
18_4,10.175,-61.025000000000006,45,0,0,0,0,0,0,0,0,0,0,0,0,0,0,0,0,0
18_4,10.175,-61.025000000000006,46,0,0,0,0,0,0,0,0,0,0,0,0,0,0,0,0,0
18_4,10.175,-61.025000000000006,47,0,0,0,0,0,0,0,0,0,0,0,0,0,0,0,0,0
18_4,10.175,-61.025000000000006,48,0,0,0,0,0,0,0,0,0,0,0,0,0,0,0,0,0
18_4,10.175,-61.025000000000006,49,0,0,0,0,0,0,0,0,0,0,0,0,0,0,0,0,0
18_4,10.175,-61.025000000000006,50,0,0,0,0,0,0,0,0,0,0,0,0,0,0,0,0,0
18_4,10.175,-61.025000000000006,51,0,0,0,0,0,0,0,0,0,0,0,0,0,0,0,0,0
18_4,10.175,-61.025000000000006,52,0,0,0,0,0,0,0,0,0,0,0,0,0,0,0,0,0
18_5,10.224999999999998,-61.025,0,0,0,,,,,,,,0,,,,,,,
18_5,10.224999999999998,-61.025,1,0,0,0,,,,,,,0,0,,,,,,
18_5,10.224999999999998,-61.025,2,0,0,0,0,,,,,,0,0,0,,,,,
18_5,10.224999999999998,-61.025,3,0,0,0,0,0,,,,,0,0,0,0,,,,
18_5,10.224999999999998,-61.025,4,0,0,0,0,0,0,,,,0,0,0,0,0,,,
18_5,10.224999999999998,-61.025,5,0,0,0,0,0,0,0,,,0,0,0,0,0,0,,
18_5,10.224999999999998,-61.025,6,0,0,0,0,0,0,0,0,,0,0,0,0,0,0,0,
18_5,10.224999999999998,-61.025,7,0,0,0,0,0,0,0,0,0,0,0,0,0,0,0,0,0
18_5,10.224999999999998,-61.025,8,0,0,0,0,0,0,0,0,0,0,0,0,0,0,0,0,0
18_5,10.224999999999998,-61.025,9,0,0,0,0,0,0,0,0,0,0,0,0,0,0,0,0,0
18_5,10.224999999999998,-61.025,10,0,0,0,0,0,0,0,0,0,0,0,0,0,0,0,0,0
18_5,10.224999999999998,-61.025,11,0,0,0,0,0,0,0,0,0,0,0,0,0,0,0,0,0
18_5,10.224999999999998,-61.025,12,0,0,0,0,0,0,0,0,0,0,0,0,0,0,0,0,0
18_5,10.224999999999998,-61.025,13,0,0,0,0,0,0,0,0,0,0,0,0,0,0,0,0,0
18_5,10.224999999999998,-61.025,14,0,0,0,0,0,0,0,0,0,0,0,0,0,0,0,0,0
18_5,10.224999999999998,-61.025,15,1,0,0,0,0,0,0,0,0,0,0,0,0,0,0,0,0
18_5,10.224999999999998,-61.025,16,0,0,0,0,0,0,0,0,0,0,0,0,0,0,0,0,0
18_5,10.224999999999998,-61.025,17,0,0,0,0,0,0,0,0,0,0,0,0,0,0,0,0,0
18_5,10.224999999999998,-61.025,18,0,0,0,0,0,0,0,0,0,0,0,0,0,0,0,0,0
18_5,10.224999999999998,-61.025,19,0,0,0,0,0,0,0,0,0,0,0,0,0,0,0,0,0
18_5,10.224999999999998,-61.025,20,0,0,0,0,0,0,0,0,0,0,0,0,0,0,0,0,0
18_5,10.224999999999998,-61.025,21,0,0,0,0,0,0,0,0,0,0,0,0,0,0,0,0,0
18_5,10.224999999999998,-61.025,22,0,0,0,0,0,0,0,0,0,0,0,0,0,0,0,0,0
18_5,10.224999999999998,-61.025,23,0,0,0,0,0,0,0,0,0,0,0,0,0,0,0,0,0
18_5,10.224999999999998,-61.025,24,0,0,0,0,0,0,0,0,0,0,0,0,0,0,0,0,0
18_5,10.224999999999998,-61.025,25,0,0,0,0,0,0,0,0,0,0,0,0,0,0,0,0,0
18_5,10.224999999999998,-61.025,26,0,0,0,0,0,0,0,0,0,0,0,0,0,0,0,0,0
18_5,10.224999999999998,-61.025,27,0,0,0,0,0,0,0,0,0,0,0,0,0,0,0,0,0
18_5,10.224999999999998,-61.025,28,0,0,0,0,0,0,0,0,0,0,0,0,0,0,0,0,0
18_5,10.224999999999998,-61.025,29,0,0,0,0,0,0,0,0,0,0,0,0,0,0,0,0,0
18_5,10.224999999999998,-61.025,30,0,0,0,0,0,0,0,0,0,0,0,0,0,0,0,0,0
18_5,10.224999999999998,-61.025,31,0,0,0,0,0,0,0,0,0,0,0,0,0,0,0,0,0
18_5,10.224999999999998,-61.025,32,0,0,0,0,0,0,0,0,0,0,0,0,0,0,0,0,0
18_5,10.224999999999998,-61.025,33,0,0,0,0,0,0,0,0,0,0,0,0,0,0,0,0,0
18_5,10.224999999999998,-61.025,34,0,0,0,0,0,0,0,0,0,0,0,0,0,0,0,0,0
18_5,10.224999999999998,-61.025,35,0,0,0,0,0,0,0,0,0,0,0,0,0,0,0,0,0
18_5,10.224999999999998,-61.025,36,0,0,0,0,0,0,0,0,0,0,0,0,0,0,0,0,0
18_5,10.224999999999998,-61.025,37,0,0,0,0,0,0,0,0,0,0,0,0,0,0,0,0,0
18_5,10.224999999999998,-61.025,38,0,0,0,0,0,0,0,0,0,0,0,0,0,0,0,0,0
18_5,10.224999999999998,-61.025,39,0,0,0,0,0,0,0,0,0,0,0,0,0,0,0,0,0
18_5,10.224999999999998,-61.025,40,0,0,0,0,0,0,0,0,0,0,0,0,0,0,0,0,0
18_5,10.224999999999998,-61.025,41,0,0,0,0,0,0,0,0,0,0,0,0,0,0,0,0,0
18_5,10.224999999999998,-61.025,42,0,0,0,0,0,0,0,0,0,0,0,0,0,0,0,0,0
18_5,10.224999999999998,-61.025,43,0,0,0,0,0,0,0,0,0,0,0,0,0,0,0,0,0
18_5,10.224999999999998,-61.025,44,0,0,0,0,0,0,0,0,0,0,0,0,0,0,0,0,0
18_5,10.224999999999998,-61.025,45,0,0,0,0,0,0,0,0,0,0,0,0,0,0,0,0,0
18_5,10.224999999999998,-61.025,46,0,0,0,0,0,0,0,0,0,0,0,0,0,0,0,0,0
18_5,10.224999999999998,-61.025,47,0,0,0,0,0,0,0,0,0,0,0,0,0,0,0,0,0
18_5,10.224999999999998,-61.025,48,0,0,0,0,0,0,0,0,0,0,0,0,0,0,0,0,0
18_5,10.224999999999998,-61.025,49,0,0,0,0,0,0,0,0,0,0,0,0,0,0,0,0,0
18_5,10.224999999999998,-61.025,50,0,0,0,0,0,0,0,0,0,0,0,0,0,0,0,0,0
18_5,10.224999999999998,-61.025,51,0,0,0,0,0,0,0,0,0,0,0,0,0,0,0,0,0
18_5,10.224999999999998,-61.025,52,0,0,0,0,0,0,0,0,0,0,0,0,0,0,0,0,0
18_6,10.275,-61.025,0,0,0,,,,,,,,0,,,,,,,
18_6,10.275,-61.025,1,0,0,0,,,,,,,0,0,,,,,,
18_6,10.275,-61.025,2,0,0,0,0,,,,,,0,0,0,,,,,
18_6,10.275,-61.025,3,0,0,0,0,0,,,,,0,0,0,0,,,,
18_6,10.275,-61.025,4,0,0,0,0,0,0,,,,0,0,0,0,0,,,
18_6,10.275,-61.025,5,0,0,0,0,0,0,0,,,0,0,0,0,0,0,,
18_6,10.275,-61.025,6,0,0,0,0,0,0,0,0,,0,0,0,0,0,0,0,
18_6,10.275,-61.025,7,0,0,0,0,0,0,0,0,0,0,0,0,0,0,0,0,0
18_6,10.275,-61.025,8,0,0,0,0,0,0,0,0,0,0,0,0,0,0,0,0,0
18_6,10.275,-61.025,9,0,0,0,0,0,0,0,0,0,0,0,0,0,0,0,0,0
18_6,10.275,-61.025,10,0,0,0,0,0,0,0,0,0,0,0,0,0,0,0,0,0
18_6,10.275,-61.025,11,0,0,0,0,0,0,0,0,0,0,0,0,0,0,0,0,0
18_6,10.275,-61.025,12,0,0,0,0,0,0,0,0,0,0,0,0,0,0,0,0,0
18_6,10.275,-61.025,13,0,0,0,0,0,0,0,0,0,0,0,0,0,0,0,0,0
18_6,10.275,-61.025,14,0,0,0,0,0,0,0,0,0,0,0,0,0,0,0,0,0
18_6,10.275,-61.025,15,1,0,0,0,0,0,0,0,0,0,0,0,0,0,0,0,0
18_6,10.275,-61.025,16,0,0,0,0,0,0,0,0,0,0,0,0,0,0,0,0,0
18_6,10.275,-61.025,17,0,0,0,0,0,0,0,0,0,0,0,0,0,0,0,0,0
18_6,10.275,-61.025,18,0,0,0,0,0,0,0,0,0,0,0,0,0,0,0,0,0
18_6,10.275,-61.025,19,0,0,0,0,0,0,0,0,0,0,0,0,0,0,0,0,0
18_6,10.275,-61.025,20,0,0,0,0,0,0,0,0,0,0,0,0,0,0,0,0,0
18_6,10.275,-61.025,21,2,0,0,0,0,0,0,0,0,0,0,0,0,0,0,0,0
18_6,10.275,-61.025,22,0,0,0,0,0,0,0,0,0,0,0,0,0,0,0,0,0
18_6,10.275,-61.025,23,1,0,0,0,0,0,0,0,0,0,0,0,0,0,0,0,0
18_6,10.275,-61.025,24,1,0,0,0,0,0,0,0,0,0,0,0,0,0,0,0,0
18_6,10.275,-61.025,25,0,0,0,0,0,0,0,0,0,0,0,0,0,0,0,0,0
18_6,10.275,-61.025,26,0,0,0,0,0,0,0,0,0,0,0,0,0,0,0,0,0
18_6,10.275,-61.025,27,0,0,0,0,0,0,0,0,0,0,0,0,0,0,0,0,0
18_6,10.275,-61.025,28,0,0,0,0,0,0,0,0,0,0,0,0,0,0,0,0,0
18_6,10.275,-61.025,29,0,0,0,0,0,0,0,0,0,0,0,0,0,0,0,0,0
18_6,10.275,-61.025,30,0,0,0,0,0,0,0,0,0,0,0,0,0,0,0,0,0
18_6,10.275,-61.025,31,0,0,0,0,0,0,0,0,0,0,0,0,0,0,0,0,0
18_6,10.275,-61.025,32,0,0,0,0,0,0,0,0,0,0,0,0,0,0,0,0,0
18_6,10.275,-61.025,33,0,0,0,0,0,0,0,0,0,0,0,0,0,0,0,0,0
18_6,10.275,-61.025,34,0,0,0,0,0,0,0,0,0,0,0,0,0,0,0,0,0
18_6,10.275,-61.025,35,0,0,0,0,0,0,0,0,0,0,0,0,0,0,0,0,0
18_6,10.275,-61.025,36,0,0,0,0,0,0,0,0,0,0,0,0,0,0,0,0,0
18_6,10.275,-61.025,37,0,0,0,0,0,0,0,0,0,0,0,0,0,0,0,0,0
18_6,10.275,-61.025,38,0,0,0,0,0,0,0,0,0,0,0,0,0,0,0,0,0
18_6,10.275,-61.025,39,0,0,0,0,0,0,0,0,0,0,0,0,0,0,0,0,0
18_6,10.275,-61.025,40,0,0,0,0,0,0,0,0,0,0,0,0,0,0,0,0,0
18_6,10.275,-61.025,41,0,0,0,0,0,0,0,0,0,0,0,0,0,0,0,0,0
18_6,10.275,-61.025,42,0,0,0,0,0,0,0,0,0,0,0,0,0,0,0,0,0
18_6,10.275,-61.025,43,0,0,0,0,0,0,0,0,0,0,0,0,0,0,0,0,0
18_6,10.275,-61.025,44,0,0,0,0,0,0,0,0,0,0,0,0,0,0,0,0,0
18_6,10.275,-61.025,45,0,0,0,0,0,0,0,0,0,0,0,0,0,0,0,0,0
18_6,10.275,-61.025,46,0,0,0,0,0,0,0,0,0,0,0,0,0,0,0,0,0
18_6,10.275,-61.025,47,0,0,0,0,0,0,0,0,0,0,0,0,0,0,0,0,0
18_6,10.275,-61.025,48,0,0,0,0,0,0,0,0,0,0,0,0,0,0,0,0,0
18_6,10.275,-61.025,49,0,0,0,0,0,0,0,0,0,0,0,0,0,0,0,0,0
18_6,10.275,-61.025,50,0,0,0,0,0,0,0,0,0,0,0,0,0,0,0,0,0
18_6,10.275,-61.025,51,0,0,0,0,0,0,0,0,0,0,0,0,0,0,0,0,0
18_6,10.275,-61.025,52,0,0,0,0,0,0,0,0,0,0,0,0,0,0,0,0,0
18_7,10.325,-61.025000000000006,0,0,0,,,,,,,,0,,,,,,,
18_7,10.325,-61.025000000000006,1,0,0,0,,,,,,,0,0,,,,,,
18_7,10.325,-61.025000000000006,2,0,0,0,0,,,,,,0,0,0,,,,,
18_7,10.325,-61.025000000000006,3,0,0,0,0,0,,,,,0,0,0,0,,,,
18_7,10.325,-61.025000000000006,4,0,0,0,0,0,0,,,,0,0,0,0,0,,,
18_7,10.325,-61.025000000000006,5,0,0,0,0,0,0,0,,,0,0,0,0,0,0,,
18_7,10.325,-61.025000000000006,6,0,0,0,0,0,0,0,0,,0,0,0,0,0,0,0,
18_7,10.325,-61.025000000000006,7,0,0,0,0,0,0,0,0,0,0,0,0,0,0,0,0,0
18_7,10.325,-61.025000000000006,8,0,0,0,0,0,0,0,0,0,0,0,0,0,0,0,0,0
18_7,10.325,-61.025000000000006,9,0,0,0,0,0,0,0,0,0,0,0,0,0,0,0,0,0
18_7,10.325,-61.025000000000006,10,0,0,0,0,0,0,0,0,0,0,0,0,0,0,0,0,0
18_7,10.325,-61.025000000000006,11,0,0,0,0,0,0,0,0,0,0,0,0,0,0,0,0,0
18_7,10.325,-61.025000000000006,12,0,0,0,0,0,0,0,0,0,0,0,0,0,0,0,0,0
18_7,10.325,-61.025000000000006,13,0,0,0,0,0,0,0,0,0,0,0,0,0,0,0,0,0
18_7,10.325,-61.025000000000006,14,0,0,0,0,0,0,0,0,0,0,0,0,0,0,0,0,0
18_7,10.325,-61.025000000000006,15,0,0,0,0,0,0,0,0,0,0,0,0,0,0,0,0,0
18_7,10.325,-61.025000000000006,16,0,0,0,0,0,0,0,0,0,0,0,0,0,0,0,0,0
18_7,10.325,-61.025000000000006,17,0,0,0,0,0,0,0,0,0,0,0,0,0,0,0,0,0
18_7,10.325,-61.025000000000006,18,0,0,0,0,0,0,0,0,0,0,0,0,0,0,0,0,0
18_7,10.325,-61.025000000000006,19,0,0,0,0,0,0,0,0,0,0,0,0,0,0,0,0,0
18_7,10.325,-61.025000000000006,20,0,0,0,0,0,0,0,0,0,0,0,0,0,0,0,0,0
18_7,10.325,-61.025000000000006,21,0,0,0,0,0,0,0,0,0,0,0,0,0,0,0,0,0
18_7,10.325,-61.025000000000006,22,0,0,0,0,0,0,0,0,0,0,0,0,0,0,0,0,0
18_7,10.325,-61.025000000000006,23,0,0,0,0,0,0,0,0,0,0,0,0,0,0,0,0,0
18_7,10.325,-61.025000000000006,24,0,0,0,0,0,0,0,0,0,0,0,0,0,0,0,0,0
18_7,10.325,-61.025000000000006,25,0,0,0,0,0,0,0,0,0,0,0,0,0,0,0,0,0
18_7,10.325,-61.025000000000006,26,0,0,0,0,0,0,0,0,0,0,0,0,0,0,0,0,0
18_7,10.325,-61.025000000000006,27,0,0,0,0,0,0,0,0,0,0,0,0,0,0,0,0,0
18_7,10.325,-61.025000000000006,28,0,0,0,0,0,0,0,0,0,0,0,0,0,0,0,0,0
18_7,10.325,-61.025000000000006,29,0,0,0,0,0,0,0,0,0,0,0,0,0,0,0,0,0
18_7,10.325,-61.025000000000006,30,0,0,0,0,0,0,0,0,0,0,0,0,0,0,0,0,0
18_7,10.325,-61.025000000000006,31,0,0,0,0,0,0,0,0,0,0,0,0,0,0,0,0,0
18_7,10.325,-61.025000000000006,32,0,0,0,0,0,0,0,0,0,0,0,0,0,0,0,0,0
18_7,10.325,-61.025000000000006,33,0,0,0,0,0,0,0,0,0,0,0,0,0,0,0,0,0
18_7,10.325,-61.025000000000006,34,0,0,0,0,0,0,0,0,0,0,0,0,0,0,0,0,0
18_7,10.325,-61.025000000000006,35,0,0,0,0,0,0,0,0,0,0,0,0,0,0,0,0,0
18_7,10.325,-61.025000000000006,36,0,0,0,0,0,0,0,0,0,0,0,0,0,0,0,0,0
18_7,10.325,-61.025000000000006,37,0,0,0,0,0,0,0,0,0,0,0,0,0,0,0,0,0
18_7,10.325,-61.025000000000006,38,0,0,0,0,0,0,0,0,0,0,0,0,0,0,0,0,0
18_7,10.325,-61.025000000000006,39,0,0,0,0,0,0,0,0,0,0,0,0,0,0,0,0,0
18_7,10.325,-61.025000000000006,40,0,0,0,0,0,0,0,0,0,0,0,0,0,0,0,0,0
18_7,10.325,-61.025000000000006,41,0,0,0,0,0,0,0,0,0,0,0,0,0,0,0,0,0
18_7,10.325,-61.025000000000006,42,0,0,0,0,0,0,0,0,0,0,0,0,0,0,0,0,0
18_7,10.325,-61.025000000000006,43,0,0,0,0,0,0,0,0,0,0,0,0,0,0,0,0,0
18_7,10.325,-61.025000000000006,44,0,0,0,0,0,0,0,0,0,0,0,0,0,0,0,0,0
18_7,10.325,-61.025000000000006,45,0,0,0,0,0,0,0,0,0,0,0,0,0,0,0,0,0
18_7,10.325,-61.025000000000006,46,0,0,0,0,0,0,0,0,0,0,0,0,0,0,0,0,0
18_7,10.325,-61.025000000000006,47,0,0,0,0,0,0,0,0,0,0,0,0,0,0,0,0,0
18_7,10.325,-61.025000000000006,48,0,0,0,0,0,0,0,0,0,0,0,0,0,0,0,0,0
18_7,10.325,-61.025000000000006,49,0,0,0,0,0,0,0,0,0,0,0,0,0,0,0,0,0
18_7,10.325,-61.025000000000006,50,0,0,0,0,0,0,0,0,0,0,0,0,0,0,0,0,0
18_7,10.325,-61.025000000000006,51,0,0,0,0,0,0,0,0,0,0,0,0,0,0,0,0,0
18_7,10.325,-61.025000000000006,52,0,0,0,0,0,0,0,0,0,0,0,0,0,0,0,0,0
18_8,10.375,-61.025,0,0,0,,,,,,,,0,,,,,,,
18_8,10.375,-61.025,1,0,0,0,,,,,,,0,0,,,,,,
18_8,10.375,-61.025,2,0,0,0,0,,,,,,0,0,0,,,,,
18_8,10.375,-61.025,3,0,0,0,0,0,,,,,0,0,0,0,,,,
18_8,10.375,-61.025,4,0,0,0,0,0,0,,,,0,0,0,0,0,,,
18_8,10.375,-61.025,5,0,0,0,0,0,0,0,,,0,0,0,0,0,0,,
18_8,10.375,-61.025,6,0,0,0,0,0,0,0,0,,0,0,0,0,0,0,0,
18_8,10.375,-61.025,7,0,0,0,0,0,0,0,0,0,0,0,0,0,0,0,0,0
18_8,10.375,-61.025,8,0,0,0,0,0,0,0,0,0,0,0,0,0,0,0,0,0
18_8,10.375,-61.025,9,0,0,0,0,0,0,0,0,0,0,0,0,0,0,0,0,0
18_8,10.375,-61.025,10,0,0,0,0,0,0,0,0,0,0,0,0,0,0,0,0,0
18_8,10.375,-61.025,11,0,0,0,0,0,0,0,0,0,0,0,0,0,0,0,0,0
18_8,10.375,-61.025,12,0,0,0,0,0,0,0,0,0,0,0,0,0,0,0,0,0
18_8,10.375,-61.025,13,0,0,0,0,0,0,0,0,0,0,0,0,0,0,0,0,0
18_8,10.375,-61.025,14,0,0,0,0,0,0,0,0,0,0,0,0,0,0,0,0,0
18_8,10.375,-61.025,15,0,0,0,0,0,0,0,0,0,0,0,0,0,0,0,0,0
18_8,10.375,-61.025,16,0,0,0,0,0,0,0,0,0,0,0,0,0,0,0,0,0
18_8,10.375,-61.025,17,0,0,0,0,0,0,0,0,0,0,0,0,0,0,0,0,0
18_8,10.375,-61.025,18,0,0,0,0,0,0,0,0,0,0,0,0,0,0,0,0,0
18_8,10.375,-61.025,19,0,0,0,0,0,0,0,0,0,0,0,0,0,0,0,0,0
18_8,10.375,-61.025,20,0,0,0,0,0,0,0,0,0,0,0,0,0,0,0,0,0
18_8,10.375,-61.025,21,0,0,0,0,0,0,0,0,0,0,0,0,0,0,0,0,0
18_8,10.375,-61.025,22,0,0,0,0,0,0,0,0,0,0,0,0,0,0,0,0,0
18_8,10.375,-61.025,23,0,0,0,0,0,0,0,0,0,0,0,0,0,0,0,0,0
18_8,10.375,-61.025,24,0,0,0,0,0,0,0,0,0,0,0,0,0,0,0,0,0
18_8,10.375,-61.025,25,0,0,0,0,0,0,0,0,0,0,0,0,0,0,0,0,0
18_8,10.375,-61.025,26,0,0,0,0,0,0,0,0,0,0,0,0,0,0,0,0,0
18_8,10.375,-61.025,27,0,0,0,0,0,0,0,0,0,0,0,0,0,0,0,0,0
18_8,10.375,-61.025,28,0,0,0,0,0,0,0,0,0,0,0,0,0,0,0,0,0
18_8,10.375,-61.025,29,0,0,0,0,0,0,0,0,0,0,0,0,0,0,0,0,0
18_8,10.375,-61.025,30,0,0,0,0,0,0,0,0,0,0,0,0,0,0,0,0,0
18_8,10.375,-61.025,31,0,0,0,0,0,0,0,0,0,0,0,0,0,0,0,0,0
18_8,10.375,-61.025,32,0,0,0,0,0,0,0,0,0,0,0,0,0,0,0,0,0
18_8,10.375,-61.025,33,0,0,0,0,0,0,0,0,0,0,0,0,0,0,0,0,0
18_8,10.375,-61.025,34,0,0,0,0,0,0,0,0,0,0,0,0,0,0,0,0,0
18_8,10.375,-61.025,35,0,0,0,0,0,0,0,0,0,0,0,0,0,0,0,0,0
18_8,10.375,-61.025,36,0,0,0,0,0,0,0,0,0,0,0,0,0,0,0,0,0
18_8,10.375,-61.025,37,0,0,0,0,0,0,0,0,0,0,0,0,0,0,0,0,0
18_8,10.375,-61.025,38,0,0,0,0,0,0,0,0,0,0,0,0,0,0,0,0,0
18_8,10.375,-61.025,39,0,0,0,0,0,0,0,0,0,0,0,0,0,0,0,0,0
18_8,10.375,-61.025,40,0,0,0,0,0,0,0,0,0,0,0,0,0,0,0,0,0
18_8,10.375,-61.025,41,0,0,0,0,0,0,0,0,0,0,0,0,0,0,0,0,0
18_8,10.375,-61.025,42,0,0,0,0,0,0,0,0,0,0,0,0,0,0,0,0,0
18_8,10.375,-61.025,43,0,0,0,0,0,0,0,0,0,0,0,0,0,0,0,0,0
18_8,10.375,-61.025,44,0,0,0,0,0,0,0,0,0,0,0,0,0,0,0,0,0
18_8,10.375,-61.025,45,0,0,0,0,0,0,0,0,0,0,0,0,0,0,0,0,0
18_8,10.375,-61.025,46,0,0,0,0,0,0,0,0,0,0,0,0,0,0,0,0,0
18_8,10.375,-61.025,47,0,0,0,0,0,0,0,0,0,0,0,0,0,0,0,0,0
18_8,10.375,-61.025,48,0,0,0,0,0,0,0,0,0,0,0,0,0,0,0,0,0
18_8,10.375,-61.025,49,0,0,0,0,0,0,0,0,0,0,0,0,0,0,0,0,0
18_8,10.375,-61.025,50,0,0,0,0,0,0,0,0,0,0,0,0,0,0,0,0,0
18_8,10.375,-61.025,51,0,0,0,0,0,0,0,0,0,0,0,0,0,0,0,0,0
18_8,10.375,-61.025,52,0,0,0,0,0,0,0,0,0,0,0,0,0,0,0,0,0
18_9,10.425,-61.025000000000006,0,0,0,,,,,,,,0,,,,,,,
18_9,10.425,-61.025000000000006,1,0,0,0,,,,,,,0,0,,,,,,
18_9,10.425,-61.025000000000006,2,0,0,0,0,,,,,,0,0,0,,,,,
18_9,10.425,-61.025000000000006,3,0,0,0,0,0,,,,,0,0,0,0,,,,
18_9,10.425,-61.025000000000006,4,0,0,0,0,0,0,,,,0,0,0,0,0,,,
18_9,10.425,-61.025000000000006,5,0,0,0,0,0,0,0,,,0,0,0,0,0,0,,
18_9,10.425,-61.025000000000006,6,0,0,0,0,0,0,0,0,,0,0,0,0,0,0,0,
18_9,10.425,-61.025000000000006,7,0,0,0,0,0,0,0,0,0,0,0,0,0,0,0,0,0
18_9,10.425,-61.025000000000006,8,0,0,0,0,0,0,0,0,0,0,0,0,0,0,0,0,0
18_9,10.425,-61.025000000000006,9,0,0,0,0,0,0,0,0,0,0,0,0,0,0,0,0,0
18_9,10.425,-61.025000000000006,10,0,0,0,0,0,0,0,0,0,0,0,0,0,0,0,0,0
18_9,10.425,-61.025000000000006,11,0,0,0,0,0,0,0,0,0,0,0,0,0,0,0,0,0
18_9,10.425,-61.025000000000006,12,0,0,0,0,0,0,0,0,0,0,0,0,0,0,0,0,0
18_9,10.425,-61.025000000000006,13,0,0,0,0,0,0,0,0,0,0,0,0,0,0,0,0,0
18_9,10.425,-61.025000000000006,14,0,0,0,0,0,0,0,0,0,0,0,0,0,0,0,0,0
18_9,10.425,-61.025000000000006,15,0,0,0,0,0,0,0,0,0,0,0,0,0,0,0,0,0
18_9,10.425,-61.025000000000006,16,0,0,0,0,0,0,0,0,0,0,0,0,0,0,0,0,0
18_9,10.425,-61.025000000000006,17,0,0,0,0,0,0,0,0,0,0,0,0,0,0,0,0,0
18_9,10.425,-61.025000000000006,18,0,0,0,0,0,0,0,0,0,0,0,0,0,0,0,0,0
18_9,10.425,-61.025000000000006,19,0,0,0,0,0,0,0,0,0,0,0,0,0,0,0,0,0
18_9,10.425,-61.025000000000006,20,0,0,0,0,0,0,0,0,0,0,0,0,0,0,0,0,0
18_9,10.425,-61.025000000000006,21,0,0,0,0,0,0,0,0,0,0,0,0,0,0,0,0,0
18_9,10.425,-61.025000000000006,22,0,0,0,0,0,0,0,0,0,0,0,0,0,0,0,0,0
18_9,10.425,-61.025000000000006,23,0,0,0,0,0,0,0,0,0,0,0,0,0,0,0,0,0
18_9,10.425,-61.025000000000006,24,0,0,0,0,0,0,0,0,0,0,0,0,0,0,0,0,0
18_9,10.425,-61.025000000000006,25,0,0,0,0,0,0,0,0,0,0,0,0,0,0,0,0,0
18_9,10.425,-61.025000000000006,26,0,0,0,0,0,0,0,0,0,0,0,0,0,0,0,0,0
18_9,10.425,-61.025000000000006,27,0,0,0,0,0,0,0,0,0,0,0,0,0,0,0,0,0
18_9,10.425,-61.025000000000006,28,0,0,0,0,0,0,0,0,0,0,0,0,0,0,0,0,0
18_9,10.425,-61.025000000000006,29,0,0,0,0,0,0,0,0,0,0,0,0,0,0,0,0,0
18_9,10.425,-61.025000000000006,30,0,0,0,0,0,0,0,0,0,0,0,0,0,0,0,0,0
18_9,10.425,-61.025000000000006,31,0,0,0,0,0,0,0,0,0,0,0,0,0,0,0,0,0
18_9,10.425,-61.025000000000006,32,0,0,0,0,0,0,0,0,0,0,0,0,0,0,0,0,0
18_9,10.425,-61.025000000000006,33,0,0,0,0,0,0,0,0,0,0,0,0,0,0,0,0,0
18_9,10.425,-61.025000000000006,34,0,0,0,0,0,0,0,0,0,0,0,0,0,0,0,0,0
18_9,10.425,-61.025000000000006,35,0,0,0,0,0,0,0,0,0,0,0,0,0,0,0,0,0
18_9,10.425,-61.025000000000006,36,0,0,0,0,0,0,0,0,0,0,0,0,0,0,0,0,0
18_9,10.425,-61.025000000000006,37,0,0,0,0,0,0,0,0,0,0,0,0,0,0,0,0,0
18_9,10.425,-61.025000000000006,38,0,0,0,0,0,0,0,0,0,0,0,0,0,0,0,0,0
18_9,10.425,-61.025000000000006,39,0,0,0,0,0,0,0,0,0,0,0,0,0,0,0,0,0
18_9,10.425,-61.025000000000006,40,0,0,0,0,0,0,0,0,0,0,0,0,0,0,0,0,0
18_9,10.425,-61.025000000000006,41,0,0,0,0,0,0,0,0,0,0,0,0,0,0,0,0,0
18_9,10.425,-61.025000000000006,42,0,0,0,0,0,0,0,0,0,0,0,0,0,0,0,0,0
18_9,10.425,-61.025000000000006,43,0,0,0,0,0,0,0,0,0,0,0,0,0,0,0,0,0
18_9,10.425,-61.025000000000006,44,0,0,0,0,0,0,0,0,0,0,0,0,0,0,0,0,0
18_9,10.425,-61.025000000000006,45,0,0,0,0,0,0,0,0,0,0,0,0,0,0,0,0,0
18_9,10.425,-61.025000000000006,46,0,0,0,0,0,0,0,0,0,0,0,0,0,0,0,0,0
18_9,10.425,-61.025000000000006,47,0,0,0,0,0,0,0,0,0,0,0,0,0,0,0,0,0
18_9,10.425,-61.025000000000006,48,0,0,0,0,0,0,0,0,0,0,0,0,0,0,0,0,0
18_9,10.425,-61.025000000000006,49,0,0,0,0,0,0,0,0,0,0,0,0,0,0,0,0,0
18_9,10.425,-61.025000000000006,50,0,0,0,0,0,0,0,0,0,0,0,0,0,0,0,0,0
18_9,10.425,-61.025000000000006,51,0,0,0,0,0,0,0,0,0,0,0,0,0,0,0,0,0
18_9,10.425,-61.025000000000006,52,0,0,0,0,0,0,0,0,0,0,0,0,0,0,0,0,0
18_10,10.475,-61.025,0,0,0,,,,,,,,0,,,,,,,
18_10,10.475,-61.025,1,0,0,0,,,,,,,0,0,,,,,,
18_10,10.475,-61.025,2,0,0,0,0,,,,,,0,0,0,,,,,
18_10,10.475,-61.025,3,0,0,0,0,0,,,,,0,0,0,0,,,,
18_10,10.475,-61.025,4,0,0,0,0,0,0,,,,0,0,0,0,0,,,
18_10,10.475,-61.025,5,0,0,0,0,0,0,0,,,0,0,0,0,0,0,,
18_10,10.475,-61.025,6,0,0,0,0,0,0,0,0,,0,0,0,0,0,0,0,
18_10,10.475,-61.025,7,0,0,0,0,0,0,0,0,0,0,0,0,0,0,0,0,0
18_10,10.475,-61.025,8,0,0,0,0,0,0,0,0,0,0,0,0,0,0,0,0,0
18_10,10.475,-61.025,9,0,0,0,0,0,0,0,0,0,0,0,0,0,0,0,0,0
18_10,10.475,-61.025,10,0,0,0,0,0,0,0,0,0,0,0,0,0,0,0,0,0
18_10,10.475,-61.025,11,0,0,0,0,0,0,0,0,0,0,0,0,0,0,0,0,0
18_10,10.475,-61.025,12,0,0,0,0,0,0,0,0,0,0,0,0,0,0,0,0,0
18_10,10.475,-61.025,13,0,0,0,0,0,0,0,0,0,0,0,0,0,0,0,0,0
18_10,10.475,-61.025,14,0,0,0,0,0,0,0,0,0,0,0,0,0,0,0,0,0
18_10,10.475,-61.025,15,0,0,0,0,0,0,0,0,0,0,0,0,0,0,0,0,0
18_10,10.475,-61.025,16,0,0,0,0,0,0,0,0,0,0,0,0,0,0,0,0,0
18_10,10.475,-61.025,17,0,0,0,0,0,0,0,0,0,0,0,0,0,0,0,0,0
18_10,10.475,-61.025,18,0,0,0,0,0,0,0,0,0,0,0,0,0,0,0,0,0
18_10,10.475,-61.025,19,0,0,0,0,0,0,0,0,0,0,0,0,0,0,0,0,0
18_10,10.475,-61.025,20,0,0,0,0,0,0,0,0,0,0,0,0,0,0,0,0,0
18_10,10.475,-61.025,21,0,0,0,0,0,0,0,0,0,0,0,0,0,0,0,0,0
18_10,10.475,-61.025,22,0,0,0,0,0,0,0,0,0,0,0,0,0,0,0,0,0
18_10,10.475,-61.025,23,0,0,0,0,0,0,0,0,0,0,0,0,0,0,0,0,0
18_10,10.475,-61.025,24,0,0,0,0,0,0,0,0,0,0,0,0,0,0,0,0,0
18_10,10.475,-61.025,25,0,0,0,0,0,0,0,0,0,0,0,0,0,0,0,0,0
18_10,10.475,-61.025,26,0,0,0,0,0,0,0,0,0,0,0,0,0,0,0,0,0
18_10,10.475,-61.025,27,0,0,0,0,0,0,0,0,0,0,0,0,0,0,0,0,0
18_10,10.475,-61.025,28,0,0,0,0,0,0,0,0,0,0,0,0,0,0,0,0,0
18_10,10.475,-61.025,29,0,0,0,0,0,0,0,0,0,0,0,0,0,0,0,0,0
18_10,10.475,-61.025,30,0,0,0,0,0,0,0,0,0,0,0,0,0,0,0,0,0
18_10,10.475,-61.025,31,0,0,0,0,0,0,0,0,0,0,0,0,0,0,0,0,0
18_10,10.475,-61.025,32,0,0,0,0,0,0,0,0,0,0,0,0,0,0,0,0,0
18_10,10.475,-61.025,33,0,0,0,0,0,0,0,0,0,0,0,0,0,0,0,0,0
18_10,10.475,-61.025,34,0,0,0,0,0,0,0,0,0,0,0,0,0,0,0,0,0
18_10,10.475,-61.025,35,0,0,0,0,0,0,0,0,0,0,0,0,0,0,0,0,0
18_10,10.475,-61.025,36,0,0,0,0,0,0,0,0,0,0,0,0,0,0,0,0,0
18_10,10.475,-61.025,37,0,0,0,0,0,0,0,0,0,0,0,0,0,0,0,0,0
18_10,10.475,-61.025,38,0,0,0,0,0,0,0,0,0,0,0,0,0,0,0,0,0
18_10,10.475,-61.025,39,0,0,0,0,0,0,0,0,0,0,0,0,0,0,0,0,0
18_10,10.475,-61.025,40,0,0,0,0,0,0,0,0,0,0,0,0,0,0,0,0,0
18_10,10.475,-61.025,41,0,0,0,0,0,0,0,0,0,0,0,0,0,0,0,0,0
18_10,10.475,-61.025,42,0,0,0,0,0,0,0,0,0,0,0,0,0,0,0,0,0
18_10,10.475,-61.025,43,0,0,0,0,0,0,0,0,0,0,0,0,0,0,0,0,0
18_10,10.475,-61.025,44,0,0,0,0,0,0,0,0,0,0,0,0,0,0,0,0,0
18_10,10.475,-61.025,45,0,0,0,0,0,0,0,0,0,0,0,0,0,0,0,0,0
18_10,10.475,-61.025,46,0,0,0,0,0,0,0,0,0,0,0,0,0,0,0,0,0
18_10,10.475,-61.025,47,0,0,0,0,0,0,0,0,0,0,0,0,0,0,0,0,0
18_10,10.475,-61.025,48,0,0,0,0,0,0,0,0,0,0,0,0,0,0,0,0,0
18_10,10.475,-61.025,49,0,0,0,0,0,0,0,0,0,0,0,0,0,0,0,0,0
18_10,10.475,-61.025,50,0,0,0,0,0,0,0,0,0,0,0,0,0,0,0,0,0
18_10,10.475,-61.025,51,0,0,0,0,0,0,0,0,0,0,0,0,0,0,0,0,0
18_10,10.475,-61.025,52,0,0,0,0,0,0,0,0,0,0,0,0,0,0,0,0,0
18_11,10.525,-61.025,0,0,0,,,,,,,,0,,,,,,,
18_11,10.525,-61.025,1,0,0,0,,,,,,,0,0,,,,,,
18_11,10.525,-61.025,2,0,0,0,0,,,,,,0,0,0,,,,,
18_11,10.525,-61.025,3,0,0,0,0,0,,,,,0,0,0,0,,,,
18_11,10.525,-61.025,4,0,0,0,0,0,0,,,,0,0,0,0,0,,,
18_11,10.525,-61.025,5,0,0,0,0,0,0,0,,,0,0,0,0,0,0,,
18_11,10.525,-61.025,6,0,0,0,0,0,0,0,0,,0,0,0,0,0,0,0,
18_11,10.525,-61.025,7,0,0,0,0,0,0,0,0,0,0,0,0,0,0,0,0,0
18_11,10.525,-61.025,8,0,0,0,0,0,0,0,0,0,0,0,0,0,0,0,0,0
18_11,10.525,-61.025,9,0,0,0,0,0,0,0,0,0,0,0,0,0,0,0,0,0
18_11,10.525,-61.025,10,0,0,0,0,0,0,0,0,0,0,0,0,0,0,0,0,0
18_11,10.525,-61.025,11,0,0,0,0,0,0,0,0,0,0,0,0,0,0,0,0,0
18_11,10.525,-61.025,12,0,0,0,0,0,0,0,0,0,0,0,0,0,0,0,0,0
18_11,10.525,-61.025,13,1,0,0,0,0,0,0,0,0,0,0,0,0,0,0,0,0
18_11,10.525,-61.025,14,0,0,0,0,0,0,0,0,0,0,0,0,0,0,0,0,0
18_11,10.525,-61.025,15,0,0,0,0,0,0,0,0,0,0,0,0,0,0,0,0,0
18_11,10.525,-61.025,16,0,0,0,0,0,0,0,0,0,0,0,0,0,0,0,0,0
18_11,10.525,-61.025,17,0,0,0,0,0,0,0,0,0,0,0,0,0,0,0,0,0
18_11,10.525,-61.025,18,0,0,0,0,0,0,0,0,0,0,0,0,0,0,0,0,0
18_11,10.525,-61.025,19,0,0,0,0,0,0,0,0,0,0,0,0,0,0,0,0,0
18_11,10.525,-61.025,20,0,0,0,0,0,0,0,0,0,0,0,0,0,0,0,0,0
18_11,10.525,-61.025,21,0,0,0,0,0,0,0,0,0,0,0,0,0,0,0,0,0
18_11,10.525,-61.025,22,0,0,0,0,0,0,0,0,0,0,0,0,0,0,0,0,0
18_11,10.525,-61.025,23,0,0,0,0,0,0,0,0,0,0,0,0,0,0,0,0,0
18_11,10.525,-61.025,24,1,0,0,0,0,0,0,0,0,0,0,0,0,0,0,0,0
18_11,10.525,-61.025,25,0,0,0,0,0,0,0,0,0,0,0,0,0,0,0,0,0
18_11,10.525,-61.025,26,0,0,0,0,0,0,0,0,0,0,0,0,0,0,0,0,0
18_11,10.525,-61.025,27,0,0,0,0,0,0,0,0,0,0,0,0,0,0,0,0,0
18_11,10.525,-61.025,28,0,0,0,0,0,0,0,0,0,0,0,0,0,0,0,0,0
18_11,10.525,-61.025,29,0,0,0,0,0,0,0,0,0,0,0,0,0,0,0,0,0
18_11,10.525,-61.025,30,0,0,0,0,0,0,0,0,0,0,0,0,0,0,0,0,0
18_11,10.525,-61.025,31,0,0,0,0,0,0,0,0,0,0,0,0,0,0,0,0,0
18_11,10.525,-61.025,32,0,0,0,0,0,0,0,0,0,0,0,0,0,0,0,0,0
18_11,10.525,-61.025,33,0,0,0,0,0,0,0,0,0,0,0,0,0,0,0,0,0
18_11,10.525,-61.025,34,0,0,0,0,0,0,0,0,0,0,0,0,0,0,0,0,0
18_11,10.525,-61.025,35,0,0,0,0,0,0,0,0,0,0,0,0,0,0,0,0,0
18_11,10.525,-61.025,36,0,0,0,0,0,0,0,0,0,0,0,0,0,0,0,0,0
18_11,10.525,-61.025,37,0,0,0,0,0,0,0,0,0,0,0,0,0,0,0,0,0
18_11,10.525,-61.025,38,0,0,0,0,0,0,0,0,0,0,0,0,0,0,0,0,0
18_11,10.525,-61.025,39,0,0,0,0,0,0,0,0,0,0,0,0,0,0,0,0,0
18_11,10.525,-61.025,40,0,0,0,0,0,0,0,0,0,0,0,0,0,0,0,0,0
18_11,10.525,-61.025,41,0,0,0,0,0,0,0,0,0,0,0,0,0,0,0,0,0
18_11,10.525,-61.025,42,0,0,0,0,0,0,0,0,0,0,0,0,0,0,0,0,0
18_11,10.525,-61.025,43,0,0,0,0,0,0,0,0,0,0,0,0,0,0,0,0,0
18_11,10.525,-61.025,44,0,0,0,0,0,0,0,0,0,0,0,0,0,0,0,0,0
18_11,10.525,-61.025,45,0,0,0,0,0,0,0,0,0,0,0,0,0,0,0,0,0
18_11,10.525,-61.025,46,0,0,0,0,0,0,0,0,0,0,0,0,0,0,0,0,0
18_11,10.525,-61.025,47,0,0,0,0,0,0,0,0,0,0,0,0,0,0,0,0,0
18_11,10.525,-61.025,48,0,0,0,0,0,0,0,0,0,0,0,0,0,0,0,0,0
18_11,10.525,-61.025,49,0,0,0,0,0,0,0,0,0,0,0,0,0,0,0,0,0
18_11,10.525,-61.025,50,0,0,0,0,0,0,0,0,0,0,0,0,0,0,0,0,0
18_11,10.525,-61.025,51,0,0,0,0,0,0,0,0,0,0,0,0,0,0,0,0,0
18_11,10.525,-61.025,52,0,0,0,0,0,0,0,0,0,0,0,0,0,0,0,0,0
18_12,10.575,-61.025000000000006,0,0,0,,,,,,,,0,,,,,,,
18_12,10.575,-61.025000000000006,1,0,0,0,,,,,,,0,0,,,,,,
18_12,10.575,-61.025000000000006,2,0,0,0,0,,,,,,0,0,0,,,,,
18_12,10.575,-61.025000000000006,3,0,0,0,0,0,,,,,0,0,0,0,,,,
18_12,10.575,-61.025000000000006,4,0,0,0,0,0,0,,,,0,0,0,0,0,,,
18_12,10.575,-61.025000000000006,5,0,0,0,0,0,0,0,,,0,0,0,0,0,0,,
18_12,10.575,-61.025000000000006,6,0,0,0,0,0,0,0,0,,0,0,0,0,0,0,0,
18_12,10.575,-61.025000000000006,7,0,0,0,0,0,0,0,0,0,0,0,0,0,0,0,0,0
18_12,10.575,-61.025000000000006,8,0,0,0,0,0,0,0,0,0,0,0,0,0,0,0,0,0
18_12,10.575,-61.025000000000006,9,0,0,0,0,0,0,0,0,0,0,0,0,0,0,0,0,0
18_12,10.575,-61.025000000000006,10,0,0,0,0,0,0,0,0,0,0,0,0,0,0,0,0,0
18_12,10.575,-61.025000000000006,11,0,0,0,0,0,0,0,0,0,0,0,0,0,0,0,0,0
18_12,10.575,-61.025000000000006,12,0,0,0,0,0,0,0,0,0,0,0,0,0,0,0,0,0
18_12,10.575,-61.025000000000006,13,0,0,0,0,0,0,0,0,0,0,0,0,0,0,0,0,0
18_12,10.575,-61.025000000000006,14,0,0,0,0,0,0,0,0,0,0,0,0,0,0,0,0,0
18_12,10.575,-61.025000000000006,15,0,0,0,0,0,0,0,0,0,0,0,0,0,0,0,0,0
18_12,10.575,-61.025000000000006,16,0,0,0,0,0,0,0,0,0,0,0,0,0,0,0,0,0
18_12,10.575,-61.025000000000006,17,0,0,0,0,0,0,0,0,0,0,0,0,0,0,0,0,0
18_12,10.575,-61.025000000000006,18,0,0,0,0,0,0,0,0,0,0,0,0,0,0,0,0,0
18_12,10.575,-61.025000000000006,19,0,0,0,0,0,0,0,0,0,0,0,0,0,0,0,0,0
18_12,10.575,-61.025000000000006,20,0,0,0,0,0,0,0,0,0,0,0,0,0,0,0,0,0
18_12,10.575,-61.025000000000006,21,0,0,0,0,0,0,0,0,0,0,0,0,0,0,0,0,0
18_12,10.575,-61.025000000000006,22,0,0,0,0,0,0,0,0,0,0,0,0,0,0,0,0,0
18_12,10.575,-61.025000000000006,23,0,0,0,0,0,0,0,0,0,0,0,0,0,0,0,0,0
18_12,10.575,-61.025000000000006,24,0,0,0,0,0,0,0,0,0,0,0,0,0,0,0,0,0
18_12,10.575,-61.025000000000006,25,0,0,0,0,0,0,0,0,0,0,0,0,0,0,0,0,0
18_12,10.575,-61.025000000000006,26,0,0,0,0,0,0,0,0,0,0,0,0,0,0,0,0,0
18_12,10.575,-61.025000000000006,27,0,0,0,0,0,0,0,0,0,0,0,0,0,0,0,0,0
18_12,10.575,-61.025000000000006,28,0,0,0,0,0,0,0,0,0,0,0,0,0,0,0,0,0
18_12,10.575,-61.025000000000006,29,0,0,0,0,0,0,0,0,0,0,0,0,0,0,0,0,0
18_12,10.575,-61.025000000000006,30,0,0,0,0,0,0,0,0,0,0,0,0,0,0,0,0,0
18_12,10.575,-61.025000000000006,31,0,0,0,0,0,0,0,0,0,0,0,0,0,0,0,0,0
18_12,10.575,-61.025000000000006,32,0,0,0,0,0,0,0,0,0,0,0,0,0,0,0,0,0
18_12,10.575,-61.025000000000006,33,0,0,0,0,0,0,0,0,0,0,0,0,0,0,0,0,0
18_12,10.575,-61.025000000000006,34,0,0,0,0,0,0,0,0,0,0,0,0,0,0,0,0,0
18_12,10.575,-61.025000000000006,35,0,0,0,0,0,0,0,0,0,0,0,0,0,0,0,0,0
18_12,10.575,-61.025000000000006,36,0,0,0,0,0,0,0,0,0,0,0,0,0,0,0,0,0
18_12,10.575,-61.025000000000006,37,0,0,0,0,0,0,0,0,0,0,0,0,0,0,0,0,0
18_12,10.575,-61.025000000000006,38,0,0,0,0,0,0,0,0,0,0,0,0,0,0,0,0,0
18_12,10.575,-61.025000000000006,39,0,0,0,0,0,0,0,0,0,0,0,0,0,0,0,0,0
18_12,10.575,-61.025000000000006,40,0,0,0,0,0,0,0,0,0,0,0,0,0,0,0,0,0
18_12,10.575,-61.025000000000006,41,0,0,0,0,0,0,0,0,0,0,0,0,0,0,0,0,0
18_12,10.575,-61.025000000000006,42,0,0,0,0,0,0,0,0,0,0,0,0,0,0,0,0,0
18_12,10.575,-61.025000000000006,43,0,0,0,0,0,0,0,0,0,0,0,0,0,0,0,0,0
18_12,10.575,-61.025000000000006,44,0,0,0,0,0,0,0,0,0,0,0,0,0,0,0,0,0
18_12,10.575,-61.025000000000006,45,0,0,0,0,0,0,0,0,0,0,0,0,0,0,0,0,0
18_12,10.575,-61.025000000000006,46,0,0,0,0,0,0,0,0,0,0,0,0,0,0,0,0,0
18_12,10.575,-61.025000000000006,47,0,0,0,0,0,0,0,0,0,0,0,0,0,0,0,0,0
18_12,10.575,-61.025000000000006,48,0,0,0,0,0,0,0,0,0,0,0,0,0,0,0,0,0
18_12,10.575,-61.025000000000006,49,0,0,0,0,0,0,0,0,0,0,0,0,0,0,0,0,0
18_12,10.575,-61.025000000000006,50,0,0,0,0,0,0,0,0,0,0,0,0,0,0,0,0,0
18_12,10.575,-61.025000000000006,51,0,0,0,0,0,0,0,0,0,0,0,0,0,0,0,0,0
18_12,10.575,-61.025000000000006,52,0,0,0,0,0,0,0,0,0,0,0,0,0,0,0,0,0
18_13,10.625,-61.025,0,0,0,,,,,,,,0,,,,,,,
18_13,10.625,-61.025,1,0,0,0,,,,,,,0,0,,,,,,
18_13,10.625,-61.025,2,0,0,0,0,,,,,,0,0,0,,,,,
18_13,10.625,-61.025,3,0,0,0,0,0,,,,,0,0,0,0,,,,
18_13,10.625,-61.025,4,0,0,0,0,0,0,,,,0,0,0,0,0,,,
18_13,10.625,-61.025,5,0,0,0,0,0,0,0,,,0,0,0,0,0,0,,
18_13,10.625,-61.025,6,0,0,0,0,0,0,0,0,,0,0,0,0,0,0,0,
18_13,10.625,-61.025,7,0,0,0,0,0,0,0,0,0,0,0,0,0,0,0,0,0
18_13,10.625,-61.025,8,0,0,0,0,0,0,0,0,0,0,0,0,0,0,0,0,0
18_13,10.625,-61.025,9,0,0,0,0,0,0,0,0,0,0,0,0,0,0,0,0,0
18_13,10.625,-61.025,10,0,0,0,0,0,0,0,0,0,0,0,0,0,0,0,0,0
18_13,10.625,-61.025,11,0,0,0,0,0,0,0,0,0,0,0,0,0,0,0,0,0
18_13,10.625,-61.025,12,0,0,0,0,0,0,0,0,0,0,0,0,0,0,0,0,0
18_13,10.625,-61.025,13,0,0,0,0,0,0,0,0,0,0,0,0,0,0,0,0,0
18_13,10.625,-61.025,14,0,0,0,0,0,0,0,0,0,0,0,0,0,0,0,0,0
18_13,10.625,-61.025,15,0,0,0,0,0,0,0,0,0,0,0,0,0,0,0,0,0
18_13,10.625,-61.025,16,0,0,0,0,0,0,0,0,0,0,0,0,0,0,0,0,0
18_13,10.625,-61.025,17,0,0,0,0,0,0,0,0,0,0,0,0,0,0,0,0,0
18_13,10.625,-61.025,18,0,0,0,0,0,0,0,0,0,0,0,0,0,0,0,0,0
18_13,10.625,-61.025,19,0,0,0,0,0,0,0,0,0,0,0,0,0,0,0,0,0
18_13,10.625,-61.025,20,0,0,0,0,0,0,0,0,0,0,0,0,0,0,0,0,0
18_13,10.625,-61.025,21,0,0,0,0,0,0,0,0,0,0,0,0,0,0,0,0,0
18_13,10.625,-61.025,22,0,0,0,0,0,0,0,0,0,0,0,0,0,0,0,0,0
18_13,10.625,-61.025,23,0,0,0,0,0,0,0,0,0,0,0,0,0,0,0,0,0
18_13,10.625,-61.025,24,0,0,0,0,0,0,0,0,0,0,0,0,0,0,0,0,0
18_13,10.625,-61.025,25,0,0,0,0,0,0,0,0,0,0,0,0,0,0,0,0,0
18_13,10.625,-61.025,26,0,0,0,0,0,0,0,0,0,0,0,0,0,0,0,0,0
18_13,10.625,-61.025,27,0,0,0,0,0,0,0,0,0,0,0,0,0,0,0,0,0
18_13,10.625,-61.025,28,0,0,0,0,0,0,0,0,0,0,0,0,0,0,0,0,0
18_13,10.625,-61.025,29,0,0,0,0,0,0,0,0,0,0,0,0,0,0,0,0,0
18_13,10.625,-61.025,30,0,0,0,0,0,0,0,0,0,0,0,0,0,0,0,0,0
18_13,10.625,-61.025,31,0,0,0,0,0,0,0,0,0,0,0,0,0,0,0,0,0
18_13,10.625,-61.025,32,0,0,0,0,0,0,0,0,0,0,0,0,0,0,0,0,0
18_13,10.625,-61.025,33,0,0,0,0,0,0,0,0,0,0,0,0,0,0,0,0,0
18_13,10.625,-61.025,34,0,0,0,0,0,0,0,0,0,0,0,0,0,0,0,0,0
18_13,10.625,-61.025,35,0,0,0,0,0,0,0,0,0,0,0,0,0,0,0,0,0
18_13,10.625,-61.025,36,0,0,0,0,0,0,0,0,0,0,0,0,0,0,0,0,0
18_13,10.625,-61.025,37,0,0,0,0,0,0,0,0,0,0,0,0,0,0,0,0,0
18_13,10.625,-61.025,38,0,0,0,0,0,0,0,0,0,0,0,0,0,0,0,0,0
18_13,10.625,-61.025,39,0,0,0,0,0,0,0,0,0,0,0,0,0,0,0,0,0
18_13,10.625,-61.025,40,0,0,0,0,0,0,0,0,0,0,0,0,0,0,0,0,0
18_13,10.625,-61.025,41,0,0,0,0,0,0,0,0,0,0,0,0,0,0,0,0,0
18_13,10.625,-61.025,42,0,0,0,0,0,0,0,0,0,0,0,0,0,0,0,0,0
18_13,10.625,-61.025,43,0,0,0,0,0,0,0,0,0,0,0,0,0,0,0,0,0
18_13,10.625,-61.025,44,0,0,0,0,0,0,0,0,0,0,0,0,0,0,0,0,0
18_13,10.625,-61.025,45,0,0,0,0,0,0,0,0,0,0,0,0,0,0,0,0,0
18_13,10.625,-61.025,46,0,0,0,0,0,0,0,0,0,0,0,0,0,0,0,0,0
18_13,10.625,-61.025,47,0,0,0,0,0,0,0,0,0,0,0,0,0,0,0,0,0
18_13,10.625,-61.025,48,0,0,0,0,0,0,0,0,0,0,0,0,0,0,0,0,0
18_13,10.625,-61.025,49,0,0,0,0,0,0,0,0,0,0,0,0,0,0,0,0,0
18_13,10.625,-61.025,50,0,0,0,0,0,0,0,0,0,0,0,0,0,0,0,0,0
18_13,10.625,-61.025,51,0,0,0,0,0,0,0,0,0,0,0,0,0,0,0,0,0
18_13,10.625,-61.025,52,0,0,0,0,0,0,0,0,0,0,0,0,0,0,0,0,0
18_14,10.675,-61.025000000000006,0,0,0,,,,,,,,0,,,,,,,
18_14,10.675,-61.025000000000006,1,0,0,0,,,,,,,0,0,,,,,,
18_14,10.675,-61.025000000000006,2,0,0,0,0,,,,,,0,0,0,,,,,
18_14,10.675,-61.025000000000006,3,0,0,0,0,0,,,,,0,0,0,0,,,,
18_14,10.675,-61.025000000000006,4,0,0,0,0,0,0,,,,0,0,0,0,0,,,
18_14,10.675,-61.025000000000006,5,0,0,0,0,0,0,0,,,0,0,0,0,0,0,,
18_14,10.675,-61.025000000000006,6,0,0,0,0,0,0,0,0,,0,0,0,0,0,0,0,
18_14,10.675,-61.025000000000006,7,0,0,0,0,0,0,0,0,0,0,0,0,0,0,0,0,0
18_14,10.675,-61.025000000000006,8,0,0,0,0,0,0,0,0,0,0,0,0,0,0,0,0,0
18_14,10.675,-61.025000000000006,9,0,0,0,0,0,0,0,0,0,0,0,0,0,0,0,0,0
18_14,10.675,-61.025000000000006,10,0,0,0,0,0,0,0,0,0,0,0,0,0,0,0,0,0
18_14,10.675,-61.025000000000006,11,0,0,0,0,0,0,0,0,0,0,0,0,0,0,0,0,0
18_14,10.675,-61.025000000000006,12,0,0,0,0,0,0,0,0,0,0,0,0,0,0,0,0,0
18_14,10.675,-61.025000000000006,13,0,0,0,0,0,0,0,0,0,0,0,0,0,0,0,0,0
18_14,10.675,-61.025000000000006,14,0,0,0,0,0,0,0,0,0,0,0,0,0,0,0,0,0
18_14,10.675,-61.025000000000006,15,0,0,0,0,0,0,0,0,0,0,0,0,0,0,0,0,0
18_14,10.675,-61.025000000000006,16,0,0,0,0,0,0,0,0,0,0,0,0,0,0,0,0,0
18_14,10.675,-61.025000000000006,17,0,0,0,0,0,0,0,0,0,0,0,0,0,0,0,0,0
18_14,10.675,-61.025000000000006,18,0,0,0,0,0,0,0,0,0,0,0,0,0,0,0,0,0
18_14,10.675,-61.025000000000006,19,0,0,0,0,0,0,0,0,0,0,0,0,0,0,0,0,0
18_14,10.675,-61.025000000000006,20,0,0,0,0,0,0,0,0,0,0,0,0,0,0,0,0,0
18_14,10.675,-61.025000000000006,21,0,0,0,0,0,0,0,0,0,0,0,0,0,0,0,0,0
18_14,10.675,-61.025000000000006,22,0,0,0,0,0,0,0,0,0,0,0,0,0,0,0,0,0
18_14,10.675,-61.025000000000006,23,0,0,0,0,0,0,0,0,0,0,0,0,0,0,0,0,0
18_14,10.675,-61.025000000000006,24,0,0,0,0,0,0,0,0,0,0,0,0,0,0,0,0,0
18_14,10.675,-61.025000000000006,25,0,0,0,0,0,0,0,0,0,0,0,0,0,0,0,0,0
18_14,10.675,-61.025000000000006,26,0,0,0,0,0,0,0,0,0,0,0,0,0,0,0,0,0
18_14,10.675,-61.025000000000006,27,0,0,0,0,0,0,0,0,0,0,0,0,0,0,0,0,0
18_14,10.675,-61.025000000000006,28,0,0,0,0,0,0,0,0,0,0,0,0,0,0,0,0,0
18_14,10.675,-61.025000000000006,29,0,0,0,0,0,0,0,0,0,0,0,0,0,0,0,0,0
18_14,10.675,-61.025000000000006,30,0,0,0,0,0,0,0,0,0,0,0,0,0,0,0,0,0
18_14,10.675,-61.025000000000006,31,0,0,0,0,0,0,0,0,0,0,0,0,0,0,0,0,0
18_14,10.675,-61.025000000000006,32,0,0,0,0,0,0,0,0,0,0,0,0,0,0,0,0,0
18_14,10.675,-61.025000000000006,33,0,0,0,0,0,0,0,0,0,0,0,0,0,0,0,0,0
18_14,10.675,-61.025000000000006,34,0,0,0,0,0,0,0,0,0,0,0,0,0,0,0,0,0
18_14,10.675,-61.025000000000006,35,0,0,0,0,0,0,0,0,0,0,0,0,0,0,0,0,0
18_14,10.675,-61.025000000000006,36,0,0,0,0,0,0,0,0,0,0,0,0,0,0,0,0,0
18_14,10.675,-61.025000000000006,37,0,0,0,0,0,0,0,0,0,0,0,0,0,0,0,0,0
18_14,10.675,-61.025000000000006,38,0,0,0,0,0,0,0,0,0,0,0,0,0,0,0,0,0
18_14,10.675,-61.025000000000006,39,0,0,0,0,0,0,0,0,0,0,0,0,0,0,0,0,0
18_14,10.675,-61.025000000000006,40,0,0,0,0,0,0,0,0,0,0,0,0,0,0,0,0,0
18_14,10.675,-61.025000000000006,41,0,0,0,0,0,0,0,0,0,0,0,0,0,0,0,0,0
18_14,10.675,-61.025000000000006,42,0,0,0,0,0,0,0,0,0,0,0,0,0,0,0,0,0
18_14,10.675,-61.025000000000006,43,0,0,0,0,0,0,0,0,0,0,0,0,0,0,0,0,0
18_14,10.675,-61.025000000000006,44,0,0,0,0,0,0,0,0,0,0,0,0,0,0,0,0,0
18_14,10.675,-61.025000000000006,45,0,0,0,0,0,0,0,0,0,0,0,0,0,0,0,0,0
18_14,10.675,-61.025000000000006,46,0,0,0,0,0,0,0,0,0,0,0,0,0,0,0,0,0
18_14,10.675,-61.025000000000006,47,0,0,0,0,0,0,0,0,0,0,0,0,0,0,0,0,0
18_14,10.675,-61.025000000000006,48,0,0,0,0,0,0,0,0,0,0,0,0,0,0,0,0,0
18_14,10.675,-61.025000000000006,49,0,0,0,0,0,0,0,0,0,0,0,0,0,0,0,0,0
18_14,10.675,-61.025000000000006,50,0,0,0,0,0,0,0,0,0,0,0,0,0,0,0,0,0
18_14,10.675,-61.025000000000006,51,0,0,0,0,0,0,0,0,0,0,0,0,0,0,0,0,0
18_14,10.675,-61.025000000000006,52,0,0,0,0,0,0,0,0,0,0,0,0,0,0,0,0,0
18_15,10.725,-61.025,0,0,0,,,,,,,,0,,,,,,,
18_15,10.725,-61.025,1,0,0,0,,,,,,,0,0,,,,,,
18_15,10.725,-61.025,2,0,0,0,0,,,,,,0,0,0,,,,,
18_15,10.725,-61.025,3,0,0,0,0,0,,,,,0,0,0,0,,,,
18_15,10.725,-61.025,4,0,0,0,0,0,0,,,,0,0,0,0,0,,,
18_15,10.725,-61.025,5,0,0,0,0,0,0,0,,,0,0,0,0,0,0,,
18_15,10.725,-61.025,6,0,0,0,0,0,0,0,0,,0,0,0,0,0,0,0,
18_15,10.725,-61.025,7,0,0,0,0,0,0,0,0,0,0,0,0,0,0,0,0,0
18_15,10.725,-61.025,8,0,0,0,0,0,0,0,0,0,0,0,0,0,0,0,0,0
18_15,10.725,-61.025,9,0,0,0,0,0,0,0,0,0,0,0,0,0,0,0,0,0
18_15,10.725,-61.025,10,0,0,0,0,0,0,0,0,0,0,0,0,0,0,0,0,0
18_15,10.725,-61.025,11,0,0,0,0,0,0,0,0,0,0,0,0,0,0,0,0,0
18_15,10.725,-61.025,12,0,0,0,0,0,0,0,0,0,0,0,0,0,0,0,0,0
18_15,10.725,-61.025,13,0,0,0,0,0,0,0,0,0,0,0,0,0,0,0,0,0
18_15,10.725,-61.025,14,0,0,0,0,0,0,0,0,0,0,0,0,0,0,0,0,0
18_15,10.725,-61.025,15,0,0,0,0,0,0,0,0,0,0,0,0,0,0,0,0,0
18_15,10.725,-61.025,16,0,0,0,0,0,0,0,0,0,0,0,0,0,0,0,0,0
18_15,10.725,-61.025,17,0,0,0,0,0,0,0,0,0,0,0,0,0,0,0,0,0
18_15,10.725,-61.025,18,0,0,0,0,0,0,0,0,0,0,0,0,0,0,0,0,0
18_15,10.725,-61.025,19,0,0,0,0,0,0,0,0,0,0,0,0,0,0,0,0,0
18_15,10.725,-61.025,20,0,0,0,0,0,0,0,0,0,0,0,0,0,0,0,0,0
18_15,10.725,-61.025,21,0,0,0,0,0,0,0,0,0,0,0,0,0,0,0,0,0
18_15,10.725,-61.025,22,0,0,0,0,0,0,0,0,0,0,0,0,0,0,0,0,0
18_15,10.725,-61.025,23,0,0,0,0,0,0,0,0,0,0,0,0,0,0,0,0,0
18_15,10.725,-61.025,24,0,0,0,0,0,0,0,0,0,0,0,0,0,0,0,0,0
18_15,10.725,-61.025,25,0,0,0,0,0,0,0,0,0,0,0,0,0,0,0,0,0
18_15,10.725,-61.025,26,0,0,0,0,0,0,0,0,0,0,0,0,0,0,0,0,0
18_15,10.725,-61.025,27,0,0,0,0,0,0,0,0,0,0,0,0,0,0,0,0,0
18_15,10.725,-61.025,28,0,0,0,0,0,0,0,0,0,0,0,0,0,0,0,0,0
18_15,10.725,-61.025,29,0,0,0,0,0,0,0,0,0,0,0,0,0,0,0,0,0
18_15,10.725,-61.025,30,0,0,0,0,0,0,0,0,0,0,0,0,0,0,0,0,0
18_15,10.725,-61.025,31,0,0,0,0,0,0,0,0,0,0,0,0,0,0,0,0,0
18_15,10.725,-61.025,32,0,0,0,0,0,0,0,0,0,0,0,0,0,0,0,0,0
18_15,10.725,-61.025,33,0,0,0,0,0,0,0,0,0,0,0,0,0,0,0,0,0
18_15,10.725,-61.025,34,0,0,0,0,0,0,0,0,0,0,0,0,0,0,0,0,0
18_15,10.725,-61.025,35,0,0,0,0,0,0,0,0,0,0,0,0,0,0,0,0,0
18_15,10.725,-61.025,36,0,0,0,0,0,0,0,0,0,0,0,0,0,0,0,0,0
18_15,10.725,-61.025,37,0,0,0,0,0,0,0,0,0,0,0,0,0,0,0,0,0
18_15,10.725,-61.025,38,0,0,0,0,0,0,0,0,0,0,0,0,0,0,0,0,0
18_15,10.725,-61.025,39,0,0,0,0,0,0,0,0,0,0,0,0,0,0,0,0,0
18_15,10.725,-61.025,40,0,0,0,0,0,0,0,0,0,0,0,0,0,0,0,0,0
18_15,10.725,-61.025,41,0,0,0,0,0,0,0,0,0,0,0,0,0,0,0,0,0
18_15,10.725,-61.025,42,0,0,0,0,0,0,0,0,0,0,0,0,0,0,0,0,0
18_15,10.725,-61.025,43,0,0,0,0,0,0,0,0,0,0,0,0,0,0,0,0,0
18_15,10.725,-61.025,44,0,0,0,0,0,0,0,0,0,0,0,0,0,0,0,0,0
18_15,10.725,-61.025,45,0,0,0,0,0,0,0,0,0,0,0,0,0,0,0,0,0
18_15,10.725,-61.025,46,0,0,0,0,0,0,0,0,0,0,0,0,0,0,0,0,0
18_15,10.725,-61.025,47,0,0,0,0,0,0,0,0,0,0,0,0,0,0,0,0,0
18_15,10.725,-61.025,48,0,0,0,0,0,0,0,0,0,0,0,0,0,0,0,0,0
18_15,10.725,-61.025,49,0,0,0,0,0,0,0,0,0,0,0,0,0,0,0,0,0
18_15,10.725,-61.025,50,0,0,0,0,0,0,0,0,0,0,0,0,0,0,0,0,0
18_15,10.725,-61.025,51,0,0,0,0,0,0,0,0,0,0,0,0,0,0,0,0,0
18_15,10.725,-61.025,52,0,0,0,0,0,0,0,0,0,0,0,0,0,0,0,0,0
18_16,10.775,-61.025,0,0,0,,,,,,,,0,,,,,,,
18_16,10.775,-61.025,1,0,0,0,,,,,,,0,0,,,,,,
18_16,10.775,-61.025,2,0,0,0,0,,,,,,0,0,0,,,,,
18_16,10.775,-61.025,3,0,0,0,0,0,,,,,0,0,0,0,,,,
18_16,10.775,-61.025,4,0,0,0,0,0,0,,,,0,0,0,0,0,,,
18_16,10.775,-61.025,5,0,0,0,0,0,0,0,,,0,0,0,0,0,0,,
18_16,10.775,-61.025,6,0,0,0,0,0,0,0,0,,0,0,0,0,0,0,0,
18_16,10.775,-61.025,7,0,0,0,0,0,0,0,0,0,0,0,0,0,0,0,0,0
18_16,10.775,-61.025,8,0,0,0,0,0,0,0,0,0,0,0,0,0,0,0,0,0
18_16,10.775,-61.025,9,0,0,0,0,0,0,0,0,0,0,0,0,0,0,0,0,0
18_16,10.775,-61.025,10,0,0,0,0,0,0,0,0,0,0,0,0,0,0,0,0,0
18_16,10.775,-61.025,11,0,0,0,0,0,0,0,0,0,0,0,0,0,0,0,0,0
18_16,10.775,-61.025,12,0,0,0,0,0,0,0,0,0,0,0,0,0,0,0,0,0
18_16,10.775,-61.025,13,0,0,0,0,0,0,0,0,0,0,0,0,0,0,0,0,0
18_16,10.775,-61.025,14,0,0,0,0,0,0,0,0,0,0,0,0,0,0,0,0,0
18_16,10.775,-61.025,15,0,0,0,0,0,0,0,0,0,0,0,0,0,0,0,0,0
18_16,10.775,-61.025,16,0,0,0,0,0,0,0,0,0,0,0,0,0,0,0,0,0
18_16,10.775,-61.025,17,0,0,0,0,0,0,0,0,0,0,0,0,0,0,0,0,0
18_16,10.775,-61.025,18,0,0,0,0,0,0,0,0,0,0,0,0,0,0,0,0,0
18_16,10.775,-61.025,19,0,0,0,0,0,0,0,0,0,0,0,0,0,0,0,0,0
18_16,10.775,-61.025,20,0,0,0,0,0,0,0,0,0,0,0,0,0,0,0,0,0
18_16,10.775,-61.025,21,0,0,0,0,0,0,0,0,0,0,0,0,0,0,0,0,0
18_16,10.775,-61.025,22,0,0,0,0,0,0,0,0,0,0,0,0,0,0,0,0,0
18_16,10.775,-61.025,23,0,0,0,0,0,0,0,0,0,0,0,0,0,0,0,0,0
18_16,10.775,-61.025,24,0,0,0,0,0,0,0,0,0,0,0,0,0,0,0,0,0
18_16,10.775,-61.025,25,0,0,0,0,0,0,0,0,0,0,0,0,0,0,0,0,0
18_16,10.775,-61.025,26,0,0,0,0,0,0,0,0,0,0,0,0,0,0,0,0,0
18_16,10.775,-61.025,27,0,0,0,0,0,0,0,0,0,0,0,0,0,0,0,0,0
18_16,10.775,-61.025,28,0,0,0,0,0,0,0,0,0,0,0,0,0,0,0,0,0
18_16,10.775,-61.025,29,0,0,0,0,0,0,0,0,0,0,0,0,0,0,0,0,0
18_16,10.775,-61.025,30,0,0,0,0,0,0,0,0,0,0,0,0,0,0,0,0,0
18_16,10.775,-61.025,31,0,0,0,0,0,0,0,0,0,0,0,0,0,0,0,0,0
18_16,10.775,-61.025,32,0,0,0,0,0,0,0,0,0,0,0,0,0,0,0,0,0
18_16,10.775,-61.025,33,0,0,0,0,0,0,0,0,0,0,0,0,0,0,0,0,0
18_16,10.775,-61.025,34,0,0,0,0,0,0,0,0,0,0,0,0,0,0,0,0,0
18_16,10.775,-61.025,35,0,0,0,0,0,0,0,0,0,0,0,0,0,0,0,0,0
18_16,10.775,-61.025,36,0,0,0,0,0,0,0,0,0,0,0,0,0,0,0,0,0
18_16,10.775,-61.025,37,0,0,0,0,0,0,0,0,0,0,0,0,0,0,0,0,0
18_16,10.775,-61.025,38,0,0,0,0,0,0,0,0,0,0,0,0,0,0,0,0,0
18_16,10.775,-61.025,39,0,0,0,0,0,0,0,0,0,0,0,0,0,0,0,0,0
18_16,10.775,-61.025,40,0,0,0,0,0,0,0,0,0,0,0,0,0,0,0,0,0
18_16,10.775,-61.025,41,0,0,0,0,0,0,0,0,0,0,0,0,0,0,0,0,0
18_16,10.775,-61.025,42,0,0,0,0,0,0,0,0,0,0,0,0,0,0,0,0,0
18_16,10.775,-61.025,43,0,0,0,0,0,0,0,0,0,0,0,0,0,0,0,0,0
18_16,10.775,-61.025,44,0,0,0,0,0,0,0,0,0,0,0,0,0,0,0,0,0
18_16,10.775,-61.025,45,0,0,0,0,0,0,0,0,0,0,0,0,0,0,0,0,0
18_16,10.775,-61.025,46,0,0,0,0,0,0,0,0,0,0,0,0,0,0,0,0,0
18_16,10.775,-61.025,47,0,0,0,0,0,0,0,0,0,0,0,0,0,0,0,0,0
18_16,10.775,-61.025,48,0,0,0,0,0,0,0,0,0,0,0,0,0,0,0,0,0
18_16,10.775,-61.025,49,0,0,0,0,0,0,0,0,0,0,0,0,0,0,0,0,0
18_16,10.775,-61.025,50,0,0,0,0,0,0,0,0,0,0,0,0,0,0,0,0,0
18_16,10.775,-61.025,51,0,0,0,0,0,0,0,0,0,0,0,0,0,0,0,0,0
18_16,10.775,-61.025,52,0,0,0,0,0,0,0,0,0,0,0,0,0,0,0,0,0
18_17,10.825,-61.025000000000006,0,0,0,,,,,,,,0,,,,,,,
18_17,10.825,-61.025000000000006,1,0,0,0,,,,,,,0,0,,,,,,
18_17,10.825,-61.025000000000006,2,0,0,0,0,,,,,,0,0,0,,,,,
18_17,10.825,-61.025000000000006,3,0,0,0,0,0,,,,,0,0,0,0,,,,
18_17,10.825,-61.025000000000006,4,0,0,0,0,0,0,,,,0,0,0,0,0,,,
18_17,10.825,-61.025000000000006,5,0,0,0,0,0,0,0,,,0,0,0,0,0,0,,
18_17,10.825,-61.025000000000006,6,0,0,0,0,0,0,0,0,,0,0,0,0,0,0,0,
18_17,10.825,-61.025000000000006,7,1,0,0,0,0,0,0,0,0,0,0,0,0,0,0,0,0
18_17,10.825,-61.025000000000006,8,0,0,0,0,0,0,0,0,0,0,0,0,0,0,0,0,0
18_17,10.825,-61.025000000000006,9,0,0,0,0,0,0,0,0,0,0,0,0,0,0,0,0,0
18_17,10.825,-61.025000000000006,10,0,0,0,0,0,0,0,0,0,0,0,0,0,0,0,0,0
18_17,10.825,-61.025000000000006,11,0,0,0,0,0,0,0,0,0,0,0,0,0,0,0,0,0
18_17,10.825,-61.025000000000006,12,0,0,0,0,0,0,0,0,0,0,0,0,0,0,0,0,0
18_17,10.825,-61.025000000000006,13,0,0,0,0,0,0,0,0,0,0,0,0,0,0,0,0,0
18_17,10.825,-61.025000000000006,14,0,0,0,0,0,0,0,0,0,0,0,0,0,0,0,0,0
18_17,10.825,-61.025000000000006,15,0,0,0,0,0,0,0,0,0,0,0,0,0,0,0,0,0
18_17,10.825,-61.025000000000006,16,0,0,0,0,0,0,0,0,0,0,0,0,0,0,0,0,0
18_17,10.825,-61.025000000000006,17,0,0,0,0,0,0,0,0,0,0,0,0,0,0,0,0,0
18_17,10.825,-61.025000000000006,18,0,0,0,0,0,0,0,0,0,0,0,0,0,0,0,0,0
18_17,10.825,-61.025000000000006,19,0,0,0,0,0,0,0,0,0,0,0,0,0,0,0,0,0
18_17,10.825,-61.025000000000006,20,0,0,0,0,0,0,0,0,0,0,0,0,0,0,0,0,0
18_17,10.825,-61.025000000000006,21,0,0,0,0,0,0,0,0,0,0,0,0,0,0,0,0,0
18_17,10.825,-61.025000000000006,22,0,0,0,0,0,0,0,0,0,0,0,0,0,0,0,0,0
18_17,10.825,-61.025000000000006,23,0,0,0,0,0,0,0,0,0,0,0,0,0,0,0,0,0
18_17,10.825,-61.025000000000006,24,0,0,0,0,0,0,0,0,0,0,0,0,0,0,0,0,0
18_17,10.825,-61.025000000000006,25,0,0,0,0,0,0,0,0,0,0,0,0,0,0,0,0,0
18_17,10.825,-61.025000000000006,26,0,0,0,0,0,0,0,0,0,0,0,0,0,0,0,0,0
18_17,10.825,-61.025000000000006,27,0,0,0,0,0,0,0,0,0,0,0,0,0,0,0,0,0
18_17,10.825,-61.025000000000006,28,0,0,0,0,0,0,0,0,0,0,0,0,0,0,0,0,0
18_17,10.825,-61.025000000000006,29,0,0,0,0,0,0,0,0,0,0,0,0,0,0,0,0,0
18_17,10.825,-61.025000000000006,30,0,0,0,0,0,0,0,0,0,0,0,0,0,0,0,0,0
18_17,10.825,-61.025000000000006,31,0,0,0,0,0,0,0,0,0,0,0,0,0,0,0,0,0
18_17,10.825,-61.025000000000006,32,0,0,0,0,0,0,0,0,0,0,0,0,0,0,0,0,0
18_17,10.825,-61.025000000000006,33,0,0,0,0,0,0,0,0,0,0,0,0,0,0,0,0,0
18_17,10.825,-61.025000000000006,34,0,0,0,0,0,0,0,0,0,0,0,0,0,0,0,0,0
18_17,10.825,-61.025000000000006,35,0,0,0,0,0,0,0,0,0,0,0,0,0,0,0,0,0
18_17,10.825,-61.025000000000006,36,0,0,0,0,0,0,0,0,0,0,0,0,0,0,0,0,0
18_17,10.825,-61.025000000000006,37,0,0,0,0,0,0,0,0,0,0,0,0,0,0,0,0,0
18_17,10.825,-61.025000000000006,38,0,0,0,0,0,0,0,0,0,0,0,0,0,0,0,0,0
18_17,10.825,-61.025000000000006,39,0,0,0,0,0,0,0,0,0,0,0,0,0,0,0,0,0
18_17,10.825,-61.025000000000006,40,0,0,0,0,0,0,0,0,0,0,0,0,0,0,0,0,0
18_17,10.825,-61.025000000000006,41,0,0,0,0,0,0,0,0,0,0,0,0,0,0,0,0,0
18_17,10.825,-61.025000000000006,42,0,0,0,0,0,0,0,0,0,0,0,0,0,0,0,0,0
18_17,10.825,-61.025000000000006,43,0,0,0,0,0,0,0,0,0,0,0,0,0,0,0,0,0
18_17,10.825,-61.025000000000006,44,0,0,0,0,0,0,0,0,0,0,0,0,0,0,0,0,0
18_17,10.825,-61.025000000000006,45,0,0,0,0,0,0,0,0,0,0,0,0,0,0,0,0,0
18_17,10.825,-61.025000000000006,46,0,0,0,0,0,0,0,0,0,0,0,0,0,0,0,0,0
18_17,10.825,-61.025000000000006,47,0,0,0,0,0,0,0,0,0,0,0,0,0,0,0,0,0
18_17,10.825,-61.025000000000006,48,0,0,0,0,0,0,0,0,0,0,0,0,0,0,0,0,0
18_17,10.825,-61.025000000000006,49,0,0,0,0,0,0,0,0,0,0,0,0,0,0,0,0,0
18_17,10.825,-61.025000000000006,50,0,0,0,0,0,0,0,0,0,0,0,0,0,0,0,0,0
18_17,10.825,-61.025000000000006,51,0,0,0,0,0,0,0,0,0,0,0,0,0,0,0,0,0
18_17,10.825,-61.025000000000006,52,0,0,0,0,0,0,0,0,0,0,0,0,0,0,0,0,0
18_20,10.975,-61.025,0,0,0,,,,,,,,0,,,,,,,
18_20,10.975,-61.025,1,0,0,0,,,,,,,0,0,,,,,,
18_20,10.975,-61.025,2,0,0,0,0,,,,,,0,0,0,,,,,
18_20,10.975,-61.025,3,0,0,0,0,0,,,,,0,0,0,0,,,,
18_20,10.975,-61.025,4,0,0,0,0,0,0,,,,0,0,0,0,0,,,
18_20,10.975,-61.025,5,0,0,0,0,0,0,0,,,0,0,0,0,0,0,,
18_20,10.975,-61.025,6,0,0,0,0,0,0,0,0,,0,0,0,0,0,0,0,
18_20,10.975,-61.025,7,0,0,0,0,0,0,0,0,0,0,0,0,0,0,0,0,0
18_20,10.975,-61.025,8,0,0,0,0,0,0,0,0,0,0,0,0,0,0,0,0,0
18_20,10.975,-61.025,9,0,0,0,0,0,0,0,0,0,0,0,0,0,0,0,0,0
18_20,10.975,-61.025,10,0,0,0,0,0,0,0,0,0,0,0,0,0,0,0,0,0
18_20,10.975,-61.025,11,0,0,0,0,0,0,0,0,0,0,0,0,0,0,0,0,0
18_20,10.975,-61.025,12,0,0,0,0,0,0,0,0,0,0,0,0,0,0,0,0,0
18_20,10.975,-61.025,13,0,0,0,0,0,0,0,0,0,0,0,0,0,0,0,0,0
18_20,10.975,-61.025,14,0,0,0,0,0,0,0,0,0,0,0,0,0,0,0,0,0
18_20,10.975,-61.025,15,0,0,0,0,0,0,0,0,0,0,0,0,0,0,0,0,0
18_20,10.975,-61.025,16,0,0,0,0,0,0,0,0,0,0,0,0,0,0,0,0,0
18_20,10.975,-61.025,17,0,0,0,0,0,0,0,0,0,0,0,0,0,0,0,0,0
18_20,10.975,-61.025,18,0,0,0,0,0,0,0,0,0,0,0,0,0,0,0,0,0
18_20,10.975,-61.025,19,0,0,0,0,0,0,0,0,0,0,0,0,0,0,0,0,0
18_20,10.975,-61.025,20,0,0,0,0,0,0,0,0,0,0,0,0,0,0,0,0,0
18_20,10.975,-61.025,21,0,0,0,0,0,0,0,0,0,0,0,0,0,0,0,0,0
18_20,10.975,-61.025,22,0,0,0,0,0,0,0,0,0,0,0,0,0,0,0,0,0
18_20,10.975,-61.025,23,0,0,0,0,0,0,0,0,0,0,0,0,0,0,0,0,0
18_20,10.975,-61.025,24,0,0,0,0,0,0,0,0,0,0,0,0,0,0,0,0,0
18_20,10.975,-61.025,25,0,0,0,0,0,0,0,0,0,0,0,0,0,0,0,0,0
18_20,10.975,-61.025,26,0,0,0,0,0,0,0,0,0,0,0,0,0,0,0,0,0
18_20,10.975,-61.025,27,0,0,0,0,0,0,0,0,0,0,0,0,0,0,0,0,0
18_20,10.975,-61.025,28,0,0,0,0,0,0,0,0,0,0,0,0,0,0,0,0,0
18_20,10.975,-61.025,29,0,0,0,0,0,0,0,0,0,0,0,0,0,0,0,0,0
18_20,10.975,-61.025,30,0,0,0,0,0,0,0,0,0,0,0,0,0,0,0,0,0
18_20,10.975,-61.025,31,0,0,0,0,0,0,0,0,0,0,0,0,0,0,0,0,0
18_20,10.975,-61.025,32,0,0,0,0,0,0,0,0,0,0,0,0,0,0,0,0,0
18_20,10.975,-61.025,33,0,0,0,0,0,0,0,0,0,0,0,0,0,0,0,0,0
18_20,10.975,-61.025,34,0,0,0,0,0,0,0,0,0,0,0,0,0,0,0,0,0
18_20,10.975,-61.025,35,0,0,0,0,0,0,0,0,0,0,0,0,0,0,0,0,0
18_20,10.975,-61.025,36,0,0,0,0,0,0,0,0,0,0,0,0,0,0,0,0,0
18_20,10.975,-61.025,37,0,0,0,0,0,0,0,0,0,0,0,0,0,0,0,0,0
18_20,10.975,-61.025,38,0,0,0,0,0,0,0,0,0,0,0,0,0,0,0,0,0
18_20,10.975,-61.025,39,0,0,0,0,0,0,0,0,0,0,0,0,0,0,0,0,0
18_20,10.975,-61.025,40,0,0,0,0,0,0,0,0,0,0,0,0,0,0,0,0,0
18_20,10.975,-61.025,41,0,0,0,0,0,0,0,0,0,0,0,0,0,0,0,0,0
18_20,10.975,-61.025,42,0,0,0,0,0,0,0,0,0,0,0,0,0,0,0,0,0
18_20,10.975,-61.025,43,0,0,0,0,0,0,0,0,0,0,0,0,0,0,0,0,0
18_20,10.975,-61.025,44,0,0,0,0,0,0,0,0,0,0,0,0,0,0,0,0,0
18_20,10.975,-61.025,45,0,0,0,0,0,0,0,0,0,0,0,0,0,0,0,0,0
18_20,10.975,-61.025,46,0,0,0,0,0,0,0,0,0,0,0,0,0,0,0,0,0
18_20,10.975,-61.025,47,0,0,0,0,0,0,0,0,0,0,0,0,0,0,0,0,0
18_20,10.975,-61.025,48,0,0,0,0,0,0,0,0,0,0,0,0,0,0,0,0,0
18_20,10.975,-61.025,49,0,0,0,0,0,0,0,0,0,0,0,0,0,0,0,0,0
18_20,10.975,-61.025,50,0,0,0,0,0,0,0,0,0,0,0,0,0,0,0,0,0
18_20,10.975,-61.025,51,0,0,0,0,0,0,0,0,0,0,0,0,0,0,0,0,0
18_20,10.975,-61.025,52,0,0,0,0,0,0,0,0,0,0,0,0,0,0,0,0,0
18_21,11.025,-61.025,0,0,0,,,,,,,,0,,,,,,,
18_21,11.025,-61.025,1,0,0,0,,,,,,,0,0,,,,,,
18_21,11.025,-61.025,2,0,0,0,0,,,,,,0,0,0,,,,,
18_21,11.025,-61.025,3,0,0,0,0,0,,,,,0,0,0,0,,,,
18_21,11.025,-61.025,4,0,0,0,0,0,0,,,,0,0,0,0,0,,,
18_21,11.025,-61.025,5,0,0,0,0,0,0,0,,,0,0,0,0,0,0,,
18_21,11.025,-61.025,6,0,0,0,0,0,0,0,0,,0,0,0,0,0,0,0,
18_21,11.025,-61.025,7,0,0,0,0,0,0,0,0,0,0,0,0,0,0,0,0,0
18_21,11.025,-61.025,8,0,0,0,0,0,0,0,0,0,0,0,0,0,0,0,0,0
18_21,11.025,-61.025,9,0,0,0,0,0,0,0,0,0,0,0,0,0,0,0,0,0
18_21,11.025,-61.025,10,0,0,0,0,0,0,0,0,0,0,0,0,0,0,0,0,0
18_21,11.025,-61.025,11,0,0,0,0,0,0,0,0,0,0,0,0,0,0,0,0,0
18_21,11.025,-61.025,12,0,0,0,0,0,0,0,0,0,0,0,0,0,0,0,0,0
18_21,11.025,-61.025,13,0,0,0,0,0,0,0,0,0,0,0,0,0,0,0,0,0
18_21,11.025,-61.025,14,0,0,0,0,0,0,0,0,0,0,0,0,0,0,0,0,0
18_21,11.025,-61.025,15,0,0,0,0,0,0,0,0,0,0,0,0,0,0,0,0,0
18_21,11.025,-61.025,16,0,0,0,0,0,0,0,0,0,0,0,0,0,0,0,0,0
18_21,11.025,-61.025,17,0,0,0,0,0,0,0,0,0,0,0,0,0,0,0,0,0
18_21,11.025,-61.025,18,0,0,0,0,0,0,0,0,0,0,0,0,0,0,0,0,0
18_21,11.025,-61.025,19,0,0,0,0,0,0,0,0,0,0,0,0,0,0,0,0,0
18_21,11.025,-61.025,20,0,0,0,0,0,0,0,0,0,0,0,0,0,0,0,0,0
18_21,11.025,-61.025,21,0,0,0,0,0,0,0,0,0,0,0,0,0,0,0,0,0
18_21,11.025,-61.025,22,0,0,0,0,0,0,0,0,0,0,0,0,0,0,0,0,0
18_21,11.025,-61.025,23,0,0,0,0,0,0,0,0,0,0,0,0,0,0,0,0,0
18_21,11.025,-61.025,24,0,0,0,0,0,0,0,0,0,0,0,0,0,0,0,0,0
18_21,11.025,-61.025,25,0,0,0,0,0,0,0,0,0,0,0,0,0,0,0,0,0
18_21,11.025,-61.025,26,0,0,0,0,0,0,0,0,0,0,0,0,0,0,0,0,0
18_21,11.025,-61.025,27,0,0,0,0,0,0,0,0,0,0,0,0,0,0,0,0,0
18_21,11.025,-61.025,28,0,0,0,0,0,0,0,0,0,0,0,0,0,0,0,0,0
18_21,11.025,-61.025,29,0,0,0,0,0,0,0,0,0,0,0,0,0,0,0,0,0
18_21,11.025,-61.025,30,0,0,0,0,0,0,0,0,0,0,0,0,0,0,0,0,0
18_21,11.025,-61.025,31,0,0,0,0,0,0,0,0,0,0,0,0,0,0,0,0,0
18_21,11.025,-61.025,32,0,0,0,0,0,0,0,0,0,0,0,0,0,0,0,0,0
18_21,11.025,-61.025,33,0,0,0,0,0,0,0,0,0,0,0,0,0,0,0,0,0
18_21,11.025,-61.025,34,0,0,0,0,0,0,0,0,0,0,0,0,0,0,0,0,0
18_21,11.025,-61.025,35,0,0,0,0,0,0,0,0,0,0,0,0,0,0,0,0,0
18_21,11.025,-61.025,36,0,0,0,0,0,0,0,0,0,0,0,0,0,0,0,0,0
18_21,11.025,-61.025,37,0,0,0,0,0,0,0,0,0,0,0,0,0,0,0,0,0
18_21,11.025,-61.025,38,0,0,0,0,0,0,0,0,0,0,0,0,0,0,0,0,0
18_21,11.025,-61.025,39,0,0,0,0,0,0,0,0,0,0,0,0,0,0,0,0,0
18_21,11.025,-61.025,40,0,0,0,0,0,0,0,0,0,0,0,0,0,0,0,0,0
18_21,11.025,-61.025,41,0,0,0,0,0,0,0,0,0,0,0,0,0,0,0,0,0
18_21,11.025,-61.025,42,0,0,0,0,0,0,0,0,0,0,0,0,0,0,0,0,0
18_21,11.025,-61.025,43,0,0,0,0,0,0,0,0,0,0,0,0,0,0,0,0,0
18_21,11.025,-61.025,44,0,0,0,0,0,0,0,0,0,0,0,0,0,0,0,0,0
18_21,11.025,-61.025,45,0,0,0,0,0,0,0,0,0,0,0,0,0,0,0,0,0
18_21,11.025,-61.025,46,0,0,0,0,0,0,0,0,0,0,0,0,0,0,0,0,0
18_21,11.025,-61.025,47,0,0,0,0,0,0,0,0,0,0,0,0,0,0,0,0,0
18_21,11.025,-61.025,48,0,0,0,0,0,0,0,0,0,0,0,0,0,0,0,0,0
18_21,11.025,-61.025,49,0,0,0,0,0,0,0,0,0,0,0,0,0,0,0,0,0
18_21,11.025,-61.025,50,0,0,0,0,0,0,0,0,0,0,0,0,0,0,0,0,0
18_21,11.025,-61.025,51,0,0,0,0,0,0,0,0,0,0,0,0,0,0,0,0,0
18_21,11.025,-61.025,52,0,0,0,0,0,0,0,0,0,0,0,0,0,0,0,0,0
19_3,10.124999999999998,-60.97499999999999,0,0,0,,,,,,,,0,,,,,,,
19_3,10.124999999999998,-60.97499999999999,1,0,0,0,,,,,,,0,0,,,,,,
19_3,10.124999999999998,-60.97499999999999,2,0,0,0,0,,,,,,0,0,0,,,,,
19_3,10.124999999999998,-60.97499999999999,3,0,0,0,0,0,,,,,0,0,0,0,,,,
19_3,10.124999999999998,-60.97499999999999,4,0,0,0,0,0,0,,,,0,0,0,0,0,,,
19_3,10.124999999999998,-60.97499999999999,5,0,0,0,0,0,0,0,,,0,0,0,0,0,0,,
19_3,10.124999999999998,-60.97499999999999,6,0,0,0,0,0,0,0,0,,0,0,0,0,0,0,0,
19_3,10.124999999999998,-60.97499999999999,7,0,0,0,0,0,0,0,0,0,0,0,0,0,0,0,0,0
19_3,10.124999999999998,-60.97499999999999,8,0,0,0,0,0,0,0,0,0,0,0,0,0,0,0,0,0
19_3,10.124999999999998,-60.97499999999999,9,0,0,0,0,0,0,0,0,0,0,0,0,0,0,0,0,0
19_3,10.124999999999998,-60.97499999999999,10,0,0,0,0,0,0,0,0,0,0,0,0,0,0,0,0,0
19_3,10.124999999999998,-60.97499999999999,11,0,0,0,0,0,0,0,0,0,0,0,0,0,0,0,0,0
19_3,10.124999999999998,-60.97499999999999,12,0,0,0,0,0,0,0,0,0,0,0,0,0,0,0,0,0
19_3,10.124999999999998,-60.97499999999999,13,0,0,0,0,0,0,0,0,0,0,0,0,0,0,0,0,0
19_3,10.124999999999998,-60.97499999999999,14,0,0,0,0,0,0,0,0,0,0,0,0,0,0,0,0,0
19_3,10.124999999999998,-60.97499999999999,15,0,0,0,0,0,0,0,0,0,0,0,0,0,0,0,0,0
19_3,10.124999999999998,-60.97499999999999,16,0,0,0,0,0,0,0,0,0,0,0,0,0,0,0,0,0
19_3,10.124999999999998,-60.97499999999999,17,0,0,0,0,0,0,0,0,0,0,0,0,0,0,0,0,0
19_3,10.124999999999998,-60.97499999999999,18,0,0,0,0,0,0,0,0,0,0,0,0,0,0,0,0,0
19_3,10.124999999999998,-60.97499999999999,19,0,0,0,0,0,0,0,0,0,0,0,0,0,0,0,0,0
19_3,10.124999999999998,-60.97499999999999,20,0,0,0,0,0,0,0,0,0,0,0,0,0,0,0,0,0
19_3,10.124999999999998,-60.97499999999999,21,0,0,0,0,0,0,0,0,0,0,0,0,0,0,0,0,0
19_3,10.124999999999998,-60.97499999999999,22,0,0,0,0,0,0,0,0,0,0,0,0,0,0,0,0,0
19_3,10.124999999999998,-60.97499999999999,23,0,0,0,0,0,0,0,0,0,0,0,0,0,0,0,0,0
19_3,10.124999999999998,-60.97499999999999,24,0,0,0,0,0,0,0,0,0,0,0,0,0,0,0,0,0
19_3,10.124999999999998,-60.97499999999999,25,0,0,0,0,0,0,0,0,0,0,0,0,0,0,0,0,0
19_3,10.124999999999998,-60.97499999999999,26,0,0,0,0,0,0,0,0,0,0,0,0,0,0,0,0,0
19_3,10.124999999999998,-60.97499999999999,27,0,0,0,0,0,0,0,0,0,0,0,0,0,0,0,0,0
19_3,10.124999999999998,-60.97499999999999,28,0,0,0,0,0,0,0,0,0,0,0,0,0,0,0,0,0
19_3,10.124999999999998,-60.97499999999999,29,0,0,0,0,0,0,0,0,0,0,0,0,0,0,0,0,0
19_3,10.124999999999998,-60.97499999999999,30,0,0,0,0,0,0,0,0,0,0,0,0,0,0,0,0,0
19_3,10.124999999999998,-60.97499999999999,31,0,0,0,0,0,0,0,0,0,0,0,0,0,0,0,0,0
19_3,10.124999999999998,-60.97499999999999,32,0,0,0,0,0,0,0,0,0,0,0,0,0,0,0,0,0
19_3,10.124999999999998,-60.97499999999999,33,0,0,0,0,0,0,0,0,0,0,0,0,0,0,0,0,0
19_3,10.124999999999998,-60.97499999999999,34,0,0,0,0,0,0,0,0,0,0,0,0,0,0,0,0,0
19_3,10.124999999999998,-60.97499999999999,35,0,0,0,0,0,0,0,0,0,0,0,0,0,0,0,0,0
19_3,10.124999999999998,-60.97499999999999,36,0,0,0,0,0,0,0,0,0,0,0,0,0,0,0,0,0
19_3,10.124999999999998,-60.97499999999999,37,0,0,0,0,0,0,0,0,0,0,0,0,0,0,0,0,0
19_3,10.124999999999998,-60.97499999999999,38,0,0,0,0,0,0,0,0,0,0,0,0,0,0,0,0,0
19_3,10.124999999999998,-60.97499999999999,39,0,0,0,0,0,0,0,0,0,0,0,0,0,0,0,0,0
19_3,10.124999999999998,-60.97499999999999,40,0,0,0,0,0,0,0,0,0,0,0,0,0,0,0,0,0
19_3,10.124999999999998,-60.97499999999999,41,0,0,0,0,0,0,0,0,0,0,0,0,0,0,0,0,0
19_3,10.124999999999998,-60.97499999999999,42,0,0,0,0,0,0,0,0,0,0,0,0,0,0,0,0,0
19_3,10.124999999999998,-60.97499999999999,43,0,0,0,0,0,0,0,0,0,0,0,0,0,0,0,0,0
19_3,10.124999999999998,-60.97499999999999,44,0,0,0,0,0,0,0,0,0,0,0,0,0,0,0,0,0
19_3,10.124999999999998,-60.97499999999999,45,0,0,0,0,0,0,0,0,0,0,0,0,0,0,0,0,0
19_3,10.124999999999998,-60.97499999999999,46,0,0,0,0,0,0,0,0,0,0,0,0,0,0,0,0,0
19_3,10.124999999999998,-60.97499999999999,47,0,0,0,0,0,0,0,0,0,0,0,0,0,0,0,0,0
19_3,10.124999999999998,-60.97499999999999,48,0,0,0,0,0,0,0,0,0,0,0,0,0,0,0,0,0
19_3,10.124999999999998,-60.97499999999999,49,0,0,0,0,0,0,0,0,0,0,0,0,0,0,0,0,0
19_3,10.124999999999998,-60.97499999999999,50,0,0,0,0,0,0,0,0,0,0,0,0,0,0,0,0,0
19_3,10.124999999999998,-60.97499999999999,51,0,0,0,0,0,0,0,0,0,0,0,0,0,0,0,0,0
19_3,10.124999999999998,-60.97499999999999,52,0,0,0,0,0,0,0,0,0,0,0,0,0,0,0,0,0
19_4,10.175,-60.975,0,0,0,,,,,,,,0,,,,,,,
19_4,10.175,-60.975,1,0,0,0,,,,,,,0,0,,,,,,
19_4,10.175,-60.975,2,0,0,0,0,,,,,,0,0,0,,,,,
19_4,10.175,-60.975,3,0,0,0,0,0,,,,,0,0,0,0,,,,
19_4,10.175,-60.975,4,0,0,0,0,0,0,,,,0,0,0,0,0,,,
19_4,10.175,-60.975,5,0,0,0,0,0,0,0,,,0,0,0,0,0,0,,
19_4,10.175,-60.975,6,0,0,0,0,0,0,0,0,,0,0,0,0,0,0,0,
19_4,10.175,-60.975,7,0,0,0,0,0,0,0,0,0,0,0,0,0,0,0,0,0
19_4,10.175,-60.975,8,0,0,0,0,0,0,0,0,0,0,0,0,0,0,0,0,0
19_4,10.175,-60.975,9,0,0,0,0,0,0,0,0,0,0,0,0,0,0,0,0,0
19_4,10.175,-60.975,10,0,0,0,0,0,0,0,0,0,0,0,0,0,0,0,0,0
19_4,10.175,-60.975,11,0,0,0,0,0,0,0,0,0,0,0,0,0,0,0,0,0
19_4,10.175,-60.975,12,0,0,0,0,0,0,0,0,0,0,0,0,0,0,0,0,0
19_4,10.175,-60.975,13,0,0,0,0,0,0,0,0,0,0,0,0,0,0,0,0,0
19_4,10.175,-60.975,14,0,0,0,0,0,0,0,0,0,0,0,0,0,0,0,0,0
19_4,10.175,-60.975,15,0,0,0,0,0,0,0,0,0,0,0,0,0,0,0,0,0
19_4,10.175,-60.975,16,0,0,0,0,0,0,0,0,0,0,0,0,0,0,0,0,0
19_4,10.175,-60.975,17,0,0,0,0,0,0,0,0,0,0,0,0,0,0,0,0,0
19_4,10.175,-60.975,18,0,0,0,0,0,0,0,0,0,0,0,0,0,0,0,0,0
19_4,10.175,-60.975,19,0,0,0,0,0,0,0,0,0,0,0,0,0,0,0,0,0
19_4,10.175,-60.975,20,0,0,0,0,0,0,0,0,0,0,0,0,0,0,0,0,0
19_4,10.175,-60.975,21,0,0,0,0,0,0,0,0,0,0,0,0,0,0,0,0,0
19_4,10.175,-60.975,22,0,0,0,0,0,0,0,0,0,0,0,0,0,0,0,0,0
19_4,10.175,-60.975,23,0,0,0,0,0,0,0,0,0,0,0,0,0,0,0,0,0
19_4,10.175,-60.975,24,0,0,0,0,0,0,0,0,0,0,0,0,0,0,0,0,0
19_4,10.175,-60.975,25,0,0,0,0,0,0,0,0,0,0,0,0,0,0,0,0,0
19_4,10.175,-60.975,26,0,0,0,0,0,0,0,0,0,0,0,0,0,0,0,0,0
19_4,10.175,-60.975,27,0,0,0,0,0,0,0,0,0,0,0,0,0,0,0,0,0
19_4,10.175,-60.975,28,0,0,0,0,0,0,0,0,0,0,0,0,0,0,0,0,0
19_4,10.175,-60.975,29,0,0,0,0,0,0,0,0,0,0,0,0,0,0,0,0,0
19_4,10.175,-60.975,30,0,0,0,0,0,0,0,0,0,0,0,0,0,0,0,0,0
19_4,10.175,-60.975,31,0,0,0,0,0,0,0,0,0,0,0,0,0,0,0,0,0
19_4,10.175,-60.975,32,0,0,0,0,0,0,0,0,0,0,0,0,0,0,0,0,0
19_4,10.175,-60.975,33,0,0,0,0,0,0,0,0,0,0,0,0,0,0,0,0,0
19_4,10.175,-60.975,34,0,0,0,0,0,0,0,0,0,0,0,0,0,0,0,0,0
19_4,10.175,-60.975,35,0,0,0,0,0,0,0,0,0,0,0,0,0,0,0,0,0
19_4,10.175,-60.975,36,0,0,0,0,0,0,0,0,0,0,0,0,0,0,0,0,0
19_4,10.175,-60.975,37,0,0,0,0,0,0,0,0,0,0,0,0,0,0,0,0,0
19_4,10.175,-60.975,38,0,0,0,0,0,0,0,0,0,0,0,0,0,0,0,0,0
19_4,10.175,-60.975,39,0,0,0,0,0,0,0,0,0,0,0,0,0,0,0,0,0
19_4,10.175,-60.975,40,0,0,0,0,0,0,0,0,0,0,0,0,0,0,0,0,0
19_4,10.175,-60.975,41,0,0,0,0,0,0,0,0,0,0,0,0,0,0,0,0,0
19_4,10.175,-60.975,42,0,0,0,0,0,0,0,0,0,0,0,0,0,0,0,0,0
19_4,10.175,-60.975,43,0,0,0,0,0,0,0,0,0,0,0,0,0,0,0,0,0
19_4,10.175,-60.975,44,0,0,0,0,0,0,0,0,0,0,0,0,0,0,0,0,0
19_4,10.175,-60.975,45,0,0,0,0,0,0,0,0,0,0,0,0,0,0,0,0,0
19_4,10.175,-60.975,46,0,0,0,0,0,0,0,0,0,0,0,0,0,0,0,0,0
19_4,10.175,-60.975,47,0,0,0,0,0,0,0,0,0,0,0,0,0,0,0,0,0
19_4,10.175,-60.975,48,0,0,0,0,0,0,0,0,0,0,0,0,0,0,0,0,0
19_4,10.175,-60.975,49,0,0,0,0,0,0,0,0,0,0,0,0,0,0,0,0,0
19_4,10.175,-60.975,50,0,0,0,0,0,0,0,0,0,0,0,0,0,0,0,0,0
19_4,10.175,-60.975,51,0,0,0,0,0,0,0,0,0,0,0,0,0,0,0,0,0
19_4,10.175,-60.975,52,0,0,0,0,0,0,0,0,0,0,0,0,0,0,0,0,0
19_6,10.275,-60.97499999999999,0,0,0,,,,,,,,0,,,,,,,
19_6,10.275,-60.97499999999999,1,0,0,0,,,,,,,0,0,,,,,,
19_6,10.275,-60.97499999999999,2,0,0,0,0,,,,,,0,0,0,,,,,
19_6,10.275,-60.97499999999999,3,0,0,0,0,0,,,,,0,0,0,0,,,,
19_6,10.275,-60.97499999999999,4,0,0,0,0,0,0,,,,0,0,0,0,0,,,
19_6,10.275,-60.97499999999999,5,0,0,0,0,0,0,0,,,0,0,0,0,0,0,,
19_6,10.275,-60.97499999999999,6,0,0,0,0,0,0,0,0,,0,0,0,0,0,0,0,
19_6,10.275,-60.97499999999999,7,0,0,0,0,0,0,0,0,0,0,0,0,0,0,0,0,0
19_6,10.275,-60.97499999999999,8,0,0,0,0,0,0,0,0,0,0,0,0,0,0,0,0,0
19_6,10.275,-60.97499999999999,9,0,0,0,0,0,0,0,0,0,0,0,0,0,0,0,0,0
19_6,10.275,-60.97499999999999,10,0,0,0,0,0,0,0,0,0,0,0,0,0,0,0,0,0
19_6,10.275,-60.97499999999999,11,0,0,0,0,0,0,0,0,0,0,0,0,0,0,0,0,0
19_6,10.275,-60.97499999999999,12,0,0,0,0,0,0,0,0,0,0,0,0,0,0,0,0,0
19_6,10.275,-60.97499999999999,13,0,0,0,0,0,0,0,0,0,0,0,0,0,0,0,0,0
19_6,10.275,-60.97499999999999,14,0,0,0,0,0,0,0,0,0,0,0,0,0,0,0,0,0
19_6,10.275,-60.97499999999999,15,0,0,0,0,0,0,0,0,0,0,0,0,0,0,0,0,0
19_6,10.275,-60.97499999999999,16,0,0,0,0,0,0,0,0,0,0,0,0,0,0,0,0,0
19_6,10.275,-60.97499999999999,17,0,0,0,0,0,0,0,0,0,0,0,0,0,0,0,0,0
19_6,10.275,-60.97499999999999,18,0,0,0,0,0,0,0,0,0,0,0,0,0,0,0,0,0
19_6,10.275,-60.97499999999999,19,0,0,0,0,0,0,0,0,0,0,0,0,0,0,0,0,0
19_6,10.275,-60.97499999999999,20,0,0,0,0,0,0,0,0,0,0,0,0,0,0,0,0,0
19_6,10.275,-60.97499999999999,21,0,0,0,0,0,0,0,0,0,0,0,0,0,0,0,0,0
19_6,10.275,-60.97499999999999,22,0,0,0,0,0,0,0,0,0,0,0,0,0,0,0,0,0
19_6,10.275,-60.97499999999999,23,0,0,0,0,0,0,0,0,0,0,0,0,0,0,0,0,0
19_6,10.275,-60.97499999999999,24,0,0,0,0,0,0,0,0,0,0,0,0,0,0,0,0,0
19_6,10.275,-60.97499999999999,25,0,0,0,0,0,0,0,0,0,0,0,0,0,0,0,0,0
19_6,10.275,-60.97499999999999,26,0,0,0,0,0,0,0,0,0,0,0,0,0,0,0,0,0
19_6,10.275,-60.97499999999999,27,0,0,0,0,0,0,0,0,0,0,0,0,0,0,0,0,0
19_6,10.275,-60.97499999999999,28,0,0,0,0,0,0,0,0,0,0,0,0,0,0,0,0,0
19_6,10.275,-60.97499999999999,29,0,0,0,0,0,0,0,0,0,0,0,0,0,0,0,0,0
19_6,10.275,-60.97499999999999,30,0,0,0,0,0,0,0,0,0,0,0,0,0,0,0,0,0
19_6,10.275,-60.97499999999999,31,0,0,0,0,0,0,0,0,0,0,0,0,0,0,0,0,0
19_6,10.275,-60.97499999999999,32,0,0,0,0,0,0,0,0,0,0,0,0,0,0,0,0,0
19_6,10.275,-60.97499999999999,33,0,0,0,0,0,0,0,0,0,0,0,0,0,0,0,0,0
19_6,10.275,-60.97499999999999,34,0,0,0,0,0,0,0,0,0,0,0,0,0,0,0,0,0
19_6,10.275,-60.97499999999999,35,0,0,0,0,0,0,0,0,0,0,0,0,0,0,0,0,0
19_6,10.275,-60.97499999999999,36,0,0,0,0,0,0,0,0,0,0,0,0,0,0,0,0,0
19_6,10.275,-60.97499999999999,37,0,0,0,0,0,0,0,0,0,0,0,0,0,0,0,0,0
19_6,10.275,-60.97499999999999,38,0,0,0,0,0,0,0,0,0,0,0,0,0,0,0,0,0
19_6,10.275,-60.97499999999999,39,0,0,0,0,0,0,0,0,0,0,0,0,0,0,0,0,0
19_6,10.275,-60.97499999999999,40,0,0,0,0,0,0,0,0,0,0,0,0,0,0,0,0,0
19_6,10.275,-60.97499999999999,41,0,0,0,0,0,0,0,0,0,0,0,0,0,0,0,0,0
19_6,10.275,-60.97499999999999,42,0,0,0,0,0,0,0,0,0,0,0,0,0,0,0,0,0
19_6,10.275,-60.97499999999999,43,0,0,0,0,0,0,0,0,0,0,0,0,0,0,0,0,0
19_6,10.275,-60.97499999999999,44,0,0,0,0,0,0,0,0,0,0,0,0,0,0,0,0,0
19_6,10.275,-60.97499999999999,45,0,0,0,0,0,0,0,0,0,0,0,0,0,0,0,0,0
19_6,10.275,-60.97499999999999,46,0,0,0,0,0,0,0,0,0,0,0,0,0,0,0,0,0
19_6,10.275,-60.97499999999999,47,0,0,0,0,0,0,0,0,0,0,0,0,0,0,0,0,0
19_6,10.275,-60.97499999999999,48,0,0,0,0,0,0,0,0,0,0,0,0,0,0,0,0,0
19_6,10.275,-60.97499999999999,49,0,0,0,0,0,0,0,0,0,0,0,0,0,0,0,0,0
19_6,10.275,-60.97499999999999,50,0,0,0,0,0,0,0,0,0,0,0,0,0,0,0,0,0
19_6,10.275,-60.97499999999999,51,0,0,0,0,0,0,0,0,0,0,0,0,0,0,0,0,0
19_6,10.275,-60.97499999999999,52,0,0,0,0,0,0,0,0,0,0,0,0,0,0,0,0,0
19_7,10.325,-60.975,0,0,0,,,,,,,,0,,,,,,,
19_7,10.325,-60.975,1,0,0,0,,,,,,,0,0,,,,,,
19_7,10.325,-60.975,2,0,0,0,0,,,,,,0,0,0,,,,,
19_7,10.325,-60.975,3,0,0,0,0,0,,,,,0,0,0,0,,,,
19_7,10.325,-60.975,4,0,0,0,0,0,0,,,,0,0,0,0,0,,,
19_7,10.325,-60.975,5,0,0,0,0,0,0,0,,,0,0,0,0,0,0,,
19_7,10.325,-60.975,6,0,0,0,0,0,0,0,0,,0,0,0,0,0,0,0,
19_7,10.325,-60.975,7,0,0,0,0,0,0,0,0,0,0,0,0,0,0,0,0,0
19_7,10.325,-60.975,8,0,0,0,0,0,0,0,0,0,0,0,0,0,0,0,0,0
19_7,10.325,-60.975,9,0,0,0,0,0,0,0,0,0,0,0,0,0,0,0,0,0
19_7,10.325,-60.975,10,0,0,0,0,0,0,0,0,0,0,0,0,0,0,0,0,0
19_7,10.325,-60.975,11,0,0,0,0,0,0,0,0,0,0,0,0,0,0,0,0,0
19_7,10.325,-60.975,12,0,0,0,0,0,0,0,0,0,0,0,0,0,0,0,0,0
19_7,10.325,-60.975,13,0,0,0,0,0,0,0,0,0,0,0,0,0,0,0,0,0
19_7,10.325,-60.975,14,0,0,0,0,0,0,0,0,0,0,0,0,0,0,0,0,0
19_7,10.325,-60.975,15,0,0,0,0,0,0,0,0,0,0,0,0,0,0,0,0,0
19_7,10.325,-60.975,16,0,0,0,0,0,0,0,0,0,0,0,0,0,0,0,0,0
19_7,10.325,-60.975,17,0,0,0,0,0,0,0,0,0,0,0,0,0,0,0,0,0
19_7,10.325,-60.975,18,0,0,0,0,0,0,0,0,0,0,0,0,0,0,0,0,0
19_7,10.325,-60.975,19,0,0,0,0,0,0,0,0,0,0,0,0,0,0,0,0,0
19_7,10.325,-60.975,20,0,0,0,0,0,0,0,0,0,0,0,0,0,0,0,0,0
19_7,10.325,-60.975,21,0,0,0,0,0,0,0,0,0,0,0,0,0,0,0,0,0
19_7,10.325,-60.975,22,0,0,0,0,0,0,0,0,0,0,0,0,0,0,0,0,0
19_7,10.325,-60.975,23,0,0,0,0,0,0,0,0,0,0,0,0,0,0,0,0,0
19_7,10.325,-60.975,24,0,0,0,0,0,0,0,0,0,0,0,0,0,0,0,0,0
19_7,10.325,-60.975,25,0,0,0,0,0,0,0,0,0,0,0,0,0,0,0,0,0
19_7,10.325,-60.975,26,0,0,0,0,0,0,0,0,0,0,0,0,0,0,0,0,0
19_7,10.325,-60.975,27,0,0,0,0,0,0,0,0,0,0,0,0,0,0,0,0,0
19_7,10.325,-60.975,28,0,0,0,0,0,0,0,0,0,0,0,0,0,0,0,0,0
19_7,10.325,-60.975,29,0,0,0,0,0,0,0,0,0,0,0,0,0,0,0,0,0
19_7,10.325,-60.975,30,0,0,0,0,0,0,0,0,0,0,0,0,0,0,0,0,0
19_7,10.325,-60.975,31,0,0,0,0,0,0,0,0,0,0,0,0,0,0,0,0,0
19_7,10.325,-60.975,32,0,0,0,0,0,0,0,0,0,0,0,0,0,0,0,0,0
19_7,10.325,-60.975,33,0,0,0,0,0,0,0,0,0,0,0,0,0,0,0,0,0
19_7,10.325,-60.975,34,0,0,0,0,0,0,0,0,0,0,0,0,0,0,0,0,0
19_7,10.325,-60.975,35,0,0,0,0,0,0,0,0,0,0,0,0,0,0,0,0,0
19_7,10.325,-60.975,36,0,0,0,0,0,0,0,0,0,0,0,0,0,0,0,0,0
19_7,10.325,-60.975,37,0,0,0,0,0,0,0,0,0,0,0,0,0,0,0,0,0
19_7,10.325,-60.975,38,0,0,0,0,0,0,0,0,0,0,0,0,0,0,0,0,0
19_7,10.325,-60.975,39,0,0,0,0,0,0,0,0,0,0,0,0,0,0,0,0,0
19_7,10.325,-60.975,40,0,0,0,0,0,0,0,0,0,0,0,0,0,0,0,0,0
19_7,10.325,-60.975,41,0,0,0,0,0,0,0,0,0,0,0,0,0,0,0,0,0
19_7,10.325,-60.975,42,0,0,0,0,0,0,0,0,0,0,0,0,0,0,0,0,0
19_7,10.325,-60.975,43,0,0,0,0,0,0,0,0,0,0,0,0,0,0,0,0,0
19_7,10.325,-60.975,44,0,0,0,0,0,0,0,0,0,0,0,0,0,0,0,0,0
19_7,10.325,-60.975,45,0,0,0,0,0,0,0,0,0,0,0,0,0,0,0,0,0
19_7,10.325,-60.975,46,0,0,0,0,0,0,0,0,0,0,0,0,0,0,0,0,0
19_7,10.325,-60.975,47,0,0,0,0,0,0,0,0,0,0,0,0,0,0,0,0,0
19_7,10.325,-60.975,48,0,0,0,0,0,0,0,0,0,0,0,0,0,0,0,0,0
19_7,10.325,-60.975,49,0,0,0,0,0,0,0,0,0,0,0,0,0,0,0,0,0
19_7,10.325,-60.975,50,0,0,0,0,0,0,0,0,0,0,0,0,0,0,0,0,0
19_7,10.325,-60.975,51,0,0,0,0,0,0,0,0,0,0,0,0,0,0,0,0,0
19_7,10.325,-60.975,52,0,0,0,0,0,0,0,0,0,0,0,0,0,0,0,0,0
19_15,10.725,-60.97499999999999,0,0,0,,,,,,,,0,,,,,,,
19_15,10.725,-60.97499999999999,1,1,0,0,,,,,,,0,0,,,,,,
19_15,10.725,-60.97499999999999,2,0,0,0,0,,,,,,0,0,0,,,,,
19_15,10.725,-60.97499999999999,3,0,0,0,0,0,,,,,0,0,0,0,,,,
19_15,10.725,-60.97499999999999,4,0,0,0,0,0,0,,,,0,0,0,0,0,,,
19_15,10.725,-60.97499999999999,5,0,0,0,0,0,0,0,,,0,0,0,0,0,0,,
19_15,10.725,-60.97499999999999,6,0,0,0,0,0,0,0,0,,0,0,0,0,0,0,0,
19_15,10.725,-60.97499999999999,7,0,0,0,0,0,0,0,0,0,0,0,0,0,0,0,0,0
19_15,10.725,-60.97499999999999,8,0,0,0,0,0,0,0,0,0,0,0,0,0,0,0,0,0
19_15,10.725,-60.97499999999999,9,0,0,0,0,0,0,0,0,0,0,0,0,0,0,0,0,0
19_15,10.725,-60.97499999999999,10,0,0,0,0,0,0,0,0,0,0,0,0,0,0,0,0,0
19_15,10.725,-60.97499999999999,11,0,0,0,0,0,0,0,0,0,0,0,0,0,0,0,0,0
19_15,10.725,-60.97499999999999,12,0,0,0,0,0,0,0,0,0,0,0,0,0,0,0,0,0
19_15,10.725,-60.97499999999999,13,0,0,0,0,0,0,0,0,0,0,0,0,0,0,0,0,0
19_15,10.725,-60.97499999999999,14,0,0,0,0,0,0,0,0,0,0,0,0,0,0,0,0,0
19_15,10.725,-60.97499999999999,15,0,0,0,0,0,0,0,0,0,0,0,0,0,0,0,0,0
19_15,10.725,-60.97499999999999,16,0,0,0,0,0,0,0,0,0,0,0,0,0,0,0,0,0
19_15,10.725,-60.97499999999999,17,0,0,0,0,0,0,0,0,0,0,0,0,0,0,0,0,0
19_15,10.725,-60.97499999999999,18,0,0,0,0,0,0,0,0,0,0,0,0,0,0,0,0,0
19_15,10.725,-60.97499999999999,19,0,0,0,0,0,0,0,0,0,0,0,0,0,0,0,0,0
19_15,10.725,-60.97499999999999,20,0,0,0,0,0,0,0,0,0,0,0,0,0,0,0,0,0
19_15,10.725,-60.97499999999999,21,0,0,0,0,0,0,0,0,0,0,0,0,0,0,0,0,0
19_15,10.725,-60.97499999999999,22,1,0,0,0,0,0,0,0,0,0,0,0,0,0,0,0,0
19_15,10.725,-60.97499999999999,23,0,0,0,0,0,0,0,0,0,0,0,0,0,0,0,0,0
19_15,10.725,-60.97499999999999,24,0,0,0,0,0,0,0,0,0,0,0,0,0,0,0,0,0
19_15,10.725,-60.97499999999999,25,0,0,0,0,0,0,0,0,0,0,0,0,0,0,0,0,0
19_15,10.725,-60.97499999999999,26,0,0,0,0,0,0,0,0,0,0,0,0,0,0,0,0,0
19_15,10.725,-60.97499999999999,27,0,0,0,0,0,0,0,0,0,0,0,0,0,0,0,0,0
19_15,10.725,-60.97499999999999,28,0,0,0,0,0,0,0,0,0,0,0,0,0,0,0,0,0
19_15,10.725,-60.97499999999999,29,0,0,0,0,0,0,0,0,0,0,0,0,0,0,0,0,0
19_15,10.725,-60.97499999999999,30,0,0,0,0,0,0,0,0,0,0,0,0,0,0,0,0,0
19_15,10.725,-60.97499999999999,31,0,0,0,0,0,0,0,0,0,0,0,0,0,0,0,0,0
19_15,10.725,-60.97499999999999,32,0,0,0,0,0,0,0,0,0,0,0,0,0,0,0,0,0
19_15,10.725,-60.97499999999999,33,0,0,0,0,0,0,0,0,0,0,0,0,0,0,0,0,0
19_15,10.725,-60.97499999999999,34,0,0,0,0,0,0,0,0,0,0,0,0,0,0,0,0,0
19_15,10.725,-60.97499999999999,35,0,0,0,0,0,0,0,0,0,0,0,0,0,0,0,0,0
19_15,10.725,-60.97499999999999,36,0,0,0,0,0,0,0,0,0,0,0,0,0,0,0,0,0
19_15,10.725,-60.97499999999999,37,0,0,0,0,0,0,0,0,0,0,0,0,0,0,0,0,0
19_15,10.725,-60.97499999999999,38,0,0,0,0,0,0,0,0,0,0,0,0,0,0,0,0,0
19_15,10.725,-60.97499999999999,39,0,0,0,0,0,0,0,0,0,0,0,0,0,0,0,0,0
19_15,10.725,-60.97499999999999,40,0,0,0,0,0,0,0,0,0,0,0,0,0,0,0,0,0
19_15,10.725,-60.97499999999999,41,0,0,0,0,0,0,0,0,0,0,0,0,0,0,0,0,0
19_15,10.725,-60.97499999999999,42,0,0,0,0,0,0,0,0,0,0,0,0,0,0,0,0,0
19_15,10.725,-60.97499999999999,43,0,0,0,0,0,0,0,0,0,0,0,0,0,0,0,0,0
19_15,10.725,-60.97499999999999,44,0,0,0,0,0,0,0,0,0,0,0,0,0,0,0,0,0
19_15,10.725,-60.97499999999999,45,0,0,0,0,0,0,0,0,0,0,0,0,0,0,0,0,0
19_15,10.725,-60.97499999999999,46,0,0,0,0,0,0,0,0,0,0,0,0,0,0,0,0,0
19_15,10.725,-60.97499999999999,47,0,0,0,0,0,0,0,0,0,0,0,0,0,0,0,0,0
19_15,10.725,-60.97499999999999,48,0,0,0,0,0,0,0,0,0,0,0,0,0,0,0,0,0
19_15,10.725,-60.97499999999999,49,0,0,0,0,0,0,0,0,0,0,0,0,0,0,0,0,0
19_15,10.725,-60.97499999999999,50,0,0,0,0,0,0,0,0,0,0,0,0,0,0,0,0,0
19_15,10.725,-60.97499999999999,51,0,0,0,0,0,0,0,0,0,0,0,0,0,0,0,0,0
19_15,10.725,-60.97499999999999,52,0,0,0,0,0,0,0,0,0,0,0,0,0,0,0,0,0
19_16,10.775,-60.97499999999999,0,0,0,,,,,,,,0,,,,,,,
19_16,10.775,-60.97499999999999,1,0,0,0,,,,,,,0,0,,,,,,
19_16,10.775,-60.97499999999999,2,0,0,0,0,,,,,,0,0,0,,,,,
19_16,10.775,-60.97499999999999,3,0,0,0,0,0,,,,,0,0,0,0,,,,
19_16,10.775,-60.97499999999999,4,0,0,0,0,0,0,,,,0,0,0,0,0,,,
19_16,10.775,-60.97499999999999,5,0,0,0,0,0,0,0,,,0,0,0,0,0,0,,
19_16,10.775,-60.97499999999999,6,0,0,0,0,0,0,0,0,,0,0,0,0,0,0,0,
19_16,10.775,-60.97499999999999,7,0,0,0,0,0,0,0,0,0,0,0,0,0,0,0,0,0
19_16,10.775,-60.97499999999999,8,0,0,0,0,0,0,0,0,0,0,0,0,0,0,0,0,0
19_16,10.775,-60.97499999999999,9,0,0,0,0,0,0,0,0,0,0,0,0,0,0,0,0,0
19_16,10.775,-60.97499999999999,10,0,0,0,0,0,0,0,0,0,0,0,0,0,0,0,0,0
19_16,10.775,-60.97499999999999,11,0,0,0,0,0,0,0,0,0,0,0,0,0,0,0,0,0
19_16,10.775,-60.97499999999999,12,0,0,0,0,0,0,0,0,0,0,0,0,0,0,0,0,0
19_16,10.775,-60.97499999999999,13,0,0,0,0,0,0,0,0,0,0,0,0,0,0,0,0,0
19_16,10.775,-60.97499999999999,14,0,0,0,0,0,0,0,0,0,0,0,0,0,0,0,0,0
19_16,10.775,-60.97499999999999,15,0,0,0,0,0,0,0,0,0,0,0,0,0,0,0,0,0
19_16,10.775,-60.97499999999999,16,0,0,0,0,0,0,0,0,0,0,0,0,0,0,0,0,0
19_16,10.775,-60.97499999999999,17,0,0,0,0,0,0,0,0,0,0,0,0,0,0,0,0,0
19_16,10.775,-60.97499999999999,18,0,0,0,0,0,0,0,0,0,0,0,0,0,0,0,0,0
19_16,10.775,-60.97499999999999,19,0,0,0,0,0,0,0,0,0,0,0,0,0,0,0,0,0
19_16,10.775,-60.97499999999999,20,0,0,0,0,0,0,0,0,0,0,0,0,0,0,0,0,0
19_16,10.775,-60.97499999999999,21,0,0,0,0,0,0,0,0,0,0,0,0,0,0,0,0,0
19_16,10.775,-60.97499999999999,22,0,0,0,0,0,0,0,0,0,0,0,0,0,0,0,0,0
19_16,10.775,-60.97499999999999,23,0,0,0,0,0,0,0,0,0,0,0,0,0,0,0,0,0
19_16,10.775,-60.97499999999999,24,0,0,0,0,0,0,0,0,0,0,0,0,0,0,0,0,0
19_16,10.775,-60.97499999999999,25,0,0,0,0,0,0,0,0,0,0,0,0,0,0,0,0,0
19_16,10.775,-60.97499999999999,26,0,0,0,0,0,0,0,0,0,0,0,0,0,0,0,0,0
19_16,10.775,-60.97499999999999,27,0,0,0,0,0,0,0,0,0,0,0,0,0,0,0,0,0
19_16,10.775,-60.97499999999999,28,0,0,0,0,0,0,0,0,0,0,0,0,0,0,0,0,0
19_16,10.775,-60.97499999999999,29,0,0,0,0,0,0,0,0,0,0,0,0,0,0,0,0,0
19_16,10.775,-60.97499999999999,30,0,0,0,0,0,0,0,0,0,0,0,0,0,0,0,0,0
19_16,10.775,-60.97499999999999,31,0,0,0,0,0,0,0,0,0,0,0,0,0,0,0,0,0
19_16,10.775,-60.97499999999999,32,0,0,0,0,0,0,0,0,0,0,0,0,0,0,0,0,0
19_16,10.775,-60.97499999999999,33,0,0,0,0,0,0,0,0,0,0,0,0,0,0,0,0,0
19_16,10.775,-60.97499999999999,34,0,0,0,0,0,0,0,0,0,0,0,0,0,0,0,0,0
19_16,10.775,-60.97499999999999,35,0,0,0,0,0,0,0,0,0,0,0,0,0,0,0,0,0
19_16,10.775,-60.97499999999999,36,0,0,0,0,0,0,0,0,0,0,0,0,0,0,0,0,0
19_16,10.775,-60.97499999999999,37,0,0,0,0,0,0,0,0,0,0,0,0,0,0,0,0,0
19_16,10.775,-60.97499999999999,38,0,0,0,0,0,0,0,0,0,0,0,0,0,0,0,0,0
19_16,10.775,-60.97499999999999,39,0,0,0,0,0,0,0,0,0,0,0,0,0,0,0,0,0
19_16,10.775,-60.97499999999999,40,0,0,0,0,0,0,0,0,0,0,0,0,0,0,0,0,0
19_16,10.775,-60.97499999999999,41,0,0,0,0,0,0,0,0,0,0,0,0,0,0,0,0,0
19_16,10.775,-60.97499999999999,42,0,0,0,0,0,0,0,0,0,0,0,0,0,0,0,0,0
19_16,10.775,-60.97499999999999,43,0,0,0,0,0,0,0,0,0,0,0,0,0,0,0,0,0
19_16,10.775,-60.97499999999999,44,0,0,0,0,0,0,0,0,0,0,0,0,0,0,0,0,0
19_16,10.775,-60.97499999999999,45,0,0,0,0,0,0,0,0,0,0,0,0,0,0,0,0,0
19_16,10.775,-60.97499999999999,46,0,0,0,0,0,0,0,0,0,0,0,0,0,0,0,0,0
19_16,10.775,-60.97499999999999,47,0,0,0,0,0,0,0,0,0,0,0,0,0,0,0,0,0
19_16,10.775,-60.97499999999999,48,0,0,0,0,0,0,0,0,0,0,0,0,0,0,0,0,0
19_16,10.775,-60.97499999999999,49,0,0,0,0,0,0,0,0,0,0,0,0,0,0,0,0,0
19_16,10.775,-60.97499999999999,50,0,0,0,0,0,0,0,0,0,0,0,0,0,0,0,0,0
19_16,10.775,-60.97499999999999,51,0,0,0,0,0,0,0,0,0,0,0,0,0,0,0,0,0
19_16,10.775,-60.97499999999999,52,0,0,0,0,0,0,0,0,0,0,0,0,0,0,0,0,0
19_17,10.825000000000005,-60.975,0,0,0,,,,,,,,0,,,,,,,
19_17,10.825000000000005,-60.975,1,0,0,0,,,,,,,0,0,,,,,,
19_17,10.825000000000005,-60.975,2,0,0,0,0,,,,,,0,0,0,,,,,
19_17,10.825000000000005,-60.975,3,0,0,0,0,0,,,,,0,0,0,0,,,,
19_17,10.825000000000005,-60.975,4,0,0,0,0,0,0,,,,0,0,0,0,0,,,
19_17,10.825000000000005,-60.975,5,0,0,0,0,0,0,0,,,0,0,0,0,0,0,,
19_17,10.825000000000005,-60.975,6,0,0,0,0,0,0,0,0,,0,0,0,0,0,0,0,
19_17,10.825000000000005,-60.975,7,0,0,0,0,0,0,0,0,0,0,0,0,0,0,0,0,0
19_17,10.825000000000005,-60.975,8,0,0,0,0,0,0,0,0,0,0,0,0,0,0,0,0,0
19_17,10.825000000000005,-60.975,9,0,0,0,0,0,0,0,0,0,0,0,0,0,0,0,0,0
19_17,10.825000000000005,-60.975,10,0,0,0,0,0,0,0,0,0,0,0,0,0,0,0,0,0
19_17,10.825000000000005,-60.975,11,0,0,0,0,0,0,0,0,0,0,0,0,0,0,0,0,0
19_17,10.825000000000005,-60.975,12,0,0,0,0,0,0,0,0,0,0,0,0,0,0,0,0,0
19_17,10.825000000000005,-60.975,13,0,0,0,0,0,0,0,0,0,0,0,0,0,0,0,0,0
19_17,10.825000000000005,-60.975,14,0,0,0,0,0,0,0,0,0,0,0,0,0,0,0,0,0
19_17,10.825000000000005,-60.975,15,0,0,0,0,0,0,0,0,0,0,0,0,0,0,0,0,0
19_17,10.825000000000005,-60.975,16,0,0,0,0,0,0,0,0,0,0,0,0,0,0,0,0,0
19_17,10.825000000000005,-60.975,17,0,0,0,0,0,0,0,0,0,0,0,0,0,0,0,0,0
19_17,10.825000000000005,-60.975,18,0,0,0,0,0,0,0,0,0,0,0,0,0,0,0,0,0
19_17,10.825000000000005,-60.975,19,0,0,0,0,0,0,0,0,0,0,0,0,0,0,0,0,0
19_17,10.825000000000005,-60.975,20,0,0,0,0,0,0,0,0,0,0,0,0,0,0,0,0,0
19_17,10.825000000000005,-60.975,21,0,0,0,0,0,0,0,0,0,0,0,0,0,0,0,0,0
19_17,10.825000000000005,-60.975,22,0,0,0,0,0,0,0,0,0,0,0,0,0,0,0,0,0
19_17,10.825000000000005,-60.975,23,0,0,0,0,0,0,0,0,0,0,0,0,0,0,0,0,0
19_17,10.825000000000005,-60.975,24,0,0,0,0,0,0,0,0,0,0,0,0,0,0,0,0,0
19_17,10.825000000000005,-60.975,25,0,0,0,0,0,0,0,0,0,0,0,0,0,0,0,0,0
19_17,10.825000000000005,-60.975,26,0,0,0,0,0,0,0,0,0,0,0,0,0,0,0,0,0
19_17,10.825000000000005,-60.975,27,0,0,0,0,0,0,0,0,0,0,0,0,0,0,0,0,0
19_17,10.825000000000005,-60.975,28,0,0,0,0,0,0,0,0,0,0,0,0,0,0,0,0,0
19_17,10.825000000000005,-60.975,29,0,0,0,0,0,0,0,0,0,0,0,0,0,0,0,0,0
19_17,10.825000000000005,-60.975,30,0,0,0,0,0,0,0,0,0,0,0,0,0,0,0,0,0
19_17,10.825000000000005,-60.975,31,0,0,0,0,0,0,0,0,0,0,0,0,0,0,0,0,0
19_17,10.825000000000005,-60.975,32,0,0,0,0,0,0,0,0,0,0,0,0,0,0,0,0,0
19_17,10.825000000000005,-60.975,33,0,0,0,0,0,0,0,0,0,0,0,0,0,0,0,0,0
19_17,10.825000000000005,-60.975,34,0,0,0,0,0,0,0,0,0,0,0,0,0,0,0,0,0
19_17,10.825000000000005,-60.975,35,0,0,0,0,0,0,0,0,0,0,0,0,0,0,0,0,0
19_17,10.825000000000005,-60.975,36,0,0,0,0,0,0,0,0,0,0,0,0,0,0,0,0,0
19_17,10.825000000000005,-60.975,37,0,0,0,0,0,0,0,0,0,0,0,0,0,0,0,0,0
19_17,10.825000000000005,-60.975,38,0,0,0,0,0,0,0,0,0,0,0,0,0,0,0,0,0
19_17,10.825000000000005,-60.975,39,0,0,0,0,0,0,0,0,0,0,0,0,0,0,0,0,0
19_17,10.825000000000005,-60.975,40,0,0,0,0,0,0,0,0,0,0,0,0,0,0,0,0,0
19_17,10.825000000000005,-60.975,41,0,0,0,0,0,0,0,0,0,0,0,0,0,0,0,0,0
19_17,10.825000000000005,-60.975,42,0,0,0,0,0,0,0,0,0,0,0,0,0,0,0,0,0
19_17,10.825000000000005,-60.975,43,0,0,0,0,0,0,0,0,0,0,0,0,0,0,0,0,0
19_17,10.825000000000005,-60.975,44,0,0,0,0,0,0,0,0,0,0,0,0,0,0,0,0,0
19_17,10.825000000000005,-60.975,45,0,0,0,0,0,0,0,0,0,0,0,0,0,0,0,0,0
19_17,10.825000000000005,-60.975,46,0,0,0,0,0,0,0,0,0,0,0,0,0,0,0,0,0
19_17,10.825000000000005,-60.975,47,0,0,0,0,0,0,0,0,0,0,0,0,0,0,0,0,0
19_17,10.825000000000005,-60.975,48,0,0,0,0,0,0,0,0,0,0,0,0,0,0,0,0,0
19_17,10.825000000000005,-60.975,49,0,0,0,0,0,0,0,0,0,0,0,0,0,0,0,0,0
19_17,10.825000000000005,-60.975,50,0,0,0,0,0,0,0,0,0,0,0,0,0,0,0,0,0
19_17,10.825000000000005,-60.975,51,0,0,0,0,0,0,0,0,0,0,0,0,0,0,0,0,0
19_17,10.825000000000005,-60.975,52,0,0,0,0,0,0,0,0,0,0,0,0,0,0,0,0,0
19_20,10.975,-60.97499999999999,0,0,0,,,,,,,,0,,,,,,,
19_20,10.975,-60.97499999999999,1,0,0,0,,,,,,,0,0,,,,,,
19_20,10.975,-60.97499999999999,2,0,0,0,0,,,,,,0,0,0,,,,,
19_20,10.975,-60.97499999999999,3,0,0,0,0,0,,,,,0,0,0,0,,,,
19_20,10.975,-60.97499999999999,4,0,0,0,0,0,0,,,,0,0,0,0,0,,,
19_20,10.975,-60.97499999999999,5,0,0,0,0,0,0,0,,,0,0,0,0,0,0,,
19_20,10.975,-60.97499999999999,6,0,0,0,0,0,0,0,0,,0,0,0,0,0,0,0,
19_20,10.975,-60.97499999999999,7,0,0,0,0,0,0,0,0,0,0,0,0,0,0,0,0,0
19_20,10.975,-60.97499999999999,8,0,0,0,0,0,0,0,0,0,0,0,0,0,0,0,0,0
19_20,10.975,-60.97499999999999,9,0,0,0,0,0,0,0,0,0,0,0,0,0,0,0,0,0
19_20,10.975,-60.97499999999999,10,0,0,0,0,0,0,0,0,0,0,0,0,0,0,0,0,0
19_20,10.975,-60.97499999999999,11,0,0,0,0,0,0,0,0,0,0,0,0,0,0,0,0,0
19_20,10.975,-60.97499999999999,12,0,0,0,0,0,0,0,0,0,0,0,0,0,0,0,0,0
19_20,10.975,-60.97499999999999,13,0,0,0,0,0,0,0,0,0,0,0,0,0,0,0,0,0
19_20,10.975,-60.97499999999999,14,0,0,0,0,0,0,0,0,0,0,0,0,0,0,0,0,0
19_20,10.975,-60.97499999999999,15,0,0,0,0,0,0,0,0,0,0,0,0,0,0,0,0,0
19_20,10.975,-60.97499999999999,16,0,0,0,0,0,0,0,0,0,0,0,0,0,0,0,0,0
19_20,10.975,-60.97499999999999,17,0,0,0,0,0,0,0,0,0,0,0,0,0,0,0,0,0
19_20,10.975,-60.97499999999999,18,0,0,0,0,0,0,0,0,0,0,0,0,0,0,0,0,0
19_20,10.975,-60.97499999999999,19,0,0,0,0,0,0,0,0,0,0,0,0,0,0,0,0,0
19_20,10.975,-60.97499999999999,20,0,0,0,0,0,0,0,0,0,0,0,0,0,0,0,0,0
19_20,10.975,-60.97499999999999,21,0,0,0,0,0,0,0,0,0,0,0,0,0,0,0,0,0
19_20,10.975,-60.97499999999999,22,0,0,0,0,0,0,0,0,0,0,0,0,0,0,0,0,0
19_20,10.975,-60.97499999999999,23,0,0,0,0,0,0,0,0,0,0,0,0,0,0,0,0,0
19_20,10.975,-60.97499999999999,24,0,0,0,0,0,0,0,0,0,0,0,0,0,0,0,0,0
19_20,10.975,-60.97499999999999,25,0,0,0,0,0,0,0,0,0,0,0,0,0,0,0,0,0
19_20,10.975,-60.97499999999999,26,0,0,0,0,0,0,0,0,0,0,0,0,0,0,0,0,0
19_20,10.975,-60.97499999999999,27,0,0,0,0,0,0,0,0,0,0,0,0,0,0,0,0,0
19_20,10.975,-60.97499999999999,28,0,0,0,0,0,0,0,0,0,0,0,0,0,0,0,0,0
19_20,10.975,-60.97499999999999,29,0,0,0,0,0,0,0,0,0,0,0,0,0,0,0,0,0
19_20,10.975,-60.97499999999999,30,0,0,0,0,0,0,0,0,0,0,0,0,0,0,0,0,0
19_20,10.975,-60.97499999999999,31,0,0,0,0,0,0,0,0,0,0,0,0,0,0,0,0,0
19_20,10.975,-60.97499999999999,32,0,0,0,0,0,0,0,0,0,0,0,0,0,0,0,0,0
19_20,10.975,-60.97499999999999,33,0,0,0,0,0,0,0,0,0,0,0,0,0,0,0,0,0
19_20,10.975,-60.97499999999999,34,0,0,0,0,0,0,0,0,0,0,0,0,0,0,0,0,0
19_20,10.975,-60.97499999999999,35,0,0,0,0,0,0,0,0,0,0,0,0,0,0,0,0,0
19_20,10.975,-60.97499999999999,36,0,0,0,0,0,0,0,0,0,0,0,0,0,0,0,0,0
19_20,10.975,-60.97499999999999,37,0,0,0,0,0,0,0,0,0,0,0,0,0,0,0,0,0
19_20,10.975,-60.97499999999999,38,0,0,0,0,0,0,0,0,0,0,0,0,0,0,0,0,0
19_20,10.975,-60.97499999999999,39,0,0,0,0,0,0,0,0,0,0,0,0,0,0,0,0,0
19_20,10.975,-60.97499999999999,40,0,0,0,0,0,0,0,0,0,0,0,0,0,0,0,0,0
19_20,10.975,-60.97499999999999,41,0,0,0,0,0,0,0,0,0,0,0,0,0,0,0,0,0
19_20,10.975,-60.97499999999999,42,0,0,0,0,0,0,0,0,0,0,0,0,0,0,0,0,0
19_20,10.975,-60.97499999999999,43,0,0,0,0,0,0,0,0,0,0,0,0,0,0,0,0,0
19_20,10.975,-60.97499999999999,44,0,0,0,0,0,0,0,0,0,0,0,0,0,0,0,0,0
19_20,10.975,-60.97499999999999,45,0,0,0,0,0,0,0,0,0,0,0,0,0,0,0,0,0
19_20,10.975,-60.97499999999999,46,0,0,0,0,0,0,0,0,0,0,0,0,0,0,0,0,0
19_20,10.975,-60.97499999999999,47,0,0,0,0,0,0,0,0,0,0,0,0,0,0,0,0,0
19_20,10.975,-60.97499999999999,48,0,0,0,0,0,0,0,0,0,0,0,0,0,0,0,0,0
19_20,10.975,-60.97499999999999,49,0,0,0,0,0,0,0,0,0,0,0,0,0,0,0,0,0
19_20,10.975,-60.97499999999999,50,0,0,0,0,0,0,0,0,0,0,0,0,0,0,0,0,0
19_20,10.975,-60.97499999999999,51,0,0,0,0,0,0,0,0,0,0,0,0,0,0,0,0,0
19_20,10.975,-60.97499999999999,52,0,0,0,0,0,0,0,0,0,0,0,0,0,0,0,0,0
19_21,11.025,-60.97499999999999,0,0,0,,,,,,,,0,,,,,,,
19_21,11.025,-60.97499999999999,1,0,0,0,,,,,,,0,0,,,,,,
19_21,11.025,-60.97499999999999,2,0,0,0,0,,,,,,0,0,0,,,,,
19_21,11.025,-60.97499999999999,3,0,0,0,0,0,,,,,0,0,0,0,,,,
19_21,11.025,-60.97499999999999,4,0,0,0,0,0,0,,,,0,0,0,0,0,,,
19_21,11.025,-60.97499999999999,5,0,0,0,0,0,0,0,,,0,0,0,0,0,0,,
19_21,11.025,-60.97499999999999,6,0,0,0,0,0,0,0,0,,0,0,0,0,0,0,0,
19_21,11.025,-60.97499999999999,7,0,0,0,0,0,0,0,0,0,0,0,0,0,0,0,0,0
19_21,11.025,-60.97499999999999,8,0,0,0,0,0,0,0,0,0,0,0,0,0,0,0,0,0
19_21,11.025,-60.97499999999999,9,0,0,0,0,0,0,0,0,0,0,0,0,0,0,0,0,0
19_21,11.025,-60.97499999999999,10,0,0,0,0,0,0,0,0,0,0,0,0,0,0,0,0,0
19_21,11.025,-60.97499999999999,11,0,0,0,0,0,0,0,0,0,0,0,0,0,0,0,0,0
19_21,11.025,-60.97499999999999,12,0,0,0,0,0,0,0,0,0,0,0,0,0,0,0,0,0
19_21,11.025,-60.97499999999999,13,0,0,0,0,0,0,0,0,0,0,0,0,0,0,0,0,0
19_21,11.025,-60.97499999999999,14,0,0,0,0,0,0,0,0,0,0,0,0,0,0,0,0,0
19_21,11.025,-60.97499999999999,15,0,0,0,0,0,0,0,0,0,0,0,0,0,0,0,0,0
19_21,11.025,-60.97499999999999,16,0,0,0,0,0,0,0,0,0,0,0,0,0,0,0,0,0
19_21,11.025,-60.97499999999999,17,0,0,0,0,0,0,0,0,0,0,0,0,0,0,0,0,0
19_21,11.025,-60.97499999999999,18,0,0,0,0,0,0,0,0,0,0,0,0,0,0,0,0,0
19_21,11.025,-60.97499999999999,19,0,0,0,0,0,0,0,0,0,0,0,0,0,0,0,0,0
19_21,11.025,-60.97499999999999,20,0,0,0,0,0,0,0,0,0,0,0,0,0,0,0,0,0
19_21,11.025,-60.97499999999999,21,0,0,0,0,0,0,0,0,0,0,0,0,0,0,0,0,0
19_21,11.025,-60.97499999999999,22,0,0,0,0,0,0,0,0,0,0,0,0,0,0,0,0,0
19_21,11.025,-60.97499999999999,23,0,0,0,0,0,0,0,0,0,0,0,0,0,0,0,0,0
19_21,11.025,-60.97499999999999,24,0,0,0,0,0,0,0,0,0,0,0,0,0,0,0,0,0
19_21,11.025,-60.97499999999999,25,0,0,0,0,0,0,0,0,0,0,0,0,0,0,0,0,0
19_21,11.025,-60.97499999999999,26,0,0,0,0,0,0,0,0,0,0,0,0,0,0,0,0,0
19_21,11.025,-60.97499999999999,27,0,0,0,0,0,0,0,0,0,0,0,0,0,0,0,0,0
19_21,11.025,-60.97499999999999,28,0,0,0,0,0,0,0,0,0,0,0,0,0,0,0,0,0
19_21,11.025,-60.97499999999999,29,0,0,0,0,0,0,0,0,0,0,0,0,0,0,0,0,0
19_21,11.025,-60.97499999999999,30,0,0,0,0,0,0,0,0,0,0,0,0,0,0,0,0,0
19_21,11.025,-60.97499999999999,31,0,0,0,0,0,0,0,0,0,0,0,0,0,0,0,0,0
19_21,11.025,-60.97499999999999,32,0,0,0,0,0,0,0,0,0,0,0,0,0,0,0,0,0
19_21,11.025,-60.97499999999999,33,0,0,0,0,0,0,0,0,0,0,0,0,0,0,0,0,0
19_21,11.025,-60.97499999999999,34,0,0,0,0,0,0,0,0,0,0,0,0,0,0,0,0,0
19_21,11.025,-60.97499999999999,35,0,0,0,0,0,0,0,0,0,0,0,0,0,0,0,0,0
19_21,11.025,-60.97499999999999,36,0,0,0,0,0,0,0,0,0,0,0,0,0,0,0,0,0
19_21,11.025,-60.97499999999999,37,0,0,0,0,0,0,0,0,0,0,0,0,0,0,0,0,0
19_21,11.025,-60.97499999999999,38,0,0,0,0,0,0,0,0,0,0,0,0,0,0,0,0,0
19_21,11.025,-60.97499999999999,39,0,0,0,0,0,0,0,0,0,0,0,0,0,0,0,0,0
19_21,11.025,-60.97499999999999,40,0,0,0,0,0,0,0,0,0,0,0,0,0,0,0,0,0
19_21,11.025,-60.97499999999999,41,0,0,0,0,0,0,0,0,0,0,0,0,0,0,0,0,0
19_21,11.025,-60.97499999999999,42,0,0,0,0,0,0,0,0,0,0,0,0,0,0,0,0,0
19_21,11.025,-60.97499999999999,43,0,0,0,0,0,0,0,0,0,0,0,0,0,0,0,0,0
19_21,11.025,-60.97499999999999,44,0,0,0,0,0,0,0,0,0,0,0,0,0,0,0,0,0
19_21,11.025,-60.97499999999999,45,0,0,0,0,0,0,0,0,0,0,0,0,0,0,0,0,0
19_21,11.025,-60.97499999999999,46,0,0,0,0,0,0,0,0,0,0,0,0,0,0,0,0,0
19_21,11.025,-60.97499999999999,47,0,0,0,0,0,0,0,0,0,0,0,0,0,0,0,0,0
19_21,11.025,-60.97499999999999,48,0,0,0,0,0,0,0,0,0,0,0,0,0,0,0,0,0
19_21,11.025,-60.97499999999999,49,0,0,0,0,0,0,0,0,0,0,0,0,0,0,0,0,0
19_21,11.025,-60.97499999999999,50,0,0,0,0,0,0,0,0,0,0,0,0,0,0,0,0,0
19_21,11.025,-60.97499999999999,51,0,0,0,0,0,0,0,0,0,0,0,0,0,0,0,0,0
19_21,11.025,-60.97499999999999,52,0,0,0,0,0,0,0,0,0,0,0,0,0,0,0,0,0
20_16,10.775,-60.925,0,0,0,,,,,,,,0,,,,,,,
20_16,10.775,-60.925,1,0,0,0,,,,,,,0,0,,,,,,
20_16,10.775,-60.925,2,0,0,0,0,,,,,,0,0,0,,,,,
20_16,10.775,-60.925,3,0,0,0,0,0,,,,,0,0,0,0,,,,
20_16,10.775,-60.925,4,0,0,0,0,0,0,,,,0,0,0,0,0,,,
20_16,10.775,-60.925,5,0,0,0,0,0,0,0,,,0,0,0,0,0,0,,
20_16,10.775,-60.925,6,0,0,0,0,0,0,0,0,,0,0,0,0,0,0,0,
20_16,10.775,-60.925,7,0,0,0,0,0,0,0,0,0,0,0,0,0,0,0,0,0
20_16,10.775,-60.925,8,0,0,0,0,0,0,0,0,0,0,0,0,0,0,0,0,0
20_16,10.775,-60.925,9,0,0,0,0,0,0,0,0,0,0,0,0,0,0,0,0,0
20_16,10.775,-60.925,10,0,0,0,0,0,0,0,0,0,0,0,0,0,0,0,0,0
20_16,10.775,-60.925,11,0,0,0,0,0,0,0,0,0,0,0,0,0,0,0,0,0
20_16,10.775,-60.925,12,0,0,0,0,0,0,0,0,0,0,0,0,0,0,0,0,0
20_16,10.775,-60.925,13,0,0,0,0,0,0,0,0,0,0,0,0,0,0,0,0,0
20_16,10.775,-60.925,14,0,0,0,0,0,0,0,0,0,0,0,0,0,0,0,0,0
20_16,10.775,-60.925,15,0,0,0,0,0,0,0,0,0,0,0,0,0,0,0,0,0
20_16,10.775,-60.925,16,0,0,0,0,0,0,0,0,0,0,0,0,0,0,0,0,0
20_16,10.775,-60.925,17,0,0,0,0,0,0,0,0,0,0,0,0,0,0,0,0,0
20_16,10.775,-60.925,18,0,0,0,0,0,0,0,0,0,0,0,0,0,0,0,0,0
20_16,10.775,-60.925,19,0,0,0,0,0,0,0,0,0,0,0,0,0,0,0,0,0
20_16,10.775,-60.925,20,0,0,0,0,0,0,0,0,0,0,0,0,0,0,0,0,0
20_16,10.775,-60.925,21,0,0,0,0,0,0,0,0,0,0,0,0,0,0,0,0,0
20_16,10.775,-60.925,22,0,0,0,0,0,0,0,0,0,0,0,0,0,0,0,0,0
20_16,10.775,-60.925,23,0,0,0,0,0,0,0,0,0,0,0,0,0,0,0,0,0
20_16,10.775,-60.925,24,0,0,0,0,0,0,0,0,0,0,0,0,0,0,0,0,0
20_16,10.775,-60.925,25,0,0,0,0,0,0,0,0,0,0,0,0,0,0,0,0,0
20_16,10.775,-60.925,26,0,0,0,0,0,0,0,0,0,0,0,0,0,0,0,0,0
20_16,10.775,-60.925,27,0,0,0,0,0,0,0,0,0,0,0,0,0,0,0,0,0
20_16,10.775,-60.925,28,0,0,0,0,0,0,0,0,0,0,0,0,0,0,0,0,0
20_16,10.775,-60.925,29,0,0,0,0,0,0,0,0,0,0,0,0,0,0,0,0,0
20_16,10.775,-60.925,30,0,0,0,0,0,0,0,0,0,0,0,0,0,0,0,0,0
20_16,10.775,-60.925,31,0,0,0,0,0,0,0,0,0,0,0,0,0,0,0,0,0
20_16,10.775,-60.925,32,0,0,0,0,0,0,0,0,0,0,0,0,0,0,0,0,0
20_16,10.775,-60.925,33,0,0,0,0,0,0,0,0,0,0,0,0,0,0,0,0,0
20_16,10.775,-60.925,34,0,0,0,0,0,0,0,0,0,0,0,0,0,0,0,0,0
20_16,10.775,-60.925,35,0,0,0,0,0,0,0,0,0,0,0,0,0,0,0,0,0
20_16,10.775,-60.925,36,0,0,0,0,0,0,0,0,0,0,0,0,0,0,0,0,0
20_16,10.775,-60.925,37,0,0,0,0,0,0,0,0,0,0,0,0,0,0,0,0,0
20_16,10.775,-60.925,38,0,0,0,0,0,0,0,0,0,0,0,0,0,0,0,0,0
20_16,10.775,-60.925,39,0,0,0,0,0,0,0,0,0,0,0,0,0,0,0,0,0
20_16,10.775,-60.925,40,0,0,0,0,0,0,0,0,0,0,0,0,0,0,0,0,0
20_16,10.775,-60.925,41,0,0,0,0,0,0,0,0,0,0,0,0,0,0,0,0,0
20_16,10.775,-60.925,42,0,0,0,0,0,0,0,0,0,0,0,0,0,0,0,0,0
20_16,10.775,-60.925,43,0,0,0,0,0,0,0,0,0,0,0,0,0,0,0,0,0
20_16,10.775,-60.925,44,0,0,0,0,0,0,0,0,0,0,0,0,0,0,0,0,0
20_16,10.775,-60.925,45,0,0,0,0,0,0,0,0,0,0,0,0,0,0,0,0,0
20_16,10.775,-60.925,46,0,0,0,0,0,0,0,0,0,0,0,0,0,0,0,0,0
20_16,10.775,-60.925,47,0,0,0,0,0,0,0,0,0,0,0,0,0,0,0,0,0
20_16,10.775,-60.925,48,0,0,0,0,0,0,0,0,0,0,0,0,0,0,0,0,0
20_16,10.775,-60.925,49,0,0,0,0,0,0,0,0,0,0,0,0,0,0,0,0,0
20_16,10.775,-60.925,50,0,0,0,0,0,0,0,0,0,0,0,0,0,0,0,0,0
20_16,10.775,-60.925,51,0,0,0,0,0,0,0,0,0,0,0,0,0,0,0,0,0
20_16,10.775,-60.925,52,0,0,0,0,0,0,0,0,0,0,0,0,0,0,0,0,0
20_17,10.825,-60.925,0,0,0,,,,,,,,0,,,,,,,
20_17,10.825,-60.925,1,0,0,0,,,,,,,0,0,,,,,,
20_17,10.825,-60.925,2,0,0,0,0,,,,,,0,0,0,,,,,
20_17,10.825,-60.925,3,0,0,0,0,0,,,,,0,0,0,0,,,,
20_17,10.825,-60.925,4,0,0,0,0,0,0,,,,0,0,0,0,0,,,
20_17,10.825,-60.925,5,0,0,0,0,0,0,0,,,0,0,0,0,0,0,,
20_17,10.825,-60.925,6,0,0,0,0,0,0,0,0,,0,0,0,0,0,0,0,
20_17,10.825,-60.925,7,0,0,0,0,0,0,0,0,0,0,0,0,0,0,0,0,0
20_17,10.825,-60.925,8,0,0,0,0,0,0,0,0,0,0,0,0,0,0,0,0,0
20_17,10.825,-60.925,9,0,0,0,0,0,0,0,0,0,0,0,0,0,0,0,0,0
20_17,10.825,-60.925,10,0,0,0,0,0,0,0,0,0,0,0,0,0,0,0,0,0
20_17,10.825,-60.925,11,0,0,0,0,0,0,0,0,0,0,0,0,0,0,0,0,0
20_17,10.825,-60.925,12,0,0,0,0,0,0,0,0,0,0,0,0,0,0,0,0,0
20_17,10.825,-60.925,13,0,0,0,0,0,0,0,0,0,0,0,0,0,0,0,0,0
20_17,10.825,-60.925,14,0,0,0,0,0,0,0,0,0,0,0,0,0,0,0,0,0
20_17,10.825,-60.925,15,0,0,0,0,0,0,0,0,0,0,0,0,0,0,0,0,0
20_17,10.825,-60.925,16,0,0,0,0,0,0,0,0,0,0,0,0,0,0,0,0,0
20_17,10.825,-60.925,17,0,0,0,0,0,0,0,0,0,0,0,0,0,0,0,0,0
20_17,10.825,-60.925,18,0,0,0,0,0,0,0,0,0,0,0,0,0,0,0,0,0
20_17,10.825,-60.925,19,0,0,0,0,0,0,0,0,0,0,0,0,0,0,0,0,0
20_17,10.825,-60.925,20,0,0,0,0,0,0,0,0,0,0,0,0,0,0,0,0,0
20_17,10.825,-60.925,21,0,0,0,0,0,0,0,0,0,0,0,0,0,0,0,0,0
20_17,10.825,-60.925,22,0,0,0,0,0,0,0,0,0,0,0,0,0,0,0,0,0
20_17,10.825,-60.925,23,0,0,0,0,0,0,0,0,0,0,0,0,0,0,0,0,0
20_17,10.825,-60.925,24,0,0,0,0,0,0,0,0,0,0,0,0,0,0,0,0,0
20_17,10.825,-60.925,25,0,0,0,0,0,0,0,0,0,0,0,0,0,0,0,0,0
20_17,10.825,-60.925,26,0,0,0,0,0,0,0,0,0,0,0,0,0,0,0,0,0
20_17,10.825,-60.925,27,0,0,0,0,0,0,0,0,0,0,0,0,0,0,0,0,0
20_17,10.825,-60.925,28,0,0,0,0,0,0,0,0,0,0,0,0,0,0,0,0,0
20_17,10.825,-60.925,29,0,0,0,0,0,0,0,0,0,0,0,0,0,0,0,0,0
20_17,10.825,-60.925,30,0,0,0,0,0,0,0,0,0,0,0,0,0,0,0,0,0
20_17,10.825,-60.925,31,0,0,0,0,0,0,0,0,0,0,0,0,0,0,0,0,0
20_17,10.825,-60.925,32,0,0,0,0,0,0,0,0,0,0,0,0,0,0,0,0,0
20_17,10.825,-60.925,33,0,0,0,0,0,0,0,0,0,0,0,0,0,0,0,0,0
20_17,10.825,-60.925,34,0,0,0,0,0,0,0,0,0,0,0,0,0,0,0,0,0
20_17,10.825,-60.925,35,0,0,0,0,0,0,0,0,0,0,0,0,0,0,0,0,0
20_17,10.825,-60.925,36,0,0,0,0,0,0,0,0,0,0,0,0,0,0,0,0,0
20_17,10.825,-60.925,37,0,0,0,0,0,0,0,0,0,0,0,0,0,0,0,0,0
20_17,10.825,-60.925,38,0,0,0,0,0,0,0,0,0,0,0,0,0,0,0,0,0
20_17,10.825,-60.925,39,0,0,0,0,0,0,0,0,0,0,0,0,0,0,0,0,0
20_17,10.825,-60.925,40,0,0,0,0,0,0,0,0,0,0,0,0,0,0,0,0,0
20_17,10.825,-60.925,41,0,0,0,0,0,0,0,0,0,0,0,0,0,0,0,0,0
20_17,10.825,-60.925,42,0,0,0,0,0,0,0,0,0,0,0,0,0,0,0,0,0
20_17,10.825,-60.925,43,1,0,0,0,0,0,0,0,0,0,0,0,0,0,0,0,0
20_17,10.825,-60.925,44,0,0,0,0,0,0,0,0,0,0,0,0,0,0,0,0,0
20_17,10.825,-60.925,45,0,0,0,0,0,0,0,0,0,0,0,0,0,0,0,0,0
20_17,10.825,-60.925,46,0,0,0,0,0,0,0,0,0,0,0,0,0,0,0,0,0
20_17,10.825,-60.925,47,0,0,0,0,0,0,0,0,0,0,0,0,0,0,0,0,0
20_17,10.825,-60.925,48,0,0,0,0,0,0,0,0,0,0,0,0,0,0,0,0,0
20_17,10.825,-60.925,49,0,0,0,0,0,0,0,0,0,0,0,0,0,0,0,0,0
20_17,10.825,-60.925,50,0,0,0,0,0,0,0,0,0,0,0,0,0,0,0,0,0
20_17,10.825,-60.925,51,0,0,0,0,0,0,0,0,0,0,0,0,0,0,0,0,0
20_17,10.825,-60.925,52,0,0,0,0,0,0,0,0,0,0,0,0,0,0,0,0,0
22_23,11.125,-60.825,0,0,0,,,,,,,,0,,,,,,,
22_23,11.125,-60.825,1,0,0,0,,,,,,,0,0,,,,,,
22_23,11.125,-60.825,2,0,0,0,0,,,,,,0,0,0,,,,,
22_23,11.125,-60.825,3,0,0,0,0,0,,,,,0,0,0,0,,,,
22_23,11.125,-60.825,4,0,0,0,0,0,0,,,,0,0,0,0,0,,,
22_23,11.125,-60.825,5,0,0,0,0,0,0,0,,,0,0,0,0,0,0,,
22_23,11.125,-60.825,6,0,0,0,0,0,0,0,0,,0,0,0,0,0,0,0,
22_23,11.125,-60.825,7,0,0,0,0,0,0,0,0,0,0,0,0,0,0,0,0,0
22_23,11.125,-60.825,8,0,0,0,0,0,0,0,0,0,0,0,0,0,0,0,0,0
22_23,11.125,-60.825,9,0,0,0,0,0,0,0,0,0,0,0,0,0,0,0,0,0
22_23,11.125,-60.825,10,0,0,0,0,0,0,0,0,0,0,0,0,0,0,0,0,0
22_23,11.125,-60.825,11,0,0,0,0,0,0,0,0,0,0,0,0,0,0,0,0,0
22_23,11.125,-60.825,12,0,0,0,0,0,0,0,0,0,0,0,0,0,0,0,0,0
22_23,11.125,-60.825,13,0,0,0,0,0,0,0,0,0,0,0,0,0,0,0,0,0
22_23,11.125,-60.825,14,0,0,0,0,0,0,0,0,0,0,0,0,0,0,0,0,0
22_23,11.125,-60.825,15,0,0,0,0,0,0,0,0,0,0,0,0,0,0,0,0,0
22_23,11.125,-60.825,16,0,0,0,0,0,0,0,0,0,0,0,0,0,0,0,0,0
22_23,11.125,-60.825,17,0,0,0,0,0,0,0,0,0,0,0,0,0,0,0,0,0
22_23,11.125,-60.825,18,0,0,0,0,0,0,0,0,0,0,0,0,0,0,0,0,0
22_23,11.125,-60.825,19,0,0,0,0,0,0,0,0,0,0,0,0,0,0,0,0,0
22_23,11.125,-60.825,20,0,0,0,0,0,0,0,0,0,0,0,0,0,0,0,0,0
22_23,11.125,-60.825,21,0,0,0,0,0,0,0,0,0,0,0,0,0,0,0,0,0
22_23,11.125,-60.825,22,0,0,0,0,0,0,0,0,0,0,0,0,0,0,0,0,0
22_23,11.125,-60.825,23,0,0,0,0,0,0,0,0,0,0,0,0,0,0,0,0,0
22_23,11.125,-60.825,24,0,0,0,0,0,0,0,0,0,0,0,0,0,0,0,0,0
22_23,11.125,-60.825,25,0,0,0,0,0,0,0,0,0,0,0,0,0,0,0,0,0
22_23,11.125,-60.825,26,0,0,0,0,0,0,0,0,0,0,0,0,0,0,0,0,0
22_23,11.125,-60.825,27,0,0,0,0,0,0,0,0,0,0,0,0,0,0,0,0,0
22_23,11.125,-60.825,28,0,0,0,0,0,0,0,0,0,0,0,0,0,0,0,0,0
22_23,11.125,-60.825,29,0,0,0,0,0,0,0,0,0,0,0,0,0,0,0,0,0
22_23,11.125,-60.825,30,0,0,0,0,0,0,0,0,0,0,0,0,0,0,0,0,0
22_23,11.125,-60.825,31,0,0,0,0,0,0,0,0,0,0,0,0,0,0,0,0,0
22_23,11.125,-60.825,32,0,0,0,0,0,0,0,0,0,0,0,0,0,0,0,0,0
22_23,11.125,-60.825,33,0,0,0,0,0,0,0,0,0,0,0,0,0,0,0,0,0
22_23,11.125,-60.825,34,0,0,0,0,0,0,0,0,0,0,0,0,0,0,0,0,0
22_23,11.125,-60.825,35,0,0,0,0,0,0,0,0,0,0,0,0,0,0,0,0,0
22_23,11.125,-60.825,36,0,0,0,0,0,0,0,0,0,0,0,0,0,0,0,0,0
22_23,11.125,-60.825,37,0,0,0,0,0,0,0,0,0,0,0,0,0,0,0,0,0
22_23,11.125,-60.825,38,0,0,0,0,0,0,0,0,0,0,0,0,0,0,0,0,0
22_23,11.125,-60.825,39,0,0,0,0,0,0,0,0,0,0,0,0,0,0,0,0,0
22_23,11.125,-60.825,40,0,0,0,0,0,0,0,0,0,0,0,0,0,0,0,0,0
22_23,11.125,-60.825,41,0,0,0,0,0,0,0,0,0,0,0,0,0,0,0,0,0
22_23,11.125,-60.825,42,0,0,0,0,0,0,0,0,0,0,0,0,0,0,0,0,0
22_23,11.125,-60.825,43,0,0,0,0,0,0,0,0,0,0,0,0,0,0,0,0,0
22_23,11.125,-60.825,44,0,0,0,0,0,0,0,0,0,0,0,0,0,0,0,0,0
22_23,11.125,-60.825,45,0,0,0,0,0,0,0,0,0,0,0,0,0,0,0,0,0
22_23,11.125,-60.825,46,0,0,0,0,0,0,0,0,0,0,0,0,0,0,0,0,0
22_23,11.125,-60.825,47,0,0,0,0,0,0,0,0,0,0,0,0,0,0,0,0,0
22_23,11.125,-60.825,48,0,0,0,0,0,0,0,0,0,0,0,0,0,0,0,0,0
22_23,11.125,-60.825,49,0,0,0,0,0,0,0,0,0,0,0,0,0,0,0,0,0
22_23,11.125,-60.825,50,0,0,0,0,0,0,0,0,0,0,0,0,0,0,0,0,0
22_23,11.125,-60.825,51,0,0,0,0,0,0,0,0,0,0,0,0,0,0,0,0,0
22_23,11.125,-60.825,52,0,0,0,0,0,0,0,0,0,0,0,0,0,0,0,0,0
22_24,11.175,-60.825,0,1,0,,,,,,,,0,,,,,,,
22_24,11.175,-60.825,1,0,0,0,,,,,,,0,0,,,,,,
22_24,11.175,-60.825,2,0,0,0,0,,,,,,0,0,0,,,,,
22_24,11.175,-60.825,3,0,0,0,0,0,,,,,0,0,0,0,,,,
22_24,11.175,-60.825,4,0,0,0,0,0,0,,,,0,0,0,0,0,,,
22_24,11.175,-60.825,5,0,0,0,0,0,0,0,,,0,0,0,0,0,0,,
22_24,11.175,-60.825,6,0,0,0,0,0,0,0,0,,0,0,0,0,0,0,0,
22_24,11.175,-60.825,7,0,0,0,0,0,0,0,0,0,0,0,0,0,0,0,0,0
22_24,11.175,-60.825,8,0,0,0,0,0,0,0,0,0,0,0,0,0,0,0,0,0
22_24,11.175,-60.825,9,0,0,0,0,0,0,0,0,0,0,0,0,0,0,0,0,0
22_24,11.175,-60.825,10,0,0,0,0,0,0,0,0,0,0,0,0,0,0,0,0,0
22_24,11.175,-60.825,11,0,0,0,0,0,0,0,0,0,0,0,0,0,0,0,0,0
22_24,11.175,-60.825,12,0,0,0,0,0,0,0,0,0,0,0,0,0,0,0,0,0
22_24,11.175,-60.825,13,0,0,0,0,0,0,0,0,0,0,0,0,0,0,0,0,0
22_24,11.175,-60.825,14,0,0,0,0,0,0,0,0,0,0,0,0,0,0,0,0,0
22_24,11.175,-60.825,15,0,0,0,0,0,0,0,0,0,0,0,0,0,0,0,0,0
22_24,11.175,-60.825,16,0,0,0,0,0,0,0,0,0,0,0,0,0,0,0,0,0
22_24,11.175,-60.825,17,1,0,0,0,0,0,0,0,0,0,0,0,0,0,0,0,0
22_24,11.175,-60.825,18,0,0,0,0,0,0,0,0,0,0,0,0,0,0,0,0,0
22_24,11.175,-60.825,19,0,0,0,0,0,0,0,0,0,0,0,0,0,0,0,0,0
22_24,11.175,-60.825,20,1,0,0,0,0,0,0,0,0,0,0,0,0,0,0,0,0
22_24,11.175,-60.825,21,0,0,0,0,0,0,0,0,0,0,0,0,0,0,0,0,0
22_24,11.175,-60.825,22,0,0,0,0,0,0,0,0,0,0,0,0,0,0,0,0,0
22_24,11.175,-60.825,23,0,0,0,0,0,0,0,0,0,0,0,0,0,0,0,0,0
22_24,11.175,-60.825,24,0,0,0,0,0,0,0,0,0,0,0,0,0,0,0,0,0
22_24,11.175,-60.825,25,0,0,0,0,0,0,0,0,0,0,0,0,0,0,0,0,0
22_24,11.175,-60.825,26,0,0,0,0,0,0,0,0,0,0,0,0,0,0,0,0,0
22_24,11.175,-60.825,27,0,0,0,0,0,0,0,0,0,0,0,0,0,0,0,0,0
22_24,11.175,-60.825,28,0,0,0,0,0,0,0,0,0,0,0,0,0,0,0,0,0
22_24,11.175,-60.825,29,0,0,0,0,0,0,0,0,0,0,0,0,0,0,0,0,0
22_24,11.175,-60.825,30,0,0,0,0,0,0,0,0,0,0,0,0,0,0,0,0,0
22_24,11.175,-60.825,31,0,0,0,0,0,0,0,0,0,0,0,0,0,0,0,0,0
22_24,11.175,-60.825,32,0,0,0,0,0,0,0,0,0,0,0,0,0,0,0,0,0
22_24,11.175,-60.825,33,0,0,0,0,0,0,0,0,0,0,0,0,0,0,0,0,0
22_24,11.175,-60.825,34,0,0,0,0,0,0,0,0,0,0,0,0,0,0,0,0,0
22_24,11.175,-60.825,35,0,0,0,0,0,0,0,0,0,0,0,0,0,0,0,0,0
22_24,11.175,-60.825,36,0,0,0,0,0,0,0,0,0,0,0,0,0,0,0,0,0
22_24,11.175,-60.825,37,0,0,0,0,0,0,0,0,0,0,0,0,0,0,0,0,0
22_24,11.175,-60.825,38,0,0,0,0,0,0,0,0,0,0,0,0,0,0,0,0,0
22_24,11.175,-60.825,39,0,0,0,0,0,0,0,0,0,0,0,0,0,0,0,0,0
22_24,11.175,-60.825,40,0,0,0,0,0,0,0,0,0,0,0,0,0,0,0,0,0
22_24,11.175,-60.825,41,0,0,0,0,0,0,0,0,0,0,0,0,0,0,0,0,0
22_24,11.175,-60.825,42,0,0,0,0,0,0,0,0,0,0.169489780469012,0,0,0,0,0,0,0
22_24,11.175,-60.825,43,0,0,0,0,0,0,0,0,0,0,0.169489780469012,0,0,0,0,0,0
22_24,11.175,-60.825,44,0,0,0,0,0,0,0,0,0,0,0,0.169489780469012,0,0,0,0,0
22_24,11.175,-60.825,45,0,0,0,0,0,0,0,0,0,0,0,0,0.169489780469012,0,0,0,0
22_24,11.175,-60.825,46,0,0,0,0,0,0,0,0,0,0,0,0,0,0.169489780469012,0,0,0
22_24,11.175,-60.825,47,0,0,0,0,0,0,0,0,0,0,0,0,0,0,0.169489780469012,0,0
22_24,11.175,-60.825,48,0,0,0,0,0,0,0,0,0,0,0,0,0,0,0,0.169489780469012,0
22_24,11.175,-60.825,49,0,0,0,0,0,0,0,0,0,0,0,0,0,0,0,0,0.169489780469012
22_24,11.175,-60.825,50,0,0,0,0,0,0,0,0,0,0,0,0,0,0,0,0,0
22_24,11.175,-60.825,51,0,0,0,0,0,0,0,0,0,0,0,0,0,0,0,0,0
22_24,11.175,-60.825,52,0,0,0,0,0,0,0,0,0,0,0,0,0,0,0,0,0
23_23,11.125,-60.775000000000006,0,0,0,,,,,,,,0,,,,,,,
23_23,11.125,-60.775000000000006,1,0,0,0,,,,,,,0,0,,,,,,
23_23,11.125,-60.775000000000006,2,0,0,0,0,,,,,,0,0,0,,,,,
23_23,11.125,-60.775000000000006,3,0,0,0,0,0,,,,,0,0,0,0,,,,
23_23,11.125,-60.775000000000006,4,0,0,0,0,0,0,,,,0,0,0,0,0,,,
23_23,11.125,-60.775000000000006,5,0,0,0,0,0,0,0,,,0,0,0,0,0,0,,
23_23,11.125,-60.775000000000006,6,0,0,0,0,0,0,0,0,,0,0,0,0,0,0,0,
23_23,11.125,-60.775000000000006,7,0,0,0,0,0,0,0,0,0,0,0,0,0,0,0,0,0
23_23,11.125,-60.775000000000006,8,0,0,0,0,0,0,0,0,0,0,0,0,0,0,0,0,0
23_23,11.125,-60.775000000000006,9,0,0,0,0,0,0,0,0,0,0,0,0,0,0,0,0,0
23_23,11.125,-60.775000000000006,10,0,0,0,0,0,0,0,0,0,0,0,0,0,0,0,0,0
23_23,11.125,-60.775000000000006,11,0,0,0,0,0,0,0,0,0,0,0,0,0,0,0,0,0
23_23,11.125,-60.775000000000006,12,0,0,0,0,0,0,0,0,0,0,0,0,0,0,0,0,0
23_23,11.125,-60.775000000000006,13,0,0,0,0,0,0,0,0,0,0,0,0,0,0,0,0,0
23_23,11.125,-60.775000000000006,14,0,0,0,0,0,0,0,0,0,0,0,0,0,0,0,0,0
23_23,11.125,-60.775000000000006,15,0,0,0,0,0,0,0,0,0,0,0,0,0,0,0,0,0
23_23,11.125,-60.775000000000006,16,0,0,0,0,0,0,0,0,0,0,0,0,0,0,0,0,0
23_23,11.125,-60.775000000000006,17,0,0,0,0,0,0,0,0,0,0,0,0,0,0,0,0,0
23_23,11.125,-60.775000000000006,18,0,0,0,0,0,0,0,0,0,0,0,0,0,0,0,0,0
23_23,11.125,-60.775000000000006,19,0,0,0,0,0,0,0,0,0,0,0,0,0,0,0,0,0
23_23,11.125,-60.775000000000006,20,0,0,0,0,0,0,0,0,0,0,0,0,0,0,0,0,0
23_23,11.125,-60.775000000000006,21,0,0,0,0,0,0,0,0,0,0,0,0,0,0,0,0,0
23_23,11.125,-60.775000000000006,22,0,0,0,0,0,0,0,0,0,0,0,0,0,0,0,0,0
23_23,11.125,-60.775000000000006,23,0,0,0,0,0,0,0,0,0,0,0,0,0,0,0,0,0
23_23,11.125,-60.775000000000006,24,0,0,0,0,0,0,0,0,0,0,0,0,0,0,0,0,0
23_23,11.125,-60.775000000000006,25,0,0,0,0,0,0,0,0,0,0,0,0,0,0,0,0,0
23_23,11.125,-60.775000000000006,26,0,0,0,0,0,0,0,0,0,0,0,0,0,0,0,0,0
23_23,11.125,-60.775000000000006,27,0,0,0,0,0,0,0,0,0,0,0,0,0,0,0,0,0
23_23,11.125,-60.775000000000006,28,0,0,0,0,0,0,0,0,0,0,0,0,0,0,0,0,0
23_23,11.125,-60.775000000000006,29,0,0,0,0,0,0,0,0,0,0,0,0,0,0,0,0,0
23_23,11.125,-60.775000000000006,30,0,0,0,0,0,0,0,0,0,0,0,0,0,0,0,0,0
23_23,11.125,-60.775000000000006,31,0,0,0,0,0,0,0,0,0,0,0,0,0,0,0,0,0
23_23,11.125,-60.775000000000006,32,0,0,0,0,0,0,0,0,0,0,0,0,0,0,0,0,0
23_23,11.125,-60.775000000000006,33,0,0,0,0,0,0,0,0,0,0,0,0,0,0,0,0,0
23_23,11.125,-60.775000000000006,34,0,0,0,0,0,0,0,0,0,0,0,0,0,0,0,0,0
23_23,11.125,-60.775000000000006,35,0,0,0,0,0,0,0,0,0,0,0,0,0,0,0,0,0
23_23,11.125,-60.775000000000006,36,0,0,0,0,0,0,0,0,0,0,0,0,0,0,0,0,0
23_23,11.125,-60.775000000000006,37,0,0,0,0,0,0,0,0,0,0,0,0,0,0,0,0,0
23_23,11.125,-60.775000000000006,38,0,0,0,0,0,0,0,0,0,0,0,0,0,0,0,0,0
23_23,11.125,-60.775000000000006,39,0,0,0,0,0,0,0,0,0,0,0,0,0,0,0,0,0
23_23,11.125,-60.775000000000006,40,0,0,0,0,0,0,0,0,0,0,0,0,0,0,0,0,0
23_23,11.125,-60.775000000000006,41,0,0,0,0,0,0,0,0,0,0,0,0,0,0,0,0,0
23_23,11.125,-60.775000000000006,42,0,0,0,0,0,0,0,0,0,0.23730731431526228,0,0,0,0,0,0,0
23_23,11.125,-60.775000000000006,43,0,0,0,0,0,0,0,0,0,0,0.23730731431526228,0,0,0,0,0,0
23_23,11.125,-60.775000000000006,44,0,0,0,0,0,0,0,0,0,0,0,0.23730731431526228,0,0,0,0,0
23_23,11.125,-60.775000000000006,45,0,0,0,0,0,0,0,0,0,0,0,0,0.23730731431526228,0,0,0,0
23_23,11.125,-60.775000000000006,46,0,0,0,0,0,0,0,0,0,0,0,0,0,0.23730731431526228,0,0,0
23_23,11.125,-60.775000000000006,47,0,0,0,0,0,0,0,0,0,0,0,0,0,0,0.23730731431526228,0,0
23_23,11.125,-60.775000000000006,48,0,0,0,0,0,0,0,0,0,0,0,0,0,0,0,0.23730731431526228,0
23_23,11.125,-60.775000000000006,49,0,0,0,0,0,0,0,0,0,0,0,0,0,0,0,0,0.23730731431526228
23_23,11.125,-60.775000000000006,50,0,0,0,0,0,0,0,0,0,0,0,0,0,0,0,0,0
23_23,11.125,-60.775000000000006,51,0,0,0,0,0,0,0,0,0,0,0,0,0,0,0,0,0
23_23,11.125,-60.775000000000006,52,0,0,0,0,0,0,0,0,0,0,0,0,0,0,0,0,0
23_24,11.175,-60.775000000000006,0,0,0,,,,,,,,0,,,,,,,
23_24,11.175,-60.775000000000006,1,0,0,0,,,,,,,0,0,,,,,,
23_24,11.175,-60.775000000000006,2,0,0,0,0,,,,,,0,0,0,,,,,
23_24,11.175,-60.775000000000006,3,0,0,0,0,0,,,,,0,0,0,0,,,,
23_24,11.175,-60.775000000000006,4,0,0,0,0,0,0,,,,0.2341221005801729,0,0,0,0,,,
23_24,11.175,-60.775000000000006,5,0,0,0,0,0,0,0,,,0,0.2341221005801729,0,0,0,0,,
23_24,11.175,-60.775000000000006,6,0,0,0,0,0,0,0,0,,0,0,0.2341221005801729,0,0,0,0,
23_24,11.175,-60.775000000000006,7,0,0,0,0,0,0,0,0,0,0,0,0,0.2341221005801729,0,0,0,0
23_24,11.175,-60.775000000000006,8,0,0,0,0,0,0,0,0,0,0,0,0,0,0.2341221005801729,0,0,0
23_24,11.175,-60.775000000000006,9,0,0,0,0,0,0,0,0,0,0,0,0,0,0,0.2341221005801729,0,0
23_24,11.175,-60.775000000000006,10,0,0,0,0,0,0,0,0,0,0,0,0,0,0,0,0.2341221005801729,0
23_24,11.175,-60.775000000000006,11,0,0,0,0,0,0,0,0,0,0,0,0,0,0,0,0,0.2341221005801729
23_24,11.175,-60.775000000000006,12,0,0,0,0,0,0,0,0,0,0,0,0,0,0,0,0,0
23_24,11.175,-60.775000000000006,13,0,0,0,0,0,0,0,0,0,0,0,0,0,0,0,0,0
23_24,11.175,-60.775000000000006,14,0,0,0,0,0,0,0,0,0,0,0,0,0,0,0,0,0
23_24,11.175,-60.775000000000006,15,0,0,0,0,0,0,0,0,0,0,0,0,0,0,0,0,0
23_24,11.175,-60.775000000000006,16,0,0,0,0,0,0,0,0,0,0,0,0,0,0,0,0,0
23_24,11.175,-60.775000000000006,17,0,0,0,0,0,0,0,0,0,0,0,0,0,0,0,0,0
23_24,11.175,-60.775000000000006,18,0,0,0,0,0,0,0,0,0,0,0,0,0,0,0,0,0
23_24,11.175,-60.775000000000006,19,0,0,0,0,0,0,0,0,0,0,0,0,0,0,0,0,0
23_24,11.175,-60.775000000000006,20,0,0,0,0,0,0,0,0,0,0,0,0,0,0,0,0,0
23_24,11.175,-60.775000000000006,21,2,0,0,0,0,0,0,0,0,0,0,0,0,0,0,0,0
23_24,11.175,-60.775000000000006,22,0,0,0,0,0,0,0,0,0,0,0,0,0,0,0,0,0
23_24,11.175,-60.775000000000006,23,1,0,0,0,0,0,0,0,0,0,0,0,0,0,0,0,0
23_24,11.175,-60.775000000000006,24,0,0,0,0,0,0,0,0,0,0,0,0,0,0,0,0,0
23_24,11.175,-60.775000000000006,25,0,0,0,0,0,0,0,0,0,0,0,0,0,0,0,0,0
23_24,11.175,-60.775000000000006,26,0,0,0,0,0,0,0,0,0,0,0,0,0,0,0,0,0
23_24,11.175,-60.775000000000006,27,0,0,0,0,0,0,0,0,0,0,0,0,0,0,0,0,0
23_24,11.175,-60.775000000000006,28,0,0,0,0,0,0,0,0,0,0,0,0,0,0,0,0,0
23_24,11.175,-60.775000000000006,29,0,0,0,0,0,0,0,0,0,0,0,0,0,0,0,0,0
23_24,11.175,-60.775000000000006,30,0,0,0,0,0,0,0,0,0,0,0,0,0,0,0,0,0
23_24,11.175,-60.775000000000006,31,0,0,0,0,0,0,0,0,0,0,0,0,0,0,0,0,0
23_24,11.175,-60.775000000000006,32,0,0,0,0,0,0,0,0,0,0,0,0,0,0,0,0,0
23_24,11.175,-60.775000000000006,33,0,0,0,0,0,0,0,0,0,0,0,0,0,0,0,0,0
23_24,11.175,-60.775000000000006,34,0,0,0,0,0,0,0,0,0,0,0,0,0,0,0,0,0
23_24,11.175,-60.775000000000006,35,0,0,0,0,0,0,0,0,0,0,0,0,0,0,0,0,0
23_24,11.175,-60.775000000000006,36,0,0,0,0,0,0,0,0,0,0,0,0,0,0,0,0,0
23_24,11.175,-60.775000000000006,37,0,0,0,0,0,0,0,0,0,0,0,0,0,0,0,0,0
23_24,11.175,-60.775000000000006,38,0,0,0,0,0,0,0,0,0,0,0,0,0,0,0,0,0
23_24,11.175,-60.775000000000006,39,0,0,0,0,0,0,0,0,0,0,0,0,0,0,0,0,0
23_24,11.175,-60.775000000000006,40,0,0,0,0,0,0,0,0,0,0,0,0,0,0,0,0,0
23_24,11.175,-60.775000000000006,41,1,0,0,0,0,0,0,0,0,0,0,0,0,0,0,0,0
23_24,11.175,-60.775000000000006,42,0,1,0,0,0,0,0,0,0,0.19415949962261067,0,0,0,0,0,0,0
23_24,11.175,-60.775000000000006,43,1,0,1,0,0,0,0,0,0,0,0.19415949962261067,0,0,0,0,0,0
23_24,11.175,-60.775000000000006,44,0,0,0,1,0,0,0,0,0,0,0,0.19415949962261067,0,0,0,0,0
23_24,11.175,-60.775000000000006,45,0,0,0,0,1,0,0,0,0,0,0,0,0.19415949962261067,0,0,0,0
23_24,11.175,-60.775000000000006,46,1,0,0,0,0,1,0,0,0,0,0,0,0,0.19415949962261067,0,0,0
23_24,11.175,-60.775000000000006,47,0,0,0,0,0,0,1,0,0,0,0,0,0,0,0.19415949962261067,0,0
23_24,11.175,-60.775000000000006,48,1,0,0,0,0,0,0,1,0,0,0,0,0,0,0,0.19415949962261067,0
23_24,11.175,-60.775000000000006,49,0,0,0,0,0,0,0,0,1,0,0,0,0,0,0,0,0.19415949962261067
23_24,11.175,-60.775000000000006,50,0,0,0,0,0,0,0,0,0,0,0,0,0,0,0,0,0
23_24,11.175,-60.775000000000006,51,0,0,0,0,0,0,0,0,0,0,0,0,0,0,0,0,0
23_24,11.175,-60.775000000000006,52,0,0,0,0,0,0,0,0,0,0,0,0,0,0,0,0,0
23_25,11.225,-60.775000000000006,0,1,0,,,,,,,,0,,,,,,,
23_25,11.225,-60.775000000000006,1,0,0,0,,,,,,,0,0,,,,,,
23_25,11.225,-60.775000000000006,2,0,0,0,0,,,,,,0,0,0,,,,,
23_25,11.225,-60.775000000000006,3,1,0,0,0,0,,,,,0,0,0,0,,,,
23_25,11.225,-60.775000000000006,4,0,0,0,0,0,0,,,,0.21669482777990473,0,0,0,0,,,
23_25,11.225,-60.775000000000006,5,0,0,0,0,0,0,0,,,0,0.21669482777990473,0,0,0,0,,
23_25,11.225,-60.775000000000006,6,0,0,0,0,0,0,0,0,,0,0,0.21669482777990473,0,0,0,0,
23_25,11.225,-60.775000000000006,7,0,0,0,0,0,0,0,0,0,0,0,0,0.21669482777990473,0,0,0,0
23_25,11.225,-60.775000000000006,8,0,0,0,0,0,0,0,0,0,0,0,0,0,0.21669482777990473,0,0,0
23_25,11.225,-60.775000000000006,9,0,0,0,0,0,0,0,0,0,0,0,0,0,0,0.21669482777990473,0,0
23_25,11.225,-60.775000000000006,10,0,0,0,0,0,0,0,0,0,0,0,0,0,0,0,0.21669482777990473,0
23_25,11.225,-60.775000000000006,11,0,0,0,0,0,0,0,0,0,0,0,0,0,0,0,0,0.21669482777990473
23_25,11.225,-60.775000000000006,12,0,0,0,0,0,0,0,0,0,0,0,0,0,0,0,0,0
23_25,11.225,-60.775000000000006,13,0,0,0,0,0,0,0,0,0,0,0,0,0,0,0,0,0
23_25,11.225,-60.775000000000006,14,0,0,0,0,0,0,0,0,0,0,0,0,0,0,0,0,0
23_25,11.225,-60.775000000000006,15,0,0,0,0,0,0,0,0,0,0,0,0,0,0,0,0,0
23_25,11.225,-60.775000000000006,16,0,0,0,0,0,0,0,0,0,0,0,0,0,0,0,0,0
23_25,11.225,-60.775000000000006,17,0,0,0,0,0,0,0,0,0,0,0,0,0,0,0,0,0
23_25,11.225,-60.775000000000006,18,0,0,0,0,0,0,0,0,0,0,0,0,0,0,0,0,0
23_25,11.225,-60.775000000000006,19,0,0,0,0,0,0,0,0,0,0,0,0,0,0,0,0,0
23_25,11.225,-60.775000000000006,20,0,0,0,0,0,0,0,0,0,0,0,0,0,0,0,0,0
23_25,11.225,-60.775000000000006,21,0,0,0,0,0,0,0,0,0,0,0,0,0,0,0,0,0
23_25,11.225,-60.775000000000006,22,0,0,0,0,0,0,0,0,0,0,0,0,0,0,0,0,0
23_25,11.225,-60.775000000000006,23,0,0,0,0,0,0,0,0,0,0,0,0,0,0,0,0,0
23_25,11.225,-60.775000000000006,24,0,0,0,0,0,0,0,0,0,0,0,0,0,0,0,0,0
23_25,11.225,-60.775000000000006,25,0,0,0,0,0,0,0,0,0,0,0,0,0,0,0,0,0
23_25,11.225,-60.775000000000006,26,0,0,0,0,0,0,0,0,0,0,0,0,0,0,0,0,0
23_25,11.225,-60.775000000000006,27,0,0,0,0,0,0,0,0,0,0,0,0,0,0,0,0,0
23_25,11.225,-60.775000000000006,28,0,0,0,0,0,0,0,0,0,0,0,0,0,0,0,0,0
23_25,11.225,-60.775000000000006,29,0,0,0,0,0,0,0,0,0,0,0,0,0,0,0,0,0
23_25,11.225,-60.775000000000006,30,0,0,0,0,0,0,0,0,0,0,0,0,0,0,0,0,0
23_25,11.225,-60.775000000000006,31,0,0,0,0,0,0,0,0,0,0,0,0,0,0,0,0,0
23_25,11.225,-60.775000000000006,32,0,0,0,0,0,0,0,0,0,0,0,0,0,0,0,0,0
23_25,11.225,-60.775000000000006,33,0,0,0,0,0,0,0,0,0,0,0,0,0,0,0,0,0
23_25,11.225,-60.775000000000006,34,0,0,0,0,0,0,0,0,0,0,0,0,0,0,0,0,0
23_25,11.225,-60.775000000000006,35,0,0,0,0,0,0,0,0,0,0,0,0,0,0,0,0,0
23_25,11.225,-60.775000000000006,36,0,0,0,0,0,0,0,0,0,0,0,0,0,0,0,0,0
23_25,11.225,-60.775000000000006,37,1,0,0,0,0,0,0,0,0,0,0,0,0,0,0,0,0
23_25,11.225,-60.775000000000006,38,0,0,0,0,0,0,0,0,0,0,0,0,0,0,0,0,0
23_25,11.225,-60.775000000000006,39,0,0,0,0,0,0,0,0,0,0,0,0,0,0,0,0,0
23_25,11.225,-60.775000000000006,40,0,0,0,0,0,0,0,0,0,0,0,0,0,0,0,0,0
23_25,11.225,-60.775000000000006,41,0,0,0,0,0,0,0,0,0,0,0,0,0,0,0,0,0
23_25,11.225,-60.775000000000006,42,0,0,0,0,0,0,0,0,0,0,0,0,0,0,0,0,0
23_25,11.225,-60.775000000000006,43,0,0,0,0,0,0,0,0,0,0,0,0,0,0,0,0,0
23_25,11.225,-60.775000000000006,44,1,0,0,0,0,0,0,0,0,0,0,0,0,0,0,0,0
23_25,11.225,-60.775000000000006,45,0,0,0,0,0,0,0,0,0,0,0,0,0,0,0,0,0
23_25,11.225,-60.775000000000006,46,0,0,0,0,0,0,0,0,0,0,0,0,0,0,0,0,0
23_25,11.225,-60.775000000000006,47,0,0,0,0,0,0,0,0,0,0,0,0,0,0,0,0,0
23_25,11.225,-60.775000000000006,48,0,0,0,0,0,0,0,0,0,0,0,0,0,0,0,0,0
23_25,11.225,-60.775000000000006,49,0,0,0,0,0,0,0,0,0,0,0,0,0,0,0,0,0
23_25,11.225,-60.775000000000006,50,1,0,0,0,0,0,0,0,0,0,0,0,0,0,0,0,0
23_25,11.225,-60.775000000000006,51,0,0,0,0,0,0,0,0,0,0,0,0,0,0,0,0,0
23_25,11.225,-60.775000000000006,52,0,0,0,0,0,0,0,0,0,0,0,0,0,0,0,0,0
24_24,11.175,-60.725,0,0,0,,,,,,,,0,,,,,,,
24_24,11.175,-60.725,1,0,0,0,,,,,,,0,0,,,,,,
24_24,11.175,-60.725,2,0,0,0,0,,,,,,0,0,0,,,,,
24_24,11.175,-60.725,3,0,0,0,0,0,,,,,0,0,0,0,,,,
24_24,11.175,-60.725,4,0,1,0,0,0,0,,,,0,0,0,0,0,,,
24_24,11.175,-60.725,5,0,0,1,0,0,0,0,,,0,0,0,0,0,0,,
24_24,11.175,-60.725,6,1,0,0,1,0,0,0,0,,0,0,0,0,0,0,0,
24_24,11.175,-60.725,7,0,0,0,0,1,0,0,0,0,0,0,0,0,0,0,0,0
24_24,11.175,-60.725,8,0,0,0,0,0,1,0,0,0,0,0,0,0,0,0,0,0
24_24,11.175,-60.725,9,0,0,0,0,0,0,1,0,0,0,0,0,0,0,0,0,0
24_24,11.175,-60.725,10,0,0,0,0,0,0,0,1,0,0,0,0,0,0,0,0,0
24_24,11.175,-60.725,11,0,0,0,0,0,0,0,0,1,0,0,0,0,0,0,0,0
24_24,11.175,-60.725,12,0,0,0,0,0,0,0,0,0,0,0,0,0,0,0,0,0
24_24,11.175,-60.725,13,0,0,0,0,0,0,0,0,0,0,0,0,0,0,0,0,0
24_24,11.175,-60.725,14,0,0,0,0,0,0,0,0,0,0,0,0,0,0,0,0,0
24_24,11.175,-60.725,15,0,0,0,0,0,0,0,0,0,0,0,0,0,0,0,0,0
24_24,11.175,-60.725,16,0,0,0,0,0,0,0,0,0,0,0,0,0,0,0,0,0
24_24,11.175,-60.725,17,0,0,0,0,0,0,0,0,0,0,0,0,0,0,0,0,0
24_24,11.175,-60.725,18,0,0,0,0,0,0,0,0,0,0,0,0,0,0,0,0,0
24_24,11.175,-60.725,19,0,0,0,0,0,0,0,0,0,0,0,0,0,0,0,0,0
24_24,11.175,-60.725,20,0,0,0,0,0,0,0,0,0,0,0,0,0,0,0,0,0
24_24,11.175,-60.725,21,0,0,0,0,0,0,0,0,0,0,0,0,0,0,0,0,0
24_24,11.175,-60.725,22,0,0,0,0,0,0,0,0,0,0,0,0,0,0,0,0,0
24_24,11.175,-60.725,23,0,0,0,0,0,0,0,0,0,0,0,0,0,0,0,0,0
24_24,11.175,-60.725,24,0,0,0,0,0,0,0,0,0,0,0,0,0,0,0,0,0
24_24,11.175,-60.725,25,0,0,0,0,0,0,0,0,0,0,0,0,0,0,0,0,0
24_24,11.175,-60.725,26,0,0,0,0,0,0,0,0,0,0,0,0,0,0,0,0,0
24_24,11.175,-60.725,27,0,0,0,0,0,0,0,0,0,0,0,0,0,0,0,0,0
24_24,11.175,-60.725,28,0,0,0,0,0,0,0,0,0,0,0,0,0,0,0,0,0
24_24,11.175,-60.725,29,0,0,0,0,0,0,0,0,0,0,0,0,0,0,0,0,0
24_24,11.175,-60.725,30,0,0,0,0,0,0,0,0,0,0,0,0,0,0,0,0,0
24_24,11.175,-60.725,31,0,0,0,0,0,0,0,0,0,0,0,0,0,0,0,0,0
24_24,11.175,-60.725,32,0,0,0,0,0,0,0,0,0,0,0,0,0,0,0,0,0
24_24,11.175,-60.725,33,0,0,0,0,0,0,0,0,0,0,0,0,0,0,0,0,0
24_24,11.175,-60.725,34,0,0,0,0,0,0,0,0,0,0,0,0,0,0,0,0,0
24_24,11.175,-60.725,35,0,0,0,0,0,0,0,0,0,0,0,0,0,0,0,0,0
24_24,11.175,-60.725,36,1,0,0,0,0,0,0,0,0,0,0,0,0,0,0,0,0
24_24,11.175,-60.725,37,0,0,0,0,0,0,0,0,0,0,0,0,0,0,0,0,0
24_24,11.175,-60.725,38,0,0,0,0,0,0,0,0,0,0,0,0,0,0,0,0,0
24_24,11.175,-60.725,39,0,0,0,0,0,0,0,0,0,0,0,0,0,0,0,0,0
24_24,11.175,-60.725,40,0,0,0,0,0,0,0,0,0,0,0,0,0,0,0,0,0
24_24,11.175,-60.725,41,0,0,0,0,0,0,0,0,0,0,0,0,0,0,0,0,0
24_24,11.175,-60.725,42,1,1,0,0,0,0,0,0,0,0,0,0,0,0,0,0,0
24_24,11.175,-60.725,43,0,0,1,0,0,0,0,0,0,0,0,0,0,0,0,0,0
24_24,11.175,-60.725,44,2,0,0,1,0,0,0,0,0,0,0,0,0,0,0,0,0
24_24,11.175,-60.725,45,1,0,0,0,1,0,0,0,0,0,0,0,0,0,0,0,0
24_24,11.175,-60.725,46,0,0,0,0,0,1,0,0,0,0,0,0,0,0,0,0,0
24_24,11.175,-60.725,47,0,0,0,0,0,0,1,0,0,0,0,0,0,0,0,0,0
24_24,11.175,-60.725,48,0,0,0,0,0,0,0,1,0,0,0,0,0,0,0,0,0
24_24,11.175,-60.725,49,1,0,0,0,0,0,0,0,1,0,0,0,0,0,0,0,0
24_24,11.175,-60.725,50,0,0,0,0,0,0,0,0,0,0,0,0,0,0,0,0,0
24_24,11.175,-60.725,51,0,0,0,0,0,0,0,0,0,0.1768963327282245,0,0,0,0,0,0,0
24_24,11.175,-60.725,52,0,0,0,0,0,0,0,0,0,0,0.1768963327282245,0,0,0,0,0,0
24_25,11.225,-60.725,0,0,0,,,,,,,,0,,,,,,,
24_25,11.225,-60.725,1,0,0,0,,,,,,,0,0,,,,,,
24_25,11.225,-60.725,2,0,0,0,0,,,,,,0,0,0,,,,,
24_25,11.225,-60.725,3,0,0,0,0,0,,,,,0,0,0,0,,,,
24_25,11.225,-60.725,4,0,0,0,0,0,0,,,,0.22152632260396118,0,0,0,0,,,
24_25,11.225,-60.725,5,0,0,0,0,0,0,0,,,0,0.22152632260396118,0,0,0,0,,
24_25,11.225,-60.725,6,0,0,0,0,0,0,0,0,,0,0,0.22152632260396118,0,0,0,0,
24_25,11.225,-60.725,7,0,0,0,0,0,0,0,0,0,0,0,0,0.22152632260396118,0,0,0,0
24_25,11.225,-60.725,8,0,0,0,0,0,0,0,0,0,0,0,0,0,0.22152632260396118,0,0,0
24_25,11.225,-60.725,9,0,0,0,0,0,0,0,0,0,0,0,0,0,0,0.22152632260396118,0,0
24_25,11.225,-60.725,10,0,0,0,0,0,0,0,0,0,0,0,0,0,0,0,0.22152632260396118,0
24_25,11.225,-60.725,11,0,0,0,0,0,0,0,0,0,0,0,0,0,0,0,0,0.22152632260396118
24_25,11.225,-60.725,12,0,0,0,0,0,0,0,0,0,0,0,0,0,0,0,0,0
24_25,11.225,-60.725,13,0,0,0,0,0,0,0,0,0,0,0,0,0,0,0,0,0
24_25,11.225,-60.725,14,1,0,0,0,0,0,0,0,0,0,0,0,0,0,0,0,0
24_25,11.225,-60.725,15,1,0,0,0,0,0,0,0,0,0,0,0,0,0,0,0,0
24_25,11.225,-60.725,16,0,0,0,0,0,0,0,0,0,0,0,0,0,0,0,0,0
24_25,11.225,-60.725,17,0,0,0,0,0,0,0,0,0,0,0,0,0,0,0,0,0
24_25,11.225,-60.725,18,0,0,0,0,0,0,0,0,0,0,0,0,0,0,0,0,0
24_25,11.225,-60.725,19,0,0,0,0,0,0,0,0,0,0,0,0,0,0,0,0,0
24_25,11.225,-60.725,20,1,0,0,0,0,0,0,0,0,0,0,0,0,0,0,0,0
24_25,11.225,-60.725,21,0,0,0,0,0,0,0,0,0,0,0,0,0,0,0,0,0
24_25,11.225,-60.725,22,0,0,0,0,0,0,0,0,0,0,0,0,0,0,0,0,0
24_25,11.225,-60.725,23,0,0,0,0,0,0,0,0,0,0,0,0,0,0,0,0,0
24_25,11.225,-60.725,24,0,0,0,0,0,0,0,0,0,0,0,0,0,0,0,0,0
24_25,11.225,-60.725,25,0,0,0,0,0,0,0,0,0,0,0,0,0,0,0,0,0
24_25,11.225,-60.725,26,0,0,0,0,0,0,0,0,0,0,0,0,0,0,0,0,0
24_25,11.225,-60.725,27,0,0,0,0,0,0,0,0,0,0,0,0,0,0,0,0,0
24_25,11.225,-60.725,28,0,0,0,0,0,0,0,0,0,0,0,0,0,0,0,0,0
24_25,11.225,-60.725,29,1,0,0,0,0,0,0,0,0,0,0,0,0,0,0,0,0
24_25,11.225,-60.725,30,0,0,0,0,0,0,0,0,0,0,0,0,0,0,0,0,0
24_25,11.225,-60.725,31,0,0,0,0,0,0,0,0,0,0,0,0,0,0,0,0,0
24_25,11.225,-60.725,32,0,0,0,0,0,0,0,0,0,0,0,0,0,0,0,0,0
24_25,11.225,-60.725,33,0,0,0,0,0,0,0,0,0,0,0,0,0,0,0,0,0
24_25,11.225,-60.725,34,0,0,0,0,0,0,0,0,0,0,0,0,0,0,0,0,0
24_25,11.225,-60.725,35,0,0,0,0,0,0,0,0,0,0,0,0,0,0,0,0,0
24_25,11.225,-60.725,36,0,0,0,0,0,0,0,0,0,0,0,0,0,0,0,0,0
24_25,11.225,-60.725,37,0,0,0,0,0,0,0,0,0,0,0,0,0,0,0,0,0
24_25,11.225,-60.725,38,0,0,0,0,0,0,0,0,0,0,0,0,0,0,0,0,0
24_25,11.225,-60.725,39,0,0,0,0,0,0,0,0,0,0,0,0,0,0,0,0,0
24_25,11.225,-60.725,40,0,0,0,0,0,0,0,0,0,0,0,0,0,0,0,0,0
24_25,11.225,-60.725,41,0,0,0,0,0,0,0,0,0,0,0,0,0,0,0,0,0
24_25,11.225,-60.725,42,0,0,0,0,0,0,0,0,0,0.1806045229815817,0,0,0,0,0,0,0
24_25,11.225,-60.725,43,0,0,0,0,0,0,0,0,0,0,0.1806045229815817,0,0,0,0,0,0
24_25,11.225,-60.725,44,0,0,0,0,0,0,0,0,0,0,0,0.1806045229815817,0,0,0,0,0
24_25,11.225,-60.725,45,0,0,0,0,0,0,0,0,0,0,0,0,0.1806045229815817,0,0,0,0
24_25,11.225,-60.725,46,1,0,0,0,0,0,0,0,0,0,0,0,0,0.1806045229815817,0,0,0
24_25,11.225,-60.725,47,0,0,0,0,0,0,0,0,0,0,0,0,0,0,0.1806045229815817,0,0
24_25,11.225,-60.725,48,0,0,0,0,0,0,0,0,0,0,0,0,0,0,0,0.1806045229815817,0
24_25,11.225,-60.725,49,0,0,0,0,0,0,0,0,0,0,0,0,0,0,0,0,0.1806045229815817
24_25,11.225,-60.725,50,1,0,0,0,0,0,0,0,0,0,0,0,0,0,0,0,0
24_25,11.225,-60.725,51,0,1,0,0,0,0,0,0,0,0,0,0,0,0,0,0,0
24_25,11.225,-60.725,52,0,0,1,0,0,0,0,0,0,0,0,0,0,0,0,0,0
24_26,11.275,-60.725,0,0,0,,,,,,,,0,,,,,,,
24_26,11.275,-60.725,1,0,0,0,,,,,,,0,0,,,,,,
24_26,11.275,-60.725,2,0,0,0,0,,,,,,0,0,0,,,,,
24_26,11.275,-60.725,3,0,0,0,0,0,,,,,0,0,0,0,,,,
24_26,11.275,-60.725,4,0,0,0,0,0,0,,,,0,0,0,0,0,,,
24_26,11.275,-60.725,5,0,0,0,0,0,0,0,,,0,0,0,0,0,0,,
24_26,11.275,-60.725,6,0,0,0,0,0,0,0,0,,0,0,0,0,0,0,0,
24_26,11.275,-60.725,7,0,0,0,0,0,0,0,0,0,0,0,0,0,0,0,0,0
24_26,11.275,-60.725,8,0,0,0,0,0,0,0,0,0,0,0,0,0,0,0,0,0
24_26,11.275,-60.725,9,0,0,0,0,0,0,0,0,0,0,0,0,0,0,0,0,0
24_26,11.275,-60.725,10,0,0,0,0,0,0,0,0,0,0,0,0,0,0,0,0,0
24_26,11.275,-60.725,11,0,0,0,0,0,0,0,0,0,0,0,0,0,0,0,0,0
24_26,11.275,-60.725,12,0,0,0,0,0,0,0,0,0,0,0,0,0,0,0,0,0
24_26,11.275,-60.725,13,0,0,0,0,0,0,0,0,0,0,0,0,0,0,0,0,0
24_26,11.275,-60.725,14,0,0,0,0,0,0,0,0,0,0,0,0,0,0,0,0,0
24_26,11.275,-60.725,15,0,0,0,0,0,0,0,0,0,0,0,0,0,0,0,0,0
24_26,11.275,-60.725,16,0,0,0,0,0,0,0,0,0,0,0,0,0,0,0,0,0
24_26,11.275,-60.725,17,0,0,0,0,0,0,0,0,0,0,0,0,0,0,0,0,0
24_26,11.275,-60.725,18,0,0,0,0,0,0,0,0,0,0,0,0,0,0,0,0,0
24_26,11.275,-60.725,19,0,0,0,0,0,0,0,0,0,0,0,0,0,0,0,0,0
24_26,11.275,-60.725,20,0,0,0,0,0,0,0,0,0,0,0,0,0,0,0,0,0
24_26,11.275,-60.725,21,0,0,0,0,0,0,0,0,0,0,0,0,0,0,0,0,0
24_26,11.275,-60.725,22,0,0,0,0,0,0,0,0,0,0,0,0,0,0,0,0,0
24_26,11.275,-60.725,23,0,0,0,0,0,0,0,0,0,0,0,0,0,0,0,0,0
24_26,11.275,-60.725,24,0,0,0,0,0,0,0,0,0,0,0,0,0,0,0,0,0
24_26,11.275,-60.725,25,0,0,0,0,0,0,0,0,0,0,0,0,0,0,0,0,0
24_26,11.275,-60.725,26,0,0,0,0,0,0,0,0,0,0,0,0,0,0,0,0,0
24_26,11.275,-60.725,27,0,0,0,0,0,0,0,0,0,0,0,0,0,0,0,0,0
24_26,11.275,-60.725,28,0,0,0,0,0,0,0,0,0,0,0,0,0,0,0,0,0
24_26,11.275,-60.725,29,0,0,0,0,0,0,0,0,0,0,0,0,0,0,0,0,0
24_26,11.275,-60.725,30,0,0,0,0,0,0,0,0,0,0,0,0,0,0,0,0,0
24_26,11.275,-60.725,31,0,0,0,0,0,0,0,0,0,0,0,0,0,0,0,0,0
24_26,11.275,-60.725,32,0,0,0,0,0,0,0,0,0,0,0,0,0,0,0,0,0
24_26,11.275,-60.725,33,0,0,0,0,0,0,0,0,0,0,0,0,0,0,0,0,0
24_26,11.275,-60.725,34,0,0,0,0,0,0,0,0,0,0,0,0,0,0,0,0,0
24_26,11.275,-60.725,35,0,0,0,0,0,0,0,0,0,0,0,0,0,0,0,0,0
24_26,11.275,-60.725,36,0,0,0,0,0,0,0,0,0,0,0,0,0,0,0,0,0
24_26,11.275,-60.725,37,0,0,0,0,0,0,0,0,0,0,0,0,0,0,0,0,0
24_26,11.275,-60.725,38,0,0,0,0,0,0,0,0,0,0,0,0,0,0,0,0,0
24_26,11.275,-60.725,39,0,0,0,0,0,0,0,0,0,0,0,0,0,0,0,0,0
24_26,11.275,-60.725,40,0,0,0,0,0,0,0,0,0,0,0,0,0,0,0,0,0
24_26,11.275,-60.725,41,0,0,0,0,0,0,0,0,0,0,0,0,0,0,0,0,0
24_26,11.275,-60.725,42,0,0,0,0,0,0,0,0,0,0,0,0,0,0,0,0,0
24_26,11.275,-60.725,43,0,0,0,0,0,0,0,0,0,0,0,0,0,0,0,0,0
24_26,11.275,-60.725,44,0,0,0,0,0,0,0,0,0,0,0,0,0,0,0,0,0
24_26,11.275,-60.725,45,0,0,0,0,0,0,0,0,0,0,0,0,0,0,0,0,0
24_26,11.275,-60.725,46,0,0,0,0,0,0,0,0,0,0,0,0,0,0,0,0,0
24_26,11.275,-60.725,47,0,0,0,0,0,0,0,0,0,0,0,0,0,0,0,0,0
24_26,11.275,-60.725,48,0,0,0,0,0,0,0,0,0,0,0,0,0,0,0,0,0
24_26,11.275,-60.725,49,0,0,0,0,0,0,0,0,0,0,0,0,0,0,0,0,0
24_26,11.275,-60.725,50,0,0,0,0,0,0,0,0,0,0,0,0,0,0,0,0,0
24_26,11.275,-60.725,51,0,0,0,0,0,0,0,0,0,0,0,0,0,0,0,0,0
24_26,11.275,-60.725,52,0,0,0,0,0,0,0,0,0,0,0,0,0,0,0,0,0
25_24,11.175,-60.675,0,0,0,,,,,,,,0,,,,,,,
25_24,11.175,-60.675,1,0,0,0,,,,,,,0,0,,,,,,
25_24,11.175,-60.675,2,0,0,0,0,,,,,,0,0,0,,,,,
25_24,11.175,-60.675,3,0,0,0,0,0,,,,,0,0,0,0,,,,
25_24,11.175,-60.675,4,0,0,0,0,0,0,,,,0,0,0,0,0,,,
25_24,11.175,-60.675,5,0,0,0,0,0,0,0,,,0,0,0,0,0,0,,
25_24,11.175,-60.675,6,0,0,0,0,0,0,0,0,,0,0,0,0,0,0,0,
25_24,11.175,-60.675,7,0,0,0,0,0,0,0,0,0,0,0,0,0,0,0,0,0
25_24,11.175,-60.675,8,0,0,0,0,0,0,0,0,0,0,0,0,0,0,0,0,0
25_24,11.175,-60.675,9,0,0,0,0,0,0,0,0,0,0,0,0,0,0,0,0,0
25_24,11.175,-60.675,10,0,0,0,0,0,0,0,0,0,0,0,0,0,0,0,0,0
25_24,11.175,-60.675,11,0,0,0,0,0,0,0,0,0,0,0,0,0,0,0,0,0
25_24,11.175,-60.675,12,0,0,0,0,0,0,0,0,0,0,0,0,0,0,0,0,0
25_24,11.175,-60.675,13,0,0,0,0,0,0,0,0,0,0,0,0,0,0,0,0,0
25_24,11.175,-60.675,14,0,0,0,0,0,0,0,0,0,0,0,0,0,0,0,0,0
25_24,11.175,-60.675,15,0,0,0,0,0,0,0,0,0,0,0,0,0,0,0,0,0
25_24,11.175,-60.675,16,0,0,0,0,0,0,0,0,0,0,0,0,0,0,0,0,0
25_24,11.175,-60.675,17,0,0,0,0,0,0,0,0,0,0,0,0,0,0,0,0,0
25_24,11.175,-60.675,18,0,0,0,0,0,0,0,0,0,0,0,0,0,0,0,0,0
25_24,11.175,-60.675,19,0,0,0,0,0,0,0,0,0,0,0,0,0,0,0,0,0
25_24,11.175,-60.675,20,0,0,0,0,0,0,0,0,0,0,0,0,0,0,0,0,0
25_24,11.175,-60.675,21,0,0,0,0,0,0,0,0,0,0,0,0,0,0,0,0,0
25_24,11.175,-60.675,22,0,0,0,0,0,0,0,0,0,0,0,0,0,0,0,0,0
25_24,11.175,-60.675,23,0,0,0,0,0,0,0,0,0,0,0,0,0,0,0,0,0
25_24,11.175,-60.675,24,0,0,0,0,0,0,0,0,0,0,0,0,0,0,0,0,0
25_24,11.175,-60.675,25,0,0,0,0,0,0,0,0,0,0,0,0,0,0,0,0,0
25_24,11.175,-60.675,26,0,0,0,0,0,0,0,0,0,0,0,0,0,0,0,0,0
25_24,11.175,-60.675,27,0,0,0,0,0,0,0,0,0,0,0,0,0,0,0,0,0
25_24,11.175,-60.675,28,0,0,0,0,0,0,0,0,0,0,0,0,0,0,0,0,0
25_24,11.175,-60.675,29,0,0,0,0,0,0,0,0,0,0,0,0,0,0,0,0,0
25_24,11.175,-60.675,30,0,0,0,0,0,0,0,0,0,0,0,0,0,0,0,0,0
25_24,11.175,-60.675,31,0,0,0,0,0,0,0,0,0,0,0,0,0,0,0,0,0
25_24,11.175,-60.675,32,0,0,0,0,0,0,0,0,0,0,0,0,0,0,0,0,0
25_24,11.175,-60.675,33,0,0,0,0,0,0,0,0,0,0,0,0,0,0,0,0,0
25_24,11.175,-60.675,34,0,0,0,0,0,0,0,0,0,0,0,0,0,0,0,0,0
25_24,11.175,-60.675,35,0,0,0,0,0,0,0,0,0,0,0,0,0,0,0,0,0
25_24,11.175,-60.675,36,0,0,0,0,0,0,0,0,0,0,0,0,0,0,0,0,0
25_24,11.175,-60.675,37,0,0,0,0,0,0,0,0,0,0,0,0,0,0,0,0,0
25_24,11.175,-60.675,38,0,0,0,0,0,0,0,0,0,0,0,0,0,0,0,0,0
25_24,11.175,-60.675,39,0,0,0,0,0,0,0,0,0,0,0,0,0,0,0,0,0
25_24,11.175,-60.675,40,0,0,0,0,0,0,0,0,0,0,0,0,0,0,0,0,0
25_24,11.175,-60.675,41,0,0,0,0,0,0,0,0,0,0,0,0,0,0,0,0,0
25_24,11.175,-60.675,42,0,0,0,0,0,0,0,0,0,0,0,0,0,0,0,0,0
25_24,11.175,-60.675,43,0,0,0,0,0,0,0,0,0,0,0,0,0,0,0,0,0
25_24,11.175,-60.675,44,1,0,0,0,0,0,0,0,0,0,0,0,0,0,0,0,0
25_24,11.175,-60.675,45,0,0,0,0,0,0,0,0,0,0,0,0,0,0,0,0,0
25_24,11.175,-60.675,46,0,0,0,0,0,0,0,0,0,0,0,0,0,0,0,0,0
25_24,11.175,-60.675,47,0,0,0,0,0,0,0,0,0,0,0,0,0,0,0,0,0
25_24,11.175,-60.675,48,0,0,0,0,0,0,0,0,0,0,0,0,0,0,0,0,0
25_24,11.175,-60.675,49,0,0,0,0,0,0,0,0,0,0,0,0,0,0,0,0,0
25_24,11.175,-60.675,50,0,0,0,0,0,0,0,0,0,0,0,0,0,0,0,0,0
25_24,11.175,-60.675,51,0,0,0,0,0,0,0,0,0,0,0,0,0,0,0,0,0
25_24,11.175,-60.675,52,0,0,0,0,0,0,0,0,0,0,0,0,0,0,0,0,0
25_25,11.225,-60.67499999999999,0,0,0,,,,,,,,0,,,,,,,
25_25,11.225,-60.67499999999999,1,0,0,0,,,,,,,0,0,,,,,,
25_25,11.225,-60.67499999999999,2,0,0,0,0,,,,,,0,0,0,,,,,
25_25,11.225,-60.67499999999999,3,0,0,0,0,0,,,,,0,0,0,0,,,,
25_25,11.225,-60.67499999999999,4,0,0,0,0,0,0,,,,0,0,0,0,0,,,
25_25,11.225,-60.67499999999999,5,0,0,0,0,0,0,0,,,0,0,0,0,0,0,,
25_25,11.225,-60.67499999999999,6,0,0,0,0,0,0,0,0,,0,0,0,0,0,0,0,
25_25,11.225,-60.67499999999999,7,0,0,0,0,0,0,0,0,0,0,0,0,0,0,0,0,0
25_25,11.225,-60.67499999999999,8,0,0,0,0,0,0,0,0,0,0,0,0,0,0,0,0,0
25_25,11.225,-60.67499999999999,9,0,0,0,0,0,0,0,0,0,0,0,0,0,0,0,0,0
25_25,11.225,-60.67499999999999,10,0,0,0,0,0,0,0,0,0,0,0,0,0,0,0,0,0
25_25,11.225,-60.67499999999999,11,0,0,0,0,0,0,0,0,0,0,0,0,0,0,0,0,0
25_25,11.225,-60.67499999999999,12,0,0,0,0,0,0,0,0,0,0,0,0,0,0,0,0,0
25_25,11.225,-60.67499999999999,13,0,0,0,0,0,0,0,0,0,0,0,0,0,0,0,0,0
25_25,11.225,-60.67499999999999,14,0,0,0,0,0,0,0,0,0,0,0,0,0,0,0,0,0
25_25,11.225,-60.67499999999999,15,0,0,0,0,0,0,0,0,0,0,0,0,0,0,0,0,0
25_25,11.225,-60.67499999999999,16,0,0,0,0,0,0,0,0,0,0,0,0,0,0,0,0,0
25_25,11.225,-60.67499999999999,17,0,0,0,0,0,0,0,0,0,0,0,0,0,0,0,0,0
25_25,11.225,-60.67499999999999,18,0,0,0,0,0,0,0,0,0,0,0,0,0,0,0,0,0
25_25,11.225,-60.67499999999999,19,0,0,0,0,0,0,0,0,0,0,0,0,0,0,0,0,0
25_25,11.225,-60.67499999999999,20,0,0,0,0,0,0,0,0,0,0,0,0,0,0,0,0,0
25_25,11.225,-60.67499999999999,21,0,0,0,0,0,0,0,0,0,0,0,0,0,0,0,0,0
25_25,11.225,-60.67499999999999,22,0,0,0,0,0,0,0,0,0,0,0,0,0,0,0,0,0
25_25,11.225,-60.67499999999999,23,0,0,0,0,0,0,0,0,0,0,0,0,0,0,0,0,0
25_25,11.225,-60.67499999999999,24,0,0,0,0,0,0,0,0,0,0,0,0,0,0,0,0,0
25_25,11.225,-60.67499999999999,25,0,0,0,0,0,0,0,0,0,0,0,0,0,0,0,0,0
25_25,11.225,-60.67499999999999,26,0,0,0,0,0,0,0,0,0,0,0,0,0,0,0,0,0
25_25,11.225,-60.67499999999999,27,0,0,0,0,0,0,0,0,0,0,0,0,0,0,0,0,0
25_25,11.225,-60.67499999999999,28,0,0,0,0,0,0,0,0,0,0,0,0,0,0,0,0,0
25_25,11.225,-60.67499999999999,29,0,0,0,0,0,0,0,0,0,0,0,0,0,0,0,0,0
25_25,11.225,-60.67499999999999,30,0,0,0,0,0,0,0,0,0,0,0,0,0,0,0,0,0
25_25,11.225,-60.67499999999999,31,0,0,0,0,0,0,0,0,0,0,0,0,0,0,0,0,0
25_25,11.225,-60.67499999999999,32,0,0,0,0,0,0,0,0,0,0,0,0,0,0,0,0,0
25_25,11.225,-60.67499999999999,33,0,0,0,0,0,0,0,0,0,0,0,0,0,0,0,0,0
25_25,11.225,-60.67499999999999,34,0,0,0,0,0,0,0,0,0,0,0,0,0,0,0,0,0
25_25,11.225,-60.67499999999999,35,0,0,0,0,0,0,0,0,0,0,0,0,0,0,0,0,0
25_25,11.225,-60.67499999999999,36,0,0,0,0,0,0,0,0,0,0,0,0,0,0,0,0,0
25_25,11.225,-60.67499999999999,37,0,0,0,0,0,0,0,0,0,0,0,0,0,0,0,0,0
25_25,11.225,-60.67499999999999,38,0,0,0,0,0,0,0,0,0,0,0,0,0,0,0,0,0
25_25,11.225,-60.67499999999999,39,0,0,0,0,0,0,0,0,0,0,0,0,0,0,0,0,0
25_25,11.225,-60.67499999999999,40,0,0,0,0,0,0,0,0,0,0,0,0,0,0,0,0,0
25_25,11.225,-60.67499999999999,41,0,0,0,0,0,0,0,0,0,0,0,0,0,0,0,0,0
25_25,11.225,-60.67499999999999,42,0,0,0,0,0,0,0,0,0,0,0,0,0,0,0,0,0
25_25,11.225,-60.67499999999999,43,0,0,0,0,0,0,0,0,0,0,0,0,0,0,0,0,0
25_25,11.225,-60.67499999999999,44,0,0,0,0,0,0,0,0,0,0,0,0,0,0,0,0,0
25_25,11.225,-60.67499999999999,45,1,0,0,0,0,0,0,0,0,0,0,0,0,0,0,0,0
25_25,11.225,-60.67499999999999,46,0,0,0,0,0,0,0,0,0,0,0,0,0,0,0,0,0
25_25,11.225,-60.67499999999999,47,0,0,0,0,0,0,0,0,0,0,0,0,0,0,0,0,0
25_25,11.225,-60.67499999999999,48,0,0,0,0,0,0,0,0,0,0,0,0,0,0,0,0,0
25_25,11.225,-60.67499999999999,49,0,0,0,0,0,0,0,0,0,0,0,0,0,0,0,0,0
25_25,11.225,-60.67499999999999,50,0,0,0,0,0,0,0,0,0,0,0,0,0,0,0,0,0
25_25,11.225,-60.67499999999999,51,0,0,0,0,0,0,0,0,0,0.2131202110605236,0,0,0,0,0,0,0
25_25,11.225,-60.67499999999999,52,0,0,0,0,0,0,0,0,0,0,0.2131202110605236,0,0,0,0,0,0
25_26,11.275,-60.67499999999999,0,0,0,,,,,,,,0,,,,,,,
25_26,11.275,-60.67499999999999,1,0,0,0,,,,,,,0,0,,,,,,
25_26,11.275,-60.67499999999999,2,0,0,0,0,,,,,,0,0,0,,,,,
25_26,11.275,-60.67499999999999,3,0,0,0,0,0,,,,,0,0,0,0,,,,
25_26,11.275,-60.67499999999999,4,0,0,0,0,0,0,,,,0,0,0,0,0,,,
25_26,11.275,-60.67499999999999,5,0,0,0,0,0,0,0,,,0,0,0,0,0,0,,
25_26,11.275,-60.67499999999999,6,0,0,0,0,0,0,0,0,,0,0,0,0,0,0,0,
25_26,11.275,-60.67499999999999,7,0,0,0,0,0,0,0,0,0,0,0,0,0,0,0,0,0
25_26,11.275,-60.67499999999999,8,0,0,0,0,0,0,0,0,0,0,0,0,0,0,0,0,0
25_26,11.275,-60.67499999999999,9,0,0,0,0,0,0,0,0,0,0,0,0,0,0,0,0,0
25_26,11.275,-60.67499999999999,10,0,0,0,0,0,0,0,0,0,0,0,0,0,0,0,0,0
25_26,11.275,-60.67499999999999,11,0,0,0,0,0,0,0,0,0,0,0,0,0,0,0,0,0
25_26,11.275,-60.67499999999999,12,0,0,0,0,0,0,0,0,0,0,0,0,0,0,0,0,0
25_26,11.275,-60.67499999999999,13,0,0,0,0,0,0,0,0,0,0,0,0,0,0,0,0,0
25_26,11.275,-60.67499999999999,14,0,0,0,0,0,0,0,0,0,0,0,0,0,0,0,0,0
25_26,11.275,-60.67499999999999,15,0,0,0,0,0,0,0,0,0,0,0,0,0,0,0,0,0
25_26,11.275,-60.67499999999999,16,0,0,0,0,0,0,0,0,0,0,0,0,0,0,0,0,0
25_26,11.275,-60.67499999999999,17,0,0,0,0,0,0,0,0,0,0,0,0,0,0,0,0,0
25_26,11.275,-60.67499999999999,18,1,0,0,0,0,0,0,0,0,0,0,0,0,0,0,0,0
25_26,11.275,-60.67499999999999,19,0,0,0,0,0,0,0,0,0,0,0,0,0,0,0,0,0
25_26,11.275,-60.67499999999999,20,0,0,0,0,0,0,0,0,0,0,0,0,0,0,0,0,0
25_26,11.275,-60.67499999999999,21,0,0,0,0,0,0,0,0,0,0,0,0,0,0,0,0,0
25_26,11.275,-60.67499999999999,22,0,0,0,0,0,0,0,0,0,0,0,0,0,0,0,0,0
25_26,11.275,-60.67499999999999,23,0,0,0,0,0,0,0,0,0,0,0,0,0,0,0,0,0
25_26,11.275,-60.67499999999999,24,0,0,0,0,0,0,0,0,0,0,0,0,0,0,0,0,0
25_26,11.275,-60.67499999999999,25,0,0,0,0,0,0,0,0,0,0,0,0,0,0,0,0,0
25_26,11.275,-60.67499999999999,26,0,0,0,0,0,0,0,0,0,0,0,0,0,0,0,0,0
25_26,11.275,-60.67499999999999,27,0,0,0,0,0,0,0,0,0,0,0,0,0,0,0,0,0
25_26,11.275,-60.67499999999999,28,0,0,0,0,0,0,0,0,0,0,0,0,0,0,0,0,0
25_26,11.275,-60.67499999999999,29,0,0,0,0,0,0,0,0,0,0,0,0,0,0,0,0,0
25_26,11.275,-60.67499999999999,30,0,0,0,0,0,0,0,0,0,0,0,0,0,0,0,0,0
25_26,11.275,-60.67499999999999,31,0,0,0,0,0,0,0,0,0,0,0,0,0,0,0,0,0
25_26,11.275,-60.67499999999999,32,0,0,0,0,0,0,0,0,0,0,0,0,0,0,0,0,0
25_26,11.275,-60.67499999999999,33,0,0,0,0,0,0,0,0,0,0,0,0,0,0,0,0,0
25_26,11.275,-60.67499999999999,34,0,0,0,0,0,0,0,0,0,0,0,0,0,0,0,0,0
25_26,11.275,-60.67499999999999,35,0,0,0,0,0,0,0,0,0,0,0,0,0,0,0,0,0
25_26,11.275,-60.67499999999999,36,0,0,0,0,0,0,0,0,0,0,0,0,0,0,0,0,0
25_26,11.275,-60.67499999999999,37,0,0,0,0,0,0,0,0,0,0,0,0,0,0,0,0,0
25_26,11.275,-60.67499999999999,38,0,0,0,0,0,0,0,0,0,0,0,0,0,0,0,0,0
25_26,11.275,-60.67499999999999,39,0,0,0,0,0,0,0,0,0,0,0,0,0,0,0,0,0
25_26,11.275,-60.67499999999999,40,0,0,0,0,0,0,0,0,0,0,0,0,0,0,0,0,0
25_26,11.275,-60.67499999999999,41,0,0,0,0,0,0,0,0,0,0,0,0,0,0,0,0,0
25_26,11.275,-60.67499999999999,42,0,0,0,0,0,0,0,0,0,0,0,0,0,0,0,0,0
25_26,11.275,-60.67499999999999,43,0,0,0,0,0,0,0,0,0,0,0,0,0,0,0,0,0
25_26,11.275,-60.67499999999999,44,0,0,0,0,0,0,0,0,0,0,0,0,0,0,0,0,0
25_26,11.275,-60.67499999999999,45,0,0,0,0,0,0,0,0,0,0,0,0,0,0,0,0,0
25_26,11.275,-60.67499999999999,46,0,0,0,0,0,0,0,0,0,0,0,0,0,0,0,0,0
25_26,11.275,-60.67499999999999,47,1,0,0,0,0,0,0,0,0,0,0,0,0,0,0,0,0
25_26,11.275,-60.67499999999999,48,0,0,0,0,0,0,0,0,0,0,0,0,0,0,0,0,0
25_26,11.275,-60.67499999999999,49,0,0,0,0,0,0,0,0,0,0,0,0,0,0,0,0,0
25_26,11.275,-60.67499999999999,50,0,0,0,0,0,0,0,0,0,0,0,0,0,0,0,0,0
25_26,11.275,-60.67499999999999,51,0,0,0,0,0,0,0,0,0,0,0,0,0,0,0,0,0
25_26,11.275,-60.67499999999999,52,0,0,0,0,0,0,0,0,0,0,0,0,0,0,0,0,0
25_27,11.325,-60.675,0,0,0,,,,,,,,0,,,,,,,
25_27,11.325,-60.675,1,0,0,0,,,,,,,0,0,,,,,,
25_27,11.325,-60.675,2,0,0,0,0,,,,,,0,0,0,,,,,
25_27,11.325,-60.675,3,0,0,0,0,0,,,,,0,0,0,0,,,,
25_27,11.325,-60.675,4,0,0,0,0,0,0,,,,0,0,0,0,0,,,
25_27,11.325,-60.675,5,0,0,0,0,0,0,0,,,0,0,0,0,0,0,,
25_27,11.325,-60.675,6,0,0,0,0,0,0,0,0,,0,0,0,0,0,0,0,
25_27,11.325,-60.675,7,0,0,0,0,0,0,0,0,0,0,0,0,0,0,0,0,0
25_27,11.325,-60.675,8,0,0,0,0,0,0,0,0,0,0,0,0,0,0,0,0,0
25_27,11.325,-60.675,9,0,0,0,0,0,0,0,0,0,0,0,0,0,0,0,0,0
25_27,11.325,-60.675,10,0,0,0,0,0,0,0,0,0,0,0,0,0,0,0,0,0
25_27,11.325,-60.675,11,0,0,0,0,0,0,0,0,0,0,0,0,0,0,0,0,0
25_27,11.325,-60.675,12,0,0,0,0,0,0,0,0,0,0,0,0,0,0,0,0,0
25_27,11.325,-60.675,13,0,0,0,0,0,0,0,0,0,0,0,0,0,0,0,0,0
25_27,11.325,-60.675,14,0,0,0,0,0,0,0,0,0,0,0,0,0,0,0,0,0
25_27,11.325,-60.675,15,0,0,0,0,0,0,0,0,0,0,0,0,0,0,0,0,0
25_27,11.325,-60.675,16,0,0,0,0,0,0,0,0,0,0,0,0,0,0,0,0,0
25_27,11.325,-60.675,17,0,0,0,0,0,0,0,0,0,0,0,0,0,0,0,0,0
25_27,11.325,-60.675,18,0,0,0,0,0,0,0,0,0,0,0,0,0,0,0,0,0
25_27,11.325,-60.675,19,0,0,0,0,0,0,0,0,0,0,0,0,0,0,0,0,0
25_27,11.325,-60.675,20,0,0,0,0,0,0,0,0,0,0,0,0,0,0,0,0,0
25_27,11.325,-60.675,21,0,0,0,0,0,0,0,0,0,0,0,0,0,0,0,0,0
25_27,11.325,-60.675,22,0,0,0,0,0,0,0,0,0,0,0,0,0,0,0,0,0
25_27,11.325,-60.675,23,0,0,0,0,0,0,0,0,0,0,0,0,0,0,0,0,0
25_27,11.325,-60.675,24,0,0,0,0,0,0,0,0,0,0,0,0,0,0,0,0,0
25_27,11.325,-60.675,25,0,0,0,0,0,0,0,0,0,0,0,0,0,0,0,0,0
25_27,11.325,-60.675,26,0,0,0,0,0,0,0,0,0,0,0,0,0,0,0,0,0
25_27,11.325,-60.675,27,0,0,0,0,0,0,0,0,0,0,0,0,0,0,0,0,0
25_27,11.325,-60.675,28,0,0,0,0,0,0,0,0,0,0,0,0,0,0,0,0,0
25_27,11.325,-60.675,29,0,0,0,0,0,0,0,0,0,0,0,0,0,0,0,0,0
25_27,11.325,-60.675,30,0,0,0,0,0,0,0,0,0,0,0,0,0,0,0,0,0
25_27,11.325,-60.675,31,0,0,0,0,0,0,0,0,0,0,0,0,0,0,0,0,0
25_27,11.325,-60.675,32,0,0,0,0,0,0,0,0,0,0,0,0,0,0,0,0,0
25_27,11.325,-60.675,33,0,0,0,0,0,0,0,0,0,0,0,0,0,0,0,0,0
25_27,11.325,-60.675,34,0,0,0,0,0,0,0,0,0,0,0,0,0,0,0,0,0
25_27,11.325,-60.675,35,0,0,0,0,0,0,0,0,0,0,0,0,0,0,0,0,0
25_27,11.325,-60.675,36,0,0,0,0,0,0,0,0,0,0,0,0,0,0,0,0,0
25_27,11.325,-60.675,37,0,0,0,0,0,0,0,0,0,0,0,0,0,0,0,0,0
25_27,11.325,-60.675,38,0,0,0,0,0,0,0,0,0,0,0,0,0,0,0,0,0
25_27,11.325,-60.675,39,0,0,0,0,0,0,0,0,0,0,0,0,0,0,0,0,0
25_27,11.325,-60.675,40,0,0,0,0,0,0,0,0,0,0,0,0,0,0,0,0,0
25_27,11.325,-60.675,41,0,0,0,0,0,0,0,0,0,0,0,0,0,0,0,0,0
25_27,11.325,-60.675,42,0,0,0,0,0,0,0,0,0,0,0,0,0,0,0,0,0
25_27,11.325,-60.675,43,0,0,0,0,0,0,0,0,0,0,0,0,0,0,0,0,0
25_27,11.325,-60.675,44,0,0,0,0,0,0,0,0,0,0,0,0,0,0,0,0,0
25_27,11.325,-60.675,45,0,0,0,0,0,0,0,0,0,0,0,0,0,0,0,0,0
25_27,11.325,-60.675,46,0,0,0,0,0,0,0,0,0,0,0,0,0,0,0,0,0
25_27,11.325,-60.675,47,0,0,0,0,0,0,0,0,0,0,0,0,0,0,0,0,0
25_27,11.325,-60.675,48,0,0,0,0,0,0,0,0,0,0,0,0,0,0,0,0,0
25_27,11.325,-60.675,49,0,0,0,0,0,0,0,0,0,0,0,0,0,0,0,0,0
25_27,11.325,-60.675,50,0,0,0,0,0,0,0,0,0,0,0,0,0,0,0,0,0
25_27,11.325,-60.675,51,0,0,0,0,0,0,0,0,0,0,0,0,0,0,0,0,0
25_27,11.325,-60.675,52,0,0,0,0,0,0,0,0,0,0,0,0,0,0,0,0,0
26_24,11.175,-60.625,0,0,0,,,,,,,,0,,,,,,,
26_24,11.175,-60.625,1,0,0,0,,,,,,,0,0,,,,,,
26_24,11.175,-60.625,2,0,0,0,0,,,,,,0,0,0,,,,,
26_24,11.175,-60.625,3,0,0,0,0,0,,,,,0,0,0,0,,,,
26_24,11.175,-60.625,4,0,0,0,0,0,0,,,,0,0,0,0,0,,,
26_24,11.175,-60.625,5,0,0,0,0,0,0,0,,,0,0,0,0,0,0,,
26_24,11.175,-60.625,6,0,0,0,0,0,0,0,0,,0,0,0,0,0,0,0,
26_24,11.175,-60.625,7,0,0,0,0,0,0,0,0,0,0,0,0,0,0,0,0,0
26_24,11.175,-60.625,8,0,0,0,0,0,0,0,0,0,0,0,0,0,0,0,0,0
26_24,11.175,-60.625,9,0,0,0,0,0,0,0,0,0,0,0,0,0,0,0,0,0
26_24,11.175,-60.625,10,0,0,0,0,0,0,0,0,0,0,0,0,0,0,0,0,0
26_24,11.175,-60.625,11,0,0,0,0,0,0,0,0,0,0,0,0,0,0,0,0,0
26_24,11.175,-60.625,12,0,0,0,0,0,0,0,0,0,0,0,0,0,0,0,0,0
26_24,11.175,-60.625,13,0,0,0,0,0,0,0,0,0,0,0,0,0,0,0,0,0
26_24,11.175,-60.625,14,0,0,0,0,0,0,0,0,0,0,0,0,0,0,0,0,0
26_24,11.175,-60.625,15,0,0,0,0,0,0,0,0,0,0,0,0,0,0,0,0,0
26_24,11.175,-60.625,16,0,0,0,0,0,0,0,0,0,0,0,0,0,0,0,0,0
26_24,11.175,-60.625,17,0,0,0,0,0,0,0,0,0,0,0,0,0,0,0,0,0
26_24,11.175,-60.625,18,0,0,0,0,0,0,0,0,0,0,0,0,0,0,0,0,0
26_24,11.175,-60.625,19,0,0,0,0,0,0,0,0,0,0,0,0,0,0,0,0,0
26_24,11.175,-60.625,20,0,0,0,0,0,0,0,0,0,0,0,0,0,0,0,0,0
26_24,11.175,-60.625,21,0,0,0,0,0,0,0,0,0,0,0,0,0,0,0,0,0
26_24,11.175,-60.625,22,0,0,0,0,0,0,0,0,0,0,0,0,0,0,0,0,0
26_24,11.175,-60.625,23,0,0,0,0,0,0,0,0,0,0,0,0,0,0,0,0,0
26_24,11.175,-60.625,24,0,0,0,0,0,0,0,0,0,0,0,0,0,0,0,0,0
26_24,11.175,-60.625,25,0,0,0,0,0,0,0,0,0,0,0,0,0,0,0,0,0
26_24,11.175,-60.625,26,0,0,0,0,0,0,0,0,0,0,0,0,0,0,0,0,0
26_24,11.175,-60.625,27,0,0,0,0,0,0,0,0,0,0,0,0,0,0,0,0,0
26_24,11.175,-60.625,28,0,0,0,0,0,0,0,0,0,0,0,0,0,0,0,0,0
26_24,11.175,-60.625,29,0,0,0,0,0,0,0,0,0,0,0,0,0,0,0,0,0
26_24,11.175,-60.625,30,0,0,0,0,0,0,0,0,0,0,0,0,0,0,0,0,0
26_24,11.175,-60.625,31,0,0,0,0,0,0,0,0,0,0,0,0,0,0,0,0,0
26_24,11.175,-60.625,32,0,0,0,0,0,0,0,0,0,0,0,0,0,0,0,0,0
26_24,11.175,-60.625,33,0,0,0,0,0,0,0,0,0,0,0,0,0,0,0,0,0
26_24,11.175,-60.625,34,0,0,0,0,0,0,0,0,0,0,0,0,0,0,0,0,0
26_24,11.175,-60.625,35,0,0,0,0,0,0,0,0,0,0,0,0,0,0,0,0,0
26_24,11.175,-60.625,36,0,0,0,0,0,0,0,0,0,0,0,0,0,0,0,0,0
26_24,11.175,-60.625,37,0,0,0,0,0,0,0,0,0,0,0,0,0,0,0,0,0
26_24,11.175,-60.625,38,0,0,0,0,0,0,0,0,0,0,0,0,0,0,0,0,0
26_24,11.175,-60.625,39,0,0,0,0,0,0,0,0,0,0,0,0,0,0,0,0,0
26_24,11.175,-60.625,40,0,0,0,0,0,0,0,0,0,0,0,0,0,0,0,0,0
26_24,11.175,-60.625,41,0,0,0,0,0,0,0,0,0,0,0,0,0,0,0,0,0
26_24,11.175,-60.625,42,0,0,0,0,0,0,0,0,0,0,0,0,0,0,0,0,0
26_24,11.175,-60.625,43,0,0,0,0,0,0,0,0,0,0,0,0,0,0,0,0,0
26_24,11.175,-60.625,44,0,0,0,0,0,0,0,0,0,0,0,0,0,0,0,0,0
26_24,11.175,-60.625,45,0,0,0,0,0,0,0,0,0,0,0,0,0,0,0,0,0
26_24,11.175,-60.625,46,0,0,0,0,0,0,0,0,0,0,0,0,0,0,0,0,0
26_24,11.175,-60.625,47,0,0,0,0,0,0,0,0,0,0,0,0,0,0,0,0,0
26_24,11.175,-60.625,48,0,0,0,0,0,0,0,0,0,0,0,0,0,0,0,0,0
26_24,11.175,-60.625,49,0,0,0,0,0,0,0,0,0,0,0,0,0,0,0,0,0
26_24,11.175,-60.625,50,0,0,0,0,0,0,0,0,0,0,0,0,0,0,0,0,0
26_24,11.175,-60.625,51,0,0,0,0,0,0,0,0,0,0,0,0,0,0,0,0,0
26_24,11.175,-60.625,52,0,0,0,0,0,0,0,0,0,0,0,0,0,0,0,0,0
26_25,11.225,-60.62499999999999,0,0,0,,,,,,,,0,,,,,,,
26_25,11.225,-60.62499999999999,1,0,0,0,,,,,,,0,0,,,,,,
26_25,11.225,-60.62499999999999,2,0,0,0,0,,,,,,0,0,0,,,,,
26_25,11.225,-60.62499999999999,3,0,0,0,0,0,,,,,0,0,0,0,,,,
26_25,11.225,-60.62499999999999,4,0,0,0,0,0,0,,,,0,0,0,0,0,,,
26_25,11.225,-60.62499999999999,5,0,0,0,0,0,0,0,,,0,0,0,0,0,0,,
26_25,11.225,-60.62499999999999,6,0,0,0,0,0,0,0,0,,0,0,0,0,0,0,0,
26_25,11.225,-60.62499999999999,7,0,0,0,0,0,0,0,0,0,0,0,0,0,0,0,0,0
26_25,11.225,-60.62499999999999,8,0,0,0,0,0,0,0,0,0,0,0,0,0,0,0,0,0
26_25,11.225,-60.62499999999999,9,0,0,0,0,0,0,0,0,0,0,0,0,0,0,0,0,0
26_25,11.225,-60.62499999999999,10,0,0,0,0,0,0,0,0,0,0,0,0,0,0,0,0,0
26_25,11.225,-60.62499999999999,11,0,0,0,0,0,0,0,0,0,0,0,0,0,0,0,0,0
26_25,11.225,-60.62499999999999,12,0,0,0,0,0,0,0,0,0,0,0,0,0,0,0,0,0
26_25,11.225,-60.62499999999999,13,0,0,0,0,0,0,0,0,0,0,0,0,0,0,0,0,0
26_25,11.225,-60.62499999999999,14,0,0,0,0,0,0,0,0,0,0,0,0,0,0,0,0,0
26_25,11.225,-60.62499999999999,15,0,0,0,0,0,0,0,0,0,0,0,0,0,0,0,0,0
26_25,11.225,-60.62499999999999,16,0,0,0,0,0,0,0,0,0,0,0,0,0,0,0,0,0
26_25,11.225,-60.62499999999999,17,0,0,0,0,0,0,0,0,0,0,0,0,0,0,0,0,0
26_25,11.225,-60.62499999999999,18,0,0,0,0,0,0,0,0,0,0,0,0,0,0,0,0,0
26_25,11.225,-60.62499999999999,19,0,0,0,0,0,0,0,0,0,0,0,0,0,0,0,0,0
26_25,11.225,-60.62499999999999,20,0,0,0,0,0,0,0,0,0,0,0,0,0,0,0,0,0
26_25,11.225,-60.62499999999999,21,0,0,0,0,0,0,0,0,0,0,0,0,0,0,0,0,0
26_25,11.225,-60.62499999999999,22,0,0,0,0,0,0,0,0,0,0,0,0,0,0,0,0,0
26_25,11.225,-60.62499999999999,23,0,0,0,0,0,0,0,0,0,0,0,0,0,0,0,0,0
26_25,11.225,-60.62499999999999,24,0,0,0,0,0,0,0,0,0,0,0,0,0,0,0,0,0
26_25,11.225,-60.62499999999999,25,0,0,0,0,0,0,0,0,0,0,0,0,0,0,0,0,0
26_25,11.225,-60.62499999999999,26,0,0,0,0,0,0,0,0,0,0,0,0,0,0,0,0,0
26_25,11.225,-60.62499999999999,27,0,0,0,0,0,0,0,0,0,0,0,0,0,0,0,0,0
26_25,11.225,-60.62499999999999,28,0,0,0,0,0,0,0,0,0,0,0,0,0,0,0,0,0
26_25,11.225,-60.62499999999999,29,0,0,0,0,0,0,0,0,0,0,0,0,0,0,0,0,0
26_25,11.225,-60.62499999999999,30,0,0,0,0,0,0,0,0,0,0,0,0,0,0,0,0,0
26_25,11.225,-60.62499999999999,31,0,0,0,0,0,0,0,0,0,0,0,0,0,0,0,0,0
26_25,11.225,-60.62499999999999,32,0,0,0,0,0,0,0,0,0,0,0,0,0,0,0,0,0
26_25,11.225,-60.62499999999999,33,0,0,0,0,0,0,0,0,0,0,0,0,0,0,0,0,0
26_25,11.225,-60.62499999999999,34,0,0,0,0,0,0,0,0,0,0,0,0,0,0,0,0,0
26_25,11.225,-60.62499999999999,35,0,0,0,0,0,0,0,0,0,0,0,0,0,0,0,0,0
26_25,11.225,-60.62499999999999,36,0,0,0,0,0,0,0,0,0,0,0,0,0,0,0,0,0
26_25,11.225,-60.62499999999999,37,0,0,0,0,0,0,0,0,0,0,0,0,0,0,0,0,0
26_25,11.225,-60.62499999999999,38,0,0,0,0,0,0,0,0,0,0,0,0,0,0,0,0,0
26_25,11.225,-60.62499999999999,39,0,0,0,0,0,0,0,0,0,0,0,0,0,0,0,0,0
26_25,11.225,-60.62499999999999,40,0,0,0,0,0,0,0,0,0,0,0,0,0,0,0,0,0
26_25,11.225,-60.62499999999999,41,0,0,0,0,0,0,0,0,0,0,0,0,0,0,0,0,0
26_25,11.225,-60.62499999999999,42,0,0,0,0,0,0,0,0,0,0,0,0,0,0,0,0,0
26_25,11.225,-60.62499999999999,43,0,0,0,0,0,0,0,0,0,0,0,0,0,0,0,0,0
26_25,11.225,-60.62499999999999,44,0,0,0,0,0,0,0,0,0,0,0,0,0,0,0,0,0
26_25,11.225,-60.62499999999999,45,0,0,0,0,0,0,0,0,0,0,0,0,0,0,0,0,0
26_25,11.225,-60.62499999999999,46,0,0,0,0,0,0,0,0,0,0,0,0,0,0,0,0,0
26_25,11.225,-60.62499999999999,47,0,0,0,0,0,0,0,0,0,0,0,0,0,0,0,0,0
26_25,11.225,-60.62499999999999,48,0,0,0,0,0,0,0,0,0,0,0,0,0,0,0,0,0
26_25,11.225,-60.62499999999999,49,0,0,0,0,0,0,0,0,0,0,0,0,0,0,0,0,0
26_25,11.225,-60.62499999999999,50,0,0,0,0,0,0,0,0,0,0,0,0,0,0,0,0,0
26_25,11.225,-60.62499999999999,51,0,0,0,0,0,0,0,0,0,0,0,0,0,0,0,0,0
26_25,11.225,-60.62499999999999,52,0,0,0,0,0,0,0,0,0,0,0,0,0,0,0,0,0
26_26,11.275,-60.62499999999999,0,0,0,,,,,,,,0,,,,,,,
26_26,11.275,-60.62499999999999,1,0,0,0,,,,,,,0,0,,,,,,
26_26,11.275,-60.62499999999999,2,0,0,0,0,,,,,,0,0,0,,,,,
26_26,11.275,-60.62499999999999,3,0,0,0,0,0,,,,,0,0,0,0,,,,
26_26,11.275,-60.62499999999999,4,0,0,0,0,0,0,,,,0,0,0,0,0,,,
26_26,11.275,-60.62499999999999,5,0,0,0,0,0,0,0,,,0,0,0,0,0,0,,
26_26,11.275,-60.62499999999999,6,0,0,0,0,0,0,0,0,,0,0,0,0,0,0,0,
26_26,11.275,-60.62499999999999,7,0,0,0,0,0,0,0,0,0,0,0,0,0,0,0,0,0
26_26,11.275,-60.62499999999999,8,0,0,0,0,0,0,0,0,0,0,0,0,0,0,0,0,0
26_26,11.275,-60.62499999999999,9,0,0,0,0,0,0,0,0,0,0,0,0,0,0,0,0,0
26_26,11.275,-60.62499999999999,10,0,0,0,0,0,0,0,0,0,0,0,0,0,0,0,0,0
26_26,11.275,-60.62499999999999,11,0,0,0,0,0,0,0,0,0,0,0,0,0,0,0,0,0
26_26,11.275,-60.62499999999999,12,0,0,0,0,0,0,0,0,0,0,0,0,0,0,0,0,0
26_26,11.275,-60.62499999999999,13,0,0,0,0,0,0,0,0,0,0,0,0,0,0,0,0,0
26_26,11.275,-60.62499999999999,14,0,0,0,0,0,0,0,0,0,0,0,0,0,0,0,0,0
26_26,11.275,-60.62499999999999,15,0,0,0,0,0,0,0,0,0,0,0,0,0,0,0,0,0
26_26,11.275,-60.62499999999999,16,0,0,0,0,0,0,0,0,0,0,0,0,0,0,0,0,0
26_26,11.275,-60.62499999999999,17,0,0,0,0,0,0,0,0,0,0,0,0,0,0,0,0,0
26_26,11.275,-60.62499999999999,18,0,0,0,0,0,0,0,0,0,0,0,0,0,0,0,0,0
26_26,11.275,-60.62499999999999,19,0,0,0,0,0,0,0,0,0,0,0,0,0,0,0,0,0
26_26,11.275,-60.62499999999999,20,0,0,0,0,0,0,0,0,0,0,0,0,0,0,0,0,0
26_26,11.275,-60.62499999999999,21,0,0,0,0,0,0,0,0,0,0,0,0,0,0,0,0,0
26_26,11.275,-60.62499999999999,22,0,0,0,0,0,0,0,0,0,0,0,0,0,0,0,0,0
26_26,11.275,-60.62499999999999,23,0,0,0,0,0,0,0,0,0,0,0,0,0,0,0,0,0
26_26,11.275,-60.62499999999999,24,0,0,0,0,0,0,0,0,0,0,0,0,0,0,0,0,0
26_26,11.275,-60.62499999999999,25,0,0,0,0,0,0,0,0,0,0,0,0,0,0,0,0,0
26_26,11.275,-60.62499999999999,26,0,0,0,0,0,0,0,0,0,0,0,0,0,0,0,0,0
26_26,11.275,-60.62499999999999,27,0,0,0,0,0,0,0,0,0,0,0,0,0,0,0,0,0
26_26,11.275,-60.62499999999999,28,0,0,0,0,0,0,0,0,0,0,0,0,0,0,0,0,0
26_26,11.275,-60.62499999999999,29,0,0,0,0,0,0,0,0,0,0,0,0,0,0,0,0,0
26_26,11.275,-60.62499999999999,30,0,0,0,0,0,0,0,0,0,0,0,0,0,0,0,0,0
26_26,11.275,-60.62499999999999,31,0,0,0,0,0,0,0,0,0,0,0,0,0,0,0,0,0
26_26,11.275,-60.62499999999999,32,0,0,0,0,0,0,0,0,0,0,0,0,0,0,0,0,0
26_26,11.275,-60.62499999999999,33,0,0,0,0,0,0,0,0,0,0,0,0,0,0,0,0,0
26_26,11.275,-60.62499999999999,34,0,0,0,0,0,0,0,0,0,0,0,0,0,0,0,0,0
26_26,11.275,-60.62499999999999,35,0,0,0,0,0,0,0,0,0,0,0,0,0,0,0,0,0
26_26,11.275,-60.62499999999999,36,0,0,0,0,0,0,0,0,0,0,0,0,0,0,0,0,0
26_26,11.275,-60.62499999999999,37,0,0,0,0,0,0,0,0,0,0,0,0,0,0,0,0,0
26_26,11.275,-60.62499999999999,38,0,0,0,0,0,0,0,0,0,0,0,0,0,0,0,0,0
26_26,11.275,-60.62499999999999,39,0,0,0,0,0,0,0,0,0,0,0,0,0,0,0,0,0
26_26,11.275,-60.62499999999999,40,0,0,0,0,0,0,0,0,0,0,0,0,0,0,0,0,0
26_26,11.275,-60.62499999999999,41,0,0,0,0,0,0,0,0,0,0,0,0,0,0,0,0,0
26_26,11.275,-60.62499999999999,42,0,0,0,0,0,0,0,0,0,0,0,0,0,0,0,0,0
26_26,11.275,-60.62499999999999,43,0,0,0,0,0,0,0,0,0,0,0,0,0,0,0,0,0
26_26,11.275,-60.62499999999999,44,0,0,0,0,0,0,0,0,0,0,0,0,0,0,0,0,0
26_26,11.275,-60.62499999999999,45,0,0,0,0,0,0,0,0,0,0,0,0,0,0,0,0,0
26_26,11.275,-60.62499999999999,46,0,0,0,0,0,0,0,0,0,0,0,0,0,0,0,0,0
26_26,11.275,-60.62499999999999,47,0,0,0,0,0,0,0,0,0,0,0,0,0,0,0,0,0
26_26,11.275,-60.62499999999999,48,0,0,0,0,0,0,0,0,0,0,0,0,0,0,0,0,0
26_26,11.275,-60.62499999999999,49,0,0,0,0,0,0,0,0,0,0,0,0,0,0,0,0,0
26_26,11.275,-60.62499999999999,50,0,0,0,0,0,0,0,0,0,0,0,0,0,0,0,0,0
26_26,11.275,-60.62499999999999,51,0,0,0,0,0,0,0,0,0,0,0,0,0,0,0,0,0
26_26,11.275,-60.62499999999999,52,0,0,0,0,0,0,0,0,0,0,0,0,0,0,0,0,0
26_27,11.325,-60.625,0,0,0,,,,,,,,0,,,,,,,
26_27,11.325,-60.625,1,0,0,0,,,,,,,0,0,,,,,,
26_27,11.325,-60.625,2,0,0,0,0,,,,,,0,0,0,,,,,
26_27,11.325,-60.625,3,0,0,0,0,0,,,,,0,0,0,0,,,,
26_27,11.325,-60.625,4,0,0,0,0,0,0,,,,0,0,0,0,0,,,
26_27,11.325,-60.625,5,0,0,0,0,0,0,0,,,0,0,0,0,0,0,,
26_27,11.325,-60.625,6,0,0,0,0,0,0,0,0,,0,0,0,0,0,0,0,
26_27,11.325,-60.625,7,0,0,0,0,0,0,0,0,0,0,0,0,0,0,0,0,0
26_27,11.325,-60.625,8,0,0,0,0,0,0,0,0,0,0,0,0,0,0,0,0,0
26_27,11.325,-60.625,9,0,0,0,0,0,0,0,0,0,0,0,0,0,0,0,0,0
26_27,11.325,-60.625,10,0,0,0,0,0,0,0,0,0,0,0,0,0,0,0,0,0
26_27,11.325,-60.625,11,0,0,0,0,0,0,0,0,0,0,0,0,0,0,0,0,0
26_27,11.325,-60.625,12,0,0,0,0,0,0,0,0,0,0,0,0,0,0,0,0,0
26_27,11.325,-60.625,13,0,0,0,0,0,0,0,0,0,0,0,0,0,0,0,0,0
26_27,11.325,-60.625,14,0,0,0,0,0,0,0,0,0,0,0,0,0,0,0,0,0
26_27,11.325,-60.625,15,0,0,0,0,0,0,0,0,0,0,0,0,0,0,0,0,0
26_27,11.325,-60.625,16,0,0,0,0,0,0,0,0,0,0,0,0,0,0,0,0,0
26_27,11.325,-60.625,17,0,0,0,0,0,0,0,0,0,0,0,0,0,0,0,0,0
26_27,11.325,-60.625,18,0,0,0,0,0,0,0,0,0,0,0,0,0,0,0,0,0
26_27,11.325,-60.625,19,0,0,0,0,0,0,0,0,0,0,0,0,0,0,0,0,0
26_27,11.325,-60.625,20,0,0,0,0,0,0,0,0,0,0,0,0,0,0,0,0,0
26_27,11.325,-60.625,21,0,0,0,0,0,0,0,0,0,0,0,0,0,0,0,0,0
26_27,11.325,-60.625,22,0,0,0,0,0,0,0,0,0,0,0,0,0,0,0,0,0
26_27,11.325,-60.625,23,0,0,0,0,0,0,0,0,0,0,0,0,0,0,0,0,0
26_27,11.325,-60.625,24,0,0,0,0,0,0,0,0,0,0,0,0,0,0,0,0,0
26_27,11.325,-60.625,25,0,0,0,0,0,0,0,0,0,0,0,0,0,0,0,0,0
26_27,11.325,-60.625,26,0,0,0,0,0,0,0,0,0,0,0,0,0,0,0,0,0
26_27,11.325,-60.625,27,0,0,0,0,0,0,0,0,0,0,0,0,0,0,0,0,0
26_27,11.325,-60.625,28,0,0,0,0,0,0,0,0,0,0,0,0,0,0,0,0,0
26_27,11.325,-60.625,29,0,0,0,0,0,0,0,0,0,0,0,0,0,0,0,0,0
26_27,11.325,-60.625,30,0,0,0,0,0,0,0,0,0,0,0,0,0,0,0,0,0
26_27,11.325,-60.625,31,0,0,0,0,0,0,0,0,0,0,0,0,0,0,0,0,0
26_27,11.325,-60.625,32,0,0,0,0,0,0,0,0,0,0,0,0,0,0,0,0,0
26_27,11.325,-60.625,33,0,0,0,0,0,0,0,0,0,0,0,0,0,0,0,0,0
26_27,11.325,-60.625,34,0,0,0,0,0,0,0,0,0,0,0,0,0,0,0,0,0
26_27,11.325,-60.625,35,0,0,0,0,0,0,0,0,0,0,0,0,0,0,0,0,0
26_27,11.325,-60.625,36,0,0,0,0,0,0,0,0,0,0,0,0,0,0,0,0,0
26_27,11.325,-60.625,37,0,0,0,0,0,0,0,0,0,0,0,0,0,0,0,0,0
26_27,11.325,-60.625,38,0,0,0,0,0,0,0,0,0,0,0,0,0,0,0,0,0
26_27,11.325,-60.625,39,0,0,0,0,0,0,0,0,0,0,0,0,0,0,0,0,0
26_27,11.325,-60.625,40,0,0,0,0,0,0,0,0,0,0,0,0,0,0,0,0,0
26_27,11.325,-60.625,41,0,0,0,0,0,0,0,0,0,0,0,0,0,0,0,0,0
26_27,11.325,-60.625,42,0,0,0,0,0,0,0,0,0,0,0,0,0,0,0,0,0
26_27,11.325,-60.625,43,0,0,0,0,0,0,0,0,0,0,0,0,0,0,0,0,0
26_27,11.325,-60.625,44,0,0,0,0,0,0,0,0,0,0,0,0,0,0,0,0,0
26_27,11.325,-60.625,45,0,0,0,0,0,0,0,0,0,0,0,0,0,0,0,0,0
26_27,11.325,-60.625,46,0,0,0,0,0,0,0,0,0,0,0,0,0,0,0,0,0
26_27,11.325,-60.625,47,0,0,0,0,0,0,0,0,0,0,0,0,0,0,0,0,0
26_27,11.325,-60.625,48,0,0,0,0,0,0,0,0,0,0,0,0,0,0,0,0,0
26_27,11.325,-60.625,49,0,0,0,0,0,0,0,0,0,0,0,0,0,0,0,0,0
26_27,11.325,-60.625,50,0,0,0,0,0,0,0,0,0,0,0,0,0,0,0,0,0
26_27,11.325,-60.625,51,0,0,0,0,0,0,0,0,0,0,0,0,0,0,0,0,0
26_27,11.325,-60.625,52,0,0,0,0,0,0,0,0,0,0,0,0,0,0,0,0,0
27_25,11.225,-60.575,0,0,0,,,,,,,,0,,,,,,,
27_25,11.225,-60.575,1,0,0,0,,,,,,,0,0,,,,,,
27_25,11.225,-60.575,2,0,0,0,0,,,,,,0,0,0,,,,,
27_25,11.225,-60.575,3,0,0,0,0,0,,,,,0,0,0,0,,,,
27_25,11.225,-60.575,4,0,0,0,0,0,0,,,,0,0,0,0,0,,,
27_25,11.225,-60.575,5,0,0,0,0,0,0,0,,,0,0,0,0,0,0,,
27_25,11.225,-60.575,6,0,0,0,0,0,0,0,0,,0,0,0,0,0,0,0,
27_25,11.225,-60.575,7,0,0,0,0,0,0,0,0,0,0,0,0,0,0,0,0,0
27_25,11.225,-60.575,8,0,0,0,0,0,0,0,0,0,0,0,0,0,0,0,0,0
27_25,11.225,-60.575,9,0,0,0,0,0,0,0,0,0,0,0,0,0,0,0,0,0
27_25,11.225,-60.575,10,0,0,0,0,0,0,0,0,0,0,0,0,0,0,0,0,0
27_25,11.225,-60.575,11,0,0,0,0,0,0,0,0,0,0,0,0,0,0,0,0,0
27_25,11.225,-60.575,12,0,0,0,0,0,0,0,0,0,0,0,0,0,0,0,0,0
27_25,11.225,-60.575,13,0,0,0,0,0,0,0,0,0,0,0,0,0,0,0,0,0
27_25,11.225,-60.575,14,0,0,0,0,0,0,0,0,0,0,0,0,0,0,0,0,0
27_25,11.225,-60.575,15,0,0,0,0,0,0,0,0,0,0,0,0,0,0,0,0,0
27_25,11.225,-60.575,16,0,0,0,0,0,0,0,0,0,0,0,0,0,0,0,0,0
27_25,11.225,-60.575,17,0,0,0,0,0,0,0,0,0,0,0,0,0,0,0,0,0
27_25,11.225,-60.575,18,0,0,0,0,0,0,0,0,0,0,0,0,0,0,0,0,0
27_25,11.225,-60.575,19,0,0,0,0,0,0,0,0,0,0,0,0,0,0,0,0,0
27_25,11.225,-60.575,20,0,0,0,0,0,0,0,0,0,0,0,0,0,0,0,0,0
27_25,11.225,-60.575,21,0,0,0,0,0,0,0,0,0,0,0,0,0,0,0,0,0
27_25,11.225,-60.575,22,0,0,0,0,0,0,0,0,0,0,0,0,0,0,0,0,0
27_25,11.225,-60.575,23,0,0,0,0,0,0,0,0,0,0,0,0,0,0,0,0,0
27_25,11.225,-60.575,24,0,0,0,0,0,0,0,0,0,0,0,0,0,0,0,0,0
27_25,11.225,-60.575,25,0,0,0,0,0,0,0,0,0,0,0,0,0,0,0,0,0
27_25,11.225,-60.575,26,0,0,0,0,0,0,0,0,0,0,0,0,0,0,0,0,0
27_25,11.225,-60.575,27,0,0,0,0,0,0,0,0,0,0,0,0,0,0,0,0,0
27_25,11.225,-60.575,28,0,0,0,0,0,0,0,0,0,0,0,0,0,0,0,0,0
27_25,11.225,-60.575,29,0,0,0,0,0,0,0,0,0,0,0,0,0,0,0,0,0
27_25,11.225,-60.575,30,0,0,0,0,0,0,0,0,0,0,0,0,0,0,0,0,0
27_25,11.225,-60.575,31,0,0,0,0,0,0,0,0,0,0,0,0,0,0,0,0,0
27_25,11.225,-60.575,32,0,0,0,0,0,0,0,0,0,0,0,0,0,0,0,0,0
27_25,11.225,-60.575,33,0,0,0,0,0,0,0,0,0,0,0,0,0,0,0,0,0
27_25,11.225,-60.575,34,0,0,0,0,0,0,0,0,0,0,0,0,0,0,0,0,0
27_25,11.225,-60.575,35,0,0,0,0,0,0,0,0,0,0,0,0,0,0,0,0,0
27_25,11.225,-60.575,36,0,0,0,0,0,0,0,0,0,0,0,0,0,0,0,0,0
27_25,11.225,-60.575,37,0,0,0,0,0,0,0,0,0,0,0,0,0,0,0,0,0
27_25,11.225,-60.575,38,0,0,0,0,0,0,0,0,0,0,0,0,0,0,0,0,0
27_25,11.225,-60.575,39,0,0,0,0,0,0,0,0,0,0,0,0,0,0,0,0,0
27_25,11.225,-60.575,40,0,0,0,0,0,0,0,0,0,0,0,0,0,0,0,0,0
27_25,11.225,-60.575,41,0,0,0,0,0,0,0,0,0,0,0,0,0,0,0,0,0
27_25,11.225,-60.575,42,1,0,0,0,0,0,0,0,0,0,0,0,0,0,0,0,0
27_25,11.225,-60.575,43,0,0,0,0,0,0,0,0,0,0,0,0,0,0,0,0,0
27_25,11.225,-60.575,44,0,0,0,0,0,0,0,0,0,0,0,0,0,0,0,0,0
27_25,11.225,-60.575,45,0,0,0,0,0,0,0,0,0,0,0,0,0,0,0,0,0
27_25,11.225,-60.575,46,0,0,0,0,0,0,0,0,0,0,0,0,0,0,0,0,0
27_25,11.225,-60.575,47,0,0,0,0,0,0,0,0,0,0,0,0,0,0,0,0,0
27_25,11.225,-60.575,48,0,0,0,0,0,0,0,0,0,0,0,0,0,0,0,0,0
27_25,11.225,-60.575,49,0,0,0,0,0,0,0,0,0,0,0,0,0,0,0,0,0
27_25,11.225,-60.575,50,0,0,0,0,0,0,0,0,0,0,0,0,0,0,0,0,0
27_25,11.225,-60.575,51,0,0,0,0,0,0,0,0,0,0,0,0,0,0,0,0,0
27_25,11.225,-60.575,52,0,0,0,0,0,0,0,0,0,0,0,0,0,0,0,0,0
27_26,11.275,-60.575,0,0,0,,,,,,,,0,,,,,,,
27_26,11.275,-60.575,1,0,0,0,,,,,,,0,0,,,,,,
27_26,11.275,-60.575,2,0,0,0,0,,,,,,0,0,0,,,,,
27_26,11.275,-60.575,3,0,0,0,0,0,,,,,0,0,0,0,,,,
27_26,11.275,-60.575,4,0,0,0,0,0,0,,,,0,0,0,0,0,,,
27_26,11.275,-60.575,5,0,0,0,0,0,0,0,,,0,0,0,0,0,0,,
27_26,11.275,-60.575,6,0,0,0,0,0,0,0,0,,0,0,0,0,0,0,0,
27_26,11.275,-60.575,7,0,0,0,0,0,0,0,0,0,0,0,0,0,0,0,0,0
27_26,11.275,-60.575,8,0,0,0,0,0,0,0,0,0,0,0,0,0,0,0,0,0
27_26,11.275,-60.575,9,0,0,0,0,0,0,0,0,0,0,0,0,0,0,0,0,0
27_26,11.275,-60.575,10,0,0,0,0,0,0,0,0,0,0,0,0,0,0,0,0,0
27_26,11.275,-60.575,11,0,0,0,0,0,0,0,0,0,0,0,0,0,0,0,0,0
27_26,11.275,-60.575,12,0,0,0,0,0,0,0,0,0,0,0,0,0,0,0,0,0
27_26,11.275,-60.575,13,0,0,0,0,0,0,0,0,0,0,0,0,0,0,0,0,0
27_26,11.275,-60.575,14,0,0,0,0,0,0,0,0,0,0,0,0,0,0,0,0,0
27_26,11.275,-60.575,15,0,0,0,0,0,0,0,0,0,0,0,0,0,0,0,0,0
27_26,11.275,-60.575,16,0,0,0,0,0,0,0,0,0,0,0,0,0,0,0,0,0
27_26,11.275,-60.575,17,0,0,0,0,0,0,0,0,0,0,0,0,0,0,0,0,0
27_26,11.275,-60.575,18,0,0,0,0,0,0,0,0,0,0,0,0,0,0,0,0,0
27_26,11.275,-60.575,19,1,0,0,0,0,0,0,0,0,0,0,0,0,0,0,0,0
27_26,11.275,-60.575,20,0,0,0,0,0,0,0,0,0,0,0,0,0,0,0,0,0
27_26,11.275,-60.575,21,0,0,0,0,0,0,0,0,0,0,0,0,0,0,0,0,0
27_26,11.275,-60.575,22,0,0,0,0,0,0,0,0,0,0,0,0,0,0,0,0,0
27_26,11.275,-60.575,23,0,0,0,0,0,0,0,0,0,0,0,0,0,0,0,0,0
27_26,11.275,-60.575,24,0,0,0,0,0,0,0,0,0,0,0,0,0,0,0,0,0
27_26,11.275,-60.575,25,0,0,0,0,0,0,0,0,0,0,0,0,0,0,0,0,0
27_26,11.275,-60.575,26,0,0,0,0,0,0,0,0,0,0,0,0,0,0,0,0,0
27_26,11.275,-60.575,27,0,0,0,0,0,0,0,0,0,0,0,0,0,0,0,0,0
27_26,11.275,-60.575,28,0,0,0,0,0,0,0,0,0,0,0,0,0,0,0,0,0
27_26,11.275,-60.575,29,0,0,0,0,0,0,0,0,0,0,0,0,0,0,0,0,0
27_26,11.275,-60.575,30,0,0,0,0,0,0,0,0,0,0,0,0,0,0,0,0,0
27_26,11.275,-60.575,31,0,0,0,0,0,0,0,0,0,0,0,0,0,0,0,0,0
27_26,11.275,-60.575,32,0,0,0,0,0,0,0,0,0,0,0,0,0,0,0,0,0
27_26,11.275,-60.575,33,0,0,0,0,0,0,0,0,0,0,0,0,0,0,0,0,0
27_26,11.275,-60.575,34,0,0,0,0,0,0,0,0,0,0,0,0,0,0,0,0,0
27_26,11.275,-60.575,35,0,0,0,0,0,0,0,0,0,0,0,0,0,0,0,0,0
27_26,11.275,-60.575,36,0,0,0,0,0,0,0,0,0,0,0,0,0,0,0,0,0
27_26,11.275,-60.575,37,0,0,0,0,0,0,0,0,0,0,0,0,0,0,0,0,0
27_26,11.275,-60.575,38,0,0,0,0,0,0,0,0,0,0,0,0,0,0,0,0,0
27_26,11.275,-60.575,39,0,0,0,0,0,0,0,0,0,0,0,0,0,0,0,0,0
27_26,11.275,-60.575,40,0,0,0,0,0,0,0,0,0,0,0,0,0,0,0,0,0
27_26,11.275,-60.575,41,0,0,0,0,0,0,0,0,0,0,0,0,0,0,0,0,0
27_26,11.275,-60.575,42,0,0,0,0,0,0,0,0,0,0,0,0,0,0,0,0,0
27_26,11.275,-60.575,43,0,0,0,0,0,0,0,0,0,0,0,0,0,0,0,0,0
27_26,11.275,-60.575,44,0,0,0,0,0,0,0,0,0,0,0,0,0,0,0,0,0
27_26,11.275,-60.575,45,0,0,0,0,0,0,0,0,0,0,0,0,0,0,0,0,0
27_26,11.275,-60.575,46,0,0,0,0,0,0,0,0,0,0,0,0,0,0,0,0,0
27_26,11.275,-60.575,47,0,0,0,0,0,0,0,0,0,0,0,0,0,0,0,0,0
27_26,11.275,-60.575,48,0,0,0,0,0,0,0,0,0,0,0,0,0,0,0,0,0
27_26,11.275,-60.575,49,0,0,0,0,0,0,0,0,0,0,0,0,0,0,0,0,0
27_26,11.275,-60.575,50,0,0,0,0,0,0,0,0,0,0,0,0,0,0,0,0,0
27_26,11.275,-60.575,51,0,0,0,0,0,0,0,0,0,0,0,0,0,0,0,0,0
27_26,11.275,-60.575,52,1,0,0,0,0,0,0,0,0,0,0,0,0,0,0,0,0
27_27,11.325,-60.575,0,0,0,,,,,,,,0,,,,,,,
27_27,11.325,-60.575,1,0,0,0,,,,,,,0,0,,,,,,
27_27,11.325,-60.575,2,0,0,0,0,,,,,,0,0,0,,,,,
27_27,11.325,-60.575,3,0,0,0,0,0,,,,,0,0,0,0,,,,
27_27,11.325,-60.575,4,0,0,0,0,0,0,,,,0,0,0,0,0,,,
27_27,11.325,-60.575,5,0,0,0,0,0,0,0,,,0,0,0,0,0,0,,
27_27,11.325,-60.575,6,0,0,0,0,0,0,0,0,,0,0,0,0,0,0,0,
27_27,11.325,-60.575,7,0,0,0,0,0,0,0,0,0,0,0,0,0,0,0,0,0
27_27,11.325,-60.575,8,0,0,0,0,0,0,0,0,0,0,0,0,0,0,0,0,0
27_27,11.325,-60.575,9,0,0,0,0,0,0,0,0,0,0,0,0,0,0,0,0,0
27_27,11.325,-60.575,10,0,0,0,0,0,0,0,0,0,0,0,0,0,0,0,0,0
27_27,11.325,-60.575,11,0,0,0,0,0,0,0,0,0,0,0,0,0,0,0,0,0
27_27,11.325,-60.575,12,0,0,0,0,0,0,0,0,0,0,0,0,0,0,0,0,0
27_27,11.325,-60.575,13,0,0,0,0,0,0,0,0,0,0,0,0,0,0,0,0,0
27_27,11.325,-60.575,14,0,0,0,0,0,0,0,0,0,0,0,0,0,0,0,0,0
27_27,11.325,-60.575,15,0,0,0,0,0,0,0,0,0,0,0,0,0,0,0,0,0
27_27,11.325,-60.575,16,0,0,0,0,0,0,0,0,0,0,0,0,0,0,0,0,0
27_27,11.325,-60.575,17,0,0,0,0,0,0,0,0,0,0,0,0,0,0,0,0,0
27_27,11.325,-60.575,18,0,0,0,0,0,0,0,0,0,0,0,0,0,0,0,0,0
27_27,11.325,-60.575,19,0,0,0,0,0,0,0,0,0,0,0,0,0,0,0,0,0
27_27,11.325,-60.575,20,0,0,0,0,0,0,0,0,0,0,0,0,0,0,0,0,0
27_27,11.325,-60.575,21,0,0,0,0,0,0,0,0,0,0,0,0,0,0,0,0,0
27_27,11.325,-60.575,22,0,0,0,0,0,0,0,0,0,0,0,0,0,0,0,0,0
27_27,11.325,-60.575,23,0,0,0,0,0,0,0,0,0,0,0,0,0,0,0,0,0
27_27,11.325,-60.575,24,0,0,0,0,0,0,0,0,0,0,0,0,0,0,0,0,0
27_27,11.325,-60.575,25,0,0,0,0,0,0,0,0,0,0,0,0,0,0,0,0,0
27_27,11.325,-60.575,26,0,0,0,0,0,0,0,0,0,0,0,0,0,0,0,0,0
27_27,11.325,-60.575,27,0,0,0,0,0,0,0,0,0,0,0,0,0,0,0,0,0
27_27,11.325,-60.575,28,0,0,0,0,0,0,0,0,0,0,0,0,0,0,0,0,0
27_27,11.325,-60.575,29,0,0,0,0,0,0,0,0,0,0,0,0,0,0,0,0,0
27_27,11.325,-60.575,30,0,0,0,0,0,0,0,0,0,0,0,0,0,0,0,0,0
27_27,11.325,-60.575,31,0,0,0,0,0,0,0,0,0,0,0,0,0,0,0,0,0
27_27,11.325,-60.575,32,0,0,0,0,0,0,0,0,0,0,0,0,0,0,0,0,0
27_27,11.325,-60.575,33,0,0,0,0,0,0,0,0,0,0,0,0,0,0,0,0,0
27_27,11.325,-60.575,34,0,0,0,0,0,0,0,0,0,0,0,0,0,0,0,0,0
27_27,11.325,-60.575,35,0,0,0,0,0,0,0,0,0,0,0,0,0,0,0,0,0
27_27,11.325,-60.575,36,0,0,0,0,0,0,0,0,0,0,0,0,0,0,0,0,0
27_27,11.325,-60.575,37,0,0,0,0,0,0,0,0,0,0,0,0,0,0,0,0,0
27_27,11.325,-60.575,38,0,0,0,0,0,0,0,0,0,0,0,0,0,0,0,0,0
27_27,11.325,-60.575,39,0,0,0,0,0,0,0,0,0,0,0,0,0,0,0,0,0
27_27,11.325,-60.575,40,0,0,0,0,0,0,0,0,0,0,0,0,0,0,0,0,0
27_27,11.325,-60.575,41,0,0,0,0,0,0,0,0,0,0,0,0,0,0,0,0,0
27_27,11.325,-60.575,42,0,0,0,0,0,0,0,0,0,0,0,0,0,0,0,0,0
27_27,11.325,-60.575,43,0,0,0,0,0,0,0,0,0,0,0,0,0,0,0,0,0
27_27,11.325,-60.575,44,0,0,0,0,0,0,0,0,0,0,0,0,0,0,0,0,0
27_27,11.325,-60.575,45,0,0,0,0,0,0,0,0,0,0,0,0,0,0,0,0,0
27_27,11.325,-60.575,46,0,0,0,0,0,0,0,0,0,0,0,0,0,0,0,0,0
27_27,11.325,-60.575,47,0,0,0,0,0,0,0,0,0,0,0,0,0,0,0,0,0
27_27,11.325,-60.575,48,0,0,0,0,0,0,0,0,0,0,0,0,0,0,0,0,0
27_27,11.325,-60.575,49,0,0,0,0,0,0,0,0,0,0,0,0,0,0,0,0,0
27_27,11.325,-60.575,50,0,0,0,0,0,0,0,0,0,0,0,0,0,0,0,0,0
27_27,11.325,-60.575,51,0,0,0,0,0,0,0,0,0,0,0,0,0,0,0,0,0
27_27,11.325,-60.575,52,0,0,0,0,0,0,0,0,0,0,0,0,0,0,0,0,0
28_26,11.275,-60.525,0,0,0,,,,,,,,0,,,,,,,
28_26,11.275,-60.525,1,0,0,0,,,,,,,0,0,,,,,,
28_26,11.275,-60.525,2,0,0,0,0,,,,,,0,0,0,,,,,
28_26,11.275,-60.525,3,0,0,0,0,0,,,,,0,0,0,0,,,,
28_26,11.275,-60.525,4,0,0,0,0,0,0,,,,0,0,0,0,0,,,
28_26,11.275,-60.525,5,0,0,0,0,0,0,0,,,0,0,0,0,0,0,,
28_26,11.275,-60.525,6,0,0,0,0,0,0,0,0,,0,0,0,0,0,0,0,
28_26,11.275,-60.525,7,0,0,0,0,0,0,0,0,0,0,0,0,0,0,0,0,0
28_26,11.275,-60.525,8,0,0,0,0,0,0,0,0,0,0,0,0,0,0,0,0,0
28_26,11.275,-60.525,9,0,0,0,0,0,0,0,0,0,0,0,0,0,0,0,0,0
28_26,11.275,-60.525,10,0,0,0,0,0,0,0,0,0,0,0,0,0,0,0,0,0
28_26,11.275,-60.525,11,0,0,0,0,0,0,0,0,0,0,0,0,0,0,0,0,0
28_26,11.275,-60.525,12,0,0,0,0,0,0,0,0,0,0,0,0,0,0,0,0,0
28_26,11.275,-60.525,13,0,0,0,0,0,0,0,0,0,0,0,0,0,0,0,0,0
28_26,11.275,-60.525,14,0,0,0,0,0,0,0,0,0,0,0,0,0,0,0,0,0
28_26,11.275,-60.525,15,0,0,0,0,0,0,0,0,0,0,0,0,0,0,0,0,0
28_26,11.275,-60.525,16,0,0,0,0,0,0,0,0,0,0,0,0,0,0,0,0,0
28_26,11.275,-60.525,17,0,0,0,0,0,0,0,0,0,0,0,0,0,0,0,0,0
28_26,11.275,-60.525,18,1,0,0,0,0,0,0,0,0,0,0,0,0,0,0,0,0
28_26,11.275,-60.525,19,0,0,0,0,0,0,0,0,0,0,0,0,0,0,0,0,0
28_26,11.275,-60.525,20,0,0,0,0,0,0,0,0,0,0,0,0,0,0,0,0,0
28_26,11.275,-60.525,21,0,0,0,0,0,0,0,0,0,0,0,0,0,0,0,0,0
28_26,11.275,-60.525,22,0,0,0,0,0,0,0,0,0,0,0,0,0,0,0,0,0
28_26,11.275,-60.525,23,0,0,0,0,0,0,0,0,0,0,0,0,0,0,0,0,0
28_26,11.275,-60.525,24,0,0,0,0,0,0,0,0,0,0,0,0,0,0,0,0,0
28_26,11.275,-60.525,25,0,0,0,0,0,0,0,0,0,0,0,0,0,0,0,0,0
28_26,11.275,-60.525,26,0,0,0,0,0,0,0,0,0,0,0,0,0,0,0,0,0
28_26,11.275,-60.525,27,0,0,0,0,0,0,0,0,0,0,0,0,0,0,0,0,0
28_26,11.275,-60.525,28,0,0,0,0,0,0,0,0,0,0,0,0,0,0,0,0,0
28_26,11.275,-60.525,29,0,0,0,0,0,0,0,0,0,0,0,0,0,0,0,0,0
28_26,11.275,-60.525,30,0,0,0,0,0,0,0,0,0,0,0,0,0,0,0,0,0
28_26,11.275,-60.525,31,0,0,0,0,0,0,0,0,0,0,0,0,0,0,0,0,0
28_26,11.275,-60.525,32,0,0,0,0,0,0,0,0,0,0,0,0,0,0,0,0,0
28_26,11.275,-60.525,33,0,0,0,0,0,0,0,0,0,0,0,0,0,0,0,0,0
28_26,11.275,-60.525,34,0,0,0,0,0,0,0,0,0,0,0,0,0,0,0,0,0
28_26,11.275,-60.525,35,0,0,0,0,0,0,0,0,0,0,0,0,0,0,0,0,0
28_26,11.275,-60.525,36,0,0,0,0,0,0,0,0,0,0,0,0,0,0,0,0,0
28_26,11.275,-60.525,37,0,0,0,0,0,0,0,0,0,0,0,0,0,0,0,0,0
28_26,11.275,-60.525,38,0,0,0,0,0,0,0,0,0,0,0,0,0,0,0,0,0
28_26,11.275,-60.525,39,0,0,0,0,0,0,0,0,0,0,0,0,0,0,0,0,0
28_26,11.275,-60.525,40,0,0,0,0,0,0,0,0,0,0,0,0,0,0,0,0,0
28_26,11.275,-60.525,41,0,0,0,0,0,0,0,0,0,0,0,0,0,0,0,0,0
28_26,11.275,-60.525,42,0,0,0,0,0,0,0,0,0,0,0,0,0,0,0,0,0
28_26,11.275,-60.525,43,0,0,0,0,0,0,0,0,0,0,0,0,0,0,0,0,0
28_26,11.275,-60.525,44,0,0,0,0,0,0,0,0,0,0,0,0,0,0,0,0,0
28_26,11.275,-60.525,45,0,0,0,0,0,0,0,0,0,0,0,0,0,0,0,0,0
28_26,11.275,-60.525,46,0,0,0,0,0,0,0,0,0,0,0,0,0,0,0,0,0
28_26,11.275,-60.525,47,0,0,0,0,0,0,0,0,0,0,0,0,0,0,0,0,0
28_26,11.275,-60.525,48,0,0,0,0,0,0,0,0,0,0,0,0,0,0,0,0,0
28_26,11.275,-60.525,49,0,0,0,0,0,0,0,0,0,0,0,0,0,0,0,0,0
28_26,11.275,-60.525,50,0,0,0,0,0,0,0,0,0,0,0,0,0,0,0,0,0
28_26,11.275,-60.525,51,0,0,0,0,0,0,0,0,0,0,0,0,0,0,0,0,0
28_26,11.275,-60.525,52,0,0,0,0,0,0,0,0,0,0,0,0,0,0,0,0,0
28_27,11.325,-60.525,0,0,0,,,,,,,,0,,,,,,,
28_27,11.325,-60.525,1,0,0,0,,,,,,,0,0,,,,,,
28_27,11.325,-60.525,2,0,0,0,0,,,,,,0,0,0,,,,,
28_27,11.325,-60.525,3,0,0,0,0,0,,,,,0,0,0,0,,,,
28_27,11.325,-60.525,4,0,0,0,0,0,0,,,,0,0,0,0,0,,,
28_27,11.325,-60.525,5,0,0,0,0,0,0,0,,,0,0,0,0,0,0,,
28_27,11.325,-60.525,6,0,0,0,0,0,0,0,0,,0,0,0,0,0,0,0,
28_27,11.325,-60.525,7,0,0,0,0,0,0,0,0,0,0,0,0,0,0,0,0,0
28_27,11.325,-60.525,8,0,0,0,0,0,0,0,0,0,0,0,0,0,0,0,0,0
28_27,11.325,-60.525,9,0,0,0,0,0,0,0,0,0,0,0,0,0,0,0,0,0
28_27,11.325,-60.525,10,0,0,0,0,0,0,0,0,0,0,0,0,0,0,0,0,0
28_27,11.325,-60.525,11,0,0,0,0,0,0,0,0,0,0,0,0,0,0,0,0,0
28_27,11.325,-60.525,12,0,0,0,0,0,0,0,0,0,0,0,0,0,0,0,0,0
28_27,11.325,-60.525,13,0,0,0,0,0,0,0,0,0,0,0,0,0,0,0,0,0
28_27,11.325,-60.525,14,0,0,0,0,0,0,0,0,0,0,0,0,0,0,0,0,0
28_27,11.325,-60.525,15,0,0,0,0,0,0,0,0,0,0,0,0,0,0,0,0,0
28_27,11.325,-60.525,16,0,0,0,0,0,0,0,0,0,0,0,0,0,0,0,0,0
28_27,11.325,-60.525,17,0,0,0,0,0,0,0,0,0,0,0,0,0,0,0,0,0
28_27,11.325,-60.525,18,0,0,0,0,0,0,0,0,0,0,0,0,0,0,0,0,0
28_27,11.325,-60.525,19,0,0,0,0,0,0,0,0,0,0,0,0,0,0,0,0,0
28_27,11.325,-60.525,20,0,0,0,0,0,0,0,0,0,0,0,0,0,0,0,0,0
28_27,11.325,-60.525,21,0,0,0,0,0,0,0,0,0,0,0,0,0,0,0,0,0
28_27,11.325,-60.525,22,0,0,0,0,0,0,0,0,0,0,0,0,0,0,0,0,0
28_27,11.325,-60.525,23,0,0,0,0,0,0,0,0,0,0,0,0,0,0,0,0,0
28_27,11.325,-60.525,24,0,0,0,0,0,0,0,0,0,0,0,0,0,0,0,0,0
28_27,11.325,-60.525,25,0,0,0,0,0,0,0,0,0,0,0,0,0,0,0,0,0
28_27,11.325,-60.525,26,0,0,0,0,0,0,0,0,0,0,0,0,0,0,0,0,0
28_27,11.325,-60.525,27,0,0,0,0,0,0,0,0,0,0,0,0,0,0,0,0,0
28_27,11.325,-60.525,28,0,0,0,0,0,0,0,0,0,0,0,0,0,0,0,0,0
28_27,11.325,-60.525,29,0,0,0,0,0,0,0,0,0,0,0,0,0,0,0,0,0
28_27,11.325,-60.525,30,0,0,0,0,0,0,0,0,0,0,0,0,0,0,0,0,0
28_27,11.325,-60.525,31,0,0,0,0,0,0,0,0,0,0,0,0,0,0,0,0,0
28_27,11.325,-60.525,32,0,0,0,0,0,0,0,0,0,0,0,0,0,0,0,0,0
28_27,11.325,-60.525,33,0,0,0,0,0,0,0,0,0,0,0,0,0,0,0,0,0
28_27,11.325,-60.525,34,0,0,0,0,0,0,0,0,0,0,0,0,0,0,0,0,0
28_27,11.325,-60.525,35,0,0,0,0,0,0,0,0,0,0,0,0,0,0,0,0,0
28_27,11.325,-60.525,36,0,0,0,0,0,0,0,0,0,0,0,0,0,0,0,0,0
28_27,11.325,-60.525,37,0,0,0,0,0,0,0,0,0,0,0,0,0,0,0,0,0
28_27,11.325,-60.525,38,0,0,0,0,0,0,0,0,0,0,0,0,0,0,0,0,0
28_27,11.325,-60.525,39,0,0,0,0,0,0,0,0,0,0,0,0,0,0,0,0,0
28_27,11.325,-60.525,40,0,0,0,0,0,0,0,0,0,0,0,0,0,0,0,0,0
28_27,11.325,-60.525,41,0,0,0,0,0,0,0,0,0,0,0,0,0,0,0,0,0
28_27,11.325,-60.525,42,0,0,0,0,0,0,0,0,0,0,0,0,0,0,0,0,0
28_27,11.325,-60.525,43,0,0,0,0,0,0,0,0,0,0,0,0,0,0,0,0,0
28_27,11.325,-60.525,44,0,0,0,0,0,0,0,0,0,0,0,0,0,0,0,0,0
28_27,11.325,-60.525,45,0,0,0,0,0,0,0,0,0,0,0,0,0,0,0,0,0
28_27,11.325,-60.525,46,0,0,0,0,0,0,0,0,0,0,0,0,0,0,0,0,0
28_27,11.325,-60.525,47,0,0,0,0,0,0,0,0,0,0,0,0,0,0,0,0,0
28_27,11.325,-60.525,48,0,0,0,0,0,0,0,0,0,0,0,0,0,0,0,0,0
28_27,11.325,-60.525,49,0,0,0,0,0,0,0,0,0,0,0,0,0,0,0,0,0
28_27,11.325,-60.525,50,0,0,0,0,0,0,0,0,0,0,0,0,0,0,0,0,0
28_27,11.325,-60.525,51,0,0,0,0,0,0,0,0,0,0,0,0,0,0,0,0,0
28_27,11.325,-60.525,52,0,0,0,0,0,0,0,0,0,0,0,0,0,0,0,0,0
28_28,11.375,-60.525,0,0,0,,,,,,,,0,,,,,,,
28_28,11.375,-60.525,1,0,0,0,,,,,,,0,0,,,,,,
28_28,11.375,-60.525,2,0,0,0,0,,,,,,0,0,0,,,,,
28_28,11.375,-60.525,3,0,0,0,0,0,,,,,0,0,0,0,,,,
28_28,11.375,-60.525,4,0,0,0,0,0,0,,,,0,0,0,0,0,,,
28_28,11.375,-60.525,5,0,0,0,0,0,0,0,,,0,0,0,0,0,0,,
28_28,11.375,-60.525,6,0,0,0,0,0,0,0,0,,0,0,0,0,0,0,0,
28_28,11.375,-60.525,7,0,0,0,0,0,0,0,0,0,0,0,0,0,0,0,0,0
28_28,11.375,-60.525,8,0,0,0,0,0,0,0,0,0,0,0,0,0,0,0,0,0
28_28,11.375,-60.525,9,0,0,0,0,0,0,0,0,0,0,0,0,0,0,0,0,0
28_28,11.375,-60.525,10,0,0,0,0,0,0,0,0,0,0,0,0,0,0,0,0,0
28_28,11.375,-60.525,11,0,0,0,0,0,0,0,0,0,0,0,0,0,0,0,0,0
28_28,11.375,-60.525,12,0,0,0,0,0,0,0,0,0,0,0,0,0,0,0,0,0
28_28,11.375,-60.525,13,0,0,0,0,0,0,0,0,0,0,0,0,0,0,0,0,0
28_28,11.375,-60.525,14,0,0,0,0,0,0,0,0,0,0,0,0,0,0,0,0,0
28_28,11.375,-60.525,15,0,0,0,0,0,0,0,0,0,0,0,0,0,0,0,0,0
28_28,11.375,-60.525,16,0,0,0,0,0,0,0,0,0,0,0,0,0,0,0,0,0
28_28,11.375,-60.525,17,0,0,0,0,0,0,0,0,0,0,0,0,0,0,0,0,0
28_28,11.375,-60.525,18,0,0,0,0,0,0,0,0,0,0,0,0,0,0,0,0,0
28_28,11.375,-60.525,19,0,0,0,0,0,0,0,0,0,0,0,0,0,0,0,0,0
28_28,11.375,-60.525,20,0,0,0,0,0,0,0,0,0,0,0,0,0,0,0,0,0
28_28,11.375,-60.525,21,0,0,0,0,0,0,0,0,0,0,0,0,0,0,0,0,0
28_28,11.375,-60.525,22,0,0,0,0,0,0,0,0,0,0,0,0,0,0,0,0,0
28_28,11.375,-60.525,23,0,0,0,0,0,0,0,0,0,0,0,0,0,0,0,0,0
28_28,11.375,-60.525,24,0,0,0,0,0,0,0,0,0,0,0,0,0,0,0,0,0
28_28,11.375,-60.525,25,0,0,0,0,0,0,0,0,0,0,0,0,0,0,0,0,0
28_28,11.375,-60.525,26,0,0,0,0,0,0,0,0,0,0,0,0,0,0,0,0,0
28_28,11.375,-60.525,27,0,0,0,0,0,0,0,0,0,0,0,0,0,0,0,0,0
28_28,11.375,-60.525,28,0,0,0,0,0,0,0,0,0,0,0,0,0,0,0,0,0
28_28,11.375,-60.525,29,0,0,0,0,0,0,0,0,0,0,0,0,0,0,0,0,0
28_28,11.375,-60.525,30,0,0,0,0,0,0,0,0,0,0,0,0,0,0,0,0,0
28_28,11.375,-60.525,31,0,0,0,0,0,0,0,0,0,0,0,0,0,0,0,0,0
28_28,11.375,-60.525,32,0,0,0,0,0,0,0,0,0,0,0,0,0,0,0,0,0
28_28,11.375,-60.525,33,0,0,0,0,0,0,0,0,0,0,0,0,0,0,0,0,0
28_28,11.375,-60.525,34,0,0,0,0,0,0,0,0,0,0,0,0,0,0,0,0,0
28_28,11.375,-60.525,35,0,0,0,0,0,0,0,0,0,0,0,0,0,0,0,0,0
28_28,11.375,-60.525,36,0,0,0,0,0,0,0,0,0,0,0,0,0,0,0,0,0
28_28,11.375,-60.525,37,0,0,0,0,0,0,0,0,0,0,0,0,0,0,0,0,0
28_28,11.375,-60.525,38,0,0,0,0,0,0,0,0,0,0,0,0,0,0,0,0,0
28_28,11.375,-60.525,39,0,0,0,0,0,0,0,0,0,0,0,0,0,0,0,0,0
28_28,11.375,-60.525,40,0,0,0,0,0,0,0,0,0,0,0,0,0,0,0,0,0
28_28,11.375,-60.525,41,0,0,0,0,0,0,0,0,0,0,0,0,0,0,0,0,0
28_28,11.375,-60.525,42,0,0,0,0,0,0,0,0,0,0,0,0,0,0,0,0,0
28_28,11.375,-60.525,43,0,0,0,0,0,0,0,0,0,0,0,0,0,0,0,0,0
28_28,11.375,-60.525,44,0,0,0,0,0,0,0,0,0,0,0,0,0,0,0,0,0
28_28,11.375,-60.525,45,0,0,0,0,0,0,0,0,0,0,0,0,0,0,0,0,0
28_28,11.375,-60.525,46,0,0,0,0,0,0,0,0,0,0,0,0,0,0,0,0,0
28_28,11.375,-60.525,47,0,0,0,0,0,0,0,0,0,0,0,0,0,0,0,0,0
28_28,11.375,-60.525,48,0,0,0,0,0,0,0,0,0,0,0,0,0,0,0,0,0
28_28,11.375,-60.525,49,0,0,0,0,0,0,0,0,0,0,0,0,0,0,0,0,0
28_28,11.375,-60.525,50,0,0,0,0,0,0,0,0,0,0,0,0,0,0,0,0,0
28_28,11.375,-60.525,51,0,0,0,0,0,0,0,0,0,0,0,0,0,0,0,0,0
28_28,11.375,-60.525,52,0,0,0,0,0,0,0,0,0,0,0,0,0,0,0,0,0
