grid_id,lat,long,week_num,crime_num,do_num,do_num_1,do_num_2,do_num_3,do_num_4,do_num_5,do_num_6,do_num_7,do_spill,do_spill_1,do_spill_2,do_spill_3,do_spill_4,do_spill_5,do_spill_6,do_spill_7
1_1,10.05,-61.85,0,0,0,,,,,,,,0,,,,,,,
1_1,10.05,-61.85,1,0,0,0,,,,,,,0,0,,,,,,
1_1,10.05,-61.85,2,0,0,0,0,,,,,,0,0,0,,,,,
1_1,10.05,-61.85,3,0,0,0,0,0,,,,,0,0,0,0,,,,
1_1,10.05,-61.85,4,0,0,0,0,0,0,,,,0,0,0,0,0,,,
1_1,10.05,-61.85,5,0,0,0,0,0,0,0,,,0,0,0,0,0,0,,
1_1,10.05,-61.85,6,0,0,0,0,0,0,0,0,,0,0,0,0,0,0,0,
1_1,10.05,-61.85,7,0,0,0,0,0,0,0,0,0,0,0,0,0,0,0,0,0
1_1,10.05,-61.85,8,0,0,0,0,0,0,0,0,0,0,0,0,0,0,0,0,0
1_1,10.05,-61.85,9,0,0,0,0,0,0,0,0,0,0.13366358566916875,0,0,0,0,0,0,0
1_1,10.05,-61.85,10,0,0,0,0,0,0,0,0,0,0,0.13366358566916875,0,0,0,0,0,0
1_1,10.05,-61.85,11,0,0,0,0,0,0,0,0,0,0,0,0.13366358566916875,0,0,0,0,0
1_1,10.05,-61.85,12,0,0,0,0,0,0,0,0,0,0,0,0,0.13366358566916875,0,0,0,0
1_1,10.05,-61.85,13,0,0,0,0,0,0,0,0,0,0,0,0,0,0.13366358566916875,0,0,0
1_1,10.05,-61.85,14,0,0,0,0,0,0,0,0,0,0,0,0,0,0,0.13366358566916875,0,0
1_1,10.05,-61.85,15,0,0,0,0,0,0,0,0,0,0,0,0,0,0,0,0.13366358566916875,0
1_1,10.05,-61.85,16,0,0,0,0,0,0,0,0,0,0,0,0,0,0,0,0,0.13366358566916875
1_1,10.05,-61.85,17,0,0,0,0,0,0,0,0,0,0,0,0,0,0,0,0,0
1_1,10.05,-61.85,18,0,0,0,0,0,0,0,0,0,0,0,0,0,0,0,0,0
1_1,10.05,-61.85,19,0,0,0,0,0,0,0,0,0,0,0,0,0,0,0,0,0
1_1,10.05,-61.85,20,0,0,0,0,0,0,0,0,0,0,0,0,0,0,0,0,0
1_1,10.05,-61.85,21,0,0,0,0,0,0,0,0,0,0,0,0,0,0,0,0,0
1_1,10.05,-61.85,22,0,0,0,0,0,0,0,0,0,0,0,0,0,0,0,0,0
1_1,10.05,-61.85,23,0,0,0,0,0,0,0,0,0,0,0,0,0,0,0,0,0
1_1,10.05,-61.85,24,0,0,0,0,0,0,0,0,0,0,0,0,0,0,0,0,0
1_1,10.05,-61.85,25,0,0,0,0,0,0,0,0,0,0,0,0,0,0,0,0,0
1_1,10.05,-61.85,26,0,0,0,0,0,0,0,0,0,0,0,0,0,0,0,0,0
1_1,10.05,-61.85,27,0,0,0,0,0,0,0,0,0,0,0,0,0,0,0,0,0
1_1,10.05,-61.85,28,0,0,0,0,0,0,0,0,0,0,0,0,0,0,0,0,0
1_1,10.05,-61.85,29,0,0,0,0,0,0,0,0,0,0,0,0,0,0,0,0,0
1_1,10.05,-61.85,30,0,0,0,0,0,0,0,0,0,0,0,0,0,0,0,0,0
1_1,10.05,-61.85,31,0,0,0,0,0,0,0,0,0,0,0,0,0,0,0,0,0
1_1,10.05,-61.85,32,0,0,0,0,0,0,0,0,0,0,0,0,0,0,0,0,0
1_1,10.05,-61.85,33,0,0,0,0,0,0,0,0,0,0,0,0,0,0,0,0,0
1_1,10.05,-61.85,34,0,0,0,0,0,0,0,0,0,0,0,0,0,0,0,0,0
1_1,10.05,-61.85,35,0,0,0,0,0,0,0,0,0,0,0,0,0,0,0,0,0
1_1,10.05,-61.85,36,0,0,0,0,0,0,0,0,0,0,0,0,0,0,0,0,0
1_1,10.05,-61.85,37,0,0,0,0,0,0,0,0,0,0,0,0,0,0,0,0,0
1_1,10.05,-61.85,38,0,0,0,0,0,0,0,0,0,0,0,0,0,0,0,0,0
1_1,10.05,-61.85,39,0,0,0,0,0,0,0,0,0,0,0,0,0,0,0,0,0
1_1,10.05,-61.85,40,0,0,0,0,0,0,0,0,0,0,0,0,0,0,0,0,0
1_1,10.05,-61.85,41,0,0,0,0,0,0,0,0,0,0,0,0,0,0,0,0,0
1_1,10.05,-61.85,42,0,0,0,0,0,0,0,0,0,0,0,0,0,0,0,0,0
1_1,10.05,-61.85,43,0,0,0,0,0,0,0,0,0,0,0,0,0,0,0,0,0
1_1,10.05,-61.85,44,0,0,0,0,0,0,0,0,0,0,0,0,0,0,0,0,0
1_1,10.05,-61.85,45,0,0,0,0,0,0,0,0,0,0,0,0,0,0,0,0,0
1_1,10.05,-61.85,46,0,0,0,0,0,0,0,0,0,0,0,0,0,0,0,0,0
1_1,10.05,-61.85,47,0,0,0,0,0,0,0,0,0,0,0,0,0,0,0,0,0
1_1,10.05,-61.85,48,0,0,0,0,0,0,0,0,0,0,0,0,0,0,0,0,0
1_1,10.05,-61.85,49,0,0,0,0,0,0,0,0,0,0,0,0,0,0,0,0,0
1_1,10.05,-61.85,50,0,0,0,0,0,0,0,0,0,0,0,0,0,0,0,0,0
1_1,10.05,-61.85,51,0,0,0,0,0,0,0,0,0,0,0,0,0,0,0,0,0
1_1,10.05,-61.85,52,0,0,0,0,0,0,0,0,0,0,0,0,0,0,0,0,0
1_2,10.15,-61.85,0,0,0,,,,,,,,0,,,,,,,
1_2,10.15,-61.85,1,0,0,0,,,,,,,0,0,,,,,,
1_2,10.15,-61.85,2,0,0,0,0,,,,,,0,0,0,,,,,
1_2,10.15,-61.85,3,0,0,0,0,0,,,,,0,0,0,0,,,,
1_2,10.15,-61.85,4,0,0,0,0,0,0,,,,0,0,0,0,0,,,
1_2,10.15,-61.85,5,0,0,0,0,0,0,0,,,0,0,0,0,0,0,,
1_2,10.15,-61.85,6,0,0,0,0,0,0,0,0,,0,0,0,0,0,0,0,
1_2,10.15,-61.85,7,0,0,0,0,0,0,0,0,0,0,0,0,0,0,0,0,0
1_2,10.15,-61.85,8,0,0,0,0,0,0,0,0,0,0,0,0,0,0,0,0,0
1_2,10.15,-61.85,9,0,0,0,0,0,0,0,0,0,0,0,0,0,0,0,0,0
1_2,10.15,-61.85,10,0,0,0,0,0,0,0,0,0,0,0,0,0,0,0,0,0
1_2,10.15,-61.85,11,0,0,0,0,0,0,0,0,0,0,0,0,0,0,0,0,0
1_2,10.15,-61.85,12,0,0,0,0,0,0,0,0,0,0,0,0,0,0,0,0,0
1_2,10.15,-61.85,13,0,0,0,0,0,0,0,0,0,0,0,0,0,0,0,0,0
1_2,10.15,-61.85,14,0,0,0,0,0,0,0,0,0,0,0,0,0,0,0,0,0
1_2,10.15,-61.85,15,0,0,0,0,0,0,0,0,0,0,0,0,0,0,0,0,0
1_2,10.15,-61.85,16,0,0,0,0,0,0,0,0,0,0,0,0,0,0,0,0,0
1_2,10.15,-61.85,17,0,0,0,0,0,0,0,0,0,0,0,0,0,0,0,0,0
1_2,10.15,-61.85,18,0,0,0,0,0,0,0,0,0,0,0,0,0,0,0,0,0
1_2,10.15,-61.85,19,0,0,0,0,0,0,0,0,0,0,0,0,0,0,0,0,0
1_2,10.15,-61.85,20,0,0,0,0,0,0,0,0,0,0,0,0,0,0,0,0,0
1_2,10.15,-61.85,21,0,0,0,0,0,0,0,0,0,0,0,0,0,0,0,0,0
1_2,10.15,-61.85,22,0,0,0,0,0,0,0,0,0,0,0,0,0,0,0,0,0
1_2,10.15,-61.85,23,0,0,0,0,0,0,0,0,0,0,0,0,0,0,0,0,0
1_2,10.15,-61.85,24,0,0,0,0,0,0,0,0,0,0,0,0,0,0,0,0,0
1_2,10.15,-61.85,25,0,0,0,0,0,0,0,0,0,0,0,0,0,0,0,0,0
1_2,10.15,-61.85,26,0,0,0,0,0,0,0,0,0,0,0,0,0,0,0,0,0
1_2,10.15,-61.85,27,0,0,0,0,0,0,0,0,0,0,0,0,0,0,0,0,0
1_2,10.15,-61.85,28,0,0,0,0,0,0,0,0,0,0,0,0,0,0,0,0,0
1_2,10.15,-61.85,29,0,0,0,0,0,0,0,0,0,0,0,0,0,0,0,0,0
1_2,10.15,-61.85,30,0,0,0,0,0,0,0,0,0,0,0,0,0,0,0,0,0
1_2,10.15,-61.85,31,0,0,0,0,0,0,0,0,0,0,0,0,0,0,0,0,0
1_2,10.15,-61.85,32,0,0,0,0,0,0,0,0,0,0,0,0,0,0,0,0,0
1_2,10.15,-61.85,33,0,0,0,0,0,0,0,0,0,0,0,0,0,0,0,0,0
1_2,10.15,-61.85,34,0,0,0,0,0,0,0,0,0,0,0,0,0,0,0,0,0
1_2,10.15,-61.85,35,0,0,0,0,0,0,0,0,0,0,0,0,0,0,0,0,0
1_2,10.15,-61.85,36,0,0,0,0,0,0,0,0,0,0,0,0,0,0,0,0,0
1_2,10.15,-61.85,37,0,0,0,0,0,0,0,0,0,0,0,0,0,0,0,0,0
1_2,10.15,-61.85,38,0,0,0,0,0,0,0,0,0,0,0,0,0,0,0,0,0
1_2,10.15,-61.85,39,0,0,0,0,0,0,0,0,0,0,0,0,0,0,0,0,0
1_2,10.15,-61.85,40,0,0,0,0,0,0,0,0,0,0,0,0,0,0,0,0,0
1_2,10.15,-61.85,41,0,0,0,0,0,0,0,0,0,0,0,0,0,0,0,0,0
1_2,10.15,-61.85,42,0,0,0,0,0,0,0,0,0,0,0,0,0,0,0,0,0
1_2,10.15,-61.85,43,0,0,0,0,0,0,0,0,0,0,0,0,0,0,0,0,0
1_2,10.15,-61.85,44,0,0,0,0,0,0,0,0,0,0,0,0,0,0,0,0,0
1_2,10.15,-61.85,45,0,0,0,0,0,0,0,0,0,0,0,0,0,0,0,0,0
1_2,10.15,-61.85,46,0,0,0,0,0,0,0,0,0,0,0,0,0,0,0,0,0
1_2,10.15,-61.85,47,0,0,0,0,0,0,0,0,0,0,0,0,0,0,0,0,0
1_2,10.15,-61.85,48,0,0,0,0,0,0,0,0,0,0,0,0,0,0,0,0,0
1_2,10.15,-61.85,49,0,0,0,0,0,0,0,0,0,0,0,0,0,0,0,0,0
1_2,10.15,-61.85,50,0,0,0,0,0,0,0,0,0,0,0,0,0,0,0,0,0
1_2,10.15,-61.85,51,0,0,0,0,0,0,0,0,0,0,0,0,0,0,0,0,0
1_2,10.15,-61.85,52,0,0,0,0,0,0,0,0,0,0,0,0,0,0,0,0,0
2_1,10.05,-61.74999999999999,0,0,0,,,,,,,,0,,,,,,,
2_1,10.05,-61.74999999999999,1,0,0,0,,,,,,,0,0,,,,,,
2_1,10.05,-61.74999999999999,2,0,0,0,0,,,,,,0,0,0,,,,,
2_1,10.05,-61.74999999999999,3,0,0,0,0,0,,,,,0,0,0,0,,,,
2_1,10.05,-61.74999999999999,4,0,0,0,0,0,0,,,,0,0,0,0,0,,,
2_1,10.05,-61.74999999999999,5,0,0,0,0,0,0,0,,,0,0,0,0,0,0,,
2_1,10.05,-61.74999999999999,6,0,0,0,0,0,0,0,0,,0,0,0,0,0,0,0,
2_1,10.05,-61.74999999999999,7,0,0,0,0,0,0,0,0,0,0,0,0,0,0,0,0,0
2_1,10.05,-61.74999999999999,8,0,0,0,0,0,0,0,0,0,0,0,0,0,0,0,0,0
2_1,10.05,-61.74999999999999,9,0,0,0,0,0,0,0,0,0,0,0,0,0,0,0,0,0
2_1,10.05,-61.74999999999999,10,0,0,0,0,0,0,0,0,0,0,0,0,0,0,0,0,0
2_1,10.05,-61.74999999999999,11,0,0,0,0,0,0,0,0,0,0,0,0,0,0,0,0,0
2_1,10.05,-61.74999999999999,12,0,0,0,0,0,0,0,0,0,0,0,0,0,0,0,0,0
2_1,10.05,-61.74999999999999,13,0,0,0,0,0,0,0,0,0,0,0,0,0,0,0,0,0
2_1,10.05,-61.74999999999999,14,0,0,0,0,0,0,0,0,0,0,0,0,0,0,0,0,0
2_1,10.05,-61.74999999999999,15,0,0,0,0,0,0,0,0,0,0,0,0,0,0,0,0,0
2_1,10.05,-61.74999999999999,16,0,0,0,0,0,0,0,0,0,0,0,0,0,0,0,0,0
2_1,10.05,-61.74999999999999,17,0,0,0,0,0,0,0,0,0,0,0,0,0,0,0,0,0
2_1,10.05,-61.74999999999999,18,0,0,0,0,0,0,0,0,0,0,0,0,0,0,0,0,0
2_1,10.05,-61.74999999999999,19,0,0,0,0,0,0,0,0,0,0,0,0,0,0,0,0,0
2_1,10.05,-61.74999999999999,20,0,0,0,0,0,0,0,0,0,0,0,0,0,0,0,0,0
2_1,10.05,-61.74999999999999,21,0,0,0,0,0,0,0,0,0,0,0,0,0,0,0,0,0
2_1,10.05,-61.74999999999999,22,0,0,0,0,0,0,0,0,0,0,0,0,0,0,0,0,0
2_1,10.05,-61.74999999999999,23,0,0,0,0,0,0,0,0,0,0,0,0,0,0,0,0,0
2_1,10.05,-61.74999999999999,24,0,0,0,0,0,0,0,0,0,0,0,0,0,0,0,0,0
2_1,10.05,-61.74999999999999,25,0,0,0,0,0,0,0,0,0,0,0,0,0,0,0,0,0
2_1,10.05,-61.74999999999999,26,0,0,0,0,0,0,0,0,0,0,0,0,0,0,0,0,0
2_1,10.05,-61.74999999999999,27,0,0,0,0,0,0,0,0,0,0,0,0,0,0,0,0,0
2_1,10.05,-61.74999999999999,28,0,0,0,0,0,0,0,0,0,0,0,0,0,0,0,0,0
2_1,10.05,-61.74999999999999,29,0,0,0,0,0,0,0,0,0,0,0,0,0,0,0,0,0
2_1,10.05,-61.74999999999999,30,0,0,0,0,0,0,0,0,0,0,0,0,0,0,0,0,0
2_1,10.05,-61.74999999999999,31,0,0,0,0,0,0,0,0,0,0,0,0,0,0,0,0,0
2_1,10.05,-61.74999999999999,32,0,0,0,0,0,0,0,0,0,0.099329315772131,0,0,0,0,0,0,0
2_1,10.05,-61.74999999999999,33,0,0,0,0,0,0,0,0,0,0,0.099329315772131,0,0,0,0,0,0
2_1,10.05,-61.74999999999999,34,0,0,0,0,0,0,0,0,0,0,0,0.099329315772131,0,0,0,0,0
2_1,10.05,-61.74999999999999,35,0,0,0,0,0,0,0,0,0,0,0,0,0.099329315772131,0,0,0,0
2_1,10.05,-61.74999999999999,36,0,0,0,0,0,0,0,0,0,0,0,0,0,0.099329315772131,0,0,0
2_1,10.05,-61.74999999999999,37,0,0,0,0,0,0,0,0,0,0,0,0,0,0,0.099329315772131,0,0
2_1,10.05,-61.74999999999999,38,0,0,0,0,0,0,0,0,0,0,0,0,0,0,0,0.099329315772131,0
2_1,10.05,-61.74999999999999,39,0,0,0,0,0,0,0,0,0,0,0,0,0,0,0,0,0.099329315772131
2_1,10.05,-61.74999999999999,40,0,0,0,0,0,0,0,0,0,0,0,0,0,0,0,0,0
2_1,10.05,-61.74999999999999,41,0,0,0,0,0,0,0,0,0,0,0,0,0,0,0,0,0
2_1,10.05,-61.74999999999999,42,0,0,0,0,0,0,0,0,0,0,0,0,0,0,0,0,0
2_1,10.05,-61.74999999999999,43,0,0,0,0,0,0,0,0,0,0,0,0,0,0,0,0,0
2_1,10.05,-61.74999999999999,44,0,0,0,0,0,0,0,0,0,0,0,0,0,0,0,0,0
2_1,10.05,-61.74999999999999,45,0,0,0,0,0,0,0,0,0,0,0,0,0,0,0,0,0
2_1,10.05,-61.74999999999999,46,0,0,0,0,0,0,0,0,0,0,0,0,0,0,0,0,0
2_1,10.05,-61.74999999999999,47,0,0,0,0,0,0,0,0,0,0,0,0,0,0,0,0,0
2_1,10.05,-61.74999999999999,48,0,0,0,0,0,0,0,0,0,0,0,0,0,0,0,0,0
2_1,10.05,-61.74999999999999,49,0,0,0,0,0,0,0,0,0,0,0,0,0,0,0,0,0
2_1,10.05,-61.74999999999999,50,0,0,0,0,0,0,0,0,0,0,0,0,0,0,0,0,0
2_1,10.05,-61.74999999999999,51,0,0,0,0,0,0,0,0,0,0,0,0,0,0,0,0,0
2_1,10.05,-61.74999999999999,52,0,0,0,0,0,0,0,0,0,0,0,0,0,0,0,0,0
2_2,10.15,-61.74999999999999,0,0,0,,,,,,,,0,,,,,,,
2_2,10.15,-61.74999999999999,1,0,0,0,,,,,,,0,0,,,,,,
2_2,10.15,-61.74999999999999,2,0,0,0,0,,,,,,0,0,0,,,,,
2_2,10.15,-61.74999999999999,3,0,0,0,0,0,,,,,0,0,0,0,,,,
2_2,10.15,-61.74999999999999,4,0,0,0,0,0,0,,,,0,0,0,0,0,,,
2_2,10.15,-61.74999999999999,5,0,0,0,0,0,0,0,,,0,0,0,0,0,0,,
2_2,10.15,-61.74999999999999,6,0,0,0,0,0,0,0,0,,0,0,0,0,0,0,0,
2_2,10.15,-61.74999999999999,7,0,0,0,0,0,0,0,0,0,0,0,0,0,0,0,0,0
2_2,10.15,-61.74999999999999,8,0,0,0,0,0,0,0,0,0,0,0,0,0,0,0,0,0
2_2,10.15,-61.74999999999999,9,0,0,0,0,0,0,0,0,0,0,0,0,0,0,0,0,0
2_2,10.15,-61.74999999999999,10,0,0,0,0,0,0,0,0,0,0,0,0,0,0,0,0,0
2_2,10.15,-61.74999999999999,11,0,0,0,0,0,0,0,0,0,0,0,0,0,0,0,0,0
2_2,10.15,-61.74999999999999,12,0,0,0,0,0,0,0,0,0,0,0,0,0,0,0,0,0
2_2,10.15,-61.74999999999999,13,0,0,0,0,0,0,0,0,0,0,0,0,0,0,0,0,0
2_2,10.15,-61.74999999999999,14,0,0,0,0,0,0,0,0,0,0,0,0,0,0,0,0,0
2_2,10.15,-61.74999999999999,15,0,0,0,0,0,0,0,0,0,0,0,0,0,0,0,0,0
2_2,10.15,-61.74999999999999,16,0,0,0,0,0,0,0,0,0,0,0,0,0,0,0,0,0
2_2,10.15,-61.74999999999999,17,0,0,0,0,0,0,0,0,0,0,0,0,0,0,0,0,0
2_2,10.15,-61.74999999999999,18,0,0,0,0,0,0,0,0,0,0,0,0,0,0,0,0,0
2_2,10.15,-61.74999999999999,19,0,0,0,0,0,0,0,0,0,0,0,0,0,0,0,0,0
2_2,10.15,-61.74999999999999,20,0,0,0,0,0,0,0,0,0,0,0,0,0,0,0,0,0
2_2,10.15,-61.74999999999999,21,0,0,0,0,0,0,0,0,0,0,0,0,0,0,0,0,0
2_2,10.15,-61.74999999999999,22,0,0,0,0,0,0,0,0,0,0,0,0,0,0,0,0,0
2_2,10.15,-61.74999999999999,23,0,0,0,0,0,0,0,0,0,0,0,0,0,0,0,0,0
2_2,10.15,-61.74999999999999,24,0,0,0,0,0,0,0,0,0,0,0,0,0,0,0,0,0
2_2,10.15,-61.74999999999999,25,0,0,0,0,0,0,0,0,0,0,0,0,0,0,0,0,0
2_2,10.15,-61.74999999999999,26,0,0,0,0,0,0,0,0,0,0,0,0,0,0,0,0,0
2_2,10.15,-61.74999999999999,27,0,0,0,0,0,0,0,0,0,0,0,0,0,0,0,0,0
2_2,10.15,-61.74999999999999,28,0,0,0,0,0,0,0,0,0,0,0,0,0,0,0,0,0
2_2,10.15,-61.74999999999999,29,0,0,0,0,0,0,0,0,0,0,0,0,0,0,0,0,0
2_2,10.15,-61.74999999999999,30,0,0,0,0,0,0,0,0,0,0,0,0,0,0,0,0,0
2_2,10.15,-61.74999999999999,31,0,0,0,0,0,0,0,0,0,0,0,0,0,0,0,0,0
2_2,10.15,-61.74999999999999,32,0,2,0,0,0,0,0,0,0,0,0,0,0,0,0,0,0
2_2,10.15,-61.74999999999999,33,0,0,2,0,0,0,0,0,0,0,0,0,0,0,0,0,0
2_2,10.15,-61.74999999999999,34,0,0,0,2,0,0,0,0,0,0,0,0,0,0,0,0,0
2_2,10.15,-61.74999999999999,35,0,0,0,0,2,0,0,0,0,0,0,0,0,0,0,0,0
2_2,10.15,-61.74999999999999,36,0,0,0,0,0,2,0,0,0,0,0,0,0,0,0,0,0
2_2,10.15,-61.74999999999999,37,0,0,0,0,0,0,2,0,0,0,0,0,0,0,0,0,0
2_2,10.15,-61.74999999999999,38,0,0,0,0,0,0,0,2,0,0,0,0,0,0,0,0,0
2_2,10.15,-61.74999999999999,39,0,0,0,0,0,0,0,0,2,0,0,0,0,0,0,0,0
2_2,10.15,-61.74999999999999,40,0,0,0,0,0,0,0,0,0,0,0,0,0,0,0,0,0
2_2,10.15,-61.74999999999999,41,0,0,0,0,0,0,0,0,0,0,0,0,0,0,0,0,0
2_2,10.15,-61.74999999999999,42,0,0,0,0,0,0,0,0,0,0,0,0,0,0,0,0,0
2_2,10.15,-61.74999999999999,43,0,0,0,0,0,0,0,0,0,0,0,0,0,0,0,0,0
2_2,10.15,-61.74999999999999,44,0,0,0,0,0,0,0,0,0,0,0,0,0,0,0,0,0
2_2,10.15,-61.74999999999999,45,0,0,0,0,0,0,0,0,0,0,0,0,0,0,0,0,0
2_2,10.15,-61.74999999999999,46,0,0,0,0,0,0,0,0,0,0,0,0,0,0,0,0,0
2_2,10.15,-61.74999999999999,47,0,0,0,0,0,0,0,0,0,0,0,0,0,0,0,0,0
2_2,10.15,-61.74999999999999,48,0,0,0,0,0,0,0,0,0,0,0,0,0,0,0,0,0
2_2,10.15,-61.74999999999999,49,1,0,0,0,0,0,0,0,0,0,0,0,0,0,0,0,0
2_2,10.15,-61.74999999999999,50,0,0,0,0,0,0,0,0,0,0,0,0,0,0,0,0,0
2_2,10.15,-61.74999999999999,51,0,0,0,0,0,0,0,0,0,0,0,0,0,0,0,0,0
2_2,10.15,-61.74999999999999,52,0,0,0,0,0,0,0,0,0,0,0,0,0,0,0,0,0
2_3,10.25,-61.75,0,0,0,,,,,,,,0,,,,,,,
2_3,10.25,-61.75,1,0,0,0,,,,,,,0,0,,,,,,
2_3,10.25,-61.75,2,0,0,0,0,,,,,,0,0,0,,,,,
2_3,10.25,-61.75,3,0,0,0,0,0,,,,,0,0,0,0,,,,
2_3,10.25,-61.75,4,0,0,0,0,0,0,,,,0,0,0,0,0,,,
2_3,10.25,-61.75,5,0,0,0,0,0,0,0,,,0,0,0,0,0,0,,
2_3,10.25,-61.75,6,0,0,0,0,0,0,0,0,,0,0,0,0,0,0,0,
2_3,10.25,-61.75,7,0,0,0,0,0,0,0,0,0,0,0,0,0,0,0,0,0
2_3,10.25,-61.75,8,0,0,0,0,0,0,0,0,0,0,0,0,0,0,0,0,0
2_3,10.25,-61.75,9,0,0,0,0,0,0,0,0,0,0,0,0,0,0,0,0,0
2_3,10.25,-61.75,10,0,0,0,0,0,0,0,0,0,0,0,0,0,0,0,0,0
2_3,10.25,-61.75,11,0,0,0,0,0,0,0,0,0,0,0,0,0,0,0,0,0
2_3,10.25,-61.75,12,0,0,0,0,0,0,0,0,0,0,0,0,0,0,0,0,0
2_3,10.25,-61.75,13,0,0,0,0,0,0,0,0,0,0,0,0,0,0,0,0,0
2_3,10.25,-61.75,14,0,0,0,0,0,0,0,0,0,0,0,0,0,0,0,0,0
2_3,10.25,-61.75,15,0,0,0,0,0,0,0,0,0,0,0,0,0,0,0,0,0
2_3,10.25,-61.75,16,0,0,0,0,0,0,0,0,0,0,0,0,0,0,0,0,0
2_3,10.25,-61.75,17,0,0,0,0,0,0,0,0,0,0,0,0,0,0,0,0,0
2_3,10.25,-61.75,18,0,0,0,0,0,0,0,0,0,0,0,0,0,0,0,0,0
2_3,10.25,-61.75,19,0,0,0,0,0,0,0,0,0,0,0,0,0,0,0,0,0
2_3,10.25,-61.75,20,0,0,0,0,0,0,0,0,0,0,0,0,0,0,0,0,0
2_3,10.25,-61.75,21,0,0,0,0,0,0,0,0,0,0,0,0,0,0,0,0,0
2_3,10.25,-61.75,22,0,0,0,0,0,0,0,0,0,0,0,0,0,0,0,0,0
2_3,10.25,-61.75,23,0,0,0,0,0,0,0,0,0,0,0,0,0,0,0,0,0
2_3,10.25,-61.75,24,0,0,0,0,0,0,0,0,0,0,0,0,0,0,0,0,0
2_3,10.25,-61.75,25,0,0,0,0,0,0,0,0,0,0,0,0,0,0,0,0,0
2_3,10.25,-61.75,26,0,0,0,0,0,0,0,0,0,0,0,0,0,0,0,0,0
2_3,10.25,-61.75,27,0,0,0,0,0,0,0,0,0,0,0,0,0,0,0,0,0
2_3,10.25,-61.75,28,0,0,0,0,0,0,0,0,0,0,0,0,0,0,0,0,0
2_3,10.25,-61.75,29,0,0,0,0,0,0,0,0,0,0,0,0,0,0,0,0,0
2_3,10.25,-61.75,30,0,0,0,0,0,0,0,0,0,0,0,0,0,0,0,0,0
2_3,10.25,-61.75,31,0,0,0,0,0,0,0,0,0,0,0,0,0,0,0,0,0
2_3,10.25,-61.75,32,0,0,0,0,0,0,0,0,0,0,0,0,0,0,0,0,0
2_3,10.25,-61.75,33,0,0,0,0,0,0,0,0,0,0,0,0,0,0,0,0,0
2_3,10.25,-61.75,34,0,0,0,0,0,0,0,0,0,0,0,0,0,0,0,0,0
2_3,10.25,-61.75,35,0,0,0,0,0,0,0,0,0,0,0,0,0,0,0,0,0
2_3,10.25,-61.75,36,0,0,0,0,0,0,0,0,0,0,0,0,0,0,0,0,0
2_3,10.25,-61.75,37,0,0,0,0,0,0,0,0,0,0,0,0,0,0,0,0,0
2_3,10.25,-61.75,38,0,0,0,0,0,0,0,0,0,0,0,0,0,0,0,0,0
2_3,10.25,-61.75,39,0,0,0,0,0,0,0,0,0,0,0,0,0,0,0,0,0
2_3,10.25,-61.75,40,0,0,0,0,0,0,0,0,0,0,0,0,0,0,0,0,0
2_3,10.25,-61.75,41,0,0,0,0,0,0,0,0,0,0,0,0,0,0,0,0,0
2_3,10.25,-61.75,42,0,0,0,0,0,0,0,0,0,0,0,0,0,0,0,0,0
2_3,10.25,-61.75,43,0,0,0,0,0,0,0,0,0,0,0,0,0,0,0,0,0
2_3,10.25,-61.75,44,0,0,0,0,0,0,0,0,0,0,0,0,0,0,0,0,0
2_3,10.25,-61.75,45,0,0,0,0,0,0,0,0,0,0,0,0,0,0,0,0,0
2_3,10.25,-61.75,46,0,0,0,0,0,0,0,0,0,0,0,0,0,0,0,0,0
2_3,10.25,-61.75,47,0,0,0,0,0,0,0,0,0,0,0,0,0,0,0,0,0
2_3,10.25,-61.75,48,0,0,0,0,0,0,0,0,0,0,0,0,0,0,0,0,0
2_3,10.25,-61.75,49,0,0,0,0,0,0,0,0,0,0,0,0,0,0,0,0,0
2_3,10.25,-61.75,50,0,0,0,0,0,0,0,0,0,0,0,0,0,0,0,0,0
2_3,10.25,-61.75,51,0,0,0,0,0,0,0,0,0,0,0,0,0,0,0,0,0
2_3,10.25,-61.75,52,0,0,0,0,0,0,0,0,0,0,0,0,0,0,0,0,0
2_7,10.65,-61.74999999999999,0,0,0,,,,,,,,0,,,,,,,
2_7,10.65,-61.74999999999999,1,0,0,0,,,,,,,0,0,,,,,,
2_7,10.65,-61.74999999999999,2,0,0,0,0,,,,,,0,0,0,,,,,
2_7,10.65,-61.74999999999999,3,0,0,0,0,0,,,,,0,0,0,0,,,,
2_7,10.65,-61.74999999999999,4,0,0,0,0,0,0,,,,0,0,0,0,0,,,
2_7,10.65,-61.74999999999999,5,0,0,0,0,0,0,0,,,0,0,0,0,0,0,,
2_7,10.65,-61.74999999999999,6,0,0,0,0,0,0,0,0,,0,0,0,0,0,0,0,
2_7,10.65,-61.74999999999999,7,0,0,0,0,0,0,0,0,0,0,0,0,0,0,0,0,0
2_7,10.65,-61.74999999999999,8,0,0,0,0,0,0,0,0,0,0,0,0,0,0,0,0,0
2_7,10.65,-61.74999999999999,9,0,0,0,0,0,0,0,0,0,0,0,0,0,0,0,0,0
2_7,10.65,-61.74999999999999,10,0,0,0,0,0,0,0,0,0,0,0,0,0,0,0,0,0
2_7,10.65,-61.74999999999999,11,0,0,0,0,0,0,0,0,0,0,0,0,0,0,0,0,0
2_7,10.65,-61.74999999999999,12,0,0,0,0,0,0,0,0,0,0,0,0,0,0,0,0,0
2_7,10.65,-61.74999999999999,13,0,0,0,0,0,0,0,0,0,0,0,0,0,0,0,0,0
2_7,10.65,-61.74999999999999,14,0,0,0,0,0,0,0,0,0,0,0,0,0,0,0,0,0
2_7,10.65,-61.74999999999999,15,0,0,0,0,0,0,0,0,0,0,0,0,0,0,0,0,0
2_7,10.65,-61.74999999999999,16,0,0,0,0,0,0,0,0,0,0,0,0,0,0,0,0,0
2_7,10.65,-61.74999999999999,17,0,0,0,0,0,0,0,0,0,0,0,0,0,0,0,0,0
2_7,10.65,-61.74999999999999,18,0,0,0,0,0,0,0,0,0,0,0,0,0,0,0,0,0
2_7,10.65,-61.74999999999999,19,0,0,0,0,0,0,0,0,0,0,0,0,0,0,0,0,0
2_7,10.65,-61.74999999999999,20,0,0,0,0,0,0,0,0,0,0,0,0,0,0,0,0,0
2_7,10.65,-61.74999999999999,21,0,0,0,0,0,0,0,0,0,0,0,0,0,0,0,0,0
2_7,10.65,-61.74999999999999,22,0,0,0,0,0,0,0,0,0,0,0,0,0,0,0,0,0
2_7,10.65,-61.74999999999999,23,0,0,0,0,0,0,0,0,0,0,0,0,0,0,0,0,0
2_7,10.65,-61.74999999999999,24,0,0,0,0,0,0,0,0,0,0,0,0,0,0,0,0,0
2_7,10.65,-61.74999999999999,25,0,0,0,0,0,0,0,0,0,0,0,0,0,0,0,0,0
2_7,10.65,-61.74999999999999,26,0,0,0,0,0,0,0,0,0,0,0,0,0,0,0,0,0
2_7,10.65,-61.74999999999999,27,0,0,0,0,0,0,0,0,0,0,0,0,0,0,0,0,0
2_7,10.65,-61.74999999999999,28,0,0,0,0,0,0,0,0,0,0,0,0,0,0,0,0,0
2_7,10.65,-61.74999999999999,29,0,0,0,0,0,0,0,0,0,0,0,0,0,0,0,0,0
2_7,10.65,-61.74999999999999,30,0,0,0,0,0,0,0,0,0,0,0,0,0,0,0,0,0
2_7,10.65,-61.74999999999999,31,0,0,0,0,0,0,0,0,0,0,0,0,0,0,0,0,0
2_7,10.65,-61.74999999999999,32,0,0,0,0,0,0,0,0,0,0,0,0,0,0,0,0,0
2_7,10.65,-61.74999999999999,33,0,0,0,0,0,0,0,0,0,0,0,0,0,0,0,0,0
2_7,10.65,-61.74999999999999,34,0,0,0,0,0,0,0,0,0,0,0,0,0,0,0,0,0
2_7,10.65,-61.74999999999999,35,0,0,0,0,0,0,0,0,0,0,0,0,0,0,0,0,0
2_7,10.65,-61.74999999999999,36,0,0,0,0,0,0,0,0,0,0,0,0,0,0,0,0,0
2_7,10.65,-61.74999999999999,37,0,0,0,0,0,0,0,0,0,0,0,0,0,0,0,0,0
2_7,10.65,-61.74999999999999,38,0,0,0,0,0,0,0,0,0,0,0,0,0,0,0,0,0
2_7,10.65,-61.74999999999999,39,0,0,0,0,0,0,0,0,0,0,0,0,0,0,0,0,0
2_7,10.65,-61.74999999999999,40,0,0,0,0,0,0,0,0,0,0,0,0,0,0,0,0,0
2_7,10.65,-61.74999999999999,41,0,0,0,0,0,0,0,0,0,0,0,0,0,0,0,0,0
2_7,10.65,-61.74999999999999,42,0,0,0,0,0,0,0,0,0,0,0,0,0,0,0,0,0
2_7,10.65,-61.74999999999999,43,0,0,0,0,0,0,0,0,0,0,0,0,0,0,0,0,0
2_7,10.65,-61.74999999999999,44,0,0,0,0,0,0,0,0,0,0,0,0,0,0,0,0,0
2_7,10.65,-61.74999999999999,45,0,0,0,0,0,0,0,0,0,0,0,0,0,0,0,0,0
2_7,10.65,-61.74999999999999,46,0,0,0,0,0,0,0,0,0,0,0,0,0,0,0,0,0
2_7,10.65,-61.74999999999999,47,0,0,0,0,0,0,0,0,0,0,0,0,0,0,0,0,0
2_7,10.65,-61.74999999999999,48,0,0,0,0,0,0,0,0,0,0,0,0,0,0,0,0,0
2_7,10.65,-61.74999999999999,49,0,0,0,0,0,0,0,0,0,0,0,0,0,0,0,0,0
2_7,10.65,-61.74999999999999,50,0,0,0,0,0,0,0,0,0,0,0,0,0,0,0,0,0
2_7,10.65,-61.74999999999999,51,0,0,0,0,0,0,0,0,0,0,0,0,0,0,0,0,0
2_7,10.65,-61.74999999999999,52,0,0,0,0,0,0,0,0,0,0,0,0,0,0,0,0,0
2_8,10.750000000000002,-61.75,0,0,0,,,,,,,,0,,,,,,,
2_8,10.750000000000002,-61.75,1,0,0,0,,,,,,,0,0,,,,,,
2_8,10.750000000000002,-61.75,2,0,0,0,0,,,,,,0,0,0,,,,,
2_8,10.750000000000002,-61.75,3,0,0,0,0,0,,,,,0,0,0,0,,,,
2_8,10.750000000000002,-61.75,4,0,0,0,0,0,0,,,,0,0,0,0,0,,,
2_8,10.750000000000002,-61.75,5,0,0,0,0,0,0,0,,,0,0,0,0,0,0,,
2_8,10.750000000000002,-61.75,6,0,0,0,0,0,0,0,0,,0,0,0,0,0,0,0,
2_8,10.750000000000002,-61.75,7,0,0,0,0,0,0,0,0,0,0,0,0,0,0,0,0,0
2_8,10.750000000000002,-61.75,8,0,0,0,0,0,0,0,0,0,0,0,0,0,0,0,0,0
2_8,10.750000000000002,-61.75,9,0,0,0,0,0,0,0,0,0,0,0,0,0,0,0,0,0
2_8,10.750000000000002,-61.75,10,0,0,0,0,0,0,0,0,0,0,0,0,0,0,0,0,0
2_8,10.750000000000002,-61.75,11,0,0,0,0,0,0,0,0,0,0,0,0,0,0,0,0,0
2_8,10.750000000000002,-61.75,12,0,0,0,0,0,0,0,0,0,0,0,0,0,0,0,0,0
2_8,10.750000000000002,-61.75,13,0,0,0,0,0,0,0,0,0,0,0,0,0,0,0,0,0
2_8,10.750000000000002,-61.75,14,0,0,0,0,0,0,0,0,0,0,0,0,0,0,0,0,0
2_8,10.750000000000002,-61.75,15,0,0,0,0,0,0,0,0,0,0,0,0,0,0,0,0,0
2_8,10.750000000000002,-61.75,16,0,0,0,0,0,0,0,0,0,0,0,0,0,0,0,0,0
2_8,10.750000000000002,-61.75,17,0,0,0,0,0,0,0,0,0,0,0,0,0,0,0,0,0
2_8,10.750000000000002,-61.75,18,0,0,0,0,0,0,0,0,0,0,0,0,0,0,0,0,0
2_8,10.750000000000002,-61.75,19,0,0,0,0,0,0,0,0,0,0,0,0,0,0,0,0,0
2_8,10.750000000000002,-61.75,20,0,0,0,0,0,0,0,0,0,0,0,0,0,0,0,0,0
2_8,10.750000000000002,-61.75,21,0,0,0,0,0,0,0,0,0,0,0,0,0,0,0,0,0
2_8,10.750000000000002,-61.75,22,0,0,0,0,0,0,0,0,0,0,0,0,0,0,0,0,0
2_8,10.750000000000002,-61.75,23,0,0,0,0,0,0,0,0,0,0,0,0,0,0,0,0,0
2_8,10.750000000000002,-61.75,24,0,0,0,0,0,0,0,0,0,0,0,0,0,0,0,0,0
2_8,10.750000000000002,-61.75,25,0,0,0,0,0,0,0,0,0,0,0,0,0,0,0,0,0
2_8,10.750000000000002,-61.75,26,0,0,0,0,0,0,0,0,0,0,0,0,0,0,0,0,0
2_8,10.750000000000002,-61.75,27,0,0,0,0,0,0,0,0,0,0,0,0,0,0,0,0,0
2_8,10.750000000000002,-61.75,28,0,0,0,0,0,0,0,0,0,0,0,0,0,0,0,0,0
2_8,10.750000000000002,-61.75,29,0,0,0,0,0,0,0,0,0,0,0,0,0,0,0,0,0
2_8,10.750000000000002,-61.75,30,0,0,0,0,0,0,0,0,0,0,0,0,0,0,0,0,0
2_8,10.750000000000002,-61.75,31,0,0,0,0,0,0,0,0,0,0,0,0,0,0,0,0,0
2_8,10.750000000000002,-61.75,32,0,0,0,0,0,0,0,0,0,0,0,0,0,0,0,0,0
2_8,10.750000000000002,-61.75,33,0,0,0,0,0,0,0,0,0,0,0,0,0,0,0,0,0
2_8,10.750000000000002,-61.75,34,0,0,0,0,0,0,0,0,0,0,0,0,0,0,0,0,0
2_8,10.750000000000002,-61.75,35,0,0,0,0,0,0,0,0,0,0,0,0,0,0,0,0,0
2_8,10.750000000000002,-61.75,36,0,0,0,0,0,0,0,0,0,0,0,0,0,0,0,0,0
2_8,10.750000000000002,-61.75,37,0,0,0,0,0,0,0,0,0,0,0,0,0,0,0,0,0
2_8,10.750000000000002,-61.75,38,0,0,0,0,0,0,0,0,0,0,0,0,0,0,0,0,0
2_8,10.750000000000002,-61.75,39,0,0,0,0,0,0,0,0,0,0,0,0,0,0,0,0,0
2_8,10.750000000000002,-61.75,40,0,0,0,0,0,0,0,0,0,0,0,0,0,0,0,0,0
2_8,10.750000000000002,-61.75,41,0,0,0,0,0,0,0,0,0,0,0,0,0,0,0,0,0
2_8,10.750000000000002,-61.75,42,0,0,0,0,0,0,0,0,0,0,0,0,0,0,0,0,0
2_8,10.750000000000002,-61.75,43,0,0,0,0,0,0,0,0,0,0,0,0,0,0,0,0,0
2_8,10.750000000000002,-61.75,44,0,0,0,0,0,0,0,0,0,0,0,0,0,0,0,0,0
2_8,10.750000000000002,-61.75,45,0,0,0,0,0,0,0,0,0,0,0,0,0,0,0,0,0
2_8,10.750000000000002,-61.75,46,0,0,0,0,0,0,0,0,0,0,0,0,0,0,0,0,0
2_8,10.750000000000002,-61.75,47,0,0,0,0,0,0,0,0,0,0,0,0,0,0,0,0,0
2_8,10.750000000000002,-61.75,48,0,0,0,0,0,0,0,0,0,0,0,0,0,0,0,0,0
2_8,10.750000000000002,-61.75,49,0,0,0,0,0,0,0,0,0,0,0,0,0,0,0,0,0
2_8,10.750000000000002,-61.75,50,0,0,0,0,0,0,0,0,0,0,0,0,0,0,0,0,0
2_8,10.750000000000002,-61.75,51,0,0,0,0,0,0,0,0,0,0,0,0,0,0,0,0,0
2_8,10.750000000000002,-61.75,52,0,0,0,0,0,0,0,0,0,0,0,0,0,0,0,0,0
3_1,10.05,-61.650000000000006,0,0,0,,,,,,,,0,,,,,,,
3_1,10.05,-61.650000000000006,1,0,0,0,,,,,,,0,0,,,,,,
3_1,10.05,-61.650000000000006,2,0,0,0,0,,,,,,0,0,0,,,,,
3_1,10.05,-61.650000000000006,3,0,0,0,0,0,,,,,0,0,0,0,,,,
3_1,10.05,-61.650000000000006,4,0,0,0,0,0,0,,,,0,0,0,0,0,,,
3_1,10.05,-61.650000000000006,5,0,0,0,0,0,0,0,,,0,0,0,0,0,0,,
3_1,10.05,-61.650000000000006,6,0,0,0,0,0,0,0,0,,0,0,0,0,0,0,0,
3_1,10.05,-61.650000000000006,7,0,0,0,0,0,0,0,0,0,0,0,0,0,0,0,0,0
3_1,10.05,-61.650000000000006,8,0,0,0,0,0,0,0,0,0,0,0,0,0,0,0,0,0
3_1,10.05,-61.650000000000006,9,0,0,0,0,0,0,0,0,0,0,0,0,0,0,0,0,0
3_1,10.05,-61.650000000000006,10,0,0,0,0,0,0,0,0,0,0,0,0,0,0,0,0,0
3_1,10.05,-61.650000000000006,11,0,0,0,0,0,0,0,0,0,0,0,0,0,0,0,0,0
3_1,10.05,-61.650000000000006,12,0,0,0,0,0,0,0,0,0,0,0,0,0,0,0,0,0
3_1,10.05,-61.650000000000006,13,0,0,0,0,0,0,0,0,0,0,0,0,0,0,0,0,0
3_1,10.05,-61.650000000000006,14,0,0,0,0,0,0,0,0,0,0,0,0,0,0,0,0,0
3_1,10.05,-61.650000000000006,15,0,0,0,0,0,0,0,0,0,0,0,0,0,0,0,0,0
3_1,10.05,-61.650000000000006,16,0,0,0,0,0,0,0,0,0,0,0,0,0,0,0,0,0
3_1,10.05,-61.650000000000006,17,0,0,0,0,0,0,0,0,0,0,0,0,0,0,0,0,0
3_1,10.05,-61.650000000000006,18,0,0,0,0,0,0,0,0,0,0,0,0,0,0,0,0,0
3_1,10.05,-61.650000000000006,19,0,0,0,0,0,0,0,0,0,0,0,0,0,0,0,0,0
3_1,10.05,-61.650000000000006,20,0,0,0,0,0,0,0,0,0,0,0,0,0,0,0,0,0
3_1,10.05,-61.650000000000006,21,0,0,0,0,0,0,0,0,0,0,0,0,0,0,0,0,0
3_1,10.05,-61.650000000000006,22,1,0,0,0,0,0,0,0,0,0,0,0,0,0,0,0,0
3_1,10.05,-61.650000000000006,23,0,0,0,0,0,0,0,0,0,0,0,0,0,0,0,0,0
3_1,10.05,-61.650000000000006,24,1,0,0,0,0,0,0,0,0,0,0,0,0,0,0,0,0
3_1,10.05,-61.650000000000006,25,0,0,0,0,0,0,0,0,0,0,0,0,0,0,0,0,0
3_1,10.05,-61.650000000000006,26,0,0,0,0,0,0,0,0,0,0,0,0,0,0,0,0,0
3_1,10.05,-61.650000000000006,27,0,0,0,0,0,0,0,0,0,0,0,0,0,0,0,0,0
3_1,10.05,-61.650000000000006,28,0,0,0,0,0,0,0,0,0,0,0,0,0,0,0,0,0
3_1,10.05,-61.650000000000006,29,0,0,0,0,0,0,0,0,0,0,0,0,0,0,0,0,0
3_1,10.05,-61.650000000000006,30,0,0,0,0,0,0,0,0,0,0,0,0,0,0,0,0,0
3_1,10.05,-61.650000000000006,31,0,0,0,0,0,0,0,0,0,0,0,0,0,0,0,0,0
3_1,10.05,-61.650000000000006,32,0,0,0,0,0,0,0,0,0,0,0,0,0,0,0,0,0
3_1,10.05,-61.650000000000006,33,0,0,0,0,0,0,0,0,0,0,0,0,0,0,0,0,0
3_1,10.05,-61.650000000000006,34,0,0,0,0,0,0,0,0,0,0,0,0,0,0,0,0,0
3_1,10.05,-61.650000000000006,35,0,0,0,0,0,0,0,0,0,0,0,0,0,0,0,0,0
3_1,10.05,-61.650000000000006,36,0,0,0,0,0,0,0,0,0,0,0,0,0,0,0,0,0
3_1,10.05,-61.650000000000006,37,0,0,0,0,0,0,0,0,0,0,0,0,0,0,0,0,0
3_1,10.05,-61.650000000000006,38,0,0,0,0,0,0,0,0,0,0,0,0,0,0,0,0,0
3_1,10.05,-61.650000000000006,39,0,0,0,0,0,0,0,0,0,0,0,0,0,0,0,0,0
3_1,10.05,-61.650000000000006,40,0,0,0,0,0,0,0,0,0,0,0,0,0,0,0,0,0
3_1,10.05,-61.650000000000006,41,0,0,0,0,0,0,0,0,0,0,0,0,0,0,0,0,0
3_1,10.05,-61.650000000000006,42,0,0,0,0,0,0,0,0,0,0,0,0,0,0,0,0,0
3_1,10.05,-61.650000000000006,43,0,0,0,0,0,0,0,0,0,0,0,0,0,0,0,0,0
3_1,10.05,-61.650000000000006,44,0,0,0,0,0,0,0,0,0,0,0,0,0,0,0,0,0
3_1,10.05,-61.650000000000006,45,0,0,0,0,0,0,0,0,0,0,0,0,0,0,0,0,0
3_1,10.05,-61.650000000000006,46,0,0,0,0,0,0,0,0,0,0,0,0,0,0,0,0,0
3_1,10.05,-61.650000000000006,47,0,0,0,0,0,0,0,0,0,0,0,0,0,0,0,0,0
3_1,10.05,-61.650000000000006,48,0,0,0,0,0,0,0,0,0,0,0,0,0,0,0,0,0
3_1,10.05,-61.650000000000006,49,0,0,0,0,0,0,0,0,0,0,0,0,0,0,0,0,0
3_1,10.05,-61.650000000000006,50,0,0,0,0,0,0,0,0,0,0,0,0,0,0,0,0,0
3_1,10.05,-61.650000000000006,51,0,0,0,0,0,0,0,0,0,0,0,0,0,0,0,0,0
3_1,10.05,-61.650000000000006,52,0,0,0,0,0,0,0,0,0,0,0,0,0,0,0,0,0
3_2,10.15,-61.650000000000006,0,0,0,,,,,,,,0,,,,,,,
3_2,10.15,-61.650000000000006,1,0,0,0,,,,,,,0,0,,,,,,
3_2,10.15,-61.650000000000006,2,0,0,0,0,,,,,,0,0,0,,,,,
3_2,10.15,-61.650000000000006,3,0,0,0,0,0,,,,,0,0,0,0,,,,
3_2,10.15,-61.650000000000006,4,0,0,0,0,0,0,,,,0,0,0,0,0,,,
3_2,10.15,-61.650000000000006,5,0,0,0,0,0,0,0,,,0,0,0,0,0,0,,
3_2,10.15,-61.650000000000006,6,0,0,0,0,0,0,0,0,,0,0,0,0,0,0,0,
3_2,10.15,-61.650000000000006,7,0,0,0,0,0,0,0,0,0,0,0,0,0,0,0,0,0
3_2,10.15,-61.650000000000006,8,0,0,0,0,0,0,0,0,0,0,0,0,0,0,0,0,0
3_2,10.15,-61.650000000000006,9,0,0,0,0,0,0,0,0,0,0,0,0,0,0,0,0,0
3_2,10.15,-61.650000000000006,10,0,0,0,0,0,0,0,0,0,0,0,0,0,0,0,0,0
3_2,10.15,-61.650000000000006,11,0,0,0,0,0,0,0,0,0,0,0,0,0,0,0,0,0
3_2,10.15,-61.650000000000006,12,0,0,0,0,0,0,0,0,0,0,0,0,0,0,0,0,0
3_2,10.15,-61.650000000000006,13,0,0,0,0,0,0,0,0,0,0,0,0,0,0,0,0,0
3_2,10.15,-61.650000000000006,14,0,0,0,0,0,0,0,0,0,0,0,0,0,0,0,0,0
3_2,10.15,-61.650000000000006,15,0,0,0,0,0,0,0,0,0,0,0,0,0,0,0,0,0
3_2,10.15,-61.650000000000006,16,0,0,0,0,0,0,0,0,0,0,0,0,0,0,0,0,0
3_2,10.15,-61.650000000000006,17,3,0,0,0,0,0,0,0,0,0,0,0,0,0,0,0,0
3_2,10.15,-61.650000000000006,18,0,0,0,0,0,0,0,0,0,0,0,0,0,0,0,0,0
3_2,10.15,-61.650000000000006,19,1,0,0,0,0,0,0,0,0,0,0,0,0,0,0,0,0
3_2,10.15,-61.650000000000006,20,1,0,0,0,0,0,0,0,0,0,0,0,0,0,0,0,0
3_2,10.15,-61.650000000000006,21,0,0,0,0,0,0,0,0,0,0,0,0,0,0,0,0,0
3_2,10.15,-61.650000000000006,22,1,0,0,0,0,0,0,0,0,0,0,0,0,0,0,0,0
3_2,10.15,-61.650000000000006,23,0,0,0,0,0,0,0,0,0,0,0,0,0,0,0,0,0
3_2,10.15,-61.650000000000006,24,0,0,0,0,0,0,0,0,0,0,0,0,0,0,0,0,0
3_2,10.15,-61.650000000000006,25,0,0,0,0,0,0,0,0,0,0,0,0,0,0,0,0,0
3_2,10.15,-61.650000000000006,26,0,0,0,0,0,0,0,0,0,0,0,0,0,0,0,0,0
3_2,10.15,-61.650000000000006,27,2,0,0,0,0,0,0,0,0,0,0,0,0,0,0,0,0
3_2,10.15,-61.650000000000006,28,0,0,0,0,0,0,0,0,0,0,0,0,0,0,0,0,0
3_2,10.15,-61.650000000000006,29,0,0,0,0,0,0,0,0,0,0,0,0,0,0,0,0,0
3_2,10.15,-61.650000000000006,30,0,0,0,0,0,0,0,0,0,0,0,0,0,0,0,0,0
3_2,10.15,-61.650000000000006,31,0,0,0,0,0,0,0,0,0,0,0,0,0,0,0,0,0
3_2,10.15,-61.650000000000006,32,0,0,0,0,0,0,0,0,0,0.40630321729172925,0,0,0,0,0,0,0
3_2,10.15,-61.650000000000006,33,0,0,0,0,0,0,0,0,0,0,0.40630321729172925,0,0,0,0,0,0
3_2,10.15,-61.650000000000006,34,0,0,0,0,0,0,0,0,0,0,0,0.40630321729172925,0,0,0,0,0
3_2,10.15,-61.650000000000006,35,0,0,0,0,0,0,0,0,0,0,0,0,0.40630321729172925,0,0,0,0
3_2,10.15,-61.650000000000006,36,0,0,0,0,0,0,0,0,0,0,0,0,0,0.40630321729172925,0,0,0
3_2,10.15,-61.650000000000006,37,0,0,0,0,0,0,0,0,0,0.1087283975006936,0,0,0,0,0.40630321729172925,0,0
3_2,10.15,-61.650000000000006,38,0,0,0,0,0,0,0,0,0,0,0.1087283975006936,0,0,0,0,0.40630321729172925,0
3_2,10.15,-61.650000000000006,39,0,0,0,0,0,0,0,0,0,0,0,0.1087283975006936,0,0,0,0,0.40630321729172925
3_2,10.15,-61.650000000000006,40,0,0,0,0,0,0,0,0,0,0,0,0,0.1087283975006936,0,0,0,0
3_2,10.15,-61.650000000000006,41,0,0,0,0,0,0,0,0,0,0,0,0,0,0.1087283975006936,0,0,0
3_2,10.15,-61.650000000000006,42,0,0,0,0,0,0,0,0,0,0,0,0,0,0,0.1087283975006936,0,0
3_2,10.15,-61.650000000000006,43,0,0,0,0,0,0,0,0,0,0,0,0,0,0,0,0.1087283975006936,0
3_2,10.15,-61.650000000000006,44,0,0,0,0,0,0,0,0,0,0,0,0,0,0,0,0,0.1087283975006936
3_2,10.15,-61.650000000000006,45,0,0,0,0,0,0,0,0,0,0,0,0,0,0,0,0,0
3_2,10.15,-61.650000000000006,46,0,0,0,0,0,0,0,0,0,0,0,0,0,0,0,0,0
3_2,10.15,-61.650000000000006,47,0,0,0,0,0,0,0,0,0,0.3365428675554577,0,0,0,0,0,0,0
3_2,10.15,-61.650000000000006,48,0,0,0,0,0,0,0,0,0,0,0.3365428675554577,0,0,0,0,0,0
3_2,10.15,-61.650000000000006,49,0,0,0,0,0,0,0,0,0,0,0,0.3365428675554577,0,0,0,0,0
3_2,10.15,-61.650000000000006,50,0,0,0,0,0,0,0,0,0,0,0,0,0.3365428675554577,0,0,0,0
3_2,10.15,-61.650000000000006,51,0,0,0,0,0,0,0,0,0,0,0,0,0,0.3365428675554577,0,0,0
3_2,10.15,-61.650000000000006,52,0,0,0,0,0,0,0,0,0,0,0,0,0,0,0.3365428675554577,0,0
3_3,10.25,-61.650000000000006,0,0,0,,,,,,,,0,,,,,,,
3_3,10.25,-61.650000000000006,1,0,0,0,,,,,,,0,0,,,,,,
3_3,10.25,-61.650000000000006,2,0,0,0,0,,,,,,0,0,0,,,,,
3_3,10.25,-61.650000000000006,3,0,0,0,0,0,,,,,0,0,0,0,,,,
3_3,10.25,-61.650000000000006,4,0,0,0,0,0,0,,,,0,0,0,0,0,,,
3_3,10.25,-61.650000000000006,5,0,0,0,0,0,0,0,,,0,0,0,0,0,0,,
3_3,10.25,-61.650000000000006,6,0,0,0,0,0,0,0,0,,0,0,0,0,0,0,0,
3_3,10.25,-61.650000000000006,7,1,0,0,0,0,0,0,0,0,0,0,0,0,0,0,0,0
3_3,10.25,-61.650000000000006,8,0,0,0,0,0,0,0,0,0,0,0,0,0,0,0,0,0
3_3,10.25,-61.650000000000006,9,0,0,0,0,0,0,0,0,0,0,0,0,0,0,0,0,0
3_3,10.25,-61.650000000000006,10,0,0,0,0,0,0,0,0,0,0,0,0,0,0,0,0,0
3_3,10.25,-61.650000000000006,11,0,0,0,0,0,0,0,0,0,0,0,0,0,0,0,0,0
3_3,10.25,-61.650000000000006,12,0,0,0,0,0,0,0,0,0,0,0,0,0,0,0,0,0
3_3,10.25,-61.650000000000006,13,0,0,0,0,0,0,0,0,0,0,0,0,0,0,0,0,0
3_3,10.25,-61.650000000000006,14,0,0,0,0,0,0,0,0,0,0,0,0,0,0,0,0,0
3_3,10.25,-61.650000000000006,15,1,0,0,0,0,0,0,0,0,0,0,0,0,0,0,0,0
3_3,10.25,-61.650000000000006,16,1,0,0,0,0,0,0,0,0,0,0,0,0,0,0,0,0
3_3,10.25,-61.650000000000006,17,0,0,0,0,0,0,0,0,0,0,0,0,0,0,0,0,0
3_3,10.25,-61.650000000000006,18,0,0,0,0,0,0,0,0,0,0,0,0,0,0,0,0,0
3_3,10.25,-61.650000000000006,19,0,0,0,0,0,0,0,0,0,0,0,0,0,0,0,0,0
3_3,10.25,-61.650000000000006,20,0,0,0,0,0,0,0,0,0,0,0,0,0,0,0,0,0
3_3,10.25,-61.650000000000006,21,3,0,0,0,0,0,0,0,0,0,0,0,0,0,0,0,0
3_3,10.25,-61.650000000000006,22,0,0,0,0,0,0,0,0,0,0,0,0,0,0,0,0,0
3_3,10.25,-61.650000000000006,23,0,0,0,0,0,0,0,0,0,0,0,0,0,0,0,0,0
3_3,10.25,-61.650000000000006,24,0,0,0,0,0,0,0,0,0,0,0,0,0,0,0,0,0
3_3,10.25,-61.650000000000006,25,0,0,0,0,0,0,0,0,0,0,0,0,0,0,0,0,0
3_3,10.25,-61.650000000000006,26,0,0,0,0,0,0,0,0,0,0,0,0,0,0,0,0,0
3_3,10.25,-61.650000000000006,27,0,0,0,0,0,0,0,0,0,0,0,0,0,0,0,0,0
3_3,10.25,-61.650000000000006,28,0,0,0,0,0,0,0,0,0,0,0,0,0,0,0,0,0
3_3,10.25,-61.650000000000006,29,0,0,0,0,0,0,0,0,0,0,0,0,0,0,0,0,0
3_3,10.25,-61.650000000000006,30,0,0,0,0,0,0,0,0,0,0,0,0,0,0,0,0,0
3_3,10.25,-61.650000000000006,31,0,0,0,0,0,0,0,0,0,0,0,0,0,0,0,0,0
3_3,10.25,-61.650000000000006,32,0,1,0,0,0,0,0,0,0,0,0,0,0,0,0,0,0
3_3,10.25,-61.650000000000006,33,0,0,1,0,0,0,0,0,0,0,0,0,0,0,0,0,0
3_3,10.25,-61.650000000000006,34,0,0,0,1,0,0,0,0,0,0,0,0,0,0,0,0,0
3_3,10.25,-61.650000000000006,35,0,0,0,0,1,0,0,0,0,0,0,0,0,0,0,0,0
3_3,10.25,-61.650000000000006,36,0,0,0,0,0,1,0,0,0,0,0,0,0,0,0,0,0
3_3,10.25,-61.650000000000006,37,0,1,0,0,0,0,1,0,0,0,0,0,0,0,0,0,0
3_3,10.25,-61.650000000000006,38,0,0,1,0,0,0,0,1,0,0,0,0,0,0,0,0,0
3_3,10.25,-61.650000000000006,39,0,0,0,1,0,0,0,0,1,0,0,0,0,0,0,0,0
3_3,10.25,-61.650000000000006,40,0,0,0,0,1,0,0,0,0,0,0,0,0,0,0,0,0
3_3,10.25,-61.650000000000006,41,0,0,0,0,0,1,0,0,0,0,0,0,0,0,0,0,0
3_3,10.25,-61.650000000000006,42,0,0,0,0,0,0,1,0,0,0,0,0,0,0,0,0,0
3_3,10.25,-61.650000000000006,43,0,0,0,0,0,0,0,1,0,0,0,0,0,0,0,0,0
3_3,10.25,-61.650000000000006,44,0,0,0,0,0,0,0,0,1,0,0,0,0,0,0,0,0
3_3,10.25,-61.650000000000006,45,0,0,0,0,0,0,0,0,0,0,0,0,0,0,0,0,0
3_3,10.25,-61.650000000000006,46,0,0,0,0,0,0,0,0,0,0,0,0,0,0,0,0,0
3_3,10.25,-61.650000000000006,47,0,3,0,0,0,0,0,0,0,0,0,0,0,0,0,0,0
3_3,10.25,-61.650000000000006,48,0,0,3,0,0,0,0,0,0,0,0,0,0,0,0,0,0
3_3,10.25,-61.650000000000006,49,0,0,0,3,0,0,0,0,0,0,0,0,0,0,0,0,0
3_3,10.25,-61.650000000000006,50,1,0,0,0,3,0,0,0,0,0,0,0,0,0,0,0,0
3_3,10.25,-61.650000000000006,51,0,0,0,0,0,3,0,0,0,0,0,0,0,0,0,0,0
3_3,10.25,-61.650000000000006,52,0,0,0,0,0,0,3,0,0,0,0,0,0,0,0,0,0
3_7,10.65,-61.650000000000006,0,0,0,,,,,,,,0,,,,,,,
3_7,10.65,-61.650000000000006,1,0,0,0,,,,,,,0,0,,,,,,
3_7,10.65,-61.650000000000006,2,0,0,0,0,,,,,,0,0,0,,,,,
3_7,10.65,-61.650000000000006,3,0,0,0,0,0,,,,,0,0,0,0,,,,
3_7,10.65,-61.650000000000006,4,0,0,0,0,0,0,,,,0,0,0,0,0,,,
3_7,10.65,-61.650000000000006,5,0,0,0,0,0,0,0,,,0,0,0,0,0,0,,
3_7,10.65,-61.650000000000006,6,0,0,0,0,0,0,0,0,,0,0,0,0,0,0,0,
3_7,10.65,-61.650000000000006,7,0,0,0,0,0,0,0,0,0,0,0,0,0,0,0,0,0
3_7,10.65,-61.650000000000006,8,0,0,0,0,0,0,0,0,0,0,0,0,0,0,0,0,0
3_7,10.65,-61.650000000000006,9,0,0,0,0,0,0,0,0,0,0,0,0,0,0,0,0,0
3_7,10.65,-61.650000000000006,10,0,0,0,0,0,0,0,0,0,0,0,0,0,0,0,0,0
3_7,10.65,-61.650000000000006,11,0,0,0,0,0,0,0,0,0,0,0,0,0,0,0,0,0
3_7,10.65,-61.650000000000006,12,0,0,0,0,0,0,0,0,0,0,0,0,0,0,0,0,0
3_7,10.65,-61.650000000000006,13,0,0,0,0,0,0,0,0,0,0,0,0,0,0,0,0,0
3_7,10.65,-61.650000000000006,14,0,0,0,0,0,0,0,0,0,0,0,0,0,0,0,0,0
3_7,10.65,-61.650000000000006,15,0,0,0,0,0,0,0,0,0,0,0,0,0,0,0,0,0
3_7,10.65,-61.650000000000006,16,0,0,0,0,0,0,0,0,0,0,0,0,0,0,0,0,0
3_7,10.65,-61.650000000000006,17,0,0,0,0,0,0,0,0,0,0,0,0,0,0,0,0,0
3_7,10.65,-61.650000000000006,18,0,0,0,0,0,0,0,0,0,0,0,0,0,0,0,0,0
3_7,10.65,-61.650000000000006,19,0,0,0,0,0,0,0,0,0,0,0,0,0,0,0,0,0
3_7,10.65,-61.650000000000006,20,0,0,0,0,0,0,0,0,0,0,0,0,0,0,0,0,0
3_7,10.65,-61.650000000000006,21,0,0,0,0,0,0,0,0,0,0,0,0,0,0,0,0,0
3_7,10.65,-61.650000000000006,22,0,0,0,0,0,0,0,0,0,0,0,0,0,0,0,0,0
3_7,10.65,-61.650000000000006,23,0,0,0,0,0,0,0,0,0,0,0,0,0,0,0,0,0
3_7,10.65,-61.650000000000006,24,0,0,0,0,0,0,0,0,0,0,0,0,0,0,0,0,0
3_7,10.65,-61.650000000000006,25,0,0,0,0,0,0,0,0,0,0,0,0,0,0,0,0,0
3_7,10.65,-61.650000000000006,26,0,0,0,0,0,0,0,0,0,0,0,0,0,0,0,0,0
3_7,10.65,-61.650000000000006,27,0,0,0,0,0,0,0,0,0,0,0,0,0,0,0,0,0
3_7,10.65,-61.650000000000006,28,1,0,0,0,0,0,0,0,0,0,0,0,0,0,0,0,0
3_7,10.65,-61.650000000000006,29,0,0,0,0,0,0,0,0,0,0,0,0,0,0,0,0,0
3_7,10.65,-61.650000000000006,30,0,0,0,0,0,0,0,0,0,0,0,0,0,0,0,0,0
3_7,10.65,-61.650000000000006,31,0,0,0,0,0,0,0,0,0,0,0,0,0,0,0,0,0
3_7,10.65,-61.650000000000006,32,0,0,0,0,0,0,0,0,0,0,0,0,0,0,0,0,0
3_7,10.65,-61.650000000000006,33,0,0,0,0,0,0,0,0,0,0,0,0,0,0,0,0,0
3_7,10.65,-61.650000000000006,34,0,0,0,0,0,0,0,0,0,0,0,0,0,0,0,0,0
3_7,10.65,-61.650000000000006,35,0,0,0,0,0,0,0,0,0,0,0,0,0,0,0,0,0
3_7,10.65,-61.650000000000006,36,0,0,0,0,0,0,0,0,0,0,0,0,0,0,0,0,0
3_7,10.65,-61.650000000000006,37,0,0,0,0,0,0,0,0,0,0,0,0,0,0,0,0,0
3_7,10.65,-61.650000000000006,38,0,0,0,0,0,0,0,0,0,0,0,0,0,0,0,0,0
3_7,10.65,-61.650000000000006,39,0,0,0,0,0,0,0,0,0,0,0,0,0,0,0,0,0
3_7,10.65,-61.650000000000006,40,0,0,0,0,0,0,0,0,0,0,0,0,0,0,0,0,0
3_7,10.65,-61.650000000000006,41,0,0,0,0,0,0,0,0,0,0,0,0,0,0,0,0,0
3_7,10.65,-61.650000000000006,42,0,0,0,0,0,0,0,0,0,0,0,0,0,0,0,0,0
3_7,10.65,-61.650000000000006,43,0,0,0,0,0,0,0,0,0,0,0,0,0,0,0,0,0
3_7,10.65,-61.650000000000006,44,0,0,0,0,0,0,0,0,0,0,0,0,0,0,0,0,0
3_7,10.65,-61.650000000000006,45,0,0,0,0,0,0,0,0,0,0,0,0,0,0,0,0,0
3_7,10.65,-61.650000000000006,46,0,0,0,0,0,0,0,0,0,0,0,0,0,0,0,0,0
3_7,10.65,-61.650000000000006,47,0,0,0,0,0,0,0,0,0,0,0,0,0,0,0,0,0
3_7,10.65,-61.650000000000006,48,1,0,0,0,0,0,0,0,0,0,0,0,0,0,0,0,0
3_7,10.65,-61.650000000000006,49,0,0,0,0,0,0,0,0,0,0,0,0,0,0,0,0,0
3_7,10.65,-61.650000000000006,50,0,0,0,0,0,0,0,0,0,0,0,0,0,0,0,0,0
3_7,10.65,-61.650000000000006,51,0,0,0,0,0,0,0,0,0,0,0,0,0,0,0,0,0
3_7,10.65,-61.650000000000006,52,0,0,0,0,0,0,0,0,0,0,0,0,0,0,0,0,0
3_8,10.75,-61.650000000000006,0,0,0,,,,,,,,0,,,,,,,
3_8,10.75,-61.650000000000006,1,0,0,0,,,,,,,0,0,,,,,,
3_8,10.75,-61.650000000000006,2,0,0,0,0,,,,,,0,0,0,,,,,
3_8,10.75,-61.650000000000006,3,0,0,0,0,0,,,,,0.09404877241739877,0,0,0,,,,
3_8,10.75,-61.650000000000006,4,0,0,0,0,0,0,,,,0,0.09404877241739877,0,0,0,,,
3_8,10.75,-61.650000000000006,5,0,0,0,0,0,0,0,,,0,0,0.09404877241739877,0,0,0,,
3_8,10.75,-61.650000000000006,6,0,0,0,0,0,0,0,0,,0,0,0,0.09404877241739877,0,0,0,
3_8,10.75,-61.650000000000006,7,0,0,0,0,0,0,0,0,0,0,0,0,0,0.09404877241739877,0,0,0
3_8,10.75,-61.650000000000006,8,0,0,0,0,0,0,0,0,0,0,0,0,0,0,0.09404877241739877,0,0
3_8,10.75,-61.650000000000006,9,0,0,0,0,0,0,0,0,0,0,0,0,0,0,0,0.09404877241739877,0
3_8,10.75,-61.650000000000006,10,0,0,0,0,0,0,0,0,0,0,0,0,0,0,0,0,0.09404877241739877
3_8,10.75,-61.650000000000006,11,0,0,0,0,0,0,0,0,0,0,0,0,0,0,0,0,0
3_8,10.75,-61.650000000000006,12,0,0,0,0,0,0,0,0,0,0,0,0,0,0,0,0,0
3_8,10.75,-61.650000000000006,13,0,0,0,0,0,0,0,0,0,0,0,0,0,0,0,0,0
3_8,10.75,-61.650000000000006,14,0,0,0,0,0,0,0,0,0,0,0,0,0,0,0,0,0
3_8,10.75,-61.650000000000006,15,0,0,0,0,0,0,0,0,0,0,0,0,0,0,0,0,0
3_8,10.75,-61.650000000000006,16,0,0,0,0,0,0,0,0,0,0,0,0,0,0,0,0,0
3_8,10.75,-61.650000000000006,17,0,0,0,0,0,0,0,0,0,0,0,0,0,0,0,0,0
3_8,10.75,-61.650000000000006,18,0,0,0,0,0,0,0,0,0,0,0,0,0,0,0,0,0
3_8,10.75,-61.650000000000006,19,0,0,0,0,0,0,0,0,0,0,0,0,0,0,0,0,0
3_8,10.75,-61.650000000000006,20,0,0,0,0,0,0,0,0,0,0,0,0,0,0,0,0,0
3_8,10.75,-61.650000000000006,21,0,0,0,0,0,0,0,0,0,0,0,0,0,0,0,0,0
3_8,10.75,-61.650000000000006,22,0,0,0,0,0,0,0,0,0,0,0,0,0,0,0,0,0
3_8,10.75,-61.650000000000006,23,0,0,0,0,0,0,0,0,0,0,0,0,0,0,0,0,0
3_8,10.75,-61.650000000000006,24,0,0,0,0,0,0,0,0,0,0,0,0,0,0,0,0,0
3_8,10.75,-61.650000000000006,25,0,0,0,0,0,0,0,0,0,0,0,0,0,0,0,0,0
3_8,10.75,-61.650000000000006,26,0,0,0,0,0,0,0,0,0,0,0,0,0,0,0,0,0
3_8,10.75,-61.650000000000006,27,0,0,0,0,0,0,0,0,0,0,0,0,0,0,0,0,0
3_8,10.75,-61.650000000000006,28,0,0,0,0,0,0,0,0,0,0,0,0,0,0,0,0,0
3_8,10.75,-61.650000000000006,29,0,0,0,0,0,0,0,0,0,0,0,0,0,0,0,0,0
3_8,10.75,-61.650000000000006,30,0,0,0,0,0,0,0,0,0,0,0,0,0,0,0,0,0
3_8,10.75,-61.650000000000006,31,0,0,0,0,0,0,0,0,0,0.2840982299854777,0,0,0,0,0,0,0
3_8,10.75,-61.650000000000006,32,0,0,0,0,0,0,0,0,0,0.38655958111087546,0.2840982299854777,0,0,0,0,0,0
3_8,10.75,-61.650000000000006,33,0,0,0,0,0,0,0,0,0,0.08985761891979854,0.38655958111087546,0.2840982299854777,0,0,0,0,0
3_8,10.75,-61.650000000000006,34,0,0,0,0,0,0,0,0,0,0,0.08985761891979854,0.38655958111087546,0.2840982299854777,0,0,0,0
3_8,10.75,-61.650000000000006,35,0,0,0,0,0,0,0,0,0,0,0,0.08985761891979854,0.38655958111087546,0.2840982299854777,0,0,0
3_8,10.75,-61.650000000000006,36,0,0,0,0,0,0,0,0,0,0,0,0,0.08985761891979854,0.38655958111087546,0.2840982299854777,0,0
3_8,10.75,-61.650000000000006,37,0,0,0,0,0,0,0,0,0,0,0,0,0,0.08985761891979854,0.38655958111087546,0.2840982299854777,0
3_8,10.75,-61.650000000000006,38,0,0,0,0,0,0,0,0,0,0,0,0,0,0,0.08985761891979854,0.38655958111087546,0.2840982299854777
3_8,10.75,-61.650000000000006,39,0,0,0,0,0,0,0,0,0,0,0,0,0,0,0,0.08985761891979854,0.38655958111087546
3_8,10.75,-61.650000000000006,40,0,0,0,0,0,0,0,0,0,0,0,0,0,0,0,0,0.08985761891979854
3_8,10.75,-61.650000000000006,41,0,0,0,0,0,0,0,0,0,0,0,0,0,0,0,0,0
3_8,10.75,-61.650000000000006,42,0,0,0,0,0,0,0,0,0,0.27173119973347276,0,0,0,0,0,0,0
3_8,10.75,-61.650000000000006,43,0,0,0,0,0,0,0,0,0,0,0.27173119973347276,0,0,0,0,0,0
3_8,10.75,-61.650000000000006,44,0,0,0,0,0,0,0,0,0,0,0,0.27173119973347276,0,0,0,0,0
3_8,10.75,-61.650000000000006,45,0,0,0,0,0,0,0,0,0,0,0,0,0.27173119973347276,0,0,0,0
3_8,10.75,-61.650000000000006,46,0,0,0,0,0,0,0,0,0,0,0,0,0,0.27173119973347276,0,0,0
3_8,10.75,-61.650000000000006,47,0,0,0,0,0,0,0,0,0,0,0,0,0,0,0.27173119973347276,0,0
3_8,10.75,-61.650000000000006,48,0,0,0,0,0,0,0,0,0,0,0,0,0,0,0,0.27173119973347276,0
3_8,10.75,-61.650000000000006,49,0,0,0,0,0,0,0,0,0,0,0,0,0,0,0,0,0.27173119973347276
3_8,10.75,-61.650000000000006,50,0,0,0,0,0,0,0,0,0,0,0,0,0,0,0,0,0
3_8,10.75,-61.650000000000006,51,0,0,0,0,0,0,0,0,0,0,0,0,0,0,0,0,0
3_8,10.75,-61.650000000000006,52,0,0,0,0,0,0,0,0,0,0,0,0,0,0,0,0,0
4_1,10.05,-61.55,0,0,0,,,,,,,,0,,,,,,,
4_1,10.05,-61.55,1,0,0,0,,,,,,,0,0,,,,,,
4_1,10.05,-61.55,2,0,0,0,0,,,,,,0,0,0,,,,,
4_1,10.05,-61.55,3,0,0,0,0,0,,,,,0,0,0,0,,,,
4_1,10.05,-61.55,4,0,0,0,0,0,0,,,,0,0,0,0,0,,,
4_1,10.05,-61.55,5,0,0,0,0,0,0,0,,,0,0,0,0,0,0,,
4_1,10.05,-61.55,6,0,0,0,0,0,0,0,0,,0,0,0,0,0,0,0,
4_1,10.05,-61.55,7,0,0,0,0,0,0,0,0,0,0,0,0,0,0,0,0,0
4_1,10.05,-61.55,8,0,0,0,0,0,0,0,0,0,0,0,0,0,0,0,0,0
4_1,10.05,-61.55,9,0,0,0,0,0,0,0,0,0,0,0,0,0,0,0,0,0
4_1,10.05,-61.55,10,0,0,0,0,0,0,0,0,0,0,0,0,0,0,0,0,0
4_1,10.05,-61.55,11,0,0,0,0,0,0,0,0,0,0,0,0,0,0,0,0,0
4_1,10.05,-61.55,12,0,0,0,0,0,0,0,0,0,0,0,0,0,0,0,0,0
4_1,10.05,-61.55,13,0,0,0,0,0,0,0,0,0,0,0,0,0,0,0,0,0
4_1,10.05,-61.55,14,0,0,0,0,0,0,0,0,0,0,0,0,0,0,0,0,0
4_1,10.05,-61.55,15,2,0,0,0,0,0,0,0,0,0,0,0,0,0,0,0,0
4_1,10.05,-61.55,16,0,0,0,0,0,0,0,0,0,0,0,0,0,0,0,0,0
4_1,10.05,-61.55,17,0,0,0,0,0,0,0,0,0,0,0,0,0,0,0,0,0
4_1,10.05,-61.55,18,0,0,0,0,0,0,0,0,0,0,0,0,0,0,0,0,0
4_1,10.05,-61.55,19,0,0,0,0,0,0,0,0,0,0,0,0,0,0,0,0,0
4_1,10.05,-61.55,20,0,0,0,0,0,0,0,0,0,0,0,0,0,0,0,0,0
4_1,10.05,-61.55,21,0,0,0,0,0,0,0,0,0,0,0,0,0,0,0,0,0
4_1,10.05,-61.55,22,0,0,0,0,0,0,0,0,0,0,0,0,0,0,0,0,0
4_1,10.05,-61.55,23,0,0,0,0,0,0,0,0,0,0,0,0,0,0,0,0,0
4_1,10.05,-61.55,24,0,0,0,0,0,0,0,0,0,0,0,0,0,0,0,0,0
4_1,10.05,-61.55,25,0,0,0,0,0,0,0,0,0,0,0,0,0,0,0,0,0
4_1,10.05,-61.55,26,0,0,0,0,0,0,0,0,0,0,0,0,0,0,0,0,0
4_1,10.05,-61.55,27,0,0,0,0,0,0,0,0,0,0,0,0,0,0,0,0,0
4_1,10.05,-61.55,28,0,0,0,0,0,0,0,0,0,0,0,0,0,0,0,0,0
4_1,10.05,-61.55,29,0,0,0,0,0,0,0,0,0,0,0,0,0,0,0,0,0
4_1,10.05,-61.55,30,0,0,0,0,0,0,0,0,0,0,0,0,0,0,0,0,0
4_1,10.05,-61.55,31,0,0,0,0,0,0,0,0,0,0,0,0,0,0,0,0,0
4_1,10.05,-61.55,32,0,0,0,0,0,0,0,0,0,0.09453511574433361,0,0,0,0,0,0,0
4_1,10.05,-61.55,33,0,0,0,0,0,0,0,0,0,0,0.09453511574433361,0,0,0,0,0,0
4_1,10.05,-61.55,34,0,0,0,0,0,0,0,0,0,0,0,0.09453511574433361,0,0,0,0,0
4_1,10.05,-61.55,35,0,0,0,0,0,0,0,0,0,0,0,0,0.09453511574433361,0,0,0,0
4_1,10.05,-61.55,36,0,0,0,0,0,0,0,0,0,0,0,0,0,0.09453511574433361,0,0,0
4_1,10.05,-61.55,37,0,0,0,0,0,0,0,0,0,0,0,0,0,0,0.09453511574433361,0,0
4_1,10.05,-61.55,38,0,0,0,0,0,0,0,0,0,0,0,0,0,0,0,0.09453511574433361,0
4_1,10.05,-61.55,39,0,0,0,0,0,0,0,0,0,0,0,0,0,0,0,0,0.09453511574433361
4_1,10.05,-61.55,40,0,0,0,0,0,0,0,0,0,0,0,0,0,0,0,0,0
4_1,10.05,-61.55,41,0,0,0,0,0,0,0,0,0,0,0,0,0,0,0,0,0
4_1,10.05,-61.55,42,1,0,0,0,0,0,0,0,0,0,0,0,0,0,0,0,0
4_1,10.05,-61.55,43,0,0,0,0,0,0,0,0,0,0,0,0,0,0,0,0,0
4_1,10.05,-61.55,44,0,0,0,0,0,0,0,0,0,0,0,0,0,0,0,0,0
4_1,10.05,-61.55,45,0,0,0,0,0,0,0,0,0,0,0,0,0,0,0,0,0
4_1,10.05,-61.55,46,0,0,0,0,0,0,0,0,0,0,0,0,0,0,0,0,0
4_1,10.05,-61.55,47,0,0,0,0,0,0,0,0,0,0,0,0,0,0,0,0,0
4_1,10.05,-61.55,48,0,0,0,0,0,0,0,0,0,0,0,0,0,0,0,0,0
4_1,10.05,-61.55,49,0,0,0,0,0,0,0,0,0,0,0,0,0,0,0,0,0
4_1,10.05,-61.55,50,0,0,0,0,0,0,0,0,0,0,0,0,0,0,0,0,0
4_1,10.05,-61.55,51,0,0,0,0,0,0,0,0,0,0,0,0,0,0,0,0,0
4_1,10.05,-61.55,52,0,0,0,0,0,0,0,0,0,0,0,0,0,0,0,0,0
4_2,10.15,-61.55,0,0,0,,,,,,,,0,,,,,,,
4_2,10.15,-61.55,1,0,0,0,,,,,,,0,0,,,,,,
4_2,10.15,-61.55,2,0,0,0,0,,,,,,0,0,0,,,,,
4_2,10.15,-61.55,3,0,0,0,0,0,,,,,0,0,0,0,,,,
4_2,10.15,-61.55,4,1,0,0,0,0,0,,,,0,0,0,0,0,,,
4_2,10.15,-61.55,5,1,0,0,0,0,0,0,,,0,0,0,0,0,0,,
4_2,10.15,-61.55,6,0,1,0,0,0,0,0,0,,0.11460347835059634,0,0,0,0,0,0,
4_2,10.15,-61.55,7,0,1,1,0,0,0,0,0,0,0,0.11460347835059634,0,0,0,0,0,0
4_2,10.15,-61.55,8,0,0,1,1,0,0,0,0,0,0,0,0.11460347835059634,0,0,0,0,0
4_2,10.15,-61.55,9,1,0,0,1,1,0,0,0,0,0,0,0,0.11460347835059634,0,0,0,0
4_2,10.15,-61.55,10,1,0,0,0,1,1,0,0,0,0,0,0,0,0.11460347835059634,0,0,0
4_2,10.15,-61.55,11,1,0,0,0,0,1,1,0,0,0,0,0,0,0,0.11460347835059634,0,0
4_2,10.15,-61.55,12,0,0,0,0,0,0,1,1,0,0,0,0,0,0,0,0.11460347835059634,0
4_2,10.15,-61.55,13,1,0,0,0,0,0,0,1,1,0,0,0,0,0,0,0,0.11460347835059634
4_2,10.15,-61.55,14,0,0,0,0,0,0,0,0,1,0,0,0,0,0,0,0,0
4_2,10.15,-61.55,15,1,0,0,0,0,0,0,0,0,0,0,0,0,0,0,0,0
4_2,10.15,-61.55,16,0,0,0,0,0,0,0,0,0,0,0,0,0,0,0,0,0
4_2,10.15,-61.55,17,1,0,0,0,0,0,0,0,0,0,0,0,0,0,0,0,0
4_2,10.15,-61.55,18,0,0,0,0,0,0,0,0,0,0,0,0,0,0,0,0,0
4_2,10.15,-61.55,19,0,0,0,0,0,0,0,0,0,0,0,0,0,0,0,0,0
4_2,10.15,-61.55,20,2,0,0,0,0,0,0,0,0,0,0,0,0,0,0,0,0
4_2,10.15,-61.55,21,0,0,0,0,0,0,0,0,0,0,0,0,0,0,0,0,0
4_2,10.15,-61.55,22,0,0,0,0,0,0,0,0,0,0,0,0,0,0,0,0,0
4_2,10.15,-61.55,23,1,0,0,0,0,0,0,0,0,0,0,0,0,0,0,0,0
4_2,10.15,-61.55,24,0,0,0,0,0,0,0,0,0,0,0,0,0,0,0,0,0
4_2,10.15,-61.55,25,0,0,0,0,0,0,0,0,0,0,0,0,0,0,0,0,0
4_2,10.15,-61.55,26,0,0,0,0,0,0,0,0,0,0,0,0,0,0,0,0,0
4_2,10.15,-61.55,27,1,0,0,0,0,0,0,0,0,0,0,0,0,0,0,0,0
4_2,10.15,-61.55,28,0,0,0,0,0,0,0,0,0,0,0,0,0,0,0,0,0
4_2,10.15,-61.55,29,0,0,0,0,0,0,0,0,0,0,0,0,0,0,0,0,0
4_2,10.15,-61.55,30,0,0,0,0,0,0,0,0,0,0,0,0,0,0,0,0,0
4_2,10.15,-61.55,31,1,0,0,0,0,0,0,0,0,0,0,0,0,0,0,0,0
4_2,10.15,-61.55,32,0,0,0,0,0,0,0,0,0,0.2051988181314259,0,0,0,0,0,0,0
4_2,10.15,-61.55,33,0,3,0,0,0,0,0,0,0,0.18481224664950258,0.2051988181314259,0,0,0,0,0,0
4_2,10.15,-61.55,34,0,0,3,0,0,0,0,0,0,0,0.18481224664950258,0.2051988181314259,0,0,0,0,0
4_2,10.15,-61.55,35,0,0,0,3,0,0,0,0,0,0.20480766253107596,0,0.18481224664950258,0.2051988181314259,0,0,0,0
4_2,10.15,-61.55,36,0,2,0,0,3,0,0,0,0,0,0.20480766253107596,0,0.18481224664950258,0.2051988181314259,0,0,0
4_2,10.15,-61.55,37,0,0,2,0,0,3,0,0,0,0.10463507632078173,0,0.20480766253107596,0,0.18481224664950258,0.2051988181314259,0,0
4_2,10.15,-61.55,38,0,0,0,2,0,0,3,0,0,0,0.10463507632078173,0,0.20480766253107596,0,0.18481224664950258,0.2051988181314259,0
4_2,10.15,-61.55,39,0,0,0,0,2,0,0,3,0,0,0,0.10463507632078173,0,0.20480766253107596,0,0.18481224664950258,0.2051988181314259
4_2,10.15,-61.55,40,0,0,0,0,0,2,0,0,3,0,0,0,0.10463507632078173,0,0.20480766253107596,0,0.18481224664950258
4_2,10.15,-61.55,41,0,2,0,0,0,0,2,0,0,0,0,0,0,0.10463507632078173,0,0.20480766253107596,0
4_2,10.15,-61.55,42,0,0,2,0,0,0,0,2,0,0,0,0,0,0,0.10463507632078173,0,0.20480766253107596
4_2,10.15,-61.55,43,0,0,0,2,0,0,0,0,2,0,0,0,0,0,0,0.10463507632078173,0
4_2,10.15,-61.55,44,0,0,0,0,2,0,0,0,0,0,0,0,0,0,0,0,0.10463507632078173
4_2,10.15,-61.55,45,0,0,0,0,0,2,0,0,0,0,0,0,0,0,0,0,0
4_2,10.15,-61.55,46,1,0,0,0,0,0,2,0,0,0,0,0,0,0,0,0,0
4_2,10.15,-61.55,47,1,0,0,0,0,0,0,2,0,0,0,0,0,0,0,0,0
4_2,10.15,-61.55,48,0,0,0,0,0,0,0,0,2,0,0,0,0,0,0,0,0
4_2,10.15,-61.55,49,0,0,0,0,0,0,0,0,0,0,0,0,0,0,0,0,0
4_2,10.15,-61.55,50,0,0,0,0,0,0,0,0,0,0,0,0,0,0,0,0,0
4_2,10.15,-61.55,51,0,0,0,0,0,0,0,0,0,0,0,0,0,0,0,0,0
4_2,10.15,-61.55,52,0,0,0,0,0,0,0,0,0,0,0,0,0,0,0,0,0
4_3,10.25,-61.55,0,0,0,,,,,,,,0,,,,,,,
4_3,10.25,-61.55,1,0,0,0,,,,,,,0,0,,,,,,
4_3,10.25,-61.55,2,0,0,0,0,,,,,,0,0,0,,,,,
4_3,10.25,-61.55,3,0,0,0,0,0,,,,,0,0,0,0,,,,
4_3,10.25,-61.55,4,1,0,0,0,0,0,,,,0,0,0,0,0,,,
4_3,10.25,-61.55,5,0,0,0,0,0,0,0,,,0,0,0,0,0,0,,
4_3,10.25,-61.55,6,0,1,0,0,0,0,0,0,,0.14772347616444564,0,0,0,0,0,0,
4_3,10.25,-61.55,7,0,0,1,0,0,0,0,0,0,0.14772347616444564,0.14772347616444564,0,0,0,0,0,0
4_3,10.25,-61.55,8,0,0,0,1,0,0,0,0,0,0,0.14772347616444564,0.14772347616444564,0,0,0,0,0
4_3,10.25,-61.55,9,0,0,0,0,1,0,0,0,0,0,0,0.14772347616444564,0.14772347616444564,0,0,0,0
4_3,10.25,-61.55,10,0,0,0,0,0,1,0,0,0,0,0,0,0.14772347616444564,0.14772347616444564,0,0,0
4_3,10.25,-61.55,11,0,0,0,0,0,0,1,0,0,0,0,0,0,0.14772347616444564,0.14772347616444564,0,0
4_3,10.25,-61.55,12,0,0,0,0,0,0,0,1,0,0,0,0,0,0,0.14772347616444564,0.14772347616444564,0
4_3,10.25,-61.55,13,0,0,0,0,0,0,0,0,1,0,0,0,0,0,0,0.14772347616444564,0.14772347616444564
4_3,10.25,-61.55,14,0,0,0,0,0,0,0,0,0,0,0,0,0,0,0,0,0.14772347616444564
4_3,10.25,-61.55,15,0,0,0,0,0,0,0,0,0,0,0,0,0,0,0,0,0
4_3,10.25,-61.55,16,0,0,0,0,0,0,0,0,0,0,0,0,0,0,0,0,0
4_3,10.25,-61.55,17,0,0,0,0,0,0,0,0,0,0,0,0,0,0,0,0,0
4_3,10.25,-61.55,18,1,0,0,0,0,0,0,0,0,0,0,0,0,0,0,0,0
4_3,10.25,-61.55,19,0,0,0,0,0,0,0,0,0,0,0,0,0,0,0,0,0
4_3,10.25,-61.55,20,0,0,0,0,0,0,0,0,0,0,0,0,0,0,0,0,0
4_3,10.25,-61.55,21,0,0,0,0,0,0,0,0,0,0,0,0,0,0,0,0,0
4_3,10.25,-61.55,22,0,0,0,0,0,0,0,0,0,0,0,0,0,0,0,0,0
4_3,10.25,-61.55,23,1,0,0,0,0,0,0,0,0,0,0,0,0,0,0,0,0
4_3,10.25,-61.55,24,0,0,0,0,0,0,0,0,0,0,0,0,0,0,0,0,0
4_3,10.25,-61.55,25,0,0,0,0,0,0,0,0,0,0,0,0,0,0,0,0,0
4_3,10.25,-61.55,26,0,0,0,0,0,0,0,0,0,0,0,0,0,0,0,0,0
4_3,10.25,-61.55,27,0,0,0,0,0,0,0,0,0,0,0,0,0,0,0,0,0
4_3,10.25,-61.55,28,0,0,0,0,0,0,0,0,0,0,0,0,0,0,0,0,0
4_3,10.25,-61.55,29,0,0,0,0,0,0,0,0,0,0,0,0,0,0,0,0,0
4_3,10.25,-61.55,30,0,0,0,0,0,0,0,0,0,0,0,0,0,0,0,0,0
4_3,10.25,-61.55,31,0,0,0,0,0,0,0,0,0,0,0,0,0,0,0,0,0
4_3,10.25,-61.55,32,0,0,0,0,0,0,0,0,0,0.09193128405344399,0,0,0,0,0,0,0
4_3,10.25,-61.55,33,0,0,0,0,0,0,0,0,0,0.352404801845685,0.09193128405344399,0,0,0,0,0,0
4_3,10.25,-61.55,34,1,0,0,0,0,0,0,0,0,0,0.352404801845685,0.09193128405344399,0,0,0,0,0
4_3,10.25,-61.55,35,0,0,0,0,0,0,0,0,0,0,0,0.352404801845685,0.09193128405344399,0,0,0,0
4_3,10.25,-61.55,36,0,0,0,0,0,0,0,0,0,0.24093703220836038,0,0,0.352404801845685,0.09193128405344399,0,0,0
4_3,10.25,-61.55,37,0,0,0,0,0,0,0,0,0,0.13216374313682572,0.24093703220836038,0,0,0.352404801845685,0.09193128405344399,0,0
4_3,10.25,-61.55,38,0,0,0,0,0,0,0,0,0,0.12929918659028716,0.13216374313682572,0.24093703220836038,0,0,0.352404801845685,0.09193128405344399,0
4_3,10.25,-61.55,39,0,0,0,0,0,0,0,0,0,0,0.12929918659028716,0.13216374313682572,0.24093703220836038,0,0,0.352404801845685,0.09193128405344399
4_3,10.25,-61.55,40,0,0,0,0,0,0,0,0,0,0,0,0.12929918659028716,0.13216374313682572,0.24093703220836038,0,0,0.352404801845685
4_3,10.25,-61.55,41,0,0,0,0,0,0,0,0,0,0.22785493536781695,0,0,0.12929918659028716,0.13216374313682572,0.24093703220836038,0,0
4_3,10.25,-61.55,42,0,0,0,0,0,0,0,0,0,0,0.22785493536781695,0,0,0.12929918659028716,0.13216374313682572,0.24093703220836038,0
4_3,10.25,-61.55,43,0,0,0,0,0,0,0,0,0,0,0,0.22785493536781695,0,0,0.12929918659028716,0.13216374313682572,0.24093703220836038
4_3,10.25,-61.55,44,0,0,0,0,0,0,0,0,0,0,0,0,0.22785493536781695,0,0,0.12929918659028716,0.13216374313682572
4_3,10.25,-61.55,45,0,0,0,0,0,0,0,0,0,0,0,0,0,0.22785493536781695,0,0,0.12929918659028716
4_3,10.25,-61.55,46,0,0,0,0,0,0,0,0,0,0,0,0,0,0,0.22785493536781695,0,0
4_3,10.25,-61.55,47,0,0,0,0,0,0,0,0,0,0.3095851893806382,0,0,0,0,0,0.22785493536781695,0
4_3,10.25,-61.55,48,1,0,0,0,0,0,0,0,0,0,0.3095851893806382,0,0,0,0,0,0.22785493536781695
4_3,10.25,-61.55,49,0,0,0,0,0,0,0,0,0,0,0,0.3095851893806382,0,0,0,0,0
4_3,10.25,-61.55,50,0,0,0,0,0,0,0,0,0,0,0,0,0.3095851893806382,0,0,0,0
4_3,10.25,-61.55,51,0,0,0,0,0,0,0,0,0,0,0,0,0,0.3095851893806382,0,0,0
4_3,10.25,-61.55,52,0,0,0,0,0,0,0,0,0,0,0,0,0,0,0.3095851893806382,0,0
4_7,10.65,-61.55,0,1,0,,,,,,,,0,,,,,,,
4_7,10.65,-61.55,1,2,0,0,,,,,,,0,0,,,,,,
4_7,10.65,-61.55,2,2,1,0,0,,,,,,0,0,0,,,,,
4_7,10.65,-61.55,3,2,2,1,0,0,,,,,0.10160965264101131,0,0,0,,,,
4_7,10.65,-61.55,4,3,0,2,1,0,0,,,,0,0.10160965264101131,0,0,0,,,
4_7,10.65,-61.55,5,3,0,0,2,1,0,0,,,0.1229067995606776,0,0.10160965264101131,0,0,0,,
4_7,10.65,-61.55,6,2,0,0,0,2,1,0,0,,0.14741354900363426,0.1229067995606776,0,0.10160965264101131,0,0,0,
4_7,10.65,-61.55,7,1,1,0,0,0,2,1,0,0,0,0.14741354900363426,0.1229067995606776,0,0.10160965264101131,0,0,0
4_7,10.65,-61.55,8,0,3,1,0,0,0,2,1,0,0.2503887725460988,0,0.14741354900363426,0.1229067995606776,0,0.10160965264101131,0,0
4_7,10.65,-61.55,9,0,0,3,1,0,0,0,2,1,0,0.2503887725460988,0,0.14741354900363426,0.1229067995606776,0,0.10160965264101131,0
4_7,10.65,-61.55,10,0,1,0,3,1,0,0,0,2,0.2896504636520534,0,0.2503887725460988,0,0.14741354900363426,0.1229067995606776,0,0.10160965264101131
4_7,10.65,-61.55,11,0,1,1,0,3,1,0,0,0,0,0.2896504636520534,0,0.2503887725460988,0,0.14741354900363426,0.1229067995606776,0
4_7,10.65,-61.55,12,4,1,1,1,0,3,1,0,0,0,0,0.2896504636520534,0,0.2503887725460988,0,0.14741354900363426,0.1229067995606776
4_7,10.65,-61.55,13,0,0,1,1,1,0,3,1,0,0,0,0,0.2896504636520534,0,0.2503887725460988,0,0.14741354900363426
4_7,10.65,-61.55,14,3,1,0,1,1,1,0,3,1,0,0,0,0,0.2896504636520534,0,0.2503887725460988,0
4_7,10.65,-61.55,15,0,0,1,0,1,1,1,0,3,0,0,0,0,0,0.2896504636520534,0,0.2503887725460988
4_7,10.65,-61.55,16,1,0,0,1,0,1,1,1,0,0,0,0,0,0,0,0.2896504636520534,0
4_7,10.65,-61.55,17,0,0,0,0,1,0,1,1,1,0,0,0,0,0,0,0,0.2896504636520534
4_7,10.65,-61.55,18,4,0,0,0,0,1,0,1,1,0,0,0,0,0,0,0,0
4_7,10.65,-61.55,19,2,0,0,0,0,0,1,0,1,0,0,0,0,0,0,0,0
4_7,10.65,-61.55,20,3,0,0,0,0,0,0,1,0,0,0,0,0,0,0,0,0
4_7,10.65,-61.55,21,3,0,0,0,0,0,0,0,1,0,0,0,0,0,0,0,0
4_7,10.65,-61.55,22,2,0,0,0,0,0,0,0,0,0,0,0,0,0,0,0,0
4_7,10.65,-61.55,23,1,0,0,0,0,0,0,0,0,0,0,0,0,0,0,0,0
4_7,10.65,-61.55,24,3,0,0,0,0,0,0,0,0,0,0,0,0,0,0,0,0
4_7,10.65,-61.55,25,1,0,0,0,0,0,0,0,0,0,0,0,0,0,0,0,0
4_7,10.65,-61.55,26,3,0,0,0,0,0,0,0,0,0,0,0,0,0,0,0,0
4_7,10.65,-61.55,27,2,0,0,0,0,0,0,0,0,0,0,0,0,0,0,0,0
4_7,10.65,-61.55,28,0,0,0,0,0,0,0,0,0,0,0,0,0,0,0,0,0
4_7,10.65,-61.55,29,0,3,0,0,0,0,0,0,0,0.2593078989853721,0,0,0,0,0,0,0
4_7,10.65,-61.55,30,1,2,3,0,0,0,0,0,0,0.9951544234508358,0.2593078989853721,0,0,0,0,0,0
4_7,10.65,-61.55,31,1,0,2,3,0,0,0,0,0,0.5844005267972717,0.9951544234508358,0.2593078989853721,0,0,0,0,0
4_7,10.65,-61.55,32,0,2,0,2,3,0,0,0,0,0.6358652514002553,0.5844005267972717,0.9951544234508358,0.2593078989853721,0,0,0,0
4_7,10.65,-61.55,33,0,0,2,0,2,3,0,0,0,0.348258516800922,0.6358652514002553,0.5844005267972717,0.9951544234508358,0.2593078989853721,0,0,0
4_7,10.65,-61.55,34,0,1,0,2,0,2,3,0,0,0.1448408605590115,0.348258516800922,0.6358652514002553,0.5844005267972717,0.9951544234508358,0.2593078989853721,0,0
4_7,10.65,-61.55,35,0,0,1,0,2,0,2,3,0,0,0.1448408605590115,0.348258516800922,0.6358652514002553,0.5844005267972717,0.9951544234508358,0.2593078989853721,0
4_7,10.65,-61.55,36,1,1,0,1,0,2,0,2,3,0,0,0.1448408605590115,0.348258516800922,0.6358652514002553,0.5844005267972717,0.9951544234508358,0.2593078989853721
4_7,10.65,-61.55,37,2,0,1,0,1,0,2,0,2,0.13966286409503112,0,0,0.1448408605590115,0.348258516800922,0.6358652514002553,0.5844005267972717,0.9951544234508358
4_7,10.65,-61.55,38,1,0,0,1,0,1,0,2,0,0.6688763032405087,0.13966286409503112,0,0,0.1448408605590115,0.348258516800922,0.6358652514002553,0.5844005267972717
4_7,10.65,-61.55,39,3,0,0,0,1,0,1,0,2,0,0.6688763032405087,0.13966286409503112,0,0,0.1448408605590115,0.348258516800922,0.6358652514002553
4_7,10.65,-61.55,40,1,0,0,0,0,1,0,1,0,0,0,0.6688763032405087,0.13966286409503112,0,0,0.1448408605590115,0.348258516800922
4_7,10.65,-61.55,41,1,0,0,0,0,0,1,0,1,0,0,0,0.6688763032405087,0.13966286409503112,0,0,0.1448408605590115
4_7,10.65,-61.55,42,0,1,0,0,0,0,0,1,0,0.617017814165504,0,0,0,0.6688763032405087,0.13966286409503112,0,0
4_7,10.65,-61.55,43,2,0,1,0,0,0,0,0,1,0,0.617017814165504,0,0,0,0.6688763032405087,0.13966286409503112,0
4_7,10.65,-61.55,44,1,0,0,1,0,0,0,0,0,0,0,0.617017814165504,0,0,0,0.6688763032405087,0.13966286409503112
4_7,10.65,-61.55,45,2,1,0,0,1,0,0,0,0,0,0,0,0.617017814165504,0,0,0,0.6688763032405087
4_7,10.65,-61.55,46,1,0,1,0,0,1,0,0,0,0,0,0,0,0.617017814165504,0,0,0
4_7,10.65,-61.55,47,0,0,0,1,0,0,1,0,0,0.20807503991067933,0,0,0,0,0.617017814165504,0,0
4_7,10.65,-61.55,48,1,0,0,0,1,0,0,1,0,0,0.20807503991067933,0,0,0,0,0.617017814165504,0
4_7,10.65,-61.55,49,3,0,0,0,0,1,0,0,1,0,0,0.20807503991067933,0,0,0,0,0.617017814165504
4_7,10.65,-61.55,50,0,0,0,0,0,0,1,0,0,0.1339479931972369,0,0,0.20807503991067933,0,0,0,0
4_7,10.65,-61.55,51,2,0,0,0,0,0,0,1,0,0.09774373804650474,0.1339479931972369,0,0,0.20807503991067933,0,0,0
4_7,10.65,-61.55,52,0,0,0,0,0,0,0,0,1,0,0.09774373804650474,0.1339479931972369,0,0,0.20807503991067933,0,0
4_8,10.750000000000002,-61.55,0,0,0,,,,,,,,0,,,,,,,
4_8,10.750000000000002,-61.55,1,1,0,0,,,,,,,0,0,,,,,,
4_8,10.750000000000002,-61.55,2,2,0,0,0,,,,,,0,0,0,,,,,
4_8,10.750000000000002,-61.55,3,0,1,0,0,0,,,,,0.17894561133641332,0,0,0,,,,
4_8,10.750000000000002,-61.55,4,0,0,1,0,0,0,,,,0,0.17894561133641332,0,0,0,,,
4_8,10.750000000000002,-61.55,5,1,0,0,1,0,0,0,,,0,0,0.17894561133641332,0,0,0,,
4_8,10.750000000000002,-61.55,6,0,0,0,0,1,0,0,0,,0.09168818630352327,0,0,0.17894561133641332,0,0,0,
4_8,10.750000000000002,-61.55,7,1,0,0,0,0,1,0,0,0,0.12303688157639807,0.09168818630352327,0,0,0.17894561133641332,0,0,0
4_8,10.750000000000002,-61.55,8,0,0,0,0,0,0,1,0,0,0,0.12303688157639807,0.09168818630352327,0,0,0.17894561133641332,0,0
4_8,10.750000000000002,-61.55,9,0,0,0,0,0,0,0,1,0,0,0,0.12303688157639807,0.09168818630352327,0,0,0.17894561133641332,0
4_8,10.750000000000002,-61.55,10,0,0,0,0,0,0,0,0,1,0.09062258879886607,0,0,0.12303688157639807,0.09168818630352327,0,0,0.17894561133641332
4_8,10.750000000000002,-61.55,11,0,0,0,0,0,0,0,0,0,0,0.09062258879886607,0,0,0.12303688157639807,0.09168818630352327,0,0
4_8,10.750000000000002,-61.55,12,3,0,0,0,0,0,0,0,0,0,0,0.09062258879886607,0,0,0.12303688157639807,0.09168818630352327,0
4_8,10.750000000000002,-61.55,13,0,0,0,0,0,0,0,0,0,0,0,0,0.09062258879886607,0,0,0.12303688157639807,0.09168818630352327
4_8,10.750000000000002,-61.55,14,1,0,0,0,0,0,0,0,0,0,0,0,0,0.09062258879886607,0,0,0.12303688157639807
4_8,10.750000000000002,-61.55,15,0,0,0,0,0,0,0,0,0,0,0,0,0,0,0.09062258879886607,0,0
4_8,10.750000000000002,-61.55,16,2,0,0,0,0,0,0,0,0,0,0,0,0,0,0,0.09062258879886607,0
4_8,10.750000000000002,-61.55,17,2,0,0,0,0,0,0,0,0,0,0,0,0,0,0,0,0.09062258879886607
4_8,10.750000000000002,-61.55,18,0,0,0,0,0,0,0,0,0,0,0,0,0,0,0,0,0
4_8,10.750000000000002,-61.55,19,0,0,0,0,0,0,0,0,0,0,0,0,0,0,0,0,0
4_8,10.750000000000002,-61.55,20,2,0,0,0,0,0,0,0,0,0,0,0,0,0,0,0,0
4_8,10.750000000000002,-61.55,21,3,0,0,0,0,0,0,0,0,0,0,0,0,0,0,0,0
4_8,10.750000000000002,-61.55,22,4,0,0,0,0,0,0,0,0,0,0,0,0,0,0,0,0
4_8,10.750000000000002,-61.55,23,0,0,0,0,0,0,0,0,0,0,0,0,0,0,0,0,0
4_8,10.750000000000002,-61.55,24,0,0,0,0,0,0,0,0,0,0,0,0,0,0,0,0,0
4_8,10.750000000000002,-61.55,25,1,0,0,0,0,0,0,0,0,0,0,0,0,0,0,0,0
4_8,10.750000000000002,-61.55,26,0,0,0,0,0,0,0,0,0,0,0,0,0,0,0,0,0
4_8,10.750000000000002,-61.55,27,0,0,0,0,0,0,0,0,0,0,0,0,0,0,0,0,0
4_8,10.750000000000002,-61.55,28,1,0,0,0,0,0,0,0,0,0,0,0,0,0,0,0,0
4_8,10.750000000000002,-61.55,29,0,0,0,0,0,0,0,0,0,0.12303688157639807,0,0,0,0,0,0,0
4_8,10.750000000000002,-61.55,30,0,1,0,0,0,0,0,0,0,0.08837670919153123,0.12303688157639807,0,0,0,0,0,0
4_8,10.750000000000002,-61.55,31,0,4,1,0,0,0,0,0,0,0.09062258879886607,0.08837670919153123,0.12303688157639807,0,0,0,0,0
4_8,10.750000000000002,-61.55,32,0,4,4,1,0,0,0,0,0,0.12337201543557101,0.09062258879886607,0.08837670919153123,0.12303688157639807,0,0,0,0
4_8,10.750000000000002,-61.55,33,0,1,4,4,1,0,0,0,0,0,0.12337201543557101,0.09062258879886607,0.08837670919153123,0.12303688157639807,0,0,0
4_8,10.750000000000002,-61.55,34,0,0,1,4,4,1,0,0,0,0.17946210597538298,0,0.12337201543557101,0.09062258879886607,0.08837670919153123,0.12303688157639807,0,0
4_8,10.750000000000002,-61.55,35,1,0,0,1,4,4,1,0,0,0,0.17946210597538298,0,0.12337201543557101,0.09062258879886607,0.08837670919153123,0.12303688157639807,0
4_8,10.750000000000002,-61.55,36,0,0,0,0,1,4,4,1,0,0.12143474659432377,0,0.17946210597538298,0,0.12337201543557101,0.09062258879886607,0.08837670919153123,0.12303688157639807
4_8,10.750000000000002,-61.55,37,0,0,0,0,0,1,4,4,1,0,0.12143474659432377,0,0.17946210597538298,0,0.12337201543557101,0.09062258879886607,0.08837670919153123
4_8,10.750000000000002,-61.55,38,0,3,0,0,0,0,1,4,4,0,0,0.12143474659432377,0,0.17946210597538298,0,0.12337201543557101,0.09062258879886607
4_8,10.750000000000002,-61.55,39,4,0,3,0,0,0,0,1,4,0,0,0,0.12143474659432377,0,0.17946210597538298,0,0.12337201543557101
4_8,10.750000000000002,-61.55,40,1,0,0,3,0,0,0,0,1,0,0,0,0,0.12143474659432377,0,0.17946210597538298,0
4_8,10.750000000000002,-61.55,41,0,0,0,0,3,0,0,0,0,0,0,0,0,0,0.12143474659432377,0,0.17946210597538298
4_8,10.750000000000002,-61.55,42,0,5,0,0,0,3,0,0,0,0.10855870160812944,0,0,0,0,0,0.12143474659432377,0
4_8,10.750000000000002,-61.55,43,0,0,5,0,0,0,3,0,0,0,0.10855870160812944,0,0,0,0,0,0.12143474659432377
4_8,10.750000000000002,-61.55,44,1,0,0,5,0,0,0,3,0,0,0,0.10855870160812944,0,0,0,0,0
4_8,10.750000000000002,-61.55,45,0,0,0,0,5,0,0,0,3,0.15437932165218876,0,0,0.10855870160812944,0,0,0,0
4_8,10.750000000000002,-61.55,46,0,0,0,0,0,5,0,0,0,0,0.15437932165218876,0,0,0.10855870160812944,0,0,0
4_8,10.750000000000002,-61.55,47,0,0,0,0,0,0,5,0,0,0.09862268244603607,0,0.15437932165218876,0,0,0.10855870160812944,0,0
4_8,10.750000000000002,-61.55,48,0,0,0,0,0,0,0,5,0,0,0.09862268244603607,0,0.15437932165218876,0,0,0.10855870160812944,0
4_8,10.750000000000002,-61.55,49,0,0,0,0,0,0,0,0,5,0,0,0.09862268244603607,0,0.15437932165218876,0,0,0.10855870160812944
4_8,10.750000000000002,-61.55,50,1,0,0,0,0,0,0,0,0,0,0,0,0.09862268244603607,0,0.15437932165218876,0,0
4_8,10.750000000000002,-61.55,51,1,0,0,0,0,0,0,0,0,0,0,0,0,0.09862268244603607,0,0.15437932165218876,0
4_8,10.750000000000002,-61.55,52,0,0,0,0,0,0,0,0,0,0,0,0,0,0,0.09862268244603607,0,0.15437932165218876
5_1,10.05,-61.45000000000001,0,0,0,,,,,,,,0,,,,,,,
5_1,10.05,-61.45000000000001,1,0,0,0,,,,,,,0,0,,,,,,
5_1,10.05,-61.45000000000001,2,0,0,0,0,,,,,,0,0,0,,,,,
5_1,10.05,-61.45000000000001,3,0,0,0,0,0,,,,,0,0,0,0,,,,
5_1,10.05,-61.45000000000001,4,0,0,0,0,0,0,,,,0,0,0,0,0,,,
5_1,10.05,-61.45000000000001,5,0,0,0,0,0,0,0,,,0,0,0,0,0,0,,
5_1,10.05,-61.45000000000001,6,0,0,0,0,0,0,0,0,,0,0,0,0,0,0,0,
5_1,10.05,-61.45000000000001,7,0,0,0,0,0,0,0,0,0,0,0,0,0,0,0,0,0
5_1,10.05,-61.45000000000001,8,0,0,0,0,0,0,0,0,0,0,0,0,0,0,0,0,0
5_1,10.05,-61.45000000000001,9,0,0,0,0,0,0,0,0,0,0,0,0,0,0,0,0,0
5_1,10.05,-61.45000000000001,10,0,0,0,0,0,0,0,0,0,0,0,0,0,0,0,0,0
5_1,10.05,-61.45000000000001,11,0,0,0,0,0,0,0,0,0,0,0,0,0,0,0,0,0
5_1,10.05,-61.45000000000001,12,0,0,0,0,0,0,0,0,0,0,0,0,0,0,0,0,0
5_1,10.05,-61.45000000000001,13,0,0,0,0,0,0,0,0,0,0,0,0,0,0,0,0,0
5_1,10.05,-61.45000000000001,14,0,0,0,0,0,0,0,0,0,0,0,0,0,0,0,0,0
5_1,10.05,-61.45000000000001,15,0,0,0,0,0,0,0,0,0,0,0,0,0,0,0,0,0
5_1,10.05,-61.45000000000001,16,0,0,0,0,0,0,0,0,0,0,0,0,0,0,0,0,0
5_1,10.05,-61.45000000000001,17,0,0,0,0,0,0,0,0,0,0,0,0,0,0,0,0,0
5_1,10.05,-61.45000000000001,18,0,0,0,0,0,0,0,0,0,0,0,0,0,0,0,0,0
5_1,10.05,-61.45000000000001,19,0,0,0,0,0,0,0,0,0,0,0,0,0,0,0,0,0
5_1,10.05,-61.45000000000001,20,0,0,0,0,0,0,0,0,0,0,0,0,0,0,0,0,0
5_1,10.05,-61.45000000000001,21,0,0,0,0,0,0,0,0,0,0,0,0,0,0,0,0,0
5_1,10.05,-61.45000000000001,22,0,0,0,0,0,0,0,0,0,0,0,0,0,0,0,0,0
5_1,10.05,-61.45000000000001,23,0,0,0,0,0,0,0,0,0,0,0,0,0,0,0,0,0
5_1,10.05,-61.45000000000001,24,0,0,0,0,0,0,0,0,0,0,0,0,0,0,0,0,0
5_1,10.05,-61.45000000000001,25,0,0,0,0,0,0,0,0,0,0,0,0,0,0,0,0,0
5_1,10.05,-61.45000000000001,26,0,0,0,0,0,0,0,0,0,0,0,0,0,0,0,0,0
5_1,10.05,-61.45000000000001,27,0,0,0,0,0,0,0,0,0,0,0,0,0,0,0,0,0
5_1,10.05,-61.45000000000001,28,0,0,0,0,0,0,0,0,0,0,0,0,0,0,0,0,0
5_1,10.05,-61.45000000000001,29,0,0,0,0,0,0,0,0,0,0,0,0,0,0,0,0,0
5_1,10.05,-61.45000000000001,30,0,0,0,0,0,0,0,0,0,0,0,0,0,0,0,0,0
5_1,10.05,-61.45000000000001,31,0,0,0,0,0,0,0,0,0,0,0,0,0,0,0,0,0
5_1,10.05,-61.45000000000001,32,0,0,0,0,0,0,0,0,0,0.25482334650500965,0,0,0,0,0,0,0
5_1,10.05,-61.45000000000001,33,0,0,0,0,0,0,0,0,0,0.2055442215274343,0.25482334650500965,0,0,0,0,0,0
5_1,10.05,-61.45000000000001,34,0,0,0,0,0,0,0,0,0,0,0.2055442215274343,0.25482334650500965,0,0,0,0,0
5_1,10.05,-61.45000000000001,35,0,0,0,0,0,0,0,0,0,0,0,0.2055442215274343,0.25482334650500965,0,0,0,0
5_1,10.05,-61.45000000000001,36,0,0,0,0,0,0,0,0,0,0,0,0,0.2055442215274343,0.25482334650500965,0,0,0
5_1,10.05,-61.45000000000001,37,0,0,0,0,0,0,0,0,0,0,0,0,0,0.2055442215274343,0.25482334650500965,0,0
5_1,10.05,-61.45000000000001,38,0,0,0,0,0,0,0,0,0,0,0,0,0,0,0.2055442215274343,0.25482334650500965,0
5_1,10.05,-61.45000000000001,39,0,0,0,0,0,0,0,0,0,0,0,0,0,0,0,0.2055442215274343,0.25482334650500965
5_1,10.05,-61.45000000000001,40,0,0,0,0,0,0,0,0,0,0,0,0,0,0,0,0,0.2055442215274343
5_1,10.05,-61.45000000000001,41,0,0,0,0,0,0,0,0,0,0,0,0,0,0,0,0,0
5_1,10.05,-61.45000000000001,42,0,0,0,0,0,0,0,0,0,0,0,0,0,0,0,0,0
5_1,10.05,-61.45000000000001,43,0,0,0,0,0,0,0,0,0,0,0,0,0,0,0,0,0
5_1,10.05,-61.45000000000001,44,0,0,0,0,0,0,0,0,0,0,0,0,0,0,0,0,0
5_1,10.05,-61.45000000000001,45,0,0,0,0,0,0,0,0,0,0,0,0,0,0,0,0,0
5_1,10.05,-61.45000000000001,46,0,0,0,0,0,0,0,0,0,0,0,0,0,0,0,0,0
5_1,10.05,-61.45000000000001,47,0,0,0,0,0,0,0,0,0,0,0,0,0,0,0,0,0
5_1,10.05,-61.45000000000001,48,0,0,0,0,0,0,0,0,0,0,0,0,0,0,0,0,0
5_1,10.05,-61.45000000000001,49,0,0,0,0,0,0,0,0,0,0,0,0,0,0,0,0,0
5_1,10.05,-61.45000000000001,50,0,0,0,0,0,0,0,0,0,0,0,0,0,0,0,0,0
5_1,10.05,-61.45000000000001,51,0,0,0,0,0,0,0,0,0,0,0,0,0,0,0,0,0
5_1,10.05,-61.45000000000001,52,0,0,0,0,0,0,0,0,0,0,0,0,0,0,0,0,0
5_2,10.15,-61.45000000000001,0,0,0,,,,,,,,0,,,,,,,
5_2,10.15,-61.45000000000001,1,0,0,0,,,,,,,0,0,,,,,,
5_2,10.15,-61.45000000000001,2,0,0,0,0,,,,,,0,0,0,,,,,
5_2,10.15,-61.45000000000001,3,0,0,0,0,0,,,,,0,0,0,0,,,,
5_2,10.15,-61.45000000000001,4,1,0,0,0,0,0,,,,0,0,0,0,0,,,
5_2,10.15,-61.45000000000001,5,0,0,0,0,0,0,0,,,0,0,0,0,0,0,,
5_2,10.15,-61.45000000000001,6,1,0,0,0,0,0,0,0,,0,0,0,0,0,0,0,
5_2,10.15,-61.45000000000001,7,2,0,0,0,0,0,0,0,0,0,0,0,0,0,0,0,0
5_2,10.15,-61.45000000000001,8,0,0,0,0,0,0,0,0,0,0,0,0,0,0,0,0,0
5_2,10.15,-61.45000000000001,9,1,0,0,0,0,0,0,0,0,0,0,0,0,0,0,0,0
5_2,10.15,-61.45000000000001,10,0,0,0,0,0,0,0,0,0,0,0,0,0,0,0,0,0
5_2,10.15,-61.45000000000001,11,0,0,0,0,0,0,0,0,0,0,0,0,0,0,0,0,0
5_2,10.15,-61.45000000000001,12,1,0,0,0,0,0,0,0,0,0,0,0,0,0,0,0,0
5_2,10.15,-61.45000000000001,13,0,0,0,0,0,0,0,0,0,0,0,0,0,0,0,0,0
5_2,10.15,-61.45000000000001,14,0,0,0,0,0,0,0,0,0,0,0,0,0,0,0,0,0
5_2,10.15,-61.45000000000001,15,0,0,0,0,0,0,0,0,0,0,0,0,0,0,0,0,0
5_2,10.15,-61.45000000000001,16,0,0,0,0,0,0,0,0,0,0,0,0,0,0,0,0,0
5_2,10.15,-61.45000000000001,17,1,0,0,0,0,0,0,0,0,0,0,0,0,0,0,0,0
5_2,10.15,-61.45000000000001,18,1,0,0,0,0,0,0,0,0,0,0,0,0,0,0,0,0
5_2,10.15,-61.45000000000001,19,1,0,0,0,0,0,0,0,0,0,0,0,0,0,0,0,0
5_2,10.15,-61.45000000000001,20,0,0,0,0,0,0,0,0,0,0,0,0,0,0,0,0,0
5_2,10.15,-61.45000000000001,21,0,0,0,0,0,0,0,0,0,0,0,0,0,0,0,0,0
5_2,10.15,-61.45000000000001,22,0,0,0,0,0,0,0,0,0,0,0,0,0,0,0,0,0
5_2,10.15,-61.45000000000001,23,0,0,0,0,0,0,0,0,0,0,0,0,0,0,0,0,0
5_2,10.15,-61.45000000000001,24,1,0,0,0,0,0,0,0,0,0,0,0,0,0,0,0,0
5_2,10.15,-61.45000000000001,25,1,0,0,0,0,0,0,0,0,0,0,0,0,0,0,0,0
5_2,10.15,-61.45000000000001,26,1,0,0,0,0,0,0,0,0,0,0,0,0,0,0,0,0
5_2,10.15,-61.45000000000001,27,1,0,0,0,0,0,0,0,0,0,0,0,0,0,0,0,0
5_2,10.15,-61.45000000000001,28,1,0,0,0,0,0,0,0,0,0,0,0,0,0,0,0,0
5_2,10.15,-61.45000000000001,29,0,0,0,0,0,0,0,0,0,0,0,0,0,0,0,0,0
5_2,10.15,-61.45000000000001,30,1,0,0,0,0,0,0,0,0,0,0,0,0,0,0,0,0
5_2,10.15,-61.45000000000001,31,0,0,0,0,0,0,0,0,0,0,0,0,0,0,0,0,0
5_2,10.15,-61.45000000000001,32,0,2,0,0,0,0,0,0,0,0,0,0,0,0,0,0,0
5_2,10.15,-61.45000000000001,33,0,3,2,0,0,0,0,0,0,0.08768021893069834,0,0,0,0,0,0,0
5_2,10.15,-61.45000000000001,34,0,0,3,2,0,0,0,0,0,0,0.08768021893069834,0,0,0,0,0,0
5_2,10.15,-61.45000000000001,35,0,2,0,3,2,0,0,0,0,0,0,0.08768021893069834,0,0,0,0,0
5_2,10.15,-61.45000000000001,36,0,0,2,0,3,2,0,0,0,0.11655065482291664,0,0,0.08768021893069834,0,0,0,0
5_2,10.15,-61.45000000000001,37,1,0,0,2,0,3,2,0,0,0,0.11655065482291664,0,0,0.08768021893069834,0,0,0
5_2,10.15,-61.45000000000001,38,0,0,0,0,2,0,3,2,0,0,0,0.11655065482291664,0,0,0.08768021893069834,0,0
5_2,10.15,-61.45000000000001,39,0,0,0,0,0,2,0,3,2,0,0,0,0.11655065482291664,0,0,0.08768021893069834,0
5_2,10.15,-61.45000000000001,40,2,0,0,0,0,0,2,0,3,0,0,0,0,0.11655065482291664,0,0,0.08768021893069834
5_2,10.15,-61.45000000000001,41,0,0,0,0,0,0,0,2,0,0.11655065482291664,0,0,0,0,0.11655065482291664,0,0
5_2,10.15,-61.45000000000001,42,1,0,0,0,0,0,0,0,2,0,0.11655065482291664,0,0,0,0,0.11655065482291664,0
5_2,10.15,-61.45000000000001,43,0,0,0,0,0,0,0,0,0,0,0,0.11655065482291664,0,0,0,0,0.11655065482291664
5_2,10.15,-61.45000000000001,44,1,0,0,0,0,0,0,0,0,0,0,0,0.11655065482291664,0,0,0,0
5_2,10.15,-61.45000000000001,45,0,0,0,0,0,0,0,0,0,0,0,0,0,0.11655065482291664,0,0,0
5_2,10.15,-61.45000000000001,46,1,0,0,0,0,0,0,0,0,0,0,0,0,0,0.11655065482291664,0,0
5_2,10.15,-61.45000000000001,47,0,0,0,0,0,0,0,0,0,0,0,0,0,0,0,0.11655065482291664,0
5_2,10.15,-61.45000000000001,48,0,0,0,0,0,0,0,0,0,0,0,0,0,0,0,0,0.11655065482291664
5_2,10.15,-61.45000000000001,49,0,0,0,0,0,0,0,0,0,0,0,0,0,0,0,0,0
5_2,10.15,-61.45000000000001,50,0,0,0,0,0,0,0,0,0,0,0,0,0,0,0,0,0
5_2,10.15,-61.45000000000001,51,0,0,0,0,0,0,0,0,0,0,0,0,0,0,0,0,0
5_2,10.15,-61.45000000000001,52,1,0,0,0,0,0,0,0,0,0,0,0,0,0,0,0,0
5_3,10.25,-61.45,0,1,0,,,,,,,,0,,,,,,,
5_3,10.25,-61.45,1,0,0,0,,,,,,,0,0,,,,,,
5_3,10.25,-61.45,2,0,0,0,0,,,,,,0,0,0,,,,,
5_3,10.25,-61.45,3,2,0,0,0,0,,,,,0,0,0,0,,,,
5_3,10.25,-61.45,4,1,0,0,0,0,0,,,,0,0,0,0,0,,,
5_3,10.25,-61.45,5,2,0,0,0,0,0,0,,,0,0,0,0,0,0,,
5_3,10.25,-61.45,6,0,0,0,0,0,0,0,0,,0.09479634430249273,0,0,0,0,0,0,
5_3,10.25,-61.45,7,1,0,0,0,0,0,0,0,0,0,0.09479634430249273,0,0,0,0,0,0
5_3,10.25,-61.45,8,0,0,0,0,0,0,0,0,0,0,0,0.09479634430249273,0,0,0,0,0
5_3,10.25,-61.45,9,3,0,0,0,0,0,0,0,0,0,0,0,0.09479634430249273,0,0,0,0
5_3,10.25,-61.45,10,1,0,0,0,0,0,0,0,0,0,0,0,0,0.09479634430249273,0,0,0
5_3,10.25,-61.45,11,1,0,0,0,0,0,0,0,0,0,0,0,0,0,0.09479634430249273,0,0
5_3,10.25,-61.45,12,0,0,0,0,0,0,0,0,0,0,0,0,0,0,0,0.09479634430249273,0
5_3,10.25,-61.45,13,2,0,0,0,0,0,0,0,0,0,0,0,0,0,0,0,0.09479634430249273
5_3,10.25,-61.45,14,2,0,0,0,0,0,0,0,0,0,0,0,0,0,0,0,0
5_3,10.25,-61.45,15,2,0,0,0,0,0,0,0,0,0,0,0,0,0,0,0,0
5_3,10.25,-61.45,16,2,0,0,0,0,0,0,0,0,0,0,0,0,0,0,0,0
5_3,10.25,-61.45,17,0,0,0,0,0,0,0,0,0,0,0,0,0,0,0,0,0
5_3,10.25,-61.45,18,3,0,0,0,0,0,0,0,0,0,0,0,0,0,0,0,0
5_3,10.25,-61.45,19,1,0,0,0,0,0,0,0,0,0,0,0,0,0,0,0,0
5_3,10.25,-61.45,20,2,0,0,0,0,0,0,0,0,0,0,0,0,0,0,0,0
5_3,10.25,-61.45,21,0,0,0,0,0,0,0,0,0,0,0,0,0,0,0,0,0
5_3,10.25,-61.45,22,1,0,0,0,0,0,0,0,0,0,0,0,0,0,0,0,0
5_3,10.25,-61.45,23,2,0,0,0,0,0,0,0,0,0,0,0,0,0,0,0,0
5_3,10.25,-61.45,24,2,0,0,0,0,0,0,0,0,0,0,0,0,0,0,0,0
5_3,10.25,-61.45,25,1,0,0,0,0,0,0,0,0,0,0,0,0,0,0,0,0
5_3,10.25,-61.45,26,1,0,0,0,0,0,0,0,0,0,0,0,0,0,0,0,0
5_3,10.25,-61.45,27,0,0,0,0,0,0,0,0,0,0,0,0,0,0,0,0,0
5_3,10.25,-61.45,28,0,0,0,0,0,0,0,0,0,0,0,0,0,0,0,0,0
5_3,10.25,-61.45,29,1,0,0,0,0,0,0,0,0,0,0,0,0,0,0,0,0
5_3,10.25,-61.45,30,2,0,0,0,0,0,0,0,0,0,0,0,0,0,0,0,0
5_3,10.25,-61.45,31,0,0,0,0,0,0,0,0,0,0.09582050839880282,0,0,0,0,0,0,0
5_3,10.25,-61.45,32,0,0,0,0,0,0,0,0,0,0,0.09582050839880282,0,0,0,0,0,0
5_3,10.25,-61.45,33,2,1,0,0,0,0,0,0,0,0.09952580660092201,0,0.09582050839880282,0,0,0,0,0
5_3,10.25,-61.45,34,0,0,1,0,0,0,0,0,0,0,0.09952580660092201,0,0.09582050839880282,0,0,0,0
5_3,10.25,-61.45,35,0,0,0,1,0,0,0,0,0,0.19518179124054946,0,0.09952580660092201,0,0.09582050839880282,0,0,0
5_3,10.25,-61.45,36,0,0,0,0,1,0,0,0,0,0,0.19518179124054946,0,0.09952580660092201,0,0.09582050839880282,0,0
5_3,10.25,-61.45,37,1,0,0,0,0,1,0,0,0,0,0,0.19518179124054946,0,0.09952580660092201,0,0.09582050839880282,0
5_3,10.25,-61.45,38,1,1,0,0,0,0,1,0,0,0.23068998553264625,0,0,0.19518179124054946,0,0.09952580660092201,0,0.09582050839880282
5_3,10.25,-61.45,39,1,0,1,0,0,0,0,1,0,0,0.23068998553264625,0,0,0.19518179124054946,0,0.09952580660092201,0
5_3,10.25,-61.45,40,2,0,0,1,0,0,0,0,1,0,0,0.23068998553264625,0,0,0.19518179124054946,0,0.09952580660092201
5_3,10.25,-61.45,41,0,0,0,0,1,0,0,0,0,0,0,0,0.23068998553264625,0,0,0.19518179124054946,0
5_3,10.25,-61.45,42,2,0,0,0,0,1,0,0,0,0,0,0,0,0.23068998553264625,0,0,0.19518179124054946
5_3,10.25,-61.45,43,2,0,0,0,0,0,1,0,0,0,0,0,0,0,0.23068998553264625,0,0
5_3,10.25,-61.45,44,1,0,0,0,0,0,0,1,0,0,0,0,0,0,0,0.23068998553264625,0
5_3,10.25,-61.45,45,1,0,0,0,0,0,0,0,1,0,0,0,0,0,0,0,0.23068998553264625
5_3,10.25,-61.45,46,0,0,0,0,0,0,0,0,0,0,0,0,0,0,0,0,0
5_3,10.25,-61.45,47,1,0,0,0,0,0,0,0,0,0,0,0,0,0,0,0,0
5_3,10.25,-61.45,48,1,0,0,0,0,0,0,0,0,0,0,0,0,0,0,0,0
5_3,10.25,-61.45,49,2,0,0,0,0,0,0,0,0,0,0,0,0,0,0,0,0
5_3,10.25,-61.45,50,2,0,0,0,0,0,0,0,0,0,0,0,0,0,0,0,0
5_3,10.25,-61.45,51,3,0,0,0,0,0,0,0,0,0,0,0,0,0,0,0,0
5_3,10.25,-61.45,52,0,0,0,0,0,0,0,0,0,0,0,0,0,0,0,0,0
5_4,10.35,-61.45000000000001,0,0,0,,,,,,,,0,,,,,,,
5_4,10.35,-61.45000000000001,1,0,0,0,,,,,,,0,0,,,,,,
5_4,10.35,-61.45000000000001,2,0,0,0,0,,,,,,0,0,0,,,,,
5_4,10.35,-61.45000000000001,3,3,0,0,0,0,,,,,0,0,0,0,,,,
5_4,10.35,-61.45000000000001,4,1,0,0,0,0,0,,,,0,0,0,0,0,,,
5_4,10.35,-61.45000000000001,5,0,0,0,0,0,0,0,,,0,0,0,0,0,0,,
5_4,10.35,-61.45000000000001,6,2,0,0,0,0,0,0,0,,0,0,0,0,0,0,0,
5_4,10.35,-61.45000000000001,7,2,0,0,0,0,0,0,0,0,0,0,0,0,0,0,0,0
5_4,10.35,-61.45000000000001,8,0,0,0,0,0,0,0,0,0,0,0,0,0,0,0,0,0
5_4,10.35,-61.45000000000001,9,0,1,0,0,0,0,0,0,0,0,0,0,0,0,0,0,0
5_4,10.35,-61.45000000000001,10,0,0,1,0,0,0,0,0,0,0,0,0,0,0,0,0,0
5_4,10.35,-61.45000000000001,11,0,0,0,1,0,0,0,0,0,0,0,0,0,0,0,0,0
5_4,10.35,-61.45000000000001,12,1,0,0,0,1,0,0,0,0,0,0,0,0,0,0,0,0
5_4,10.35,-61.45000000000001,13,1,0,0,0,0,1,0,0,0,0,0,0,0,0,0,0,0
5_4,10.35,-61.45000000000001,14,1,0,0,0,0,0,1,0,0,0,0,0,0,0,0,0,0
5_4,10.35,-61.45000000000001,15,0,0,0,0,0,0,0,1,0,0,0,0,0,0,0,0,0
5_4,10.35,-61.45000000000001,16,0,0,0,0,0,0,0,0,1,0,0,0,0,0,0,0,0
5_4,10.35,-61.45000000000001,17,0,0,0,0,0,0,0,0,0,0,0,0,0,0,0,0,0
5_4,10.35,-61.45000000000001,18,1,0,0,0,0,0,0,0,0,0,0,0,0,0,0,0,0
5_4,10.35,-61.45000000000001,19,1,0,0,0,0,0,0,0,0,0,0,0,0,0,0,0,0
5_4,10.35,-61.45000000000001,20,2,0,0,0,0,0,0,0,0,0,0,0,0,0,0,0,0
5_4,10.35,-61.45000000000001,21,0,0,0,0,0,0,0,0,0,0,0,0,0,0,0,0,0
5_4,10.35,-61.45000000000001,22,1,0,0,0,0,0,0,0,0,0,0,0,0,0,0,0,0
5_4,10.35,-61.45000000000001,23,0,0,0,0,0,0,0,0,0,0,0,0,0,0,0,0,0
5_4,10.35,-61.45000000000001,24,1,0,0,0,0,0,0,0,0,0,0,0,0,0,0,0,0
5_4,10.35,-61.45000000000001,25,0,0,0,0,0,0,0,0,0,0,0,0,0,0,0,0,0
5_4,10.35,-61.45000000000001,26,0,0,0,0,0,0,0,0,0,0,0,0,0,0,0,0,0
5_4,10.35,-61.45000000000001,27,0,0,0,0,0,0,0,0,0,0,0,0,0,0,0,0,0
5_4,10.35,-61.45000000000001,28,0,0,0,0,0,0,0,0,0,0,0,0,0,0,0,0,0
5_4,10.35,-61.45000000000001,29,1,0,0,0,0,0,0,0,0,0,0,0,0,0,0,0,0
5_4,10.35,-61.45000000000001,30,3,0,0,0,0,0,0,0,0,0,0,0,0,0,0,0,0
5_4,10.35,-61.45000000000001,31,0,1,0,0,0,0,0,0,0,0.0890274652179405,0,0,0,0,0,0,0
5_4,10.35,-61.45000000000001,32,0,0,1,0,0,0,0,0,0,0,0.0890274652179405,0,0,0,0,0,0
5_4,10.35,-61.45000000000001,33,1,0,0,1,0,0,0,0,0,0.1021606982434185,0,0.0890274652179405,0,0,0,0,0
5_4,10.35,-61.45000000000001,34,0,0,0,0,1,0,0,0,0,0,0.1021606982434185,0,0.0890274652179405,0,0,0,0
5_4,10.35,-61.45000000000001,35,0,0,0,0,0,1,0,0,0,0,0,0.1021606982434185,0,0.0890274652179405,0,0,0
5_4,10.35,-61.45000000000001,36,0,0,0,0,0,0,1,0,0,0,0,0,0.1021606982434185,0,0.0890274652179405,0,0
5_4,10.35,-61.45000000000001,37,0,0,0,0,0,0,0,1,0,0,0,0,0,0.1021606982434185,0,0.0890274652179405,0
5_4,10.35,-61.45000000000001,38,0,1,0,0,0,0,0,0,1,0.15491457825303417,0,0,0,0,0.1021606982434185,0,0.0890274652179405
5_4,10.35,-61.45000000000001,39,0,0,1,0,0,0,0,0,0,0,0.15491457825303417,0,0,0,0,0.1021606982434185,0
5_4,10.35,-61.45000000000001,40,1,0,0,1,0,0,0,0,0,0,0,0.15491457825303417,0,0,0,0,0.1021606982434185
5_4,10.35,-61.45000000000001,41,0,0,0,0,1,0,0,0,0,0,0,0,0.15491457825303417,0,0,0,0
5_4,10.35,-61.45000000000001,42,0,0,0,0,0,1,0,0,0,0,0,0,0,0.15491457825303417,0,0,0
5_4,10.35,-61.45000000000001,43,0,0,0,0,0,0,1,0,0,0,0,0,0,0,0.15491457825303417,0,0
5_4,10.35,-61.45000000000001,44,2,0,0,0,0,0,0,1,0,0,0,0,0,0,0,0.15491457825303417,0
5_4,10.35,-61.45000000000001,45,1,0,0,0,0,0,0,0,1,0,0,0,0,0,0,0,0.15491457825303417
5_4,10.35,-61.45000000000001,46,1,0,0,0,0,0,0,0,0,0,0,0,0,0,0,0,0
5_4,10.35,-61.45000000000001,47,1,0,0,0,0,0,0,0,0,0,0,0,0,0,0,0,0
5_4,10.35,-61.45000000000001,48,1,0,0,0,0,0,0,0,0,0,0,0,0,0,0,0,0
5_4,10.35,-61.45000000000001,49,1,0,0,0,0,0,0,0,0,0,0,0,0,0,0,0,0
5_4,10.35,-61.45000000000001,50,3,0,0,0,0,0,0,0,0,0,0,0,0,0,0,0,0
5_4,10.35,-61.45000000000001,51,1,0,0,0,0,0,0,0,0,0,0,0,0,0,0,0,0
5_4,10.35,-61.45000000000001,52,1,0,0,0,0,0,0,0,0,0,0,0,0,0,0,0,0
5_5,10.45,-61.45000000000001,0,1,0,,,,,,,,0,,,,,,,
5_5,10.45,-61.45000000000001,1,0,0,0,,,,,,,0,0,,,,,,
5_5,10.45,-61.45000000000001,2,1,0,0,0,,,,,,0,0,0,,,,,
5_5,10.45,-61.45000000000001,3,1,0,0,0,0,,,,,0,0,0,0,,,,
5_5,10.45,-61.45000000000001,4,2,0,0,0,0,0,,,,0,0,0,0,0,,,
5_5,10.45,-61.45000000000001,5,0,0,0,0,0,0,0,,,0.18745748434787154,0,0,0,0,0,,
5_5,10.45,-61.45000000000001,6,1,0,0,0,0,0,0,0,,0,0.18745748434787154,0,0,0,0,0,
5_5,10.45,-61.45000000000001,7,1,0,0,0,0,0,0,0,0,0,0,0.18745748434787154,0,0,0,0,0
5_5,10.45,-61.45000000000001,8,0,0,0,0,0,0,0,0,0,0,0,0,0.18745748434787154,0,0,0,0
5_5,10.45,-61.45000000000001,9,0,0,0,0,0,0,0,0,0,0.15262280484355306,0,0,0,0.18745748434787154,0,0,0
5_5,10.45,-61.45000000000001,10,2,0,0,0,0,0,0,0,0,0,0.15262280484355306,0,0,0,0.18745748434787154,0,0
5_5,10.45,-61.45000000000001,11,0,0,0,0,0,0,0,0,0,0,0,0.15262280484355306,0,0,0,0.18745748434787154,0
5_5,10.45,-61.45000000000001,12,1,0,0,0,0,0,0,0,0,0,0,0,0.15262280484355306,0,0,0,0.18745748434787154
5_5,10.45,-61.45000000000001,13,0,0,0,0,0,0,0,0,0,0,0,0,0,0.15262280484355306,0,0,0
5_5,10.45,-61.45000000000001,14,1,0,0,0,0,0,0,0,0,0,0,0,0,0,0.15262280484355306,0,0
5_5,10.45,-61.45000000000001,15,2,0,0,0,0,0,0,0,0,0,0,0,0,0,0,0.15262280484355306,0
5_5,10.45,-61.45000000000001,16,0,0,0,0,0,0,0,0,0,0,0,0,0,0,0,0,0.15262280484355306
5_5,10.45,-61.45000000000001,17,1,0,0,0,0,0,0,0,0,0,0,0,0,0,0,0,0
5_5,10.45,-61.45000000000001,18,2,0,0,0,0,0,0,0,0,0,0,0,0,0,0,0,0
5_5,10.45,-61.45000000000001,19,1,0,0,0,0,0,0,0,0,0,0,0,0,0,0,0,0
5_5,10.45,-61.45000000000001,20,4,0,0,0,0,0,0,0,0,0,0,0,0,0,0,0,0
5_5,10.45,-61.45000000000001,21,0,0,0,0,0,0,0,0,0,0,0,0,0,0,0,0,0
5_5,10.45,-61.45000000000001,22,1,0,0,0,0,0,0,0,0,0,0,0,0,0,0,0,0
5_5,10.45,-61.45000000000001,23,0,0,0,0,0,0,0,0,0,0,0,0,0,0,0,0,0
5_5,10.45,-61.45000000000001,24,1,0,0,0,0,0,0,0,0,0,0,0,0,0,0,0,0
5_5,10.45,-61.45000000000001,25,1,0,0,0,0,0,0,0,0,0,0,0,0,0,0,0,0
5_5,10.45,-61.45000000000001,26,0,0,0,0,0,0,0,0,0,0,0,0,0,0,0,0,0
5_5,10.45,-61.45000000000001,27,1,0,0,0,0,0,0,0,0,0,0,0,0,0,0,0,0
5_5,10.45,-61.45000000000001,28,2,0,0,0,0,0,0,0,0,0,0,0,0,0,0,0,0
5_5,10.45,-61.45000000000001,29,1,0,0,0,0,0,0,0,0,0,0,0,0,0,0,0,0
5_5,10.45,-61.45000000000001,30,0,1,0,0,0,0,0,0,0,0,0,0,0,0,0,0,0
5_5,10.45,-61.45000000000001,31,1,1,1,0,0,0,0,0,0,0,0,0,0,0,0,0,0
5_5,10.45,-61.45000000000001,32,1,0,1,1,0,0,0,0,0,0,0,0,0,0,0,0,0
5_5,10.45,-61.45000000000001,33,0,1,0,1,1,0,0,0,0,0,0,0,0,0,0,0,0
5_5,10.45,-61.45000000000001,34,0,0,1,0,1,1,0,0,0,0,0,0,0,0,0,0,0
5_5,10.45,-61.45000000000001,35,0,0,0,1,0,1,1,0,0,0.2743125049985833,0,0,0,0,0,0,0
5_5,10.45,-61.45000000000001,36,2,0,0,0,1,0,1,1,0,0,0.2743125049985833,0,0,0,0,0,0
5_5,10.45,-61.45000000000001,37,0,0,0,0,0,1,0,1,1,0,0,0.2743125049985833,0,0,0,0,0
5_5,10.45,-61.45000000000001,38,0,1,0,0,0,0,1,0,1,0,0,0,0.2743125049985833,0,0,0,0
5_5,10.45,-61.45000000000001,39,1,0,1,0,0,0,0,1,0,0,0,0,0,0.2743125049985833,0,0,0
5_5,10.45,-61.45000000000001,40,0,0,0,1,0,0,0,0,1,0,0,0,0,0,0.2743125049985833,0,0
5_5,10.45,-61.45000000000001,41,0,0,0,0,1,0,0,0,0,0,0,0,0,0,0,0.2743125049985833,0
5_5,10.45,-61.45000000000001,42,0,0,0,0,0,1,0,0,0,0.1820658579333308,0,0,0,0,0,0,0.2743125049985833
5_5,10.45,-61.45000000000001,43,1,0,0,0,0,0,1,0,0,0,0.1820658579333308,0,0,0,0,0,0
5_5,10.45,-61.45000000000001,44,1,0,0,0,0,0,0,1,0,0,0,0.1820658579333308,0,0,0,0,0
5_5,10.45,-61.45000000000001,45,0,0,0,0,0,0,0,0,1,0,0,0,0.1820658579333308,0,0,0,0
5_5,10.45,-61.45000000000001,46,2,0,0,0,0,0,0,0,0,0,0,0,0,0.1820658579333308,0,0,0
5_5,10.45,-61.45000000000001,47,1,0,0,0,0,0,0,0,0,0,0,0,0,0,0.1820658579333308,0,0
5_5,10.45,-61.45000000000001,48,1,0,0,0,0,0,0,0,0,0,0,0,0,0,0,0.1820658579333308,0
5_5,10.45,-61.45000000000001,49,2,0,0,0,0,0,0,0,0,0,0,0,0,0,0,0,0.1820658579333308
5_5,10.45,-61.45000000000001,50,0,0,0,0,0,0,0,0,0,0,0,0,0,0,0,0,0
5_5,10.45,-61.45000000000001,51,1,0,0,0,0,0,0,0,0,0,0,0,0,0,0,0,0
5_5,10.45,-61.45000000000001,52,0,0,0,0,0,0,0,0,0,0,0,0,0,0,0,0,0
5_6,10.55,-61.45000000000001,0,2,0,,,,,,,,0,,,,,,,
5_6,10.55,-61.45000000000001,1,0,0,0,,,,,,,0,0,,,,,,
5_6,10.55,-61.45000000000001,2,0,0,0,0,,,,,,0,0,0,,,,,
5_6,10.55,-61.45000000000001,3,0,0,0,0,0,,,,,0,0,0,0,,,,
5_6,10.55,-61.45000000000001,4,0,0,0,0,0,0,,,,0,0,0,0,0,,,
5_6,10.55,-61.45000000000001,5,2,0,0,0,0,0,0,,,0.7265151068404874,0,0,0,0,0,,
5_6,10.55,-61.45000000000001,6,0,0,0,0,0,0,0,0,,0.11538666288193092,0.7265151068404874,0,0,0,0,0,
5_6,10.55,-61.45000000000001,7,0,0,0,0,0,0,0,0,0,0,0.11538666288193092,0.7265151068404874,0,0,0,0,0
5_6,10.55,-61.45000000000001,8,0,0,0,0,0,0,0,0,0,0,0,0.11538666288193092,0.7265151068404874,0,0,0,0
5_6,10.55,-61.45000000000001,9,0,0,0,0,0,0,0,0,0,0,0,0,0.11538666288193092,0.7265151068404874,0,0,0
5_6,10.55,-61.45000000000001,10,0,0,0,0,0,0,0,0,0,0,0,0,0,0.11538666288193092,0.7265151068404874,0,0
5_6,10.55,-61.45000000000001,11,0,0,0,0,0,0,0,0,0,0,0,0,0,0,0.11538666288193092,0.7265151068404874,0
5_6,10.55,-61.45000000000001,12,0,0,0,0,0,0,0,0,0,0,0,0,0,0,0,0.11538666288193092,0.7265151068404874
5_6,10.55,-61.45000000000001,13,0,0,0,0,0,0,0,0,0,0,0,0,0,0,0,0,0.11538666288193092
5_6,10.55,-61.45000000000001,14,0,0,0,0,0,0,0,0,0,0,0,0,0,0,0,0,0
5_6,10.55,-61.45000000000001,15,0,0,0,0,0,0,0,0,0,0,0,0,0,0,0,0,0
5_6,10.55,-61.45000000000001,16,1,0,0,0,0,0,0,0,0,0,0,0,0,0,0,0,0
5_6,10.55,-61.45000000000001,17,0,0,0,0,0,0,0,0,0,0,0,0,0,0,0,0,0
5_6,10.55,-61.45000000000001,18,1,0,0,0,0,0,0,0,0,0,0,0,0,0,0,0,0
5_6,10.55,-61.45000000000001,19,2,0,0,0,0,0,0,0,0,0,0,0,0,0,0,0,0
5_6,10.55,-61.45000000000001,20,0,0,0,0,0,0,0,0,0,0,0,0,0,0,0,0,0
5_6,10.55,-61.45000000000001,21,1,0,0,0,0,0,0,0,0,0,0,0,0,0,0,0,0
5_6,10.55,-61.45000000000001,22,0,0,0,0,0,0,0,0,0,0,0,0,0,0,0,0,0
5_6,10.55,-61.45000000000001,23,1,0,0,0,0,0,0,0,0,0,0,0,0,0,0,0,0
5_6,10.55,-61.45000000000001,24,2,0,0,0,0,0,0,0,0,0,0,0,0,0,0,0,0
5_6,10.55,-61.45000000000001,25,1,0,0,0,0,0,0,0,0,0,0,0,0,0,0,0,0
5_6,10.55,-61.45000000000001,26,0,0,0,0,0,0,0,0,0,0,0,0,0,0,0,0,0
5_6,10.55,-61.45000000000001,27,1,0,0,0,0,0,0,0,0,0,0,0,0,0,0,0,0
5_6,10.55,-61.45000000000001,28,0,0,0,0,0,0,0,0,0,0,0,0,0,0,0,0,0
5_6,10.55,-61.45000000000001,29,0,0,0,0,0,0,0,0,0,0.09061013323441292,0,0,0,0,0,0,0
5_6,10.55,-61.45000000000001,30,0,0,0,0,0,0,0,0,0,0.08982409107608001,0.09061013323441292,0,0,0,0,0,0
5_6,10.55,-61.45000000000001,31,0,0,0,0,0,0,0,0,0,0.10704689597486228,0.08982409107608001,0.09061013323441292,0,0,0,0,0
5_6,10.55,-61.45000000000001,32,1,0,0,0,0,0,0,0,0,0.089105861708242,0.10704689597486228,0.08982409107608001,0.09061013323441292,0,0,0,0
5_6,10.55,-61.45000000000001,33,0,0,0,0,0,0,0,0,0,0.11557873497084886,0.089105861708242,0.10704689597486228,0.08982409107608001,0.09061013323441292,0,0,0
5_6,10.55,-61.45000000000001,34,0,0,0,0,0,0,0,0,0,0,0.11557873497084886,0.089105861708242,0.10704689597486228,0.08982409107608001,0.09061013323441292,0,0
5_6,10.55,-61.45000000000001,35,0,0,0,0,0,0,0,0,0,0.43083725181641164,0,0.11557873497084886,0.089105861708242,0.10704689597486228,0.08982409107608001,0.09061013323441292,0
5_6,10.55,-61.45000000000001,36,0,0,0,0,0,0,0,0,0,0,0.43083725181641164,0,0.11557873497084886,0.089105861708242,0.10704689597486228,0.08982409107608001,0.09061013323441292
5_6,10.55,-61.45000000000001,37,0,0,0,0,0,0,0,0,0,0,0,0.43083725181641164,0,0.11557873497084886,0.089105861708242,0.10704689597486228,0.08982409107608001
5_6,10.55,-61.45000000000001,38,1,0,0,0,0,0,0,0,0,0,0,0,0.43083725181641164,0,0.11557873497084886,0.089105861708242,0.10704689597486228
5_6,10.55,-61.45000000000001,39,0,0,0,0,0,0,0,0,0,0,0,0,0,0.43083725181641164,0,0.11557873497084886,0.089105861708242
5_6,10.55,-61.45000000000001,40,0,0,0,0,0,0,0,0,0,0,0,0,0,0,0.43083725181641164,0,0.11557873497084886
5_6,10.55,-61.45000000000001,41,0,0,0,0,0,0,0,0,0,0,0,0,0,0,0,0.43083725181641164,0
5_6,10.55,-61.45000000000001,42,0,0,0,0,0,0,0,0,0,0.255759724774698,0,0,0,0,0,0,0.43083725181641164
5_6,10.55,-61.45000000000001,43,0,0,0,0,0,0,0,0,0,0,0.255759724774698,0,0,0,0,0,0
5_6,10.55,-61.45000000000001,44,0,0,0,0,0,0,0,0,0,0,0,0.255759724774698,0,0,0,0,0
5_6,10.55,-61.45000000000001,45,0,0,0,0,0,0,0,0,0,0,0,0,0.255759724774698,0,0,0,0
5_6,10.55,-61.45000000000001,46,0,0,0,0,0,0,0,0,0,0,0,0,0,0.255759724774698,0,0,0
5_6,10.55,-61.45000000000001,47,0,0,0,0,0,0,0,0,0,0,0,0,0,0,0.255759724774698,0,0
5_6,10.55,-61.45000000000001,48,0,0,0,0,0,0,0,0,0,0,0,0,0,0,0,0.255759724774698,0
5_6,10.55,-61.45000000000001,49,2,0,0,0,0,0,0,0,0,0,0,0,0,0,0,0,0.255759724774698
5_6,10.55,-61.45000000000001,50,1,0,0,0,0,0,0,0,0,0,0,0,0,0,0,0,0
5_6,10.55,-61.45000000000001,51,0,0,0,0,0,0,0,0,0,0,0,0,0,0,0,0,0
5_6,10.55,-61.45000000000001,52,0,0,0,0,0,0,0,0,0,0,0,0,0,0,0,0,0
5_7,10.65,-61.45000000000001,0,4,0,,,,,,,,0,,,,,,,
5_7,10.65,-61.45000000000001,1,1,0,0,,,,,,,0,0,,,,,,
5_7,10.65,-61.45000000000001,2,1,0,0,0,,,,,,0.15718116795349749,0,0,,,,,
5_7,10.65,-61.45000000000001,3,5,0,0,0,0,,,,,0.3020808314222501,0.15718116795349749,0,0,,,,
5_7,10.65,-61.45000000000001,4,2,0,0,0,0,0,,,,0,0.3020808314222501,0.15718116795349749,0,0,,,
5_7,10.65,-61.45000000000001,5,0,1,0,0,0,0,0,,,0.4207623127091014,0,0.3020808314222501,0.15718116795349749,0,0,,
5_7,10.65,-61.45000000000001,6,8,1,1,0,0,0,0,0,,0.13289863862522522,0.4207623127091014,0,0.3020808314222501,0.15718116795349749,0,0,
5_7,10.65,-61.45000000000001,7,4,0,1,1,0,0,0,0,0,0.08750455135405576,0.13289863862522522,0.4207623127091014,0,0.3020808314222501,0.15718116795349749,0,0
5_7,10.65,-61.45000000000001,8,0,2,0,1,1,0,0,0,0,0.48237158342593645,0.08750455135405576,0.13289863862522522,0.4207623127091014,0,0.3020808314222501,0.15718116795349749,0
5_7,10.65,-61.45000000000001,9,3,0,2,0,1,1,0,0,0,0,0.48237158342593645,0.08750455135405576,0.13289863862522522,0.4207623127091014,0,0.3020808314222501,0.15718116795349749
5_7,10.65,-61.45000000000001,10,2,2,0,2,0,1,1,0,0,0.16123016992477956,0,0.48237158342593645,0.08750455135405576,0.13289863862522522,0.4207623127091014,0,0.3020808314222501
5_7,10.65,-61.45000000000001,11,0,0,2,0,2,0,1,1,0,0.15170090520835566,0.16123016992477956,0,0.48237158342593645,0.08750455135405576,0.13289863862522522,0.4207623127091014,0
5_7,10.65,-61.45000000000001,12,1,0,0,2,0,2,0,1,1,0.16189148946318105,0.15170090520835566,0.16123016992477956,0,0.48237158342593645,0.08750455135405576,0.13289863862522522,0.4207623127091014
5_7,10.65,-61.45000000000001,13,2,0,0,0,2,0,2,0,1,0,0.16189148946318105,0.15170090520835566,0.16123016992477956,0,0.48237158342593645,0.08750455135405576,0.13289863862522522
5_7,10.65,-61.45000000000001,14,4,0,0,0,0,2,0,2,0,0.16123016992477956,0,0.16189148946318105,0.15170090520835566,0.16123016992477956,0,0.48237158342593645,0.08750455135405576
5_7,10.65,-61.45000000000001,15,2,0,0,0,0,0,2,0,2,0,0.16123016992477956,0,0.16189148946318105,0.15170090520835566,0.16123016992477956,0,0.48237158342593645
5_7,10.65,-61.45000000000001,16,4,0,0,0,0,0,0,2,0,0,0,0.16123016992477956,0,0.16189148946318105,0.15170090520835566,0.16123016992477956,0
5_7,10.65,-61.45000000000001,17,3,0,0,0,0,0,0,0,2,0,0,0,0.16123016992477956,0,0.16189148946318105,0.15170090520835566,0.16123016992477956
5_7,10.65,-61.45000000000001,18,4,0,0,0,0,0,0,0,0,0,0,0,0,0.16123016992477956,0,0.16189148946318105,0.15170090520835566
5_7,10.65,-61.45000000000001,19,1,0,0,0,0,0,0,0,0,0,0,0,0,0,0.16123016992477956,0,0.16189148946318105
5_7,10.65,-61.45000000000001,20,2,0,0,0,0,0,0,0,0,0,0,0,0,0,0,0.16123016992477956,0
5_7,10.65,-61.45000000000001,21,3,0,0,0,0,0,0,0,0,0,0,0,0,0,0,0,0.16123016992477956
5_7,10.65,-61.45000000000001,22,1,0,0,0,0,0,0,0,0,0,0,0,0,0,0,0,0
5_7,10.65,-61.45000000000001,23,7,0,0,0,0,0,0,0,0,0,0,0,0,0,0,0,0
5_7,10.65,-61.45000000000001,24,2,0,0,0,0,0,0,0,0,0,0,0,0,0,0,0,0
5_7,10.65,-61.45000000000001,25,2,0,0,0,0,0,0,0,0,0,0,0,0,0,0,0,0
5_7,10.65,-61.45000000000001,26,5,0,0,0,0,0,0,0,0,0,0,0,0,0,0,0,0
5_7,10.65,-61.45000000000001,27,3,0,0,0,0,0,0,0,0,0,0,0,0,0,0,0,0
5_7,10.65,-61.45000000000001,28,2,0,0,0,0,0,0,0,0,0,0,0,0,0,0,0,0
5_7,10.65,-61.45000000000001,29,1,3,0,0,0,0,0,0,0,0.4101113520380796,0,0,0,0,0,0,0
5_7,10.65,-61.45000000000001,30,3,6,3,0,0,0,0,0,0,0.5560836703169392,0.4101113520380796,0,0,0,0,0,0
5_7,10.65,-61.45000000000001,31,2,1,6,3,0,0,0,0,0,0.274109080899553,0.5560836703169392,0.4101113520380796,0,0,0,0,0
5_7,10.65,-61.45000000000001,32,0,3,1,6,3,0,0,0,0,0.40061601087364257,0.274109080899553,0.5560836703169392,0.4101113520380796,0,0,0,0
5_7,10.65,-61.45000000000001,33,1,2,3,1,6,3,0,0,0,0,0.40061601087364257,0.274109080899553,0.5560836703169392,0.4101113520380796,0,0,0
5_7,10.65,-61.45000000000001,34,1,1,2,3,1,6,3,0,0,0.15217573680266747,0,0.40061601087364257,0.274109080899553,0.5560836703169392,0.4101113520380796,0,0
5_7,10.65,-61.45000000000001,35,0,0,1,2,3,1,6,3,0,0,0.15217573680266747,0,0.40061601087364257,0.274109080899553,0.5560836703169392,0.4101113520380796,0
5_7,10.65,-61.45000000000001,36,2,0,0,1,2,3,1,6,3,0.10021908276904873,0,0.15217573680266747,0,0.40061601087364257,0.274109080899553,0.5560836703169392,0.4101113520380796
5_7,10.65,-61.45000000000001,37,1,1,0,0,1,2,3,1,6,0,0.10021908276904873,0,0.15217573680266747,0,0.40061601087364257,0.274109080899553,0.5560836703169392
5_7,10.65,-61.45000000000001,38,3,2,1,0,0,1,2,3,1,0,0,0.10021908276904873,0,0.15217573680266747,0,0.40061601087364257,0.274109080899553
5_7,10.65,-61.45000000000001,39,4,0,2,1,0,0,1,2,3,0,0,0,0.10021908276904873,0,0.15217573680266747,0,0.40061601087364257
5_7,10.65,-61.45000000000001,40,1,0,0,2,1,0,0,1,2,0,0,0,0,0.10021908276904873,0,0.15217573680266747,0
5_7,10.65,-61.45000000000001,41,2,0,0,0,2,1,0,0,1,0,0,0,0,0,0.10021908276904873,0,0.15217573680266747
5_7,10.65,-61.45000000000001,42,4,1,0,0,0,2,1,0,0,0.13299132755003687,0,0,0,0,0,0.10021908276904873,0
5_7,10.65,-61.45000000000001,43,4,0,1,0,0,0,2,1,0,0,0.13299132755003687,0,0,0,0,0,0.10021908276904873
5_7,10.65,-61.45000000000001,44,4,5,0,1,0,0,0,2,1,0,0,0.13299132755003687,0,0,0,0,0
5_7,10.65,-61.45000000000001,45,3,0,5,0,1,0,0,0,2,0,0,0,0.13299132755003687,0,0,0,0
5_7,10.65,-61.45000000000001,46,4,0,0,5,0,1,0,0,0,0,0,0,0,0.13299132755003687,0,0,0
5_7,10.65,-61.45000000000001,47,0,1,0,0,5,0,1,0,0,0.13467509896626245,0,0,0,0,0.13299132755003687,0,0
5_7,10.65,-61.45000000000001,48,3,0,1,0,0,5,0,1,0,0,0.13467509896626245,0,0,0,0,0.13299132755003687,0
5_7,10.65,-61.45000000000001,49,3,0,0,1,0,0,5,0,1,0,0,0.13467509896626245,0,0,0,0,0.13299132755003687
5_7,10.65,-61.45000000000001,50,9,1,0,0,1,0,0,5,0,0,0,0,0.13467509896626245,0,0,0,0
5_7,10.65,-61.45000000000001,51,3,1,1,0,0,1,0,0,5,0,0,0,0,0.13467509896626245,0,0,0
5_7,10.65,-61.45000000000001,52,3,0,1,1,0,0,1,0,0,0,0,0,0,0,0.13467509896626245,0,0
5_8,10.750000000000002,-61.45,0,0,0,,,,,,,,0,,,,,,,
5_8,10.750000000000002,-61.45,1,0,0,0,,,,,,,0,0,,,,,,
5_8,10.750000000000002,-61.45,2,0,0,0,0,,,,,,0,0,0,,,,,
5_8,10.750000000000002,-61.45,3,0,0,0,0,0,,,,,0,0,0,0,,,,
5_8,10.750000000000002,-61.45,4,0,0,0,0,0,0,,,,0,0,0,0,0,,,
5_8,10.750000000000002,-61.45,5,3,0,0,0,0,0,0,,,0,0,0,0,0,0,,
5_8,10.750000000000002,-61.45,6,0,0,0,0,0,0,0,0,,0.09473931966578382,0,0,0,0,0,0,
5_8,10.750000000000002,-61.45,7,0,0,0,0,0,0,0,0,0,0,0.09473931966578382,0,0,0,0,0,0
5_8,10.750000000000002,-61.45,8,0,0,0,0,0,0,0,0,0,0.0943855422351023,0,0.09473931966578382,0,0,0,0,0
5_8,10.750000000000002,-61.45,9,1,0,0,0,0,0,0,0,0,0,0.0943855422351023,0,0.09473931966578382,0,0,0,0
5_8,10.750000000000002,-61.45,10,0,0,0,0,0,0,0,0,0,0.09502032231166807,0,0.0943855422351023,0,0.09473931966578382,0,0,0
5_8,10.750000000000002,-61.45,11,0,0,0,0,0,0,0,0,0,0,0.09502032231166807,0,0.0943855422351023,0,0.09473931966578382,0,0
5_8,10.750000000000002,-61.45,12,0,0,0,0,0,0,0,0,0,0,0,0.09502032231166807,0,0.0943855422351023,0,0.09473931966578382,0
5_8,10.750000000000002,-61.45,13,1,0,0,0,0,0,0,0,0,0,0,0,0.09502032231166807,0,0.0943855422351023,0,0.09473931966578382
5_8,10.750000000000002,-61.45,14,1,0,0,0,0,0,0,0,0,0,0,0,0,0.09502032231166807,0,0.0943855422351023,0
5_8,10.750000000000002,-61.45,15,0,0,0,0,0,0,0,0,0,0,0,0,0,0,0.09502032231166807,0,0.0943855422351023
5_8,10.750000000000002,-61.45,16,0,0,0,0,0,0,0,0,0,0,0,0,0,0,0,0.09502032231166807,0
5_8,10.750000000000002,-61.45,17,0,0,0,0,0,0,0,0,0,0,0,0,0,0,0,0,0.09502032231166807
5_8,10.750000000000002,-61.45,18,1,0,0,0,0,0,0,0,0,0,0,0,0,0,0,0,0
5_8,10.750000000000002,-61.45,19,0,0,0,0,0,0,0,0,0,0,0,0,0,0,0,0,0
5_8,10.750000000000002,-61.45,20,1,0,0,0,0,0,0,0,0,0,0,0,0,0,0,0,0
5_8,10.750000000000002,-61.45,21,0,0,0,0,0,0,0,0,0,0,0,0,0,0,0,0,0
5_8,10.750000000000002,-61.45,22,0,0,0,0,0,0,0,0,0,0,0,0,0,0,0,0,0
5_8,10.750000000000002,-61.45,23,0,0,0,0,0,0,0,0,0,0,0,0,0,0,0,0,0
5_8,10.750000000000002,-61.45,24,1,0,0,0,0,0,0,0,0,0,0,0,0,0,0,0,0
5_8,10.750000000000002,-61.45,25,1,0,0,0,0,0,0,0,0,0,0,0,0,0,0,0,0
5_8,10.750000000000002,-61.45,26,0,0,0,0,0,0,0,0,0,0,0,0,0,0,0,0,0
5_8,10.750000000000002,-61.45,27,1,0,0,0,0,0,0,0,0,0,0,0,0,0,0,0,0
5_8,10.750000000000002,-61.45,28,0,0,0,0,0,0,0,0,0,0,0,0,0,0,0,0,0
5_8,10.750000000000002,-61.45,29,0,0,0,0,0,0,0,0,0,0,0,0,0,0,0,0,0
5_8,10.750000000000002,-61.45,30,0,0,0,0,0,0,0,0,0,0.3923019829348051,0,0,0,0,0,0,0
5_8,10.750000000000002,-61.45,31,0,0,0,0,0,0,0,0,0,0.1856647645680554,0.3923019829348051,0,0,0,0,0,0
5_8,10.750000000000002,-61.45,32,0,1,0,0,0,0,0,0,0,0.11467506723771186,0.1856647645680554,0.3923019829348051,0,0,0,0,0
5_8,10.750000000000002,-61.45,33,0,0,1,0,0,0,0,0,0,0.18666190927147266,0.11467506723771186,0.1856647645680554,0.3923019829348051,0,0,0,0
5_8,10.750000000000002,-61.45,34,1,0,0,1,0,0,0,0,0,0.09502032231166807,0.18666190927147266,0.11467506723771186,0.1856647645680554,0.3923019829348051,0,0,0
5_8,10.750000000000002,-61.45,35,0,0,0,0,1,0,0,0,0,0,0.09502032231166807,0.18666190927147266,0.11467506723771186,0.1856647645680554,0.3923019829348051,0,0
5_8,10.750000000000002,-61.45,36,0,0,0,0,0,1,0,0,0,0,0,0.09502032231166807,0.18666190927147266,0.11467506723771186,0.1856647645680554,0.3923019829348051,0
5_8,10.750000000000002,-61.45,37,1,0,0,0,0,0,1,0,0,0.09103461209290985,0,0,0.09502032231166807,0.18666190927147266,0.11467506723771186,0.1856647645680554,0.3923019829348051
5_8,10.750000000000002,-61.45,38,0,0,0,0,0,0,0,1,0,0.09064444225638732,0.09103461209290985,0,0,0.09502032231166807,0.18666190927147266,0.11467506723771186,0.1856647645680554
5_8,10.750000000000002,-61.45,39,0,0,0,0,0,0,0,0,1,0,0.09064444225638732,0.09103461209290985,0,0,0.09502032231166807,0.18666190927147266,0.11467506723771186
5_8,10.750000000000002,-61.45,40,1,0,0,0,0,0,0,0,0,0,0,0.09064444225638732,0.09103461209290985,0,0,0.09502032231166807,0.18666190927147266
5_8,10.750000000000002,-61.45,41,0,0,0,0,0,0,0,0,0,0,0,0,0.09064444225638732,0.09103461209290985,0,0,0.09502032231166807
5_8,10.750000000000002,-61.45,42,0,0,0,0,0,0,0,0,0,0.10542902675852239,0,0,0,0.09064444225638732,0.09103461209290985,0,0
5_8,10.750000000000002,-61.45,43,0,0,0,0,0,0,0,0,0,0,0.10542902675852239,0,0,0,0.09064444225638732,0.09103461209290985,0
5_8,10.750000000000002,-61.45,44,0,0,0,0,0,0,0,0,0,0.45432682281455977,0,0.10542902675852239,0,0,0,0.09064444225638732,0.09103461209290985
5_8,10.750000000000002,-61.45,45,0,0,0,0,0,0,0,0,0,0,0.45432682281455977,0,0.10542902675852239,0,0,0,0.09064444225638732
5_8,10.750000000000002,-61.45,46,1,0,0,0,0,0,0,0,0,0,0,0.45432682281455977,0,0.10542902675852239,0,0,0
5_8,10.750000000000002,-61.45,47,0,1,0,0,0,0,0,0,0,0,0,0,0.45432682281455977,0,0.10542902675852239,0,0
5_8,10.750000000000002,-61.45,48,0,0,1,0,0,0,0,0,0,0,0,0,0,0.45432682281455977,0,0.10542902675852239,0
5_8,10.750000000000002,-61.45,49,0,0,0,1,0,0,0,0,0,0,0,0,0,0,0.45432682281455977,0,0.10542902675852239
5_8,10.750000000000002,-61.45,50,0,0,0,0,1,0,0,0,0,0,0,0,0,0,0,0.45432682281455977,0
5_8,10.750000000000002,-61.45,51,0,0,0,0,0,1,0,0,0,0,0,0,0,0,0,0,0.45432682281455977
5_8,10.750000000000002,-61.45,52,0,0,0,0,0,0,1,0,0,0,0,0,0,0,0,0,0
6_1,10.05,-61.35,0,0,0,,,,,,,,0,,,,,,,
6_1,10.05,-61.35,1,0,0,0,,,,,,,0,0,,,,,,
6_1,10.05,-61.35,2,0,0,0,0,,,,,,0,0,0,,,,,
6_1,10.05,-61.35,3,0,0,0,0,0,,,,,0,0,0,0,,,,
6_1,10.05,-61.35,4,0,0,0,0,0,0,,,,0,0,0,0,0,,,
6_1,10.05,-61.35,5,0,0,0,0,0,0,0,,,0,0,0,0,0,0,,
6_1,10.05,-61.35,6,0,0,0,0,0,0,0,0,,0,0,0,0,0,0,0,
6_1,10.05,-61.35,7,0,0,0,0,0,0,0,0,0,0,0,0,0,0,0,0,0
6_1,10.05,-61.35,8,0,0,0,0,0,0,0,0,0,0,0,0,0,0,0,0,0
6_1,10.05,-61.35,9,0,0,0,0,0,0,0,0,0,0,0,0,0,0,0,0,0
6_1,10.05,-61.35,10,0,0,0,0,0,0,0,0,0,0,0,0,0,0,0,0,0
6_1,10.05,-61.35,11,0,0,0,0,0,0,0,0,0,0,0,0,0,0,0,0,0
6_1,10.05,-61.35,12,0,0,0,0,0,0,0,0,0,0,0,0,0,0,0,0,0
6_1,10.05,-61.35,13,0,0,0,0,0,0,0,0,0,0,0,0,0,0,0,0,0
6_1,10.05,-61.35,14,0,0,0,0,0,0,0,0,0,0,0,0,0,0,0,0,0
6_1,10.05,-61.35,15,0,0,0,0,0,0,0,0,0,0,0,0,0,0,0,0,0
6_1,10.05,-61.35,16,0,0,0,0,0,0,0,0,0,0,0,0,0,0,0,0,0
6_1,10.05,-61.35,17,0,0,0,0,0,0,0,0,0,0,0,0,0,0,0,0,0
6_1,10.05,-61.35,18,0,0,0,0,0,0,0,0,0,0,0,0,0,0,0,0,0
6_1,10.05,-61.35,19,0,0,0,0,0,0,0,0,0,0,0,0,0,0,0,0,0
6_1,10.05,-61.35,20,0,0,0,0,0,0,0,0,0,0,0,0,0,0,0,0,0
6_1,10.05,-61.35,21,0,0,0,0,0,0,0,0,0,0,0,0,0,0,0,0,0
6_1,10.05,-61.35,22,0,0,0,0,0,0,0,0,0,0,0,0,0,0,0,0,0
6_1,10.05,-61.35,23,0,0,0,0,0,0,0,0,0,0,0,0,0,0,0,0,0
6_1,10.05,-61.35,24,0,0,0,0,0,0,0,0,0,0,0,0,0,0,0,0,0
6_1,10.05,-61.35,25,0,0,0,0,0,0,0,0,0,0,0,0,0,0,0,0,0
6_1,10.05,-61.35,26,0,0,0,0,0,0,0,0,0,0,0,0,0,0,0,0,0
6_1,10.05,-61.35,27,0,0,0,0,0,0,0,0,0,0,0,0,0,0,0,0,0
6_1,10.05,-61.35,28,0,0,0,0,0,0,0,0,0,0,0,0,0,0,0,0,0
6_1,10.05,-61.35,29,0,0,0,0,0,0,0,0,0,0,0,0,0,0,0,0,0
6_1,10.05,-61.35,30,0,0,0,0,0,0,0,0,0,0,0,0,0,0,0,0,0
6_1,10.05,-61.35,31,0,0,0,0,0,0,0,0,0,0,0,0,0,0,0,0,0
6_1,10.05,-61.35,32,0,2,0,0,0,0,0,0,0,0.10259268238154154,0,0,0,0,0,0,0
6_1,10.05,-61.35,33,0,0,2,0,0,0,0,0,0,0,0.10259268238154154,0,0,0,0,0,0
6_1,10.05,-61.35,34,0,0,0,2,0,0,0,0,0,0,0,0.10259268238154154,0,0,0,0,0
6_1,10.05,-61.35,35,0,0,0,0,2,0,0,0,0,0,0,0,0.10259268238154154,0,0,0,0
6_1,10.05,-61.35,36,0,0,0,0,0,2,0,0,0,0,0,0,0,0.10259268238154154,0,0,0
6_1,10.05,-61.35,37,0,0,0,0,0,0,2,0,0,0,0,0,0,0,0.10259268238154154,0,0
6_1,10.05,-61.35,38,0,0,0,0,0,0,0,2,0,0,0,0,0,0,0,0.10259268238154154,0
6_1,10.05,-61.35,39,0,0,0,0,0,0,0,0,2,0,0,0,0,0,0,0,0.10259268238154154
6_1,10.05,-61.35,40,0,0,0,0,0,0,0,0,0,0,0,0,0,0,0,0,0
6_1,10.05,-61.35,41,0,0,0,0,0,0,0,0,0,0,0,0,0,0,0,0,0
6_1,10.05,-61.35,42,0,0,0,0,0,0,0,0,0,0,0,0,0,0,0,0,0
6_1,10.05,-61.35,43,0,0,0,0,0,0,0,0,0,0,0,0,0,0,0,0,0
6_1,10.05,-61.35,44,0,0,0,0,0,0,0,0,0,0,0,0,0,0,0,0,0
6_1,10.05,-61.35,45,0,0,0,0,0,0,0,0,0,0,0,0,0,0,0,0,0
6_1,10.05,-61.35,46,0,0,0,0,0,0,0,0,0,0,0,0,0,0,0,0,0
6_1,10.05,-61.35,47,0,0,0,0,0,0,0,0,0,0,0,0,0,0,0,0,0
6_1,10.05,-61.35,48,0,0,0,0,0,0,0,0,0,0,0,0,0,0,0,0,0
6_1,10.05,-61.35,49,0,0,0,0,0,0,0,0,0,0,0,0,0,0,0,0,0
6_1,10.05,-61.35,50,0,0,0,0,0,0,0,0,0,0,0,0,0,0,0,0,0
6_1,10.05,-61.35,51,0,0,0,0,0,0,0,0,0,0,0,0,0,0,0,0,0
6_1,10.05,-61.35,52,0,0,0,0,0,0,0,0,0,0,0,0,0,0,0,0,0
6_2,10.15,-61.35,0,0,0,,,,,,,,0,,,,,,,
6_2,10.15,-61.35,1,1,0,0,,,,,,,0,0,,,,,,
6_2,10.15,-61.35,2,0,0,0,0,,,,,,0,0,0,,,,,
6_2,10.15,-61.35,3,0,0,0,0,0,,,,,0,0,0,0,,,,
6_2,10.15,-61.35,4,0,0,0,0,0,0,,,,0,0,0,0,0,,,
6_2,10.15,-61.35,5,0,0,0,0,0,0,0,,,0,0,0,0,0,0,,
6_2,10.15,-61.35,6,0,0,0,0,0,0,0,0,,0,0,0,0,0,0,0,
6_2,10.15,-61.35,7,0,0,0,0,0,0,0,0,0,0,0,0,0,0,0,0,0
6_2,10.15,-61.35,8,0,0,0,0,0,0,0,0,0,0,0,0,0,0,0,0,0
6_2,10.15,-61.35,9,0,0,0,0,0,0,0,0,0,0,0,0,0,0,0,0,0
6_2,10.15,-61.35,10,0,0,0,0,0,0,0,0,0,0,0,0,0,0,0,0,0
6_2,10.15,-61.35,11,1,0,0,0,0,0,0,0,0,0,0,0,0,0,0,0,0
6_2,10.15,-61.35,12,0,0,0,0,0,0,0,0,0,0,0,0,0,0,0,0,0
6_2,10.15,-61.35,13,0,0,0,0,0,0,0,0,0,0,0,0,0,0,0,0,0
6_2,10.15,-61.35,14,0,0,0,0,0,0,0,0,0,0,0,0,0,0,0,0,0
6_2,10.15,-61.35,15,0,0,0,0,0,0,0,0,0,0,0,0,0,0,0,0,0
6_2,10.15,-61.35,16,0,0,0,0,0,0,0,0,0,0,0,0,0,0,0,0,0
6_2,10.15,-61.35,17,0,0,0,0,0,0,0,0,0,0,0,0,0,0,0,0,0
6_2,10.15,-61.35,18,0,0,0,0,0,0,0,0,0,0,0,0,0,0,0,0,0
6_2,10.15,-61.35,19,0,0,0,0,0,0,0,0,0,0,0,0,0,0,0,0,0
6_2,10.15,-61.35,20,0,0,0,0,0,0,0,0,0,0,0,0,0,0,0,0,0
6_2,10.15,-61.35,21,0,0,0,0,0,0,0,0,0,0,0,0,0,0,0,0,0
6_2,10.15,-61.35,22,0,0,0,0,0,0,0,0,0,0,0,0,0,0,0,0,0
6_2,10.15,-61.35,23,0,0,0,0,0,0,0,0,0,0,0,0,0,0,0,0,0
6_2,10.15,-61.35,24,0,0,0,0,0,0,0,0,0,0,0,0,0,0,0,0,0
6_2,10.15,-61.35,25,0,0,0,0,0,0,0,0,0,0,0,0,0,0,0,0,0
6_2,10.15,-61.35,26,1,0,0,0,0,0,0,0,0,0,0,0,0,0,0,0,0
6_2,10.15,-61.35,27,0,0,0,0,0,0,0,0,0,0,0,0,0,0,0,0,0
6_2,10.15,-61.35,28,1,0,0,0,0,0,0,0,0,0,0,0,0,0,0,0,0
6_2,10.15,-61.35,29,1,0,0,0,0,0,0,0,0,0,0,0,0,0,0,0,0
6_2,10.15,-61.35,30,0,0,0,0,0,0,0,0,0,0,0,0,0,0,0,0,0
6_2,10.15,-61.35,31,0,0,0,0,0,0,0,0,0,0,0,0,0,0,0,0,0
6_2,10.15,-61.35,32,0,1,0,0,0,0,0,0,0,0.3383722814435138,0,0,0,0,0,0,0
6_2,10.15,-61.35,33,2,0,1,0,0,0,0,0,0,0.09656479118023306,0.3383722814435138,0,0,0,0,0,0
6_2,10.15,-61.35,34,0,0,0,1,0,0,0,0,0,0,0.09656479118023306,0.3383722814435138,0,0,0,0,0
6_2,10.15,-61.35,35,0,0,0,0,1,0,0,0,0,0,0,0.09656479118023306,0.3383722814435138,0,0,0,0
6_2,10.15,-61.35,36,1,0,0,0,0,1,0,0,0,0,0,0,0.09656479118023306,0.3383722814435138,0,0,0
6_2,10.15,-61.35,37,0,0,0,0,0,0,1,0,0,0,0,0,0,0.09656479118023306,0.3383722814435138,0,0
6_2,10.15,-61.35,38,0,0,0,0,0,0,0,1,0,0.09014005262187498,0,0,0,0,0.09656479118023306,0.3383722814435138,0
6_2,10.15,-61.35,39,0,0,0,0,0,0,0,0,1,0,0.09014005262187498,0,0,0,0,0.09656479118023306,0.3383722814435138
6_2,10.15,-61.35,40,0,0,0,0,0,0,0,0,0,0,0,0.09014005262187498,0,0,0,0,0.09656479118023306
6_2,10.15,-61.35,41,0,0,0,0,0,0,0,0,0,0,0,0,0.09014005262187498,0,0,0,0
6_2,10.15,-61.35,42,1,0,0,0,0,0,0,0,0,0,0,0,0,0.09014005262187498,0,0,0
6_2,10.15,-61.35,43,0,0,0,0,0,0,0,0,0,0,0,0,0,0,0.09014005262187498,0,0
6_2,10.15,-61.35,44,0,0,0,0,0,0,0,0,0,0,0,0,0,0,0,0.09014005262187498,0
6_2,10.15,-61.35,45,1,0,0,0,0,0,0,0,0,0,0,0,0,0,0,0,0.09014005262187498
6_2,10.15,-61.35,46,0,0,0,0,0,0,0,0,0,0,0,0,0,0,0,0,0
6_2,10.15,-61.35,47,0,0,0,0,0,0,0,0,0,0,0,0,0,0,0,0,0
6_2,10.15,-61.35,48,0,0,0,0,0,0,0,0,0,0,0,0,0,0,0,0,0
6_2,10.15,-61.35,49,0,0,0,0,0,0,0,0,0,0,0,0,0,0,0,0,0
6_2,10.15,-61.35,50,0,0,0,0,0,0,0,0,0,0,0,0,0,0,0,0,0
6_2,10.15,-61.35,51,0,0,0,0,0,0,0,0,0,0,0,0,0,0,0,0,0
6_2,10.15,-61.35,52,0,0,0,0,0,0,0,0,0,0,0,0,0,0,0,0,0
6_3,10.25,-61.35,0,0,0,,,,,,,,0,,,,,,,
6_3,10.25,-61.35,1,1,0,0,,,,,,,0,0,,,,,,
6_3,10.25,-61.35,2,1,0,0,0,,,,,,0,0,0,,,,,
6_3,10.25,-61.35,3,0,0,0,0,0,,,,,0,0,0,0,,,,
6_3,10.25,-61.35,4,0,0,0,0,0,0,,,,0,0,0,0,0,,,
6_3,10.25,-61.35,5,1,0,0,0,0,0,0,,,0,0,0,0,0,0,,
6_3,10.25,-61.35,6,2,0,0,0,0,0,0,0,,0,0,0,0,0,0,0,
6_3,10.25,-61.35,7,2,0,0,0,0,0,0,0,0,0,0,0,0,0,0,0,0
6_3,10.25,-61.35,8,1,0,0,0,0,0,0,0,0,0,0,0,0,0,0,0,0
6_3,10.25,-61.35,9,0,0,0,0,0,0,0,0,0,0,0,0,0,0,0,0,0
6_3,10.25,-61.35,10,0,0,0,0,0,0,0,0,0,0,0,0,0,0,0,0,0
6_3,10.25,-61.35,11,0,0,0,0,0,0,0,0,0,0,0,0,0,0,0,0,0
6_3,10.25,-61.35,12,0,0,0,0,0,0,0,0,0,0,0,0,0,0,0,0,0
6_3,10.25,-61.35,13,0,0,0,0,0,0,0,0,0,0,0,0,0,0,0,0,0
6_3,10.25,-61.35,14,0,0,0,0,0,0,0,0,0,0,0,0,0,0,0,0,0
6_3,10.25,-61.35,15,1,0,0,0,0,0,0,0,0,0,0,0,0,0,0,0,0
6_3,10.25,-61.35,16,0,0,0,0,0,0,0,0,0,0,0,0,0,0,0,0,0
6_3,10.25,-61.35,17,0,0,0,0,0,0,0,0,0,0,0,0,0,0,0,0,0
6_3,10.25,-61.35,18,0,0,0,0,0,0,0,0,0,0,0,0,0,0,0,0,0
6_3,10.25,-61.35,19,0,0,0,0,0,0,0,0,0,0,0,0,0,0,0,0,0
6_3,10.25,-61.35,20,1,0,0,0,0,0,0,0,0,0,0,0,0,0,0,0,0
6_3,10.25,-61.35,21,2,0,0,0,0,0,0,0,0,0,0,0,0,0,0,0,0
6_3,10.25,-61.35,22,0,0,0,0,0,0,0,0,0,0,0,0,0,0,0,0,0
6_3,10.25,-61.35,23,0,0,0,0,0,0,0,0,0,0,0,0,0,0,0,0,0
6_3,10.25,-61.35,24,0,0,0,0,0,0,0,0,0,0,0,0,0,0,0,0,0
6_3,10.25,-61.35,25,0,0,0,0,0,0,0,0,0,0,0,0,0,0,0,0,0
6_3,10.25,-61.35,26,0,0,0,0,0,0,0,0,0,0,0,0,0,0,0,0,0
6_3,10.25,-61.35,27,0,0,0,0,0,0,0,0,0,0,0,0,0,0,0,0,0
6_3,10.25,-61.35,28,0,0,0,0,0,0,0,0,0,0,0,0,0,0,0,0,0
6_3,10.25,-61.35,29,0,0,0,0,0,0,0,0,0,0,0,0,0,0,0,0,0
6_3,10.25,-61.35,30,0,0,0,0,0,0,0,0,0,0,0,0,0,0,0,0,0
6_3,10.25,-61.35,31,0,0,0,0,0,0,0,0,0,0,0,0,0,0,0,0,0
6_3,10.25,-61.35,32,0,0,0,0,0,0,0,0,0,0.13564459262883946,0,0,0,0,0,0,0
6_3,10.25,-61.35,33,2,0,0,0,0,0,0,0,0,0.10191947726506781,0.13564459262883946,0,0,0,0,0,0
6_3,10.25,-61.35,34,0,0,0,0,0,0,0,0,0,0,0.10191947726506781,0.13564459262883946,0,0,0,0,0
6_3,10.25,-61.35,35,0,0,0,0,0,0,0,0,0,0,0,0.10191947726506781,0.13564459262883946,0,0,0,0
6_3,10.25,-61.35,36,0,0,0,0,0,0,0,0,0,0,0,0,0.10191947726506781,0.13564459262883946,0,0,0
6_3,10.25,-61.35,37,0,0,0,0,0,0,0,0,0,0,0,0,0,0.10191947726506781,0.13564459262883946,0,0
6_3,10.25,-61.35,38,2,1,0,0,0,0,0,0,0,0,0,0,0,0,0.10191947726506781,0.13564459262883946,0
6_3,10.25,-61.35,39,0,0,1,0,0,0,0,0,0,0,0,0,0,0,0,0.10191947726506781,0.13564459262883946
6_3,10.25,-61.35,40,0,0,0,1,0,0,0,0,0,0,0,0,0,0,0,0,0.10191947726506781
6_3,10.25,-61.35,41,0,0,0,0,1,0,0,0,0,0,0,0,0,0,0,0,0
6_3,10.25,-61.35,42,0,0,0,0,0,1,0,0,0,0,0,0,0,0,0,0,0
6_3,10.25,-61.35,43,1,0,0,0,0,0,1,0,0,0,0,0,0,0,0,0,0
6_3,10.25,-61.35,44,1,0,0,0,0,0,0,1,0,0,0,0,0,0,0,0,0
6_3,10.25,-61.35,45,0,0,0,0,0,0,0,0,1,0,0,0,0,0,0,0,0
6_3,10.25,-61.35,46,0,0,0,0,0,0,0,0,0,0,0,0,0,0,0,0,0
6_3,10.25,-61.35,47,0,0,0,0,0,0,0,0,0,0,0,0,0,0,0,0,0
6_3,10.25,-61.35,48,0,0,0,0,0,0,0,0,0,0,0,0,0,0,0,0,0
6_3,10.25,-61.35,49,1,0,0,0,0,0,0,0,0,0,0,0,0,0,0,0,0
6_3,10.25,-61.35,50,0,0,0,0,0,0,0,0,0,0,0,0,0,0,0,0,0
6_3,10.25,-61.35,51,0,0,0,0,0,0,0,0,0,0,0,0,0,0,0,0,0
6_3,10.25,-61.35,52,0,0,0,0,0,0,0,0,0,0,0,0,0,0,0,0,0
6_4,10.35,-61.35,0,0,0,,,,,,,,0,,,,,,,
6_4,10.35,-61.35,1,0,0,0,,,,,,,0,0,,,,,,
6_4,10.35,-61.35,2,0,0,0,0,,,,,,0,0,0,,,,,
6_4,10.35,-61.35,3,2,0,0,0,0,,,,,0,0,0,0,,,,
6_4,10.35,-61.35,4,0,0,0,0,0,0,,,,0,0,0,0,0,,,
6_4,10.35,-61.35,5,0,0,0,0,0,0,0,,,0,0,0,0,0,0,,
6_4,10.35,-61.35,6,0,0,0,0,0,0,0,0,,0,0,0,0,0,0,0,
6_4,10.35,-61.35,7,0,0,0,0,0,0,0,0,0,0,0,0,0,0,0,0,0
6_4,10.35,-61.35,8,0,0,0,0,0,0,0,0,0,0,0,0,0,0,0,0,0
6_4,10.35,-61.35,9,0,0,0,0,0,0,0,0,0,0,0,0,0,0,0,0,0
6_4,10.35,-61.35,10,0,0,0,0,0,0,0,0,0,0,0,0,0,0,0,0,0
6_4,10.35,-61.35,11,1,0,0,0,0,0,0,0,0,0,0,0,0,0,0,0,0
6_4,10.35,-61.35,12,0,0,0,0,0,0,0,0,0,0,0,0,0,0,0,0,0
6_4,10.35,-61.35,13,0,0,0,0,0,0,0,0,0,0,0,0,0,0,0,0,0
6_4,10.35,-61.35,14,0,0,0,0,0,0,0,0,0,0,0,0,0,0,0,0,0
6_4,10.35,-61.35,15,0,0,0,0,0,0,0,0,0,0,0,0,0,0,0,0,0
6_4,10.35,-61.35,16,2,0,0,0,0,0,0,0,0,0,0,0,0,0,0,0,0
6_4,10.35,-61.35,17,0,0,0,0,0,0,0,0,0,0,0,0,0,0,0,0,0
6_4,10.35,-61.35,18,0,0,0,0,0,0,0,0,0,0,0,0,0,0,0,0,0
6_4,10.35,-61.35,19,0,0,0,0,0,0,0,0,0,0,0,0,0,0,0,0,0
6_4,10.35,-61.35,20,0,0,0,0,0,0,0,0,0,0,0,0,0,0,0,0,0
6_4,10.35,-61.35,21,0,0,0,0,0,0,0,0,0,0,0,0,0,0,0,0,0
6_4,10.35,-61.35,22,0,0,0,0,0,0,0,0,0,0,0,0,0,0,0,0,0
6_4,10.35,-61.35,23,0,0,0,0,0,0,0,0,0,0,0,0,0,0,0,0,0
6_4,10.35,-61.35,24,0,0,0,0,0,0,0,0,0,0,0,0,0,0,0,0,0
6_4,10.35,-61.35,25,1,0,0,0,0,0,0,0,0,0,0,0,0,0,0,0,0
6_4,10.35,-61.35,26,1,0,0,0,0,0,0,0,0,0,0,0,0,0,0,0,0
6_4,10.35,-61.35,27,0,0,0,0,0,0,0,0,0,0,0,0,0,0,0,0,0
6_4,10.35,-61.35,28,0,0,0,0,0,0,0,0,0,0,0,0,0,0,0,0,0
6_4,10.35,-61.35,29,0,0,0,0,0,0,0,0,0,0,0,0,0,0,0,0,0
6_4,10.35,-61.35,30,0,0,0,0,0,0,0,0,0,0,0,0,0,0,0,0,0
6_4,10.35,-61.35,31,0,0,0,0,0,0,0,0,0,0,0,0,0,0,0,0,0
6_4,10.35,-61.35,32,0,0,0,0,0,0,0,0,0,0,0,0,0,0,0,0,0
6_4,10.35,-61.35,33,0,0,0,0,0,0,0,0,0,0,0,0,0,0,0,0,0
6_4,10.35,-61.35,34,0,0,0,0,0,0,0,0,0,0,0,0,0,0,0,0,0
6_4,10.35,-61.35,35,0,0,0,0,0,0,0,0,0,0,0,0,0,0,0,0,0
6_4,10.35,-61.35,36,0,0,0,0,0,0,0,0,0,0,0,0,0,0,0,0,0
6_4,10.35,-61.35,37,0,0,0,0,0,0,0,0,0,0,0,0,0,0,0,0,0
6_4,10.35,-61.35,38,0,0,0,0,0,0,0,0,0,0,0,0,0,0,0,0,0
6_4,10.35,-61.35,39,0,0,0,0,0,0,0,0,0,0,0,0,0,0,0,0,0
6_4,10.35,-61.35,40,0,0,0,0,0,0,0,0,0,0,0,0,0,0,0,0,0
6_4,10.35,-61.35,41,1,0,0,0,0,0,0,0,0,0,0,0,0,0,0,0,0
6_4,10.35,-61.35,42,0,0,0,0,0,0,0,0,0,0,0,0,0,0,0,0,0
6_4,10.35,-61.35,43,0,0,0,0,0,0,0,0,0,0,0,0,0,0,0,0,0
6_4,10.35,-61.35,44,1,0,0,0,0,0,0,0,0,0,0,0,0,0,0,0,0
6_4,10.35,-61.35,45,0,0,0,0,0,0,0,0,0,0,0,0,0,0,0,0,0
6_4,10.35,-61.35,46,0,0,0,0,0,0,0,0,0,0,0,0,0,0,0,0,0
6_4,10.35,-61.35,47,0,0,0,0,0,0,0,0,0,0,0,0,0,0,0,0,0
6_4,10.35,-61.35,48,0,0,0,0,0,0,0,0,0,0,0,0,0,0,0,0,0
6_4,10.35,-61.35,49,0,0,0,0,0,0,0,0,0,0,0,0,0,0,0,0,0
6_4,10.35,-61.35,50,0,0,0,0,0,0,0,0,0,0,0,0,0,0,0,0,0
6_4,10.35,-61.35,51,0,0,0,0,0,0,0,0,0,0,0,0,0,0,0,0,0
6_4,10.35,-61.35,52,0,0,0,0,0,0,0,0,0,0,0,0,0,0,0,0,0
6_5,10.45,-61.35,0,0,0,,,,,,,,0,,,,,,,
6_5,10.45,-61.35,1,1,0,0,,,,,,,0,0,,,,,,
6_5,10.45,-61.35,2,0,0,0,0,,,,,,0,0,0,,,,,
6_5,10.45,-61.35,3,0,0,0,0,0,,,,,0,0,0,0,,,,
6_5,10.45,-61.35,4,3,0,0,0,0,0,,,,0,0,0,0,0,,,
6_5,10.45,-61.35,5,1,0,0,0,0,0,0,,,0.5206167640959484,0,0,0,0,0,,
6_5,10.45,-61.35,6,2,0,0,0,0,0,0,0,,0.08993458388287145,0.5206167640959484,0,0,0,0,0,
6_5,10.45,-61.35,7,0,0,0,0,0,0,0,0,0,0,0.08993458388287145,0.5206167640959484,0,0,0,0,0
6_5,10.45,-61.35,8,0,0,0,0,0,0,0,0,0,0,0,0.08993458388287145,0.5206167640959484,0,0,0,0
6_5,10.45,-61.35,9,0,0,0,0,0,0,0,0,0,0,0,0,0.08993458388287145,0.5206167640959484,0,0,0
6_5,10.45,-61.35,10,0,0,0,0,0,0,0,0,0,0,0,0,0,0.08993458388287145,0.5206167640959484,0,0
6_5,10.45,-61.35,11,0,0,0,0,0,0,0,0,0,0,0,0,0,0,0.08993458388287145,0.5206167640959484,0
6_5,10.45,-61.35,12,0,0,0,0,0,0,0,0,0,0,0,0,0,0,0,0.08993458388287145,0.5206167640959484
6_5,10.45,-61.35,13,1,0,0,0,0,0,0,0,0,0,0,0,0,0,0,0,0.08993458388287145
6_5,10.45,-61.35,14,0,0,0,0,0,0,0,0,0,0,0,0,0,0,0,0,0
6_5,10.45,-61.35,15,1,0,0,0,0,0,0,0,0,0,0,0,0,0,0,0,0
6_5,10.45,-61.35,16,0,0,0,0,0,0,0,0,0,0,0,0,0,0,0,0,0
6_5,10.45,-61.35,17,0,0,0,0,0,0,0,0,0,0,0,0,0,0,0,0,0
6_5,10.45,-61.35,18,0,0,0,0,0,0,0,0,0,0,0,0,0,0,0,0,0
6_5,10.45,-61.35,19,0,0,0,0,0,0,0,0,0,0,0,0,0,0,0,0,0
6_5,10.45,-61.35,20,0,0,0,0,0,0,0,0,0,0,0,0,0,0,0,0,0
6_5,10.45,-61.35,21,0,0,0,0,0,0,0,0,0,0,0,0,0,0,0,0,0
6_5,10.45,-61.35,22,1,0,0,0,0,0,0,0,0,0,0,0,0,0,0,0,0
6_5,10.45,-61.35,23,1,0,0,0,0,0,0,0,0,0,0,0,0,0,0,0,0
6_5,10.45,-61.35,24,0,0,0,0,0,0,0,0,0,0,0,0,0,0,0,0,0
6_5,10.45,-61.35,25,0,0,0,0,0,0,0,0,0,0,0,0,0,0,0,0,0
6_5,10.45,-61.35,26,1,0,0,0,0,0,0,0,0,0,0,0,0,0,0,0,0
6_5,10.45,-61.35,27,1,0,0,0,0,0,0,0,0,0,0,0,0,0,0,0,0
6_5,10.45,-61.35,28,0,0,0,0,0,0,0,0,0,0,0,0,0,0,0,0,0
6_5,10.45,-61.35,29,0,0,0,0,0,0,0,0,0,0,0,0,0,0,0,0,0
6_5,10.45,-61.35,30,0,0,0,0,0,0,0,0,0,0.14242800715692785,0,0,0,0,0,0,0
6_5,10.45,-61.35,31,0,0,0,0,0,0,0,0,0,0.09293867628075753,0.14242800715692785,0,0,0,0,0,0
6_5,10.45,-61.35,32,0,0,0,0,0,0,0,0,0,0,0.09293867628075753,0.14242800715692785,0,0,0,0,0
6_5,10.45,-61.35,33,0,0,0,0,0,0,0,0,0,0.11766003778343731,0,0.09293867628075753,0.14242800715692785,0,0,0,0
6_5,10.45,-61.35,34,0,0,0,0,0,0,0,0,0,0,0.11766003778343731,0,0.09293867628075753,0.14242800715692785,0,0,0
6_5,10.45,-61.35,35,0,0,0,0,0,0,0,0,0,0.2881855645487629,0,0.11766003778343731,0,0.09293867628075753,0.14242800715692785,0,0
6_5,10.45,-61.35,36,0,0,0,0,0,0,0,0,0,0,0.2881855645487629,0,0.11766003778343731,0,0.09293867628075753,0.14242800715692785,0
6_5,10.45,-61.35,37,0,0,0,0,0,0,0,0,0,0,0,0.2881855645487629,0,0.11766003778343731,0,0.09293867628075753,0.14242800715692785
6_5,10.45,-61.35,38,0,0,0,0,0,0,0,0,0,0,0,0,0.2881855645487629,0,0.11766003778343731,0,0.09293867628075753
6_5,10.45,-61.35,39,0,0,0,0,0,0,0,0,0,0,0,0,0,0.2881855645487629,0,0.11766003778343731,0
6_5,10.45,-61.35,40,1,0,0,0,0,0,0,0,0,0,0,0,0,0,0.2881855645487629,0,0.11766003778343731
6_5,10.45,-61.35,41,2,0,0,0,0,0,0,0,0,0,0,0,0,0,0,0.2881855645487629,0
6_5,10.45,-61.35,42,0,0,0,0,0,0,0,0,0,0.20766144908676754,0,0,0,0,0,0,0.2881855645487629
6_5,10.45,-61.35,43,0,0,0,0,0,0,0,0,0,0,0.20766144908676754,0,0,0,0,0,0
6_5,10.45,-61.35,44,0,0,0,0,0,0,0,0,0,0,0,0.20766144908676754,0,0,0,0,0
6_5,10.45,-61.35,45,1,0,0,0,0,0,0,0,0,0,0,0,0.20766144908676754,0,0,0,0
6_5,10.45,-61.35,46,0,0,0,0,0,0,0,0,0,0,0,0,0,0.20766144908676754,0,0,0
6_5,10.45,-61.35,47,1,0,0,0,0,0,0,0,0,0,0,0,0,0,0.20766144908676754,0,0
6_5,10.45,-61.35,48,0,0,0,0,0,0,0,0,0,0,0,0,0,0,0,0.20766144908676754,0
6_5,10.45,-61.35,49,0,0,0,0,0,0,0,0,0,0,0,0,0,0,0,0,0.20766144908676754
6_5,10.45,-61.35,50,0,0,0,0,0,0,0,0,0,0,0,0,0,0,0,0,0
6_5,10.45,-61.35,51,1,0,0,0,0,0,0,0,0,0,0,0,0,0,0,0,0
6_5,10.45,-61.35,52,0,0,0,0,0,0,0,0,0,0,0,0,0,0,0,0,0
6_6,10.55,-61.35,0,0,0,,,,,,,,0,,,,,,,
6_6,10.55,-61.35,1,0,0,0,,,,,,,0,0,,,,,,
6_6,10.55,-61.35,2,1,0,0,0,,,,,,0,0,0,,,,,
6_6,10.55,-61.35,3,3,0,0,0,0,,,,,0,0,0,0,,,,
6_6,10.55,-61.35,4,0,0,0,0,0,0,,,,0,0,0,0,0,,,
6_6,10.55,-61.35,5,0,6,0,0,0,0,0,,,0,0,0,0,0,0,,
6_6,10.55,-61.35,6,1,1,6,0,0,0,0,0,,0,0,0,0,0,0,0,
6_6,10.55,-61.35,7,1,0,1,6,0,0,0,0,0,0.18610269987487438,0,0,0,0,0,0,0
6_6,10.55,-61.35,8,0,0,0,1,6,0,0,0,0,0.09305134993743719,0.18610269987487438,0,0,0,0,0,0
6_6,10.55,-61.35,9,1,0,0,0,1,6,0,0,0,0,0.09305134993743719,0.18610269987487438,0,0,0,0,0
6_6,10.55,-61.35,10,0,0,0,0,0,1,6,0,0,0,0,0.09305134993743719,0.18610269987487438,0,0,0,0
6_6,10.55,-61.35,11,0,0,0,0,0,0,1,6,0,0,0,0,0.09305134993743719,0.18610269987487438,0,0,0
6_6,10.55,-61.35,12,0,0,0,0,0,0,0,1,6,0,0,0,0,0.09305134993743719,0.18610269987487438,0,0
6_6,10.55,-61.35,13,2,0,0,0,0,0,0,0,1,0,0,0,0,0,0.09305134993743719,0.18610269987487438,0
6_6,10.55,-61.35,14,3,0,0,0,0,0,0,0,0,0,0,0,0,0,0,0.09305134993743719,0.18610269987487438
6_6,10.55,-61.35,15,2,0,0,0,0,0,0,0,0,0,0,0,0,0,0,0,0.09305134993743719
6_6,10.55,-61.35,16,2,0,0,0,0,0,0,0,0,0,0,0,0,0,0,0,0
6_6,10.55,-61.35,17,2,0,0,0,0,0,0,0,0,0,0,0,0,0,0,0,0
6_6,10.55,-61.35,18,0,0,0,0,0,0,0,0,0,0,0,0,0,0,0,0,0
6_6,10.55,-61.35,19,2,0,0,0,0,0,0,0,0,0,0,0,0,0,0,0,0
6_6,10.55,-61.35,20,3,0,0,0,0,0,0,0,0,0,0,0,0,0,0,0,0
6_6,10.55,-61.35,21,0,0,0,0,0,0,0,0,0,0,0,0,0,0,0,0,0
6_6,10.55,-61.35,22,2,0,0,0,0,0,0,0,0,0,0,0,0,0,0,0,0
6_6,10.55,-61.35,23,1,0,0,0,0,0,0,0,0,0,0,0,0,0,0,0,0
6_6,10.55,-61.35,24,2,0,0,0,0,0,0,0,0,0,0,0,0,0,0,0,0
6_6,10.55,-61.35,25,0,0,0,0,0,0,0,0,0,0,0,0,0,0,0,0,0
6_6,10.55,-61.35,26,3,0,0,0,0,0,0,0,0,0,0,0,0,0,0,0,0
6_6,10.55,-61.35,27,1,0,0,0,0,0,0,0,0,0,0,0,0,0,0,0,0
6_6,10.55,-61.35,28,2,0,0,0,0,0,0,0,0,0,0,0,0,0,0,0,0
6_6,10.55,-61.35,29,0,0,0,0,0,0,0,0,0,0.19605392090034396,0,0,0,0,0,0,0
6_6,10.55,-61.35,30,1,0,0,0,0,0,0,0,0,0.09238487488995835,0.19605392090034396,0,0,0,0,0,0
6_6,10.55,-61.35,31,1,1,0,0,0,0,0,0,0,0.1166371621332564,0.09238487488995835,0.19605392090034396,0,0,0,0,0
6_6,10.55,-61.35,32,1,0,1,0,0,0,0,0,0,0.17947732174200087,0.1166371621332564,0.09238487488995835,0.19605392090034396,0,0,0,0
6_6,10.55,-61.35,33,1,3,0,1,0,0,0,0,0,0.0957702781257345,0.17947732174200087,0.1166371621332564,0.09238487488995835,0.19605392090034396,0,0,0
6_6,10.55,-61.35,34,1,0,3,0,1,0,0,0,0,0.08920200295321734,0.0957702781257345,0.17947732174200087,0.1166371621332564,0.09238487488995835,0.19605392090034396,0,0
6_6,10.55,-61.35,35,2,4,0,3,0,1,0,0,0,0.09060925605503542,0.08920200295321734,0.0957702781257345,0.17947732174200087,0.1166371621332564,0.09238487488995835,0.19605392090034396,0
6_6,10.55,-61.35,36,1,0,4,0,3,0,1,0,0,0,0.09060925605503542,0.08920200295321734,0.0957702781257345,0.17947732174200087,0.1166371621332564,0.09238487488995835,0.19605392090034396
6_6,10.55,-61.35,37,1,0,0,4,0,3,0,1,0,0,0,0.09060925605503542,0.08920200295321734,0.0957702781257345,0.17947732174200087,0.1166371621332564,0.09238487488995835
6_6,10.55,-61.35,38,0,0,0,0,4,0,3,0,1,0,0,0,0.09060925605503542,0.08920200295321734,0.0957702781257345,0.17947732174200087,0.1166371621332564
6_6,10.55,-61.35,39,4,1,0,0,0,4,0,3,0,0,0,0,0,0.09060925605503542,0.08920200295321734,0.0957702781257345,0.17947732174200087
6_6,10.55,-61.35,40,0,0,1,0,0,0,4,0,3,0,0,0,0,0,0.09060925605503542,0.08920200295321734,0.0957702781257345
6_6,10.55,-61.35,41,1,0,0,1,0,0,0,4,0,0,0,0,0,0,0,0.09060925605503542,0.08920200295321734
6_6,10.55,-61.35,42,0,2,0,0,1,0,0,0,4,0,0,0,0,0,0,0,0.09060925605503542
6_6,10.55,-61.35,43,0,0,2,0,0,1,0,0,0,0,0,0,0,0,0,0,0
6_6,10.55,-61.35,44,1,0,0,2,0,0,1,0,0,0,0,0,0,0,0,0,0
6_6,10.55,-61.35,45,4,0,0,0,2,0,0,1,0,0,0,0,0,0,0,0,0
6_6,10.55,-61.35,46,3,0,0,0,0,2,0,0,1,0,0,0,0,0,0,0,0
6_6,10.55,-61.35,47,1,0,0,0,0,0,2,0,0,0,0,0,0,0,0,0,0
6_6,10.55,-61.35,48,6,0,0,0,0,0,0,2,0,0,0,0,0,0,0,0,0
6_6,10.55,-61.35,49,0,0,0,0,0,0,0,0,2,0.09945099195544302,0,0,0,0,0,0,0
6_6,10.55,-61.35,50,3,0,0,0,0,0,0,0,0,0,0.09945099195544302,0,0,0,0,0,0
6_6,10.55,-61.35,51,0,0,0,0,0,0,0,0,0,0,0,0.09945099195544302,0,0,0,0,0
6_6,10.55,-61.35,52,0,0,0,0,0,0,0,0,0,0,0,0,0.09945099195544302,0,0,0,0
6_7,10.65,-61.35,0,1,0,,,,,,,,0,,,,,,,
6_7,10.65,-61.35,1,1,0,0,,,,,,,0,0,,,,,,
6_7,10.65,-61.35,2,0,0,0,0,,,,,,0,0,0,,,,,
6_7,10.65,-61.35,3,3,0,0,0,0,,,,,0,0,0,0,,,,
6_7,10.65,-61.35,4,0,0,0,0,0,0,,,,0,0,0,0,0,,,
6_7,10.65,-61.35,5,1,3,0,0,0,0,0,,,0,0,0,0,0,0,,
6_7,10.65,-61.35,6,0,1,3,0,0,0,0,0,,0,0,0,0,0,0,0,
6_7,10.65,-61.35,7,0,2,1,3,0,0,0,0,0,0,0,0,0,0,0,0,0
6_7,10.65,-61.35,8,0,1,2,1,3,0,0,0,0,0.7721030863640944,0,0,0,0,0,0,0
6_7,10.65,-61.35,9,2,0,1,2,1,3,0,0,0,0,0.7721030863640944,0,0,0,0,0,0
6_7,10.65,-61.35,10,1,0,0,1,2,1,3,0,0,0,0,0.7721030863640944,0,0,0,0,0
6_7,10.65,-61.35,11,0,0,0,0,1,2,1,3,0,0,0,0,0.7721030863640944,0,0,0,0
6_7,10.65,-61.35,12,0,0,0,0,0,1,2,1,3,0,0,0,0,0.7721030863640944,0,0,0
6_7,10.65,-61.35,13,2,0,0,0,0,0,1,2,1,0,0,0,0,0,0.7721030863640944,0,0
6_7,10.65,-61.35,14,0,0,0,0,0,0,0,1,2,0,0,0,0,0,0,0.7721030863640944,0
6_7,10.65,-61.35,15,2,0,0,0,0,0,0,0,1,0,0,0,0,0,0,0,0.7721030863640944
6_7,10.65,-61.35,16,0,0,0,0,0,0,0,0,0,0,0,0,0,0,0,0,0
6_7,10.65,-61.35,17,0,0,0,0,0,0,0,0,0,0,0,0,0,0,0,0,0
6_7,10.65,-61.35,18,1,0,0,0,0,0,0,0,0,0,0,0,0,0,0,0,0
6_7,10.65,-61.35,19,2,0,0,0,0,0,0,0,0,0,0,0,0,0,0,0,0
6_7,10.65,-61.35,20,1,0,0,0,0,0,0,0,0,0,0,0,0,0,0,0,0
6_7,10.65,-61.35,21,1,0,0,0,0,0,0,0,0,0,0,0,0,0,0,0,0
6_7,10.65,-61.35,22,0,0,0,0,0,0,0,0,0,0,0,0,0,0,0,0,0
6_7,10.65,-61.35,23,1,0,0,0,0,0,0,0,0,0,0,0,0,0,0,0,0
6_7,10.65,-61.35,24,2,0,0,0,0,0,0,0,0,0,0,0,0,0,0,0,0
6_7,10.65,-61.35,25,2,0,0,0,0,0,0,0,0,0,0,0,0,0,0,0,0
6_7,10.65,-61.35,26,2,0,0,0,0,0,0,0,0,0,0,0,0,0,0,0,0
6_7,10.65,-61.35,27,1,0,0,0,0,0,0,0,0,0,0,0,0,0,0,0,0
6_7,10.65,-61.35,28,1,0,0,0,0,0,0,0,0,0,0,0,0,0,0,0,0
6_7,10.65,-61.35,29,1,0,0,0,0,0,0,0,0,0.2734264241272198,0,0,0,0,0,0,0
6_7,10.65,-61.35,30,2,1,0,0,0,0,0,0,0,0,0.2734264241272198,0,0,0,0,0,0
6_7,10.65,-61.35,31,2,2,1,0,0,0,0,0,0,0.1326746051547062,0,0.2734264241272198,0,0,0,0,0
6_7,10.65,-61.35,32,0,1,2,1,0,0,0,0,0,0.33403950274124783,0.1326746051547062,0,0.2734264241272198,0,0,0,0
6_7,10.65,-61.35,33,5,0,1,2,1,0,0,0,0,0.6558750173355415,0.33403950274124783,0.1326746051547062,0,0.2734264241272198,0,0,0
6_7,10.65,-61.35,34,0,1,0,1,2,1,0,0,0,0,0.6558750173355415,0.33403950274124783,0.1326746051547062,0,0.2734264241272198,0,0
6_7,10.65,-61.35,35,1,0,1,0,1,2,1,0,0,0.24273772217979894,0,0.6558750173355415,0.33403950274124783,0.1326746051547062,0,0.2734264241272198,0
6_7,10.65,-61.35,36,1,0,0,1,0,1,2,1,0,0,0.24273772217979894,0,0.6558750173355415,0.33403950274124783,0.1326746051547062,0,0.2734264241272198
6_7,10.65,-61.35,37,0,0,0,0,1,0,1,2,1,0,0,0.24273772217979894,0,0.6558750173355415,0.33403950274124783,0.1326746051547062,0
6_7,10.65,-61.35,38,0,0,0,0,0,1,0,1,2,0,0,0,0.24273772217979894,0,0.6558750173355415,0.33403950274124783,0.1326746051547062
6_7,10.65,-61.35,39,2,0,0,0,0,0,1,0,1,0.11727588181441943,0,0,0,0.24273772217979894,0,0.6558750173355415,0.33403950274124783
6_7,10.65,-61.35,40,1,0,0,0,0,0,0,1,0,0,0.11727588181441943,0,0,0,0.24273772217979894,0,0.6558750173355415
6_7,10.65,-61.35,41,2,0,0,0,0,0,0,0,1,0,0,0.11727588181441943,0,0,0,0.24273772217979894,0
6_7,10.65,-61.35,42,1,0,0,0,0,0,0,0,0,0.10287732011504006,0,0,0.11727588181441943,0,0,0,0.24273772217979894
6_7,10.65,-61.35,43,1,0,0,0,0,0,0,0,0,0,0.10287732011504006,0,0,0.11727588181441943,0,0,0
6_7,10.65,-61.35,44,2,0,0,0,0,0,0,0,0,0.5113920010526237,0,0.10287732011504006,0,0,0.11727588181441943,0,0
6_7,10.65,-61.35,45,2,0,0,0,0,0,0,0,0,0,0.5113920010526237,0,0.10287732011504006,0,0,0.11727588181441943,0
6_7,10.65,-61.35,46,0,0,0,0,0,0,0,0,0,0,0,0.5113920010526237,0,0.10287732011504006,0,0,0.11727588181441943
6_7,10.65,-61.35,47,0,0,0,0,0,0,0,0,0,0,0,0,0.5113920010526237,0,0.10287732011504006,0,0
6_7,10.65,-61.35,48,0,0,0,0,0,0,0,0,0,0,0,0,0,0.5113920010526237,0,0.10287732011504006,0
6_7,10.65,-61.35,49,1,0,0,0,0,0,0,0,0,0.08997037359431112,0,0,0,0,0.5113920010526237,0,0.10287732011504006
6_7,10.65,-61.35,50,2,0,0,0,0,0,0,0,0,0,0.08997037359431112,0,0,0,0,0.5113920010526237,0
6_7,10.65,-61.35,51,2,0,0,0,0,0,0,0,0,0,0,0.08997037359431112,0,0,0,0,0.5113920010526237
6_7,10.65,-61.35,52,0,0,0,0,0,0,0,0,0,0,0,0,0.08997037359431112,0,0,0,0
6_8,10.750000000000002,-61.35,0,0,0,,,,,,,,0,,,,,,,
6_8,10.750000000000002,-61.35,1,0,0,0,,,,,,,0,0,,,,,,
6_8,10.750000000000002,-61.35,2,0,0,0,0,,,,,,0,0,0,,,,,
6_8,10.750000000000002,-61.35,3,0,0,0,0,0,,,,,0,0,0,0,,,,
6_8,10.750000000000002,-61.35,4,0,0,0,0,0,0,,,,0,0,0,0,0,,,
6_8,10.750000000000002,-61.35,5,0,0,0,0,0,0,0,,,0,0,0,0,0,0,,
6_8,10.750000000000002,-61.35,6,0,0,0,0,0,0,0,0,,0,0,0,0,0,0,0,
6_8,10.750000000000002,-61.35,7,0,0,0,0,0,0,0,0,0,0,0,0,0,0,0,0,0
6_8,10.750000000000002,-61.35,8,0,0,0,0,0,0,0,0,0,0,0,0,0,0,0,0,0
6_8,10.750000000000002,-61.35,9,0,0,0,0,0,0,0,0,0,0,0,0,0,0,0,0,0
6_8,10.750000000000002,-61.35,10,0,0,0,0,0,0,0,0,0,0,0,0,0,0,0,0,0
6_8,10.750000000000002,-61.35,11,0,0,0,0,0,0,0,0,0,0,0,0,0,0,0,0,0
6_8,10.750000000000002,-61.35,12,0,0,0,0,0,0,0,0,0,0,0,0,0,0,0,0,0
6_8,10.750000000000002,-61.35,13,1,0,0,0,0,0,0,0,0,0,0,0,0,0,0,0,0
6_8,10.750000000000002,-61.35,14,0,0,0,0,0,0,0,0,0,0,0,0,0,0,0,0,0
6_8,10.750000000000002,-61.35,15,0,0,0,0,0,0,0,0,0,0,0,0,0,0,0,0,0
6_8,10.750000000000002,-61.35,16,0,0,0,0,0,0,0,0,0,0,0,0,0,0,0,0,0
6_8,10.750000000000002,-61.35,17,0,0,0,0,0,0,0,0,0,0,0,0,0,0,0,0,0
6_8,10.750000000000002,-61.35,18,0,0,0,0,0,0,0,0,0,0,0,0,0,0,0,0,0
6_8,10.750000000000002,-61.35,19,0,0,0,0,0,0,0,0,0,0,0,0,0,0,0,0,0
6_8,10.750000000000002,-61.35,20,0,0,0,0,0,0,0,0,0,0,0,0,0,0,0,0,0
6_8,10.750000000000002,-61.35,21,0,0,0,0,0,0,0,0,0,0,0,0,0,0,0,0,0
6_8,10.750000000000002,-61.35,22,1,0,0,0,0,0,0,0,0,0,0,0,0,0,0,0,0
6_8,10.750000000000002,-61.35,23,0,0,0,0,0,0,0,0,0,0,0,0,0,0,0,0,0
6_8,10.750000000000002,-61.35,24,0,0,0,0,0,0,0,0,0,0,0,0,0,0,0,0,0
6_8,10.750000000000002,-61.35,25,0,0,0,0,0,0,0,0,0,0,0,0,0,0,0,0,0
6_8,10.750000000000002,-61.35,26,0,0,0,0,0,0,0,0,0,0,0,0,0,0,0,0,0
6_8,10.750000000000002,-61.35,27,0,0,0,0,0,0,0,0,0,0,0,0,0,0,0,0,0
6_8,10.750000000000002,-61.35,28,0,0,0,0,0,0,0,0,0,0,0,0,0,0,0,0,0
6_8,10.750000000000002,-61.35,29,0,0,0,0,0,0,0,0,0,0,0,0,0,0,0,0,0
6_8,10.750000000000002,-61.35,30,0,0,0,0,0,0,0,0,0,0,0,0,0,0,0,0,0
6_8,10.750000000000002,-61.35,31,0,0,0,0,0,0,0,0,0,0,0,0,0,0,0,0,0
6_8,10.750000000000002,-61.35,32,0,0,0,0,0,0,0,0,0,0.11042569502185451,0,0,0,0,0,0,0
6_8,10.750000000000002,-61.35,33,0,0,0,0,0,0,0,0,0,0,0.11042569502185451,0,0,0,0,0,0
6_8,10.750000000000002,-61.35,34,0,0,0,0,0,0,0,0,0,0,0,0.11042569502185451,0,0,0,0,0
6_8,10.750000000000002,-61.35,35,0,0,0,0,0,0,0,0,0,0,0,0,0.11042569502185451,0,0,0,0
6_8,10.750000000000002,-61.35,36,0,0,0,0,0,0,0,0,0,0,0,0,0,0.11042569502185451,0,0,0
6_8,10.750000000000002,-61.35,37,0,0,0,0,0,0,0,0,0,0,0,0,0,0,0.11042569502185451,0,0
6_8,10.750000000000002,-61.35,38,0,0,0,0,0,0,0,0,0,0,0,0,0,0,0,0.11042569502185451,0
6_8,10.750000000000002,-61.35,39,0,0,0,0,0,0,0,0,0,0,0,0,0,0,0,0,0.11042569502185451
6_8,10.750000000000002,-61.35,40,0,0,0,0,0,0,0,0,0,0,0,0,0,0,0,0,0
6_8,10.750000000000002,-61.35,41,0,0,0,0,0,0,0,0,0,0,0,0,0,0,0,0,0
6_8,10.750000000000002,-61.35,42,0,0,0,0,0,0,0,0,0,0,0,0,0,0,0,0,0
6_8,10.750000000000002,-61.35,43,0,0,0,0,0,0,0,0,0,0,0,0,0,0,0,0,0
6_8,10.750000000000002,-61.35,44,0,0,0,0,0,0,0,0,0,0,0,0,0,0,0,0,0
6_8,10.750000000000002,-61.35,45,0,0,0,0,0,0,0,0,0,0,0,0,0,0,0,0,0
6_8,10.750000000000002,-61.35,46,0,0,0,0,0,0,0,0,0,0,0,0,0,0,0,0,0
6_8,10.750000000000002,-61.35,47,0,0,0,0,0,0,0,0,0,0,0,0,0,0,0,0,0
6_8,10.750000000000002,-61.35,48,0,0,0,0,0,0,0,0,0,0,0,0,0,0,0,0,0
6_8,10.750000000000002,-61.35,49,0,0,0,0,0,0,0,0,0,0,0,0,0,0,0,0,0
6_8,10.750000000000002,-61.35,50,0,0,0,0,0,0,0,0,0,0,0,0,0,0,0,0,0
6_8,10.750000000000002,-61.35,51,0,0,0,0,0,0,0,0,0,0,0,0,0,0,0,0,0
6_8,10.750000000000002,-61.35,52,0,0,0,0,0,0,0,0,0,0,0,0,0,0,0,0,0
6_9,10.85,-61.35,0,0,0,,,,,,,,0,,,,,,,
6_9,10.85,-61.35,1,0,0,0,,,,,,,0,0,,,,,,
6_9,10.85,-61.35,2,0,0,0,0,,,,,,0,0,0,,,,,
6_9,10.85,-61.35,3,0,0,0,0,0,,,,,0,0,0,0,,,,
6_9,10.85,-61.35,4,0,0,0,0,0,0,,,,0,0,0,0,0,,,
6_9,10.85,-61.35,5,1,0,0,0,0,0,0,,,0,0,0,0,0,0,,
6_9,10.85,-61.35,6,0,0,0,0,0,0,0,0,,0,0,0,0,0,0,0,
6_9,10.85,-61.35,7,0,0,0,0,0,0,0,0,0,0,0,0,0,0,0,0,0
6_9,10.85,-61.35,8,0,0,0,0,0,0,0,0,0,0,0,0,0,0,0,0,0
6_9,10.85,-61.35,9,0,0,0,0,0,0,0,0,0,0,0,0,0,0,0,0,0
6_9,10.85,-61.35,10,0,0,0,0,0,0,0,0,0,0,0,0,0,0,0,0,0
6_9,10.85,-61.35,11,0,0,0,0,0,0,0,0,0,0,0,0,0,0,0,0,0
6_9,10.85,-61.35,12,0,0,0,0,0,0,0,0,0,0,0,0,0,0,0,0,0
6_9,10.85,-61.35,13,0,0,0,0,0,0,0,0,0,0,0,0,0,0,0,0,0
6_9,10.85,-61.35,14,0,0,0,0,0,0,0,0,0,0,0,0,0,0,0,0,0
6_9,10.85,-61.35,15,0,0,0,0,0,0,0,0,0,0,0,0,0,0,0,0,0
6_9,10.85,-61.35,16,0,0,0,0,0,0,0,0,0,0,0,0,0,0,0,0,0
6_9,10.85,-61.35,17,0,0,0,0,0,0,0,0,0,0,0,0,0,0,0,0,0
6_9,10.85,-61.35,18,0,0,0,0,0,0,0,0,0,0,0,0,0,0,0,0,0
6_9,10.85,-61.35,19,0,0,0,0,0,0,0,0,0,0,0,0,0,0,0,0,0
6_9,10.85,-61.35,20,0,0,0,0,0,0,0,0,0,0,0,0,0,0,0,0,0
6_9,10.85,-61.35,21,0,0,0,0,0,0,0,0,0,0,0,0,0,0,0,0,0
6_9,10.85,-61.35,22,0,0,0,0,0,0,0,0,0,0,0,0,0,0,0,0,0
6_9,10.85,-61.35,23,0,0,0,0,0,0,0,0,0,0,0,0,0,0,0,0,0
6_9,10.85,-61.35,24,0,0,0,0,0,0,0,0,0,0,0,0,0,0,0,0,0
6_9,10.85,-61.35,25,0,0,0,0,0,0,0,0,0,0,0,0,0,0,0,0,0
6_9,10.85,-61.35,26,0,0,0,0,0,0,0,0,0,0,0,0,0,0,0,0,0
6_9,10.85,-61.35,27,0,0,0,0,0,0,0,0,0,0,0,0,0,0,0,0,0
6_9,10.85,-61.35,28,0,0,0,0,0,0,0,0,0,0,0,0,0,0,0,0,0
6_9,10.85,-61.35,29,0,0,0,0,0,0,0,0,0,0,0,0,0,0,0,0,0
6_9,10.85,-61.35,30,0,0,0,0,0,0,0,0,0,0,0,0,0,0,0,0,0
6_9,10.85,-61.35,31,0,0,0,0,0,0,0,0,0,0,0,0,0,0,0,0,0
6_9,10.85,-61.35,32,0,0,0,0,0,0,0,0,0,0,0,0,0,0,0,0,0
6_9,10.85,-61.35,33,0,0,0,0,0,0,0,0,0,0,0,0,0,0,0,0,0
6_9,10.85,-61.35,34,0,0,0,0,0,0,0,0,0,0,0,0,0,0,0,0,0
6_9,10.85,-61.35,35,0,0,0,0,0,0,0,0,0,0,0,0,0,0,0,0,0
6_9,10.85,-61.35,36,0,0,0,0,0,0,0,0,0,0,0,0,0,0,0,0,0
6_9,10.85,-61.35,37,0,0,0,0,0,0,0,0,0,0,0,0,0,0,0,0,0
6_9,10.85,-61.35,38,0,0,0,0,0,0,0,0,0,0,0,0,0,0,0,0,0
6_9,10.85,-61.35,39,0,0,0,0,0,0,0,0,0,0,0,0,0,0,0,0,0
6_9,10.85,-61.35,40,0,0,0,0,0,0,0,0,0,0,0,0,0,0,0,0,0
6_9,10.85,-61.35,41,0,0,0,0,0,0,0,0,0,0,0,0,0,0,0,0,0
6_9,10.85,-61.35,42,0,0,0,0,0,0,0,0,0,0,0,0,0,0,0,0,0
6_9,10.85,-61.35,43,0,0,0,0,0,0,0,0,0,0,0,0,0,0,0,0,0
6_9,10.85,-61.35,44,0,0,0,0,0,0,0,0,0,0,0,0,0,0,0,0,0
6_9,10.85,-61.35,45,0,0,0,0,0,0,0,0,0,0,0,0,0,0,0,0,0
6_9,10.85,-61.35,46,0,0,0,0,0,0,0,0,0,0,0,0,0,0,0,0,0
6_9,10.85,-61.35,47,0,0,0,0,0,0,0,0,0,0,0,0,0,0,0,0,0
6_9,10.85,-61.35,48,0,0,0,0,0,0,0,0,0,0,0,0,0,0,0,0,0
6_9,10.85,-61.35,49,0,0,0,0,0,0,0,0,0,0,0,0,0,0,0,0,0
6_9,10.85,-61.35,50,0,0,0,0,0,0,0,0,0,0,0,0,0,0,0,0,0
6_9,10.85,-61.35,51,0,0,0,0,0,0,0,0,0,0,0,0,0,0,0,0,0
6_9,10.85,-61.35,52,0,0,0,0,0,0,0,0,0,0,0,0,0,0,0,0,0
7_1,10.05,-61.25,0,0,0,,,,,,,,0,,,,,,,
7_1,10.05,-61.25,1,0,0,0,,,,,,,0,0,,,,,,
7_1,10.05,-61.25,2,0,0,0,0,,,,,,0,0,0,,,,,
7_1,10.05,-61.25,3,0,0,0,0,0,,,,,0,0,0,0,,,,
7_1,10.05,-61.25,4,0,0,0,0,0,0,,,,0,0,0,0,0,,,
7_1,10.05,-61.25,5,0,0,0,0,0,0,0,,,0,0,0,0,0,0,,
7_1,10.05,-61.25,6,0,0,0,0,0,0,0,0,,0,0,0,0,0,0,0,
7_1,10.05,-61.25,7,0,0,0,0,0,0,0,0,0,0,0,0,0,0,0,0,0
7_1,10.05,-61.25,8,0,0,0,0,0,0,0,0,0,0,0,0,0,0,0,0,0
7_1,10.05,-61.25,9,0,0,0,0,0,0,0,0,0,0,0,0,0,0,0,0,0
7_1,10.05,-61.25,10,0,0,0,0,0,0,0,0,0,0,0,0,0,0,0,0,0
7_1,10.05,-61.25,11,0,0,0,0,0,0,0,0,0,0,0,0,0,0,0,0,0
7_1,10.05,-61.25,12,0,0,0,0,0,0,0,0,0,0,0,0,0,0,0,0,0
7_1,10.05,-61.25,13,0,0,0,0,0,0,0,0,0,0,0,0,0,0,0,0,0
7_1,10.05,-61.25,14,0,0,0,0,0,0,0,0,0,0,0,0,0,0,0,0,0
7_1,10.05,-61.25,15,0,0,0,0,0,0,0,0,0,0,0,0,0,0,0,0,0
7_1,10.05,-61.25,16,0,0,0,0,0,0,0,0,0,0,0,0,0,0,0,0,0
7_1,10.05,-61.25,17,0,0,0,0,0,0,0,0,0,0,0,0,0,0,0,0,0
7_1,10.05,-61.25,18,0,0,0,0,0,0,0,0,0,0,0,0,0,0,0,0,0
7_1,10.05,-61.25,19,0,0,0,0,0,0,0,0,0,0,0,0,0,0,0,0,0
7_1,10.05,-61.25,20,0,0,0,0,0,0,0,0,0,0,0,0,0,0,0,0,0
7_1,10.05,-61.25,21,0,0,0,0,0,0,0,0,0,0,0,0,0,0,0,0,0
7_1,10.05,-61.25,22,0,0,0,0,0,0,0,0,0,0,0,0,0,0,0,0,0
7_1,10.05,-61.25,23,0,0,0,0,0,0,0,0,0,0,0,0,0,0,0,0,0
7_1,10.05,-61.25,24,0,0,0,0,0,0,0,0,0,0,0,0,0,0,0,0,0
7_1,10.05,-61.25,25,0,0,0,0,0,0,0,0,0,0,0,0,0,0,0,0,0
7_1,10.05,-61.25,26,0,0,0,0,0,0,0,0,0,0,0,0,0,0,0,0,0
7_1,10.05,-61.25,27,0,0,0,0,0,0,0,0,0,0,0,0,0,0,0,0,0
7_1,10.05,-61.25,28,0,0,0,0,0,0,0,0,0,0,0,0,0,0,0,0,0
7_1,10.05,-61.25,29,0,0,0,0,0,0,0,0,0,0,0,0,0,0,0,0,0
7_1,10.05,-61.25,30,0,0,0,0,0,0,0,0,0,0,0,0,0,0,0,0,0
7_1,10.05,-61.25,31,1,0,0,0,0,0,0,0,0,0,0,0,0,0,0,0,0
7_1,10.05,-61.25,32,0,0,0,0,0,0,0,0,0,0.36415066060901224,0,0,0,0,0,0,0
7_1,10.05,-61.25,33,0,0,0,0,0,0,0,0,0,0,0.36415066060901224,0,0,0,0,0,0
7_1,10.05,-61.25,34,0,0,0,0,0,0,0,0,0,0,0,0.36415066060901224,0,0,0,0,0
7_1,10.05,-61.25,35,0,0,0,0,0,0,0,0,0,0,0,0,0.36415066060901224,0,0,0,0
7_1,10.05,-61.25,36,0,0,0,0,0,0,0,0,0,0,0,0,0,0.36415066060901224,0,0,0
7_1,10.05,-61.25,37,0,0,0,0,0,0,0,0,0,0,0,0,0,0,0.36415066060901224,0,0
7_1,10.05,-61.25,38,0,0,0,0,0,0,0,0,0,0,0,0,0,0,0,0.36415066060901224,0
7_1,10.05,-61.25,39,0,0,0,0,0,0,0,0,0,0,0,0,0,0,0,0,0.36415066060901224
7_1,10.05,-61.25,40,0,0,0,0,0,0,0,0,0,0,0,0,0,0,0,0,0
7_1,10.05,-61.25,41,0,0,0,0,0,0,0,0,0,0,0,0,0,0,0,0,0
7_1,10.05,-61.25,42,0,0,0,0,0,0,0,0,0,0,0,0,0,0,0,0,0
7_1,10.05,-61.25,43,0,0,0,0,0,0,0,0,0,0,0,0,0,0,0,0,0
7_1,10.05,-61.25,44,0,0,0,0,0,0,0,0,0,0,0,0,0,0,0,0,0
7_1,10.05,-61.25,45,0,0,0,0,0,0,0,0,0,0,0,0,0,0,0,0,0
7_1,10.05,-61.25,46,0,0,0,0,0,0,0,0,0,0,0,0,0,0,0,0,0
7_1,10.05,-61.25,47,0,0,0,0,0,0,0,0,0,0,0,0,0,0,0,0,0
7_1,10.05,-61.25,48,0,0,0,0,0,0,0,0,0,0,0,0,0,0,0,0,0
7_1,10.05,-61.25,49,0,0,0,0,0,0,0,0,0,0,0,0,0,0,0,0,0
7_1,10.05,-61.25,50,0,0,0,0,0,0,0,0,0,0,0,0,0,0,0,0,0
7_1,10.05,-61.25,51,0,0,0,0,0,0,0,0,0,0,0,0,0,0,0,0,0
7_1,10.05,-61.25,52,0,0,0,0,0,0,0,0,0,0,0,0,0,0,0,0,0
7_2,10.15,-61.25,0,0,0,,,,,,,,0,,,,,,,
7_2,10.15,-61.25,1,0,0,0,,,,,,,0,0,,,,,,
7_2,10.15,-61.25,2,0,0,0,0,,,,,,0,0,0,,,,,
7_2,10.15,-61.25,3,0,0,0,0,0,,,,,0,0,0,0,,,,
7_2,10.15,-61.25,4,0,0,0,0,0,0,,,,0,0,0,0,0,,,
7_2,10.15,-61.25,5,0,0,0,0,0,0,0,,,0,0,0,0,0,0,,
7_2,10.15,-61.25,6,0,0,0,0,0,0,0,0,,0,0,0,0,0,0,0,
7_2,10.15,-61.25,7,0,0,0,0,0,0,0,0,0,0,0,0,0,0,0,0,0
7_2,10.15,-61.25,8,0,0,0,0,0,0,0,0,0,0,0,0,0,0,0,0,0
7_2,10.15,-61.25,9,0,0,0,0,0,0,0,0,0,0,0,0,0,0,0,0,0
7_2,10.15,-61.25,10,0,0,0,0,0,0,0,0,0,0,0,0,0,0,0,0,0
7_2,10.15,-61.25,11,0,0,0,0,0,0,0,0,0,0,0,0,0,0,0,0,0
7_2,10.15,-61.25,12,0,0,0,0,0,0,0,0,0,0,0,0,0,0,0,0,0
7_2,10.15,-61.25,13,0,0,0,0,0,0,0,0,0,0,0,0,0,0,0,0,0
7_2,10.15,-61.25,14,0,0,0,0,0,0,0,0,0,0,0,0,0,0,0,0,0
7_2,10.15,-61.25,15,1,0,0,0,0,0,0,0,0,0,0,0,0,0,0,0,0
7_2,10.15,-61.25,16,0,0,0,0,0,0,0,0,0,0,0,0,0,0,0,0,0
7_2,10.15,-61.25,17,0,0,0,0,0,0,0,0,0,0,0,0,0,0,0,0,0
7_2,10.15,-61.25,18,0,0,0,0,0,0,0,0,0,0,0,0,0,0,0,0,0
7_2,10.15,-61.25,19,0,0,0,0,0,0,0,0,0,0,0,0,0,0,0,0,0
7_2,10.15,-61.25,20,0,0,0,0,0,0,0,0,0,0,0,0,0,0,0,0,0
7_2,10.15,-61.25,21,0,0,0,0,0,0,0,0,0,0,0,0,0,0,0,0,0
7_2,10.15,-61.25,22,0,0,0,0,0,0,0,0,0,0,0,0,0,0,0,0,0
7_2,10.15,-61.25,23,0,0,0,0,0,0,0,0,0,0,0,0,0,0,0,0,0
7_2,10.15,-61.25,24,0,0,0,0,0,0,0,0,0,0,0,0,0,0,0,0,0
7_2,10.15,-61.25,25,0,0,0,0,0,0,0,0,0,0,0,0,0,0,0,0,0
7_2,10.15,-61.25,26,0,0,0,0,0,0,0,0,0,0,0,0,0,0,0,0,0
7_2,10.15,-61.25,27,0,0,0,0,0,0,0,0,0,0,0,0,0,0,0,0,0
7_2,10.15,-61.25,28,1,0,0,0,0,0,0,0,0,0,0,0,0,0,0,0,0
7_2,10.15,-61.25,29,1,0,0,0,0,0,0,0,0,0,0,0,0,0,0,0,0
7_2,10.15,-61.25,30,0,0,0,0,0,0,0,0,0,0,0,0,0,0,0,0,0
7_2,10.15,-61.25,31,0,0,0,0,0,0,0,0,0,0,0,0,0,0,0,0,0
7_2,10.15,-61.25,32,0,1,0,0,0,0,0,0,0,0.18878905223248835,0,0,0,0,0,0,0
7_2,10.15,-61.25,33,0,0,1,0,0,0,0,0,0,0,0.18878905223248835,0,0,0,0,0,0
7_2,10.15,-61.25,34,0,0,0,1,0,0,0,0,0,0,0,0.18878905223248835,0,0,0,0,0
7_2,10.15,-61.25,35,0,0,0,0,1,0,0,0,0,0,0,0,0.18878905223248835,0,0,0,0
7_2,10.15,-61.25,36,0,0,0,0,0,1,0,0,0,0,0,0,0,0.18878905223248835,0,0,0
7_2,10.15,-61.25,37,0,0,0,0,0,0,1,0,0,0,0,0,0,0,0.18878905223248835,0,0
7_2,10.15,-61.25,38,0,0,0,0,0,0,0,1,0,0,0,0,0,0,0,0.18878905223248835,0
7_2,10.15,-61.25,39,0,0,0,0,0,0,0,0,1,0,0,0,0,0,0,0,0.18878905223248835
7_2,10.15,-61.25,40,0,0,0,0,0,0,0,0,0,0,0,0,0,0,0,0,0
7_2,10.15,-61.25,41,0,0,0,0,0,0,0,0,0,0,0,0,0,0,0,0,0
7_2,10.15,-61.25,42,0,0,0,0,0,0,0,0,0,0,0,0,0,0,0,0,0
7_2,10.15,-61.25,43,0,0,0,0,0,0,0,0,0,0,0,0,0,0,0,0,0
7_2,10.15,-61.25,44,0,0,0,0,0,0,0,0,0,0,0,0,0,0,0,0,0
7_2,10.15,-61.25,45,0,0,0,0,0,0,0,0,0,0,0,0,0,0,0,0,0
7_2,10.15,-61.25,46,0,0,0,0,0,0,0,0,0,0,0,0,0,0,0,0,0
7_2,10.15,-61.25,47,0,0,0,0,0,0,0,0,0,0,0,0,0,0,0,0,0
7_2,10.15,-61.25,48,0,0,0,0,0,0,0,0,0,0,0,0,0,0,0,0,0
7_2,10.15,-61.25,49,0,0,0,0,0,0,0,0,0,0,0,0,0,0,0,0,0
7_2,10.15,-61.25,50,0,0,0,0,0,0,0,0,0,0,0,0,0,0,0,0,0
7_2,10.15,-61.25,51,0,0,0,0,0,0,0,0,0,0,0,0,0,0,0,0,0
7_2,10.15,-61.25,52,0,0,0,0,0,0,0,0,0,0,0,0,0,0,0,0,0
7_3,10.25,-61.25000000000001,0,0,0,,,,,,,,0,,,,,,,
7_3,10.25,-61.25000000000001,1,0,0,0,,,,,,,0,0,,,,,,
7_3,10.25,-61.25000000000001,2,0,0,0,0,,,,,,0,0,0,,,,,
7_3,10.25,-61.25000000000001,3,0,0,0,0,0,,,,,0,0,0,0,,,,
7_3,10.25,-61.25000000000001,4,0,0,0,0,0,0,,,,0,0,0,0,0,,,
7_3,10.25,-61.25000000000001,5,0,0,0,0,0,0,0,,,0,0,0,0,0,0,,
7_3,10.25,-61.25000000000001,6,0,0,0,0,0,0,0,0,,0,0,0,0,0,0,0,
7_3,10.25,-61.25000000000001,7,0,0,0,0,0,0,0,0,0,0,0,0,0,0,0,0,0
7_3,10.25,-61.25000000000001,8,0,0,0,0,0,0,0,0,0,0,0,0,0,0,0,0,0
7_3,10.25,-61.25000000000001,9,0,0,0,0,0,0,0,0,0,0,0,0,0,0,0,0,0
7_3,10.25,-61.25000000000001,10,0,0,0,0,0,0,0,0,0,0,0,0,0,0,0,0,0
7_3,10.25,-61.25000000000001,11,0,0,0,0,0,0,0,0,0,0,0,0,0,0,0,0,0
7_3,10.25,-61.25000000000001,12,0,0,0,0,0,0,0,0,0,0,0,0,0,0,0,0,0
7_3,10.25,-61.25000000000001,13,0,0,0,0,0,0,0,0,0,0,0,0,0,0,0,0,0
7_3,10.25,-61.25000000000001,14,0,0,0,0,0,0,0,0,0,0,0,0,0,0,0,0,0
7_3,10.25,-61.25000000000001,15,0,0,0,0,0,0,0,0,0,0,0,0,0,0,0,0,0
7_3,10.25,-61.25000000000001,16,0,0,0,0,0,0,0,0,0,0,0,0,0,0,0,0,0
7_3,10.25,-61.25000000000001,17,0,0,0,0,0,0,0,0,0,0,0,0,0,0,0,0,0
7_3,10.25,-61.25000000000001,18,0,0,0,0,0,0,0,0,0,0,0,0,0,0,0,0,0
7_3,10.25,-61.25000000000001,19,0,0,0,0,0,0,0,0,0,0,0,0,0,0,0,0,0
7_3,10.25,-61.25000000000001,20,0,0,0,0,0,0,0,0,0,0,0,0,0,0,0,0,0
7_3,10.25,-61.25000000000001,21,0,0,0,0,0,0,0,0,0,0,0,0,0,0,0,0,0
7_3,10.25,-61.25000000000001,22,0,0,0,0,0,0,0,0,0,0,0,0,0,0,0,0,0
7_3,10.25,-61.25000000000001,23,0,0,0,0,0,0,0,0,0,0,0,0,0,0,0,0,0
7_3,10.25,-61.25000000000001,24,0,0,0,0,0,0,0,0,0,0,0,0,0,0,0,0,0
7_3,10.25,-61.25000000000001,25,1,0,0,0,0,0,0,0,0,0,0,0,0,0,0,0,0
7_3,10.25,-61.25000000000001,26,0,0,0,0,0,0,0,0,0,0,0,0,0,0,0,0,0
7_3,10.25,-61.25000000000001,27,0,0,0,0,0,0,0,0,0,0,0,0,0,0,0,0,0
7_3,10.25,-61.25000000000001,28,0,0,0,0,0,0,0,0,0,0,0,0,0,0,0,0,0
7_3,10.25,-61.25000000000001,29,0,0,0,0,0,0,0,0,0,0,0,0,0,0,0,0,0
7_3,10.25,-61.25000000000001,30,0,0,0,0,0,0,0,0,0,0,0,0,0,0,0,0,0
7_3,10.25,-61.25000000000001,31,0,0,0,0,0,0,0,0,0,0,0,0,0,0,0,0,0
7_3,10.25,-61.25000000000001,32,0,0,0,0,0,0,0,0,0,0,0,0,0,0,0,0,0
7_3,10.25,-61.25000000000001,33,0,0,0,0,0,0,0,0,0,0,0,0,0,0,0,0,0
7_3,10.25,-61.25000000000001,34,0,0,0,0,0,0,0,0,0,0,0,0,0,0,0,0,0
7_3,10.25,-61.25000000000001,35,0,0,0,0,0,0,0,0,0,0,0,0,0,0,0,0,0
7_3,10.25,-61.25000000000001,36,0,0,0,0,0,0,0,0,0,0,0,0,0,0,0,0,0
7_3,10.25,-61.25000000000001,37,0,0,0,0,0,0,0,0,0,0,0,0,0,0,0,0,0
7_3,10.25,-61.25000000000001,38,0,0,0,0,0,0,0,0,0,0,0,0,0,0,0,0,0
7_3,10.25,-61.25000000000001,39,0,0,0,0,0,0,0,0,0,0,0,0,0,0,0,0,0
7_3,10.25,-61.25000000000001,40,0,0,0,0,0,0,0,0,0,0,0,0,0,0,0,0,0
7_3,10.25,-61.25000000000001,41,0,0,0,0,0,0,0,0,0,0,0,0,0,0,0,0,0
7_3,10.25,-61.25000000000001,42,0,0,0,0,0,0,0,0,0,0,0,0,0,0,0,0,0
7_3,10.25,-61.25000000000001,43,0,0,0,0,0,0,0,0,0,0,0,0,0,0,0,0,0
7_3,10.25,-61.25000000000001,44,0,0,0,0,0,0,0,0,0,0,0,0,0,0,0,0,0
7_3,10.25,-61.25000000000001,45,0,0,0,0,0,0,0,0,0,0,0,0,0,0,0,0,0
7_3,10.25,-61.25000000000001,46,0,0,0,0,0,0,0,0,0,0,0,0,0,0,0,0,0
7_3,10.25,-61.25000000000001,47,0,0,0,0,0,0,0,0,0,0,0,0,0,0,0,0,0
7_3,10.25,-61.25000000000001,48,0,0,0,0,0,0,0,0,0,0,0,0,0,0,0,0,0
7_3,10.25,-61.25000000000001,49,0,0,0,0,0,0,0,0,0,0,0,0,0,0,0,0,0
7_3,10.25,-61.25000000000001,50,0,0,0,0,0,0,0,0,0,0,0,0,0,0,0,0,0
7_3,10.25,-61.25000000000001,51,0,0,0,0,0,0,0,0,0,0,0,0,0,0,0,0,0
7_3,10.25,-61.25000000000001,52,0,0,0,0,0,0,0,0,0,0,0,0,0,0,0,0,0
7_4,10.35,-61.25,0,0,0,,,,,,,,0,,,,,,,
7_4,10.35,-61.25,1,0,0,0,,,,,,,0,0,,,,,,
7_4,10.35,-61.25,2,0,0,0,0,,,,,,0,0,0,,,,,
7_4,10.35,-61.25,3,0,0,0,0,0,,,,,0,0,0,0,,,,
7_4,10.35,-61.25,4,0,0,0,0,0,0,,,,0,0,0,0,0,,,
7_4,10.35,-61.25,5,0,0,0,0,0,0,0,,,0,0,0,0,0,0,,
7_4,10.35,-61.25,6,1,0,0,0,0,0,0,0,,0,0,0,0,0,0,0,
7_4,10.35,-61.25,7,0,0,0,0,0,0,0,0,0,0,0,0,0,0,0,0,0
7_4,10.35,-61.25,8,0,0,0,0,0,0,0,0,0,0,0,0,0,0,0,0,0
7_4,10.35,-61.25,9,0,0,0,0,0,0,0,0,0,0,0,0,0,0,0,0,0
7_4,10.35,-61.25,10,0,0,0,0,0,0,0,0,0,0,0,0,0,0,0,0,0
7_4,10.35,-61.25,11,0,0,0,0,0,0,0,0,0,0,0,0,0,0,0,0,0
7_4,10.35,-61.25,12,0,0,0,0,0,0,0,0,0,0,0,0,0,0,0,0,0
7_4,10.35,-61.25,13,0,0,0,0,0,0,0,0,0,0,0,0,0,0,0,0,0
7_4,10.35,-61.25,14,0,0,0,0,0,0,0,0,0,0,0,0,0,0,0,0,0
7_4,10.35,-61.25,15,0,0,0,0,0,0,0,0,0,0,0,0,0,0,0,0,0
7_4,10.35,-61.25,16,1,0,0,0,0,0,0,0,0,0,0,0,0,0,0,0,0
7_4,10.35,-61.25,17,0,0,0,0,0,0,0,0,0,0,0,0,0,0,0,0,0
7_4,10.35,-61.25,18,0,0,0,0,0,0,0,0,0,0,0,0,0,0,0,0,0
7_4,10.35,-61.25,19,0,0,0,0,0,0,0,0,0,0,0,0,0,0,0,0,0
7_4,10.35,-61.25,20,0,0,0,0,0,0,0,0,0,0,0,0,0,0,0,0,0
7_4,10.35,-61.25,21,0,0,0,0,0,0,0,0,0,0,0,0,0,0,0,0,0
7_4,10.35,-61.25,22,0,0,0,0,0,0,0,0,0,0,0,0,0,0,0,0,0
7_4,10.35,-61.25,23,0,0,0,0,0,0,0,0,0,0,0,0,0,0,0,0,0
7_4,10.35,-61.25,24,0,0,0,0,0,0,0,0,0,0,0,0,0,0,0,0,0
7_4,10.35,-61.25,25,0,0,0,0,0,0,0,0,0,0,0,0,0,0,0,0,0
7_4,10.35,-61.25,26,0,0,0,0,0,0,0,0,0,0,0,0,0,0,0,0,0
7_4,10.35,-61.25,27,0,0,0,0,0,0,0,0,0,0,0,0,0,0,0,0,0
7_4,10.35,-61.25,28,0,0,0,0,0,0,0,0,0,0,0,0,0,0,0,0,0
7_4,10.35,-61.25,29,0,0,0,0,0,0,0,0,0,0,0,0,0,0,0,0,0
7_4,10.35,-61.25,30,0,0,0,0,0,0,0,0,0,0,0,0,0,0,0,0,0
7_4,10.35,-61.25,31,0,0,0,0,0,0,0,0,0,0,0,0,0,0,0,0,0
7_4,10.35,-61.25,32,0,0,0,0,0,0,0,0,0,0,0,0,0,0,0,0,0
7_4,10.35,-61.25,33,0,0,0,0,0,0,0,0,0,0,0,0,0,0,0,0,0
7_4,10.35,-61.25,34,0,0,0,0,0,0,0,0,0,0,0,0,0,0,0,0,0
7_4,10.35,-61.25,35,0,0,0,0,0,0,0,0,0,0,0,0,0,0,0,0,0
7_4,10.35,-61.25,36,0,0,0,0,0,0,0,0,0,0,0,0,0,0,0,0,0
7_4,10.35,-61.25,37,0,0,0,0,0,0,0,0,0,0,0,0,0,0,0,0,0
7_4,10.35,-61.25,38,0,0,0,0,0,0,0,0,0,0,0,0,0,0,0,0,0
7_4,10.35,-61.25,39,1,0,0,0,0,0,0,0,0,0,0,0,0,0,0,0,0
7_4,10.35,-61.25,40,0,0,0,0,0,0,0,0,0,0,0,0,0,0,0,0,0
7_4,10.35,-61.25,41,0,0,0,0,0,0,0,0,0,0,0,0,0,0,0,0,0
7_4,10.35,-61.25,42,0,0,0,0,0,0,0,0,0,0,0,0,0,0,0,0,0
7_4,10.35,-61.25,43,1,0,0,0,0,0,0,0,0,0,0,0,0,0,0,0,0
7_4,10.35,-61.25,44,0,0,0,0,0,0,0,0,0,0,0,0,0,0,0,0,0
7_4,10.35,-61.25,45,0,0,0,0,0,0,0,0,0,0,0,0,0,0,0,0,0
7_4,10.35,-61.25,46,0,0,0,0,0,0,0,0,0,0,0,0,0,0,0,0,0
7_4,10.35,-61.25,47,0,0,0,0,0,0,0,0,0,0,0,0,0,0,0,0,0
7_4,10.35,-61.25,48,0,0,0,0,0,0,0,0,0,0,0,0,0,0,0,0,0
7_4,10.35,-61.25,49,0,0,0,0,0,0,0,0,0,0,0,0,0,0,0,0,0
7_4,10.35,-61.25,50,0,0,0,0,0,0,0,0,0,0,0,0,0,0,0,0,0
7_4,10.35,-61.25,51,0,0,0,0,0,0,0,0,0,0,0,0,0,0,0,0,0
7_4,10.35,-61.25,52,0,0,0,0,0,0,0,0,0,0,0,0,0,0,0,0,0
7_5,10.45,-61.25,0,0,0,,,,,,,,0,,,,,,,
7_5,10.45,-61.25,1,0,0,0,,,,,,,0,0,,,,,,
7_5,10.45,-61.25,2,0,0,0,0,,,,,,0,0,0,,,,,
7_5,10.45,-61.25,3,0,0,0,0,0,,,,,0,0,0,0,,,,
7_5,10.45,-61.25,4,0,0,0,0,0,0,,,,0,0,0,0,0,,,
7_5,10.45,-61.25,5,0,0,0,0,0,0,0,,,0,0,0,0,0,0,,
7_5,10.45,-61.25,6,0,0,0,0,0,0,0,0,,0,0,0,0,0,0,0,
7_5,10.45,-61.25,7,0,0,0,0,0,0,0,0,0,0,0,0,0,0,0,0,0
7_5,10.45,-61.25,8,0,0,0,0,0,0,0,0,0,0,0,0,0,0,0,0,0
7_5,10.45,-61.25,9,0,0,0,0,0,0,0,0,0,0,0,0,0,0,0,0,0
7_5,10.45,-61.25,10,0,0,0,0,0,0,0,0,0,0,0,0,0,0,0,0,0
7_5,10.45,-61.25,11,0,0,0,0,0,0,0,0,0,0,0,0,0,0,0,0,0
7_5,10.45,-61.25,12,0,0,0,0,0,0,0,0,0,0,0,0,0,0,0,0,0
7_5,10.45,-61.25,13,0,0,0,0,0,0,0,0,0,0,0,0,0,0,0,0,0
7_5,10.45,-61.25,14,0,0,0,0,0,0,0,0,0,0,0,0,0,0,0,0,0
7_5,10.45,-61.25,15,0,0,0,0,0,0,0,0,0,0,0,0,0,0,0,0,0
7_5,10.45,-61.25,16,0,0,0,0,0,0,0,0,0,0,0,0,0,0,0,0,0
7_5,10.45,-61.25,17,0,0,0,0,0,0,0,0,0,0,0,0,0,0,0,0,0
7_5,10.45,-61.25,18,0,0,0,0,0,0,0,0,0,0,0,0,0,0,0,0,0
7_5,10.45,-61.25,19,0,0,0,0,0,0,0,0,0,0,0,0,0,0,0,0,0
7_5,10.45,-61.25,20,0,0,0,0,0,0,0,0,0,0,0,0,0,0,0,0,0
7_5,10.45,-61.25,21,0,0,0,0,0,0,0,0,0,0,0,0,0,0,0,0,0
7_5,10.45,-61.25,22,0,0,0,0,0,0,0,0,0,0,0,0,0,0,0,0,0
7_5,10.45,-61.25,23,1,0,0,0,0,0,0,0,0,0,0,0,0,0,0,0,0
7_5,10.45,-61.25,24,0,0,0,0,0,0,0,0,0,0,0,0,0,0,0,0,0
7_5,10.45,-61.25,25,0,0,0,0,0,0,0,0,0,0,0,0,0,0,0,0,0
7_5,10.45,-61.25,26,0,0,0,0,0,0,0,0,0,0,0,0,0,0,0,0,0
7_5,10.45,-61.25,27,0,0,0,0,0,0,0,0,0,0,0,0,0,0,0,0,0
7_5,10.45,-61.25,28,0,0,0,0,0,0,0,0,0,0,0,0,0,0,0,0,0
7_5,10.45,-61.25,29,0,0,0,0,0,0,0,0,0,0,0,0,0,0,0,0,0
7_5,10.45,-61.25,30,0,0,0,0,0,0,0,0,0,0,0,0,0,0,0,0,0
7_5,10.45,-61.25,31,0,0,0,0,0,0,0,0,0,0,0,0,0,0,0,0,0
7_5,10.45,-61.25,32,0,0,0,0,0,0,0,0,0,0,0,0,0,0,0,0,0
7_5,10.45,-61.25,33,0,0,0,0,0,0,0,0,0,0,0,0,0,0,0,0,0
7_5,10.45,-61.25,34,0,0,0,0,0,0,0,0,0,0,0,0,0,0,0,0,0
7_5,10.45,-61.25,35,0,0,0,0,0,0,0,0,0,0,0,0,0,0,0,0,0
7_5,10.45,-61.25,36,0,0,0,0,0,0,0,0,0,0,0,0,0,0,0,0,0
7_5,10.45,-61.25,37,0,0,0,0,0,0,0,0,0,0,0,0,0,0,0,0,0
7_5,10.45,-61.25,38,0,0,0,0,0,0,0,0,0,0,0,0,0,0,0,0,0
7_5,10.45,-61.25,39,0,0,0,0,0,0,0,0,0,0,0,0,0,0,0,0,0
7_5,10.45,-61.25,40,0,0,0,0,0,0,0,0,0,0,0,0,0,0,0,0,0
7_5,10.45,-61.25,41,0,0,0,0,0,0,0,0,0,0,0,0,0,0,0,0,0
7_5,10.45,-61.25,42,0,0,0,0,0,0,0,0,0,0,0,0,0,0,0,0,0
7_5,10.45,-61.25,43,0,0,0,0,0,0,0,0,0,0,0,0,0,0,0,0,0
7_5,10.45,-61.25,44,0,0,0,0,0,0,0,0,0,0,0,0,0,0,0,0,0
7_5,10.45,-61.25,45,0,0,0,0,0,0,0,0,0,0,0,0,0,0,0,0,0
7_5,10.45,-61.25,46,0,0,0,0,0,0,0,0,0,0,0,0,0,0,0,0,0
7_5,10.45,-61.25,47,0,0,0,0,0,0,0,0,0,0,0,0,0,0,0,0,0
7_5,10.45,-61.25,48,0,0,0,0,0,0,0,0,0,0,0,0,0,0,0,0,0
7_5,10.45,-61.25,49,0,0,0,0,0,0,0,0,0,0,0,0,0,0,0,0,0
7_5,10.45,-61.25,50,0,0,0,0,0,0,0,0,0,0,0,0,0,0,0,0,0
7_5,10.45,-61.25,51,0,0,0,0,0,0,0,0,0,0,0,0,0,0,0,0,0
7_5,10.45,-61.25,52,0,0,0,0,0,0,0,0,0,0,0,0,0,0,0,0,0
7_6,10.55,-61.25,0,0,0,,,,,,,,0,,,,,,,
7_6,10.55,-61.25,1,1,0,0,,,,,,,0,0,,,,,,
7_6,10.55,-61.25,2,1,0,0,0,,,,,,0,0,0,,,,,
7_6,10.55,-61.25,3,0,0,0,0,0,,,,,0,0,0,0,,,,
7_6,10.55,-61.25,4,1,0,0,0,0,0,,,,0,0,0,0,0,,,
7_6,10.55,-61.25,5,0,0,0,0,0,0,0,,,0,0,0,0,0,0,,
7_6,10.55,-61.25,6,1,0,0,0,0,0,0,0,,0,0,0,0,0,0,0,
7_6,10.55,-61.25,7,1,0,0,0,0,0,0,0,0,0,0,0,0,0,0,0,0
7_6,10.55,-61.25,8,0,0,0,0,0,0,0,0,0,0.46216256224495605,0,0,0,0,0,0,0
7_6,10.55,-61.25,9,1,0,0,0,0,0,0,0,0,0,0.46216256224495605,0,0,0,0,0,0
7_6,10.55,-61.25,10,0,0,0,0,0,0,0,0,0,0,0,0.46216256224495605,0,0,0,0,0
7_6,10.55,-61.25,11,0,0,0,0,0,0,0,0,0,0,0,0,0.46216256224495605,0,0,0,0
7_6,10.55,-61.25,12,0,0,0,0,0,0,0,0,0,0,0,0,0,0.46216256224495605,0,0,0
7_6,10.55,-61.25,13,0,0,0,0,0,0,0,0,0,0,0,0,0,0,0.46216256224495605,0,0
7_6,10.55,-61.25,14,2,0,0,0,0,0,0,0,0,0,0,0,0,0,0,0.46216256224495605,0
7_6,10.55,-61.25,15,0,0,0,0,0,0,0,0,0,0,0,0,0,0,0,0,0.46216256224495605
7_6,10.55,-61.25,16,0,0,0,0,0,0,0,0,0,0,0,0,0,0,0,0,0
7_6,10.55,-61.25,17,1,0,0,0,0,0,0,0,0,0,0,0,0,0,0,0,0
7_6,10.55,-61.25,18,1,0,0,0,0,0,0,0,0,0,0,0,0,0,0,0,0
7_6,10.55,-61.25,19,0,0,0,0,0,0,0,0,0,0,0,0,0,0,0,0,0
7_6,10.55,-61.25,20,1,0,0,0,0,0,0,0,0,0,0,0,0,0,0,0,0
7_6,10.55,-61.25,21,2,0,0,0,0,0,0,0,0,0,0,0,0,0,0,0,0
7_6,10.55,-61.25,22,0,0,0,0,0,0,0,0,0,0,0,0,0,0,0,0,0
7_6,10.55,-61.25,23,1,0,0,0,0,0,0,0,0,0,0,0,0,0,0,0,0
7_6,10.55,-61.25,24,1,0,0,0,0,0,0,0,0,0,0,0,0,0,0,0,0
7_6,10.55,-61.25,25,0,0,0,0,0,0,0,0,0,0,0,0,0,0,0,0,0
7_6,10.55,-61.25,26,1,0,0,0,0,0,0,0,0,0,0,0,0,0,0,0,0
7_6,10.55,-61.25,27,0,0,0,0,0,0,0,0,0,0,0,0,0,0,0,0,0
7_6,10.55,-61.25,28,0,0,0,0,0,0,0,0,0,0,0,0,0,0,0,0,0
7_6,10.55,-61.25,29,0,2,0,0,0,0,0,0,0,0,0,0,0,0,0,0,0
7_6,10.55,-61.25,30,0,0,2,0,0,0,0,0,0,0,0,0,0,0,0,0,0
7_6,10.55,-61.25,31,0,0,0,2,0,0,0,0,0,0.09338595592339091,0,0,0,0,0,0,0
7_6,10.55,-61.25,32,0,0,0,0,2,0,0,0,0,0.34675845170601793,0.09338595592339091,0,0,0,0,0,0
7_6,10.55,-61.25,33,0,0,0,0,0,2,0,0,0,0.45424904636424634,0.34675845170601793,0.09338595592339091,0,0,0,0,0
7_6,10.55,-61.25,34,0,0,0,0,0,0,2,0,0,0,0.45424904636424634,0.34675845170601793,0.09338595592339091,0,0,0,0
7_6,10.55,-61.25,35,0,0,0,0,0,0,0,2,0,0.22791971313126622,0,0.45424904636424634,0.34675845170601793,0.09338595592339091,0,0,0
7_6,10.55,-61.25,36,0,0,0,0,0,0,0,0,2,0.09703596039679756,0.22791971313126622,0,0.45424904636424634,0.34675845170601793,0.09338595592339091,0,0
7_6,10.55,-61.25,37,0,0,0,0,0,0,0,0,0,0,0.09703596039679756,0.22791971313126622,0,0.45424904636424634,0.34675845170601793,0.09338595592339091,0
7_6,10.55,-61.25,38,0,0,0,0,0,0,0,0,0,0,0,0.09703596039679756,0.22791971313126622,0,0.45424904636424634,0.34675845170601793,0.09338595592339091
7_6,10.55,-61.25,39,1,0,0,0,0,0,0,0,0,0.09744925372388787,0,0,0.09703596039679756,0.22791971313126622,0,0.45424904636424634,0.34675845170601793
7_6,10.55,-61.25,40,0,0,0,0,0,0,0,0,0,0,0.09744925372388787,0,0,0.09703596039679756,0.22791971313126622,0,0.45424904636424634
7_6,10.55,-61.25,41,0,0,0,0,0,0,0,0,0,0,0,0.09744925372388787,0,0,0.09703596039679756,0.22791971313126622,0
7_6,10.55,-61.25,42,0,0,0,0,0,0,0,0,0,0,0,0,0.09744925372388787,0,0,0.09703596039679756,0.22791971313126622
7_6,10.55,-61.25,43,1,0,0,0,0,0,0,0,0,0,0,0,0,0.09744925372388787,0,0,0.09703596039679756
7_6,10.55,-61.25,44,0,0,0,0,0,0,0,0,0,0,0,0,0,0,0.09744925372388787,0,0
7_6,10.55,-61.25,45,0,0,0,0,0,0,0,0,0,0,0,0,0,0,0,0.09744925372388787,0
7_6,10.55,-61.25,46,1,0,0,0,0,0,0,0,0,0,0,0,0,0,0,0,0.09744925372388787
7_6,10.55,-61.25,47,0,0,0,0,0,0,0,0,0,0,0,0,0,0,0,0,0
7_6,10.55,-61.25,48,1,0,0,0,0,0,0,0,0,0,0,0,0,0,0,0,0
7_6,10.55,-61.25,49,0,1,0,0,0,0,0,0,0,0,0,0,0,0,0,0,0
7_6,10.55,-61.25,50,0,0,1,0,0,0,0,0,0,0,0,0,0,0,0,0,0
7_6,10.55,-61.25,51,1,0,0,1,0,0,0,0,0,0,0,0,0,0,0,0,0
7_6,10.55,-61.25,52,0,0,0,0,1,0,0,0,0,0,0,0,0,0,0,0,0
7_7,10.65,-61.25,0,3,0,,,,,,,,0,,,,,,,
7_7,10.65,-61.25,1,2,0,0,,,,,,,0,0,,,,,,
7_7,10.65,-61.25,2,1,0,0,0,,,,,,0,0,0,,,,,
7_7,10.65,-61.25,3,5,0,0,0,0,,,,,0,0,0,0,,,,
7_7,10.65,-61.25,4,1,0,0,0,0,0,,,,0,0,0,0,0,,,
7_7,10.65,-61.25,5,0,0,0,0,0,0,0,,,0,0,0,0,0,0,,
7_7,10.65,-61.25,6,3,0,0,0,0,0,0,0,,0,0,0,0,0,0,0,
7_7,10.65,-61.25,7,4,0,0,0,0,0,0,0,0,0.1771824939380896,0,0,0,0,0,0,0
7_7,10.65,-61.25,8,0,7,0,0,0,0,0,0,0,0.0885912469690448,0.1771824939380896,0,0,0,0,0,0
7_7,10.65,-61.25,9,1,0,7,0,0,0,0,0,0,0,0.0885912469690448,0.1771824939380896,0,0,0,0,0
7_7,10.65,-61.25,10,2,0,0,7,0,0,0,0,0,0,0,0.0885912469690448,0.1771824939380896,0,0,0,0
7_7,10.65,-61.25,11,0,0,0,0,7,0,0,0,0,0,0,0,0.0885912469690448,0.1771824939380896,0,0,0
7_7,10.65,-61.25,12,0,0,0,0,0,7,0,0,0,0,0,0,0,0.0885912469690448,0.1771824939380896,0,0
7_7,10.65,-61.25,13,1,0,0,0,0,0,7,0,0,0,0,0,0,0,0.0885912469690448,0.1771824939380896,0
7_7,10.65,-61.25,14,2,0,0,0,0,0,0,7,0,0,0,0,0,0,0,0.0885912469690448,0.1771824939380896
7_7,10.65,-61.25,15,0,0,0,0,0,0,0,0,7,0,0,0,0,0,0,0,0.0885912469690448
7_7,10.65,-61.25,16,0,0,0,0,0,0,0,0,0,0,0,0,0,0,0,0,0
7_7,10.65,-61.25,17,0,0,0,0,0,0,0,0,0,0,0,0,0,0,0,0,0
7_7,10.65,-61.25,18,3,0,0,0,0,0,0,0,0,0,0,0,0,0,0,0,0
7_7,10.65,-61.25,19,2,0,0,0,0,0,0,0,0,0,0,0,0,0,0,0,0
7_7,10.65,-61.25,20,0,0,0,0,0,0,0,0,0,0,0,0,0,0,0,0,0
7_7,10.65,-61.25,21,0,0,0,0,0,0,0,0,0,0,0,0,0,0,0,0,0
7_7,10.65,-61.25,22,1,0,0,0,0,0,0,0,0,0,0,0,0,0,0,0,0
7_7,10.65,-61.25,23,2,0,0,0,0,0,0,0,0,0,0,0,0,0,0,0,0
7_7,10.65,-61.25,24,1,0,0,0,0,0,0,0,0,0,0,0,0,0,0,0,0
7_7,10.65,-61.25,25,1,0,0,0,0,0,0,0,0,0,0,0,0,0,0,0,0
7_7,10.65,-61.25,26,3,0,0,0,0,0,0,0,0,0,0,0,0,0,0,0,0
7_7,10.65,-61.25,27,1,0,0,0,0,0,0,0,0,0,0,0,0,0,0,0,0
7_7,10.65,-61.25,28,4,0,0,0,0,0,0,0,0,0,0,0,0,0,0,0,0
7_7,10.65,-61.25,29,2,0,0,0,0,0,0,0,0,0.27324364071628515,0,0,0,0,0,0,0
7_7,10.65,-61.25,30,2,0,0,0,0,0,0,0,0,0.1343292672202627,0.27324364071628515,0,0,0,0,0,0
7_7,10.65,-61.25,31,0,0,0,0,0,0,0,0,0,0,0.1343292672202627,0.27324364071628515,0,0,0,0,0
7_7,10.65,-61.25,32,1,3,0,0,0,0,0,0,0,0.1343292672202627,0,0.1343292672202627,0.27324364071628515,0,0,0,0
7_7,10.65,-61.25,33,1,3,3,0,0,0,0,0,0,0,0.1343292672202627,0,0.1343292672202627,0.27324364071628515,0,0,0
7_7,10.65,-61.25,34,1,0,3,3,0,0,0,0,0,0.11771612293649283,0,0.1343292672202627,0,0.1343292672202627,0.27324364071628515,0,0
7_7,10.65,-61.25,35,1,1,0,3,3,0,0,0,0,0.11781646098328322,0.11771612293649283,0,0.1343292672202627,0,0.1343292672202627,0.27324364071628515,0
7_7,10.65,-61.25,36,0,1,1,0,3,3,0,0,0,0,0.11781646098328322,0.11771612293649283,0,0.1343292672202627,0,0.1343292672202627,0.27324364071628515
7_7,10.65,-61.25,37,0,0,1,1,0,3,3,0,0,0,0,0.11781646098328322,0.11771612293649283,0,0.1343292672202627,0,0.1343292672202627
7_7,10.65,-61.25,38,1,0,0,1,1,0,3,3,0,0,0,0,0.11781646098328322,0.11771612293649283,0,0.1343292672202627,0
7_7,10.65,-61.25,39,2,0,0,0,1,1,0,3,3,0,0,0,0,0.11781646098328322,0.11771612293649283,0,0.1343292672202627
7_7,10.65,-61.25,40,3,0,0,0,0,1,1,0,3,0,0,0,0,0,0.11781646098328322,0.11771612293649283,0
7_7,10.65,-61.25,41,2,0,0,0,0,0,1,1,0,0,0,0,0,0,0,0.11781646098328322,0.11771612293649283
7_7,10.65,-61.25,42,0,0,0,0,0,0,0,1,1,0,0,0,0,0,0,0,0.11781646098328322
7_7,10.65,-61.25,43,3,0,0,0,0,0,0,0,1,0,0,0,0,0,0,0,0
7_7,10.65,-61.25,44,2,0,0,0,0,0,0,0,0,0,0,0,0,0,0,0,0
7_7,10.65,-61.25,45,2,0,0,0,0,0,0,0,0,0,0,0,0,0,0,0,0
7_7,10.65,-61.25,46,0,0,0,0,0,0,0,0,0,0,0,0,0,0,0,0,0
7_7,10.65,-61.25,47,1,0,0,0,0,0,0,0,0,0,0,0,0,0,0,0,0
7_7,10.65,-61.25,48,0,0,0,0,0,0,0,0,0,0,0,0,0,0,0,0,0
7_7,10.65,-61.25,49,1,0,0,0,0,0,0,0,0,0.1336949416535094,0,0,0,0,0,0,0
7_7,10.65,-61.25,50,0,0,0,0,0,0,0,0,0,0,0.1336949416535094,0,0,0,0,0,0
7_7,10.65,-61.25,51,5,0,0,0,0,0,0,0,0,0,0,0.1336949416535094,0,0,0,0,0
7_7,10.65,-61.25,52,0,0,0,0,0,0,0,0,0,0,0,0,0.1336949416535094,0,0,0,0
7_8,10.750000000000002,-61.25000000000001,0,0,0,,,,,,,,0,,,,,,,
7_8,10.750000000000002,-61.25000000000001,1,0,0,0,,,,,,,0,0,,,,,,
7_8,10.750000000000002,-61.25000000000001,2,0,0,0,0,,,,,,0,0,0,,,,,
7_8,10.750000000000002,-61.25000000000001,3,0,0,0,0,0,,,,,0,0,0,0,,,,
7_8,10.750000000000002,-61.25000000000001,4,0,0,0,0,0,0,,,,0,0,0,0,0,,,
7_8,10.750000000000002,-61.25000000000001,5,0,0,0,0,0,0,0,,,0,0,0,0,0,0,,
7_8,10.750000000000002,-61.25000000000001,6,0,0,0,0,0,0,0,0,,0,0,0,0,0,0,0,
7_8,10.750000000000002,-61.25000000000001,7,0,0,0,0,0,0,0,0,0,0,0,0,0,0,0,0,0
7_8,10.750000000000002,-61.25000000000001,8,0,0,0,0,0,0,0,0,0,0,0,0,0,0,0,0,0
7_8,10.750000000000002,-61.25000000000001,9,0,0,0,0,0,0,0,0,0,0,0,0,0,0,0,0,0
7_8,10.750000000000002,-61.25000000000001,10,0,0,0,0,0,0,0,0,0,0,0,0,0,0,0,0,0
7_8,10.750000000000002,-61.25000000000001,11,0,0,0,0,0,0,0,0,0,0,0,0,0,0,0,0,0
7_8,10.750000000000002,-61.25000000000001,12,0,0,0,0,0,0,0,0,0,0,0,0,0,0,0,0,0
7_8,10.750000000000002,-61.25000000000001,13,0,0,0,0,0,0,0,0,0,0,0,0,0,0,0,0,0
7_8,10.750000000000002,-61.25000000000001,14,0,0,0,0,0,0,0,0,0,0,0,0,0,0,0,0,0
7_8,10.750000000000002,-61.25000000000001,15,0,0,0,0,0,0,0,0,0,0,0,0,0,0,0,0,0
7_8,10.750000000000002,-61.25000000000001,16,0,0,0,0,0,0,0,0,0,0,0,0,0,0,0,0,0
7_8,10.750000000000002,-61.25000000000001,17,0,0,0,0,0,0,0,0,0,0,0,0,0,0,0,0,0
7_8,10.750000000000002,-61.25000000000001,18,0,0,0,0,0,0,0,0,0,0,0,0,0,0,0,0,0
7_8,10.750000000000002,-61.25000000000001,19,0,0,0,0,0,0,0,0,0,0,0,0,0,0,0,0,0
7_8,10.750000000000002,-61.25000000000001,20,0,0,0,0,0,0,0,0,0,0,0,0,0,0,0,0,0
7_8,10.750000000000002,-61.25000000000001,21,0,0,0,0,0,0,0,0,0,0,0,0,0,0,0,0,0
7_8,10.750000000000002,-61.25000000000001,22,0,0,0,0,0,0,0,0,0,0,0,0,0,0,0,0,0
7_8,10.750000000000002,-61.25000000000001,23,0,0,0,0,0,0,0,0,0,0,0,0,0,0,0,0,0
7_8,10.750000000000002,-61.25000000000001,24,0,0,0,0,0,0,0,0,0,0,0,0,0,0,0,0,0
7_8,10.750000000000002,-61.25000000000001,25,0,0,0,0,0,0,0,0,0,0,0,0,0,0,0,0,0
7_8,10.750000000000002,-61.25000000000001,26,0,0,0,0,0,0,0,0,0,0,0,0,0,0,0,0,0
7_8,10.750000000000002,-61.25000000000001,27,0,0,0,0,0,0,0,0,0,0,0,0,0,0,0,0,0
7_8,10.750000000000002,-61.25000000000001,28,0,0,0,0,0,0,0,0,0,0,0,0,0,0,0,0,0
7_8,10.750000000000002,-61.25000000000001,29,0,0,0,0,0,0,0,0,0,0,0,0,0,0,0,0,0
7_8,10.750000000000002,-61.25000000000001,30,0,0,0,0,0,0,0,0,0,0,0,0,0,0,0,0,0
7_8,10.750000000000002,-61.25000000000001,31,0,0,0,0,0,0,0,0,0,0,0,0,0,0,0,0,0
7_8,10.750000000000002,-61.25000000000001,32,0,0,0,0,0,0,0,0,0,0,0,0,0,0,0,0,0
7_8,10.750000000000002,-61.25000000000001,33,0,0,0,0,0,0,0,0,0,0,0,0,0,0,0,0,0
7_8,10.750000000000002,-61.25000000000001,34,0,0,0,0,0,0,0,0,0,0,0,0,0,0,0,0,0
7_8,10.750000000000002,-61.25000000000001,35,0,0,0,0,0,0,0,0,0,0,0,0,0,0,0,0,0
7_8,10.750000000000002,-61.25000000000001,36,0,0,0,0,0,0,0,0,0,0,0,0,0,0,0,0,0
7_8,10.750000000000002,-61.25000000000001,37,0,0,0,0,0,0,0,0,0,0,0,0,0,0,0,0,0
7_8,10.750000000000002,-61.25000000000001,38,0,0,0,0,0,0,0,0,0,0,0,0,0,0,0,0,0
7_8,10.750000000000002,-61.25000000000001,39,0,0,0,0,0,0,0,0,0,0,0,0,0,0,0,0,0
7_8,10.750000000000002,-61.25000000000001,40,0,0,0,0,0,0,0,0,0,0,0,0,0,0,0,0,0
7_8,10.750000000000002,-61.25000000000001,41,0,0,0,0,0,0,0,0,0,0,0,0,0,0,0,0,0
7_8,10.750000000000002,-61.25000000000001,42,0,0,0,0,0,0,0,0,0,0,0,0,0,0,0,0,0
7_8,10.750000000000002,-61.25000000000001,43,0,0,0,0,0,0,0,0,0,0,0,0,0,0,0,0,0
7_8,10.750000000000002,-61.25000000000001,44,0,0,0,0,0,0,0,0,0,0,0,0,0,0,0,0,0
7_8,10.750000000000002,-61.25000000000001,45,0,0,0,0,0,0,0,0,0,0,0,0,0,0,0,0,0
7_8,10.750000000000002,-61.25000000000001,46,0,0,0,0,0,0,0,0,0,0,0,0,0,0,0,0,0
7_8,10.750000000000002,-61.25000000000001,47,0,0,0,0,0,0,0,0,0,0,0,0,0,0,0,0,0
7_8,10.750000000000002,-61.25000000000001,48,0,0,0,0,0,0,0,0,0,0,0,0,0,0,0,0,0
7_8,10.750000000000002,-61.25000000000001,49,0,0,0,0,0,0,0,0,0,0,0,0,0,0,0,0,0
7_8,10.750000000000002,-61.25000000000001,50,0,0,0,0,0,0,0,0,0,0,0,0,0,0,0,0,0
7_8,10.750000000000002,-61.25000000000001,51,0,0,0,0,0,0,0,0,0,0,0,0,0,0,0,0,0
7_8,10.750000000000002,-61.25000000000001,52,0,0,0,0,0,0,0,0,0,0,0,0,0,0,0,0,0
8_1,10.05,-61.15,0,0,0,,,,,,,,0,,,,,,,
8_1,10.05,-61.15,1,0,0,0,,,,,,,0,0,,,,,,
8_1,10.05,-61.15,2,0,0,0,0,,,,,,0,0,0,,,,,
8_1,10.05,-61.15,3,0,0,0,0,0,,,,,0,0,0,0,,,,
8_1,10.05,-61.15,4,0,0,0,0,0,0,,,,0,0,0,0,0,,,
8_1,10.05,-61.15,5,0,0,0,0,0,0,0,,,0,0,0,0,0,0,,
8_1,10.05,-61.15,6,0,0,0,0,0,0,0,0,,0,0,0,0,0,0,0,
8_1,10.05,-61.15,7,0,0,0,0,0,0,0,0,0,0,0,0,0,0,0,0,0
8_1,10.05,-61.15,8,0,0,0,0,0,0,0,0,0,0,0,0,0,0,0,0,0
8_1,10.05,-61.15,9,0,0,0,0,0,0,0,0,0,0,0,0,0,0,0,0,0
8_1,10.05,-61.15,10,0,0,0,0,0,0,0,0,0,0,0,0,0,0,0,0,0
8_1,10.05,-61.15,11,0,0,0,0,0,0,0,0,0,0,0,0,0,0,0,0,0
8_1,10.05,-61.15,12,0,0,0,0,0,0,0,0,0,0,0,0,0,0,0,0,0
8_1,10.05,-61.15,13,0,0,0,0,0,0,0,0,0,0,0,0,0,0,0,0,0
8_1,10.05,-61.15,14,0,0,0,0,0,0,0,0,0,0,0,0,0,0,0,0,0
8_1,10.05,-61.15,15,0,0,0,0,0,0,0,0,0,0,0,0,0,0,0,0,0
8_1,10.05,-61.15,16,0,0,0,0,0,0,0,0,0,0,0,0,0,0,0,0,0
8_1,10.05,-61.15,17,0,0,0,0,0,0,0,0,0,0,0,0,0,0,0,0,0
8_1,10.05,-61.15,18,0,0,0,0,0,0,0,0,0,0,0,0,0,0,0,0,0
8_1,10.05,-61.15,19,0,0,0,0,0,0,0,0,0,0,0,0,0,0,0,0,0
8_1,10.05,-61.15,20,0,0,0,0,0,0,0,0,0,0,0,0,0,0,0,0,0
8_1,10.05,-61.15,21,0,0,0,0,0,0,0,0,0,0,0,0,0,0,0,0,0
8_1,10.05,-61.15,22,0,0,0,0,0,0,0,0,0,0,0,0,0,0,0,0,0
8_1,10.05,-61.15,23,0,0,0,0,0,0,0,0,0,0,0,0,0,0,0,0,0
8_1,10.05,-61.15,24,0,0,0,0,0,0,0,0,0,0,0,0,0,0,0,0,0
8_1,10.05,-61.15,25,0,0,0,0,0,0,0,0,0,0,0,0,0,0,0,0,0
8_1,10.05,-61.15,26,0,0,0,0,0,0,0,0,0,0,0,0,0,0,0,0,0
8_1,10.05,-61.15,27,0,0,0,0,0,0,0,0,0,0,0,0,0,0,0,0,0
8_1,10.05,-61.15,28,0,0,0,0,0,0,0,0,0,0,0,0,0,0,0,0,0
8_1,10.05,-61.15,29,0,0,0,0,0,0,0,0,0,0,0,0,0,0,0,0,0
8_1,10.05,-61.15,30,0,0,0,0,0,0,0,0,0,0,0,0,0,0,0,0,0
8_1,10.05,-61.15,31,0,0,0,0,0,0,0,0,0,0,0,0,0,0,0,0,0
8_1,10.05,-61.15,32,0,0,0,0,0,0,0,0,0,0,0,0,0,0,0,0,0
8_1,10.05,-61.15,33,0,0,0,0,0,0,0,0,0,0,0,0,0,0,0,0,0
8_1,10.05,-61.15,34,0,0,0,0,0,0,0,0,0,0,0,0,0,0,0,0,0
8_1,10.05,-61.15,35,0,0,0,0,0,0,0,0,0,0,0,0,0,0,0,0,0
8_1,10.05,-61.15,36,0,0,0,0,0,0,0,0,0,0,0,0,0,0,0,0,0
8_1,10.05,-61.15,37,0,0,0,0,0,0,0,0,0,0,0,0,0,0,0,0,0
8_1,10.05,-61.15,38,0,0,0,0,0,0,0,0,0,0,0,0,0,0,0,0,0
8_1,10.05,-61.15,39,0,0,0,0,0,0,0,0,0,0,0,0,0,0,0,0,0
8_1,10.05,-61.15,40,0,0,0,0,0,0,0,0,0,0,0,0,0,0,0,0,0
8_1,10.05,-61.15,41,0,0,0,0,0,0,0,0,0,0,0,0,0,0,0,0,0
8_1,10.05,-61.15,42,0,0,0,0,0,0,0,0,0,0,0,0,0,0,0,0,0
8_1,10.05,-61.15,43,0,0,0,0,0,0,0,0,0,0,0,0,0,0,0,0,0
8_1,10.05,-61.15,44,0,0,0,0,0,0,0,0,0,0,0,0,0,0,0,0,0
8_1,10.05,-61.15,45,0,0,0,0,0,0,0,0,0,0,0,0,0,0,0,0,0
8_1,10.05,-61.15,46,0,0,0,0,0,0,0,0,0,0,0,0,0,0,0,0,0
8_1,10.05,-61.15,47,0,0,0,0,0,0,0,0,0,0,0,0,0,0,0,0,0
8_1,10.05,-61.15,48,0,0,0,0,0,0,0,0,0,0,0,0,0,0,0,0,0
8_1,10.05,-61.15,49,0,0,0,0,0,0,0,0,0,0,0,0,0,0,0,0,0
8_1,10.05,-61.15,50,0,0,0,0,0,0,0,0,0,0,0,0,0,0,0,0,0
8_1,10.05,-61.15,51,0,0,0,0,0,0,0,0,0,0,0,0,0,0,0,0,0
8_1,10.05,-61.15,52,0,0,0,0,0,0,0,0,0,0,0,0,0,0,0,0,0
8_2,10.15,-61.15,0,0,0,,,,,,,,0,,,,,,,
8_2,10.15,-61.15,1,0,0,0,,,,,,,0,0,,,,,,
8_2,10.15,-61.15,2,0,0,0,0,,,,,,0,0,0,,,,,
8_2,10.15,-61.15,3,0,0,0,0,0,,,,,0,0,0,0,,,,
8_2,10.15,-61.15,4,0,0,0,0,0,0,,,,0,0,0,0,0,,,
8_2,10.15,-61.15,5,0,0,0,0,0,0,0,,,0,0,0,0,0,0,,
8_2,10.15,-61.15,6,0,0,0,0,0,0,0,0,,0,0,0,0,0,0,0,
8_2,10.15,-61.15,7,0,0,0,0,0,0,0,0,0,0,0,0,0,0,0,0,0
8_2,10.15,-61.15,8,0,0,0,0,0,0,0,0,0,0,0,0,0,0,0,0,0
8_2,10.15,-61.15,9,0,0,0,0,0,0,0,0,0,0,0,0,0,0,0,0,0
8_2,10.15,-61.15,10,0,0,0,0,0,0,0,0,0,0,0,0,0,0,0,0,0
8_2,10.15,-61.15,11,0,0,0,0,0,0,0,0,0,0,0,0,0,0,0,0,0
8_2,10.15,-61.15,12,0,0,0,0,0,0,0,0,0,0,0,0,0,0,0,0,0
8_2,10.15,-61.15,13,0,0,0,0,0,0,0,0,0,0,0,0,0,0,0,0,0
8_2,10.15,-61.15,14,0,0,0,0,0,0,0,0,0,0,0,0,0,0,0,0,0
8_2,10.15,-61.15,15,0,0,0,0,0,0,0,0,0,0,0,0,0,0,0,0,0
8_2,10.15,-61.15,16,0,0,0,0,0,0,0,0,0,0,0,0,0,0,0,0,0
8_2,10.15,-61.15,17,0,0,0,0,0,0,0,0,0,0,0,0,0,0,0,0,0
8_2,10.15,-61.15,18,0,0,0,0,0,0,0,0,0,0,0,0,0,0,0,0,0
8_2,10.15,-61.15,19,0,0,0,0,0,0,0,0,0,0,0,0,0,0,0,0,0
8_2,10.15,-61.15,20,0,0,0,0,0,0,0,0,0,0,0,0,0,0,0,0,0
8_2,10.15,-61.15,21,0,0,0,0,0,0,0,0,0,0,0,0,0,0,0,0,0
8_2,10.15,-61.15,22,0,0,0,0,0,0,0,0,0,0,0,0,0,0,0,0,0
8_2,10.15,-61.15,23,0,0,0,0,0,0,0,0,0,0,0,0,0,0,0,0,0
8_2,10.15,-61.15,24,0,0,0,0,0,0,0,0,0,0,0,0,0,0,0,0,0
8_2,10.15,-61.15,25,0,0,0,0,0,0,0,0,0,0,0,0,0,0,0,0,0
8_2,10.15,-61.15,26,0,0,0,0,0,0,0,0,0,0,0,0,0,0,0,0,0
8_2,10.15,-61.15,27,0,0,0,0,0,0,0,0,0,0,0,0,0,0,0,0,0
8_2,10.15,-61.15,28,0,0,0,0,0,0,0,0,0,0,0,0,0,0,0,0,0
8_2,10.15,-61.15,29,0,0,0,0,0,0,0,0,0,0,0,0,0,0,0,0,0
8_2,10.15,-61.15,30,0,0,0,0,0,0,0,0,0,0,0,0,0,0,0,0,0
8_2,10.15,-61.15,31,0,0,0,0,0,0,0,0,0,0,0,0,0,0,0,0,0
8_2,10.15,-61.15,32,0,0,0,0,0,0,0,0,0,0,0,0,0,0,0,0,0
8_2,10.15,-61.15,33,0,0,0,0,0,0,0,0,0,0,0,0,0,0,0,0,0
8_2,10.15,-61.15,34,0,0,0,0,0,0,0,0,0,0,0,0,0,0,0,0,0
8_2,10.15,-61.15,35,0,0,0,0,0,0,0,0,0,0,0,0,0,0,0,0,0
8_2,10.15,-61.15,36,0,0,0,0,0,0,0,0,0,0,0,0,0,0,0,0,0
8_2,10.15,-61.15,37,0,0,0,0,0,0,0,0,0,0,0,0,0,0,0,0,0
8_2,10.15,-61.15,38,0,0,0,0,0,0,0,0,0,0,0,0,0,0,0,0,0
8_2,10.15,-61.15,39,0,0,0,0,0,0,0,0,0,0,0,0,0,0,0,0,0
8_2,10.15,-61.15,40,0,0,0,0,0,0,0,0,0,0,0,0,0,0,0,0,0
8_2,10.15,-61.15,41,0,0,0,0,0,0,0,0,0,0,0,0,0,0,0,0,0
8_2,10.15,-61.15,42,0,0,0,0,0,0,0,0,0,0,0,0,0,0,0,0,0
8_2,10.15,-61.15,43,0,0,0,0,0,0,0,0,0,0,0,0,0,0,0,0,0
8_2,10.15,-61.15,44,0,0,0,0,0,0,0,0,0,0,0,0,0,0,0,0,0
8_2,10.15,-61.15,45,0,0,0,0,0,0,0,0,0,0,0,0,0,0,0,0,0
8_2,10.15,-61.15,46,0,0,0,0,0,0,0,0,0,0,0,0,0,0,0,0,0
8_2,10.15,-61.15,47,0,0,0,0,0,0,0,0,0,0,0,0,0,0,0,0,0
8_2,10.15,-61.15,48,0,0,0,0,0,0,0,0,0,0,0,0,0,0,0,0,0
8_2,10.15,-61.15,49,0,0,0,0,0,0,0,0,0,0,0,0,0,0,0,0,0
8_2,10.15,-61.15,50,0,0,0,0,0,0,0,0,0,0,0,0,0,0,0,0,0
8_2,10.15,-61.15,51,0,0,0,0,0,0,0,0,0,0,0,0,0,0,0,0,0
8_2,10.15,-61.15,52,0,0,0,0,0,0,0,0,0,0,0,0,0,0,0,0,0
8_3,10.25,-61.150000000000006,0,0,0,,,,,,,,0,,,,,,,
8_3,10.25,-61.150000000000006,1,0,0,0,,,,,,,0,0,,,,,,
8_3,10.25,-61.150000000000006,2,0,0,0,0,,,,,,0,0,0,,,,,
8_3,10.25,-61.150000000000006,3,0,0,0,0,0,,,,,0,0,0,0,,,,
8_3,10.25,-61.150000000000006,4,0,0,0,0,0,0,,,,0,0,0,0,0,,,
8_3,10.25,-61.150000000000006,5,0,0,0,0,0,0,0,,,0,0,0,0,0,0,,
8_3,10.25,-61.150000000000006,6,0,0,0,0,0,0,0,0,,0,0,0,0,0,0,0,
8_3,10.25,-61.150000000000006,7,0,0,0,0,0,0,0,0,0,0,0,0,0,0,0,0,0
8_3,10.25,-61.150000000000006,8,0,0,0,0,0,0,0,0,0,0,0,0,0,0,0,0,0
8_3,10.25,-61.150000000000006,9,0,0,0,0,0,0,0,0,0,0,0,0,0,0,0,0,0
8_3,10.25,-61.150000000000006,10,0,0,0,0,0,0,0,0,0,0,0,0,0,0,0,0,0
8_3,10.25,-61.150000000000006,11,0,0,0,0,0,0,0,0,0,0,0,0,0,0,0,0,0
8_3,10.25,-61.150000000000006,12,0,0,0,0,0,0,0,0,0,0,0,0,0,0,0,0,0
8_3,10.25,-61.150000000000006,13,0,0,0,0,0,0,0,0,0,0,0,0,0,0,0,0,0
8_3,10.25,-61.150000000000006,14,0,0,0,0,0,0,0,0,0,0,0,0,0,0,0,0,0
8_3,10.25,-61.150000000000006,15,0,0,0,0,0,0,0,0,0,0,0,0,0,0,0,0,0
8_3,10.25,-61.150000000000006,16,0,0,0,0,0,0,0,0,0,0,0,0,0,0,0,0,0
8_3,10.25,-61.150000000000006,17,0,0,0,0,0,0,0,0,0,0,0,0,0,0,0,0,0
8_3,10.25,-61.150000000000006,18,0,0,0,0,0,0,0,0,0,0,0,0,0,0,0,0,0
8_3,10.25,-61.150000000000006,19,1,0,0,0,0,0,0,0,0,0,0,0,0,0,0,0,0
8_3,10.25,-61.150000000000006,20,0,0,0,0,0,0,0,0,0,0,0,0,0,0,0,0,0
8_3,10.25,-61.150000000000006,21,1,0,0,0,0,0,0,0,0,0,0,0,0,0,0,0,0
8_3,10.25,-61.150000000000006,22,0,0,0,0,0,0,0,0,0,0,0,0,0,0,0,0,0
8_3,10.25,-61.150000000000006,23,0,0,0,0,0,0,0,0,0,0,0,0,0,0,0,0,0
8_3,10.25,-61.150000000000006,24,0,0,0,0,0,0,0,0,0,0,0,0,0,0,0,0,0
8_3,10.25,-61.150000000000006,25,0,0,0,0,0,0,0,0,0,0,0,0,0,0,0,0,0
8_3,10.25,-61.150000000000006,26,0,0,0,0,0,0,0,0,0,0,0,0,0,0,0,0,0
8_3,10.25,-61.150000000000006,27,0,0,0,0,0,0,0,0,0,0,0,0,0,0,0,0,0
8_3,10.25,-61.150000000000006,28,0,0,0,0,0,0,0,0,0,0,0,0,0,0,0,0,0
8_3,10.25,-61.150000000000006,29,0,0,0,0,0,0,0,0,0,0,0,0,0,0,0,0,0
8_3,10.25,-61.150000000000006,30,0,0,0,0,0,0,0,0,0,0,0,0,0,0,0,0,0
8_3,10.25,-61.150000000000006,31,0,0,0,0,0,0,0,0,0,0,0,0,0,0,0,0,0
8_3,10.25,-61.150000000000006,32,0,0,0,0,0,0,0,0,0,0,0,0,0,0,0,0,0
8_3,10.25,-61.150000000000006,33,0,0,0,0,0,0,0,0,0,0,0,0,0,0,0,0,0
8_3,10.25,-61.150000000000006,34,0,0,0,0,0,0,0,0,0,0,0,0,0,0,0,0,0
8_3,10.25,-61.150000000000006,35,0,0,0,0,0,0,0,0,0,0,0,0,0,0,0,0,0
8_3,10.25,-61.150000000000006,36,0,0,0,0,0,0,0,0,0,0,0,0,0,0,0,0,0
8_3,10.25,-61.150000000000006,37,0,0,0,0,0,0,0,0,0,0,0,0,0,0,0,0,0
8_3,10.25,-61.150000000000006,38,0,0,0,0,0,0,0,0,0,0,0,0,0,0,0,0,0
8_3,10.25,-61.150000000000006,39,0,0,0,0,0,0,0,0,0,0,0,0,0,0,0,0,0
8_3,10.25,-61.150000000000006,40,0,0,0,0,0,0,0,0,0,0,0,0,0,0,0,0,0
8_3,10.25,-61.150000000000006,41,0,0,0,0,0,0,0,0,0,0,0,0,0,0,0,0,0
8_3,10.25,-61.150000000000006,42,0,0,0,0,0,0,0,0,0,0,0,0,0,0,0,0,0
8_3,10.25,-61.150000000000006,43,0,0,0,0,0,0,0,0,0,0,0,0,0,0,0,0,0
8_3,10.25,-61.150000000000006,44,0,0,0,0,0,0,0,0,0,0,0,0,0,0,0,0,0
8_3,10.25,-61.150000000000006,45,0,0,0,0,0,0,0,0,0,0,0,0,0,0,0,0,0
8_3,10.25,-61.150000000000006,46,0,0,0,0,0,0,0,0,0,0,0,0,0,0,0,0,0
8_3,10.25,-61.150000000000006,47,0,0,0,0,0,0,0,0,0,0,0,0,0,0,0,0,0
8_3,10.25,-61.150000000000006,48,0,0,0,0,0,0,0,0,0,0,0,0,0,0,0,0,0
8_3,10.25,-61.150000000000006,49,0,0,0,0,0,0,0,0,0,0,0,0,0,0,0,0,0
8_3,10.25,-61.150000000000006,50,0,0,0,0,0,0,0,0,0,0,0,0,0,0,0,0,0
8_3,10.25,-61.150000000000006,51,0,0,0,0,0,0,0,0,0,0,0,0,0,0,0,0,0
8_3,10.25,-61.150000000000006,52,0,0,0,0,0,0,0,0,0,0,0,0,0,0,0,0,0
8_4,10.35,-61.15,0,0,0,,,,,,,,0,,,,,,,
8_4,10.35,-61.15,1,0,0,0,,,,,,,0,0,,,,,,
8_4,10.35,-61.15,2,0,0,0,0,,,,,,0,0,0,,,,,
8_4,10.35,-61.15,3,0,0,0,0,0,,,,,0,0,0,0,,,,
8_4,10.35,-61.15,4,0,0,0,0,0,0,,,,0,0,0,0,0,,,
8_4,10.35,-61.15,5,0,0,0,0,0,0,0,,,0,0,0,0,0,0,,
8_4,10.35,-61.15,6,0,0,0,0,0,0,0,0,,0,0,0,0,0,0,0,
8_4,10.35,-61.15,7,0,0,0,0,0,0,0,0,0,0,0,0,0,0,0,0,0
8_4,10.35,-61.15,8,0,0,0,0,0,0,0,0,0,0,0,0,0,0,0,0,0
8_4,10.35,-61.15,9,0,0,0,0,0,0,0,0,0,0,0,0,0,0,0,0,0
8_4,10.35,-61.15,10,0,0,0,0,0,0,0,0,0,0,0,0,0,0,0,0,0
8_4,10.35,-61.15,11,0,0,0,0,0,0,0,0,0,0,0,0,0,0,0,0,0
8_4,10.35,-61.15,12,0,0,0,0,0,0,0,0,0,0,0,0,0,0,0,0,0
8_4,10.35,-61.15,13,0,0,0,0,0,0,0,0,0,0,0,0,0,0,0,0,0
8_4,10.35,-61.15,14,0,0,0,0,0,0,0,0,0,0,0,0,0,0,0,0,0
8_4,10.35,-61.15,15,0,0,0,0,0,0,0,0,0,0,0,0,0,0,0,0,0
8_4,10.35,-61.15,16,0,0,0,0,0,0,0,0,0,0,0,0,0,0,0,0,0
8_4,10.35,-61.15,17,0,0,0,0,0,0,0,0,0,0,0,0,0,0,0,0,0
8_4,10.35,-61.15,18,0,0,0,0,0,0,0,0,0,0,0,0,0,0,0,0,0
8_4,10.35,-61.15,19,1,0,0,0,0,0,0,0,0,0,0,0,0,0,0,0,0
8_4,10.35,-61.15,20,0,0,0,0,0,0,0,0,0,0,0,0,0,0,0,0,0
8_4,10.35,-61.15,21,0,0,0,0,0,0,0,0,0,0,0,0,0,0,0,0,0
8_4,10.35,-61.15,22,0,0,0,0,0,0,0,0,0,0,0,0,0,0,0,0,0
8_4,10.35,-61.15,23,0,0,0,0,0,0,0,0,0,0,0,0,0,0,0,0,0
8_4,10.35,-61.15,24,0,0,0,0,0,0,0,0,0,0,0,0,0,0,0,0,0
8_4,10.35,-61.15,25,0,0,0,0,0,0,0,0,0,0,0,0,0,0,0,0,0
8_4,10.35,-61.15,26,0,0,0,0,0,0,0,0,0,0,0,0,0,0,0,0,0
8_4,10.35,-61.15,27,0,0,0,0,0,0,0,0,0,0,0,0,0,0,0,0,0
8_4,10.35,-61.15,28,0,0,0,0,0,0,0,0,0,0,0,0,0,0,0,0,0
8_4,10.35,-61.15,29,0,0,0,0,0,0,0,0,0,0,0,0,0,0,0,0,0
8_4,10.35,-61.15,30,1,0,0,0,0,0,0,0,0,0,0,0,0,0,0,0,0
8_4,10.35,-61.15,31,0,0,0,0,0,0,0,0,0,0,0,0,0,0,0,0,0
8_4,10.35,-61.15,32,0,0,0,0,0,0,0,0,0,0,0,0,0,0,0,0,0
8_4,10.35,-61.15,33,0,0,0,0,0,0,0,0,0,0,0,0,0,0,0,0,0
8_4,10.35,-61.15,34,0,0,0,0,0,0,0,0,0,0,0,0,0,0,0,0,0
8_4,10.35,-61.15,35,0,0,0,0,0,0,0,0,0,0,0,0,0,0,0,0,0
8_4,10.35,-61.15,36,0,0,0,0,0,0,0,0,0,0,0,0,0,0,0,0,0
8_4,10.35,-61.15,37,0,0,0,0,0,0,0,0,0,0,0,0,0,0,0,0,0
8_4,10.35,-61.15,38,0,0,0,0,0,0,0,0,0,0,0,0,0,0,0,0,0
8_4,10.35,-61.15,39,0,0,0,0,0,0,0,0,0,0,0,0,0,0,0,0,0
8_4,10.35,-61.15,40,0,0,0,0,0,0,0,0,0,0,0,0,0,0,0,0,0
8_4,10.35,-61.15,41,0,0,0,0,0,0,0,0,0,0,0,0,0,0,0,0,0
8_4,10.35,-61.15,42,1,0,0,0,0,0,0,0,0,0,0,0,0,0,0,0,0
8_4,10.35,-61.15,43,0,0,0,0,0,0,0,0,0,0,0,0,0,0,0,0,0
8_4,10.35,-61.15,44,0,0,0,0,0,0,0,0,0,0,0,0,0,0,0,0,0
8_4,10.35,-61.15,45,0,0,0,0,0,0,0,0,0,0,0,0,0,0,0,0,0
8_4,10.35,-61.15,46,0,0,0,0,0,0,0,0,0,0,0,0,0,0,0,0,0
8_4,10.35,-61.15,47,0,0,0,0,0,0,0,0,0,0,0,0,0,0,0,0,0
8_4,10.35,-61.15,48,0,0,0,0,0,0,0,0,0,0,0,0,0,0,0,0,0
8_4,10.35,-61.15,49,0,0,0,0,0,0,0,0,0,0,0,0,0,0,0,0,0
8_4,10.35,-61.15,50,0,0,0,0,0,0,0,0,0,0,0,0,0,0,0,0,0
8_4,10.35,-61.15,51,0,0,0,0,0,0,0,0,0,0,0,0,0,0,0,0,0
8_4,10.35,-61.15,52,0,0,0,0,0,0,0,0,0,0,0,0,0,0,0,0,0
8_5,10.449999999999998,-61.15,0,0,0,,,,,,,,0,,,,,,,
8_5,10.449999999999998,-61.15,1,0,0,0,,,,,,,0,0,,,,,,
8_5,10.449999999999998,-61.15,2,0,0,0,0,,,,,,0,0,0,,,,,
8_5,10.449999999999998,-61.15,3,0,0,0,0,0,,,,,0,0,0,0,,,,
8_5,10.449999999999998,-61.15,4,0,0,0,0,0,0,,,,0,0,0,0,0,,,
8_5,10.449999999999998,-61.15,5,0,0,0,0,0,0,0,,,0,0,0,0,0,0,,
8_5,10.449999999999998,-61.15,6,0,0,0,0,0,0,0,0,,0,0,0,0,0,0,0,
8_5,10.449999999999998,-61.15,7,0,0,0,0,0,0,0,0,0,0,0,0,0,0,0,0,0
8_5,10.449999999999998,-61.15,8,0,0,0,0,0,0,0,0,0,0,0,0,0,0,0,0,0
8_5,10.449999999999998,-61.15,9,0,0,0,0,0,0,0,0,0,0,0,0,0,0,0,0,0
8_5,10.449999999999998,-61.15,10,0,0,0,0,0,0,0,0,0,0,0,0,0,0,0,0,0
8_5,10.449999999999998,-61.15,11,0,0,0,0,0,0,0,0,0,0,0,0,0,0,0,0,0
8_5,10.449999999999998,-61.15,12,0,0,0,0,0,0,0,0,0,0,0,0,0,0,0,0,0
8_5,10.449999999999998,-61.15,13,0,0,0,0,0,0,0,0,0,0,0,0,0,0,0,0,0
8_5,10.449999999999998,-61.15,14,0,0,0,0,0,0,0,0,0,0,0,0,0,0,0,0,0
8_5,10.449999999999998,-61.15,15,0,0,0,0,0,0,0,0,0,0,0,0,0,0,0,0,0
8_5,10.449999999999998,-61.15,16,0,0,0,0,0,0,0,0,0,0,0,0,0,0,0,0,0
8_5,10.449999999999998,-61.15,17,0,0,0,0,0,0,0,0,0,0,0,0,0,0,0,0,0
8_5,10.449999999999998,-61.15,18,0,0,0,0,0,0,0,0,0,0,0,0,0,0,0,0,0
8_5,10.449999999999998,-61.15,19,0,0,0,0,0,0,0,0,0,0,0,0,0,0,0,0,0
8_5,10.449999999999998,-61.15,20,0,0,0,0,0,0,0,0,0,0,0,0,0,0,0,0,0
8_5,10.449999999999998,-61.15,21,0,0,0,0,0,0,0,0,0,0,0,0,0,0,0,0,0
8_5,10.449999999999998,-61.15,22,0,0,0,0,0,0,0,0,0,0,0,0,0,0,0,0,0
8_5,10.449999999999998,-61.15,23,0,0,0,0,0,0,0,0,0,0,0,0,0,0,0,0,0
8_5,10.449999999999998,-61.15,24,0,0,0,0,0,0,0,0,0,0,0,0,0,0,0,0,0
8_5,10.449999999999998,-61.15,25,0,0,0,0,0,0,0,0,0,0,0,0,0,0,0,0,0
8_5,10.449999999999998,-61.15,26,0,0,0,0,0,0,0,0,0,0,0,0,0,0,0,0,0
8_5,10.449999999999998,-61.15,27,0,0,0,0,0,0,0,0,0,0,0,0,0,0,0,0,0
8_5,10.449999999999998,-61.15,28,0,0,0,0,0,0,0,0,0,0,0,0,0,0,0,0,0
8_5,10.449999999999998,-61.15,29,0,0,0,0,0,0,0,0,0,0,0,0,0,0,0,0,0
8_5,10.449999999999998,-61.15,30,0,0,0,0,0,0,0,0,0,0,0,0,0,0,0,0,0
8_5,10.449999999999998,-61.15,31,0,0,0,0,0,0,0,0,0,0,0,0,0,0,0,0,0
8_5,10.449999999999998,-61.15,32,0,0,0,0,0,0,0,0,0,0,0,0,0,0,0,0,0
8_5,10.449999999999998,-61.15,33,1,0,0,0,0,0,0,0,0,0,0,0,0,0,0,0,0
8_5,10.449999999999998,-61.15,34,0,0,0,0,0,0,0,0,0,0,0,0,0,0,0,0,0
8_5,10.449999999999998,-61.15,35,0,0,0,0,0,0,0,0,0,0,0,0,0,0,0,0,0
8_5,10.449999999999998,-61.15,36,0,0,0,0,0,0,0,0,0,0,0,0,0,0,0,0,0
8_5,10.449999999999998,-61.15,37,0,0,0,0,0,0,0,0,0,0,0,0,0,0,0,0,0
8_5,10.449999999999998,-61.15,38,0,0,0,0,0,0,0,0,0,0,0,0,0,0,0,0,0
8_5,10.449999999999998,-61.15,39,0,0,0,0,0,0,0,0,0,0,0,0,0,0,0,0,0
8_5,10.449999999999998,-61.15,40,0,0,0,0,0,0,0,0,0,0,0,0,0,0,0,0,0
8_5,10.449999999999998,-61.15,41,0,0,0,0,0,0,0,0,0,0,0,0,0,0,0,0,0
8_5,10.449999999999998,-61.15,42,0,0,0,0,0,0,0,0,0,0,0,0,0,0,0,0,0
8_5,10.449999999999998,-61.15,43,0,0,0,0,0,0,0,0,0,0,0,0,0,0,0,0,0
8_5,10.449999999999998,-61.15,44,0,0,0,0,0,0,0,0,0,0,0,0,0,0,0,0,0
8_5,10.449999999999998,-61.15,45,1,0,0,0,0,0,0,0,0,0,0,0,0,0,0,0,0
8_5,10.449999999999998,-61.15,46,0,0,0,0,0,0,0,0,0,0,0,0,0,0,0,0,0
8_5,10.449999999999998,-61.15,47,0,0,0,0,0,0,0,0,0,0,0,0,0,0,0,0,0
8_5,10.449999999999998,-61.15,48,0,0,0,0,0,0,0,0,0,0,0,0,0,0,0,0,0
8_5,10.449999999999998,-61.15,49,0,0,0,0,0,0,0,0,0,0,0,0,0,0,0,0,0
8_5,10.449999999999998,-61.15,50,0,0,0,0,0,0,0,0,0,0,0,0,0,0,0,0,0
8_5,10.449999999999998,-61.15,51,0,0,0,0,0,0,0,0,0,0,0,0,0,0,0,0,0
8_5,10.449999999999998,-61.15,52,0,0,0,0,0,0,0,0,0,0,0,0,0,0,0,0,0
8_6,10.55,-61.15,0,0,0,,,,,,,,0,,,,,,,
8_6,10.55,-61.15,1,0,0,0,,,,,,,0,0,,,,,,
8_6,10.55,-61.15,2,0,0,0,0,,,,,,0,0,0,,,,,
8_6,10.55,-61.15,3,0,0,0,0,0,,,,,0.15423690380734725,0,0,0,,,,
8_6,10.55,-61.15,4,0,0,0,0,0,0,,,,0,0.15423690380734725,0,0,0,,,
8_6,10.55,-61.15,5,1,1,0,0,0,0,0,,,0,0,0.15423690380734725,0,0,0,,
8_6,10.55,-61.15,6,0,0,1,0,0,0,0,0,,0,0,0,0.15423690380734725,0,0,0,
8_6,10.55,-61.15,7,1,0,0,1,0,0,0,0,0,0,0,0,0,0.15423690380734725,0,0,0
8_6,10.55,-61.15,8,0,1,0,0,1,0,0,0,0,0.1421249585551018,0,0,0,0,0.15423690380734725,0,0
8_6,10.55,-61.15,9,0,0,1,0,0,1,0,0,0,0,0.1421249585551018,0,0,0,0,0.15423690380734725,0
8_6,10.55,-61.15,10,0,0,0,1,0,0,1,0,0,0,0,0.1421249585551018,0,0,0,0,0.15423690380734725
8_6,10.55,-61.15,11,0,0,0,0,1,0,0,1,0,0,0,0,0.1421249585551018,0,0,0,0
8_6,10.55,-61.15,12,0,0,0,0,0,1,0,0,1,0,0,0,0,0.1421249585551018,0,0,0
8_6,10.55,-61.15,13,1,0,0,0,0,0,1,0,0,0,0,0,0,0,0.1421249585551018,0,0
8_6,10.55,-61.15,14,0,0,0,0,0,0,0,1,0,0,0,0,0,0,0,0.1421249585551018,0
8_6,10.55,-61.15,15,0,0,0,0,0,0,0,0,1,0,0,0,0,0,0,0,0.1421249585551018
8_6,10.55,-61.15,16,0,0,0,0,0,0,0,0,0,0,0,0,0,0,0,0,0
8_6,10.55,-61.15,17,0,0,0,0,0,0,0,0,0,0,0,0,0,0,0,0,0
8_6,10.55,-61.15,18,0,0,0,0,0,0,0,0,0,0,0,0,0,0,0,0,0
8_6,10.55,-61.15,19,0,0,0,0,0,0,0,0,0,0,0,0,0,0,0,0,0
8_6,10.55,-61.15,20,0,0,0,0,0,0,0,0,0,0,0,0,0,0,0,0,0
8_6,10.55,-61.15,21,0,0,0,0,0,0,0,0,0,0,0,0,0,0,0,0,0
8_6,10.55,-61.15,22,0,0,0,0,0,0,0,0,0,0,0,0,0,0,0,0,0
8_6,10.55,-61.15,23,0,0,0,0,0,0,0,0,0,0,0,0,0,0,0,0,0
8_6,10.55,-61.15,24,1,0,0,0,0,0,0,0,0,0,0,0,0,0,0,0,0
8_6,10.55,-61.15,25,0,0,0,0,0,0,0,0,0,0,0,0,0,0,0,0,0
8_6,10.55,-61.15,26,1,0,0,0,0,0,0,0,0,0,0,0,0,0,0,0,0
8_6,10.55,-61.15,27,0,0,0,0,0,0,0,0,0,0,0,0,0,0,0,0,0
8_6,10.55,-61.15,28,1,0,0,0,0,0,0,0,0,0,0,0,0,0,0,0,0
8_6,10.55,-61.15,29,0,0,0,0,0,0,0,0,0,0,0,0,0,0,0,0,0
8_6,10.55,-61.15,30,0,0,0,0,0,0,0,0,0,0,0,0,0,0,0,0,0
8_6,10.55,-61.15,31,0,0,0,0,0,0,0,0,0,0,0,0,0,0,0,0,0
8_6,10.55,-61.15,32,0,0,0,0,0,0,0,0,0,0,0,0,0,0,0,0,0
8_6,10.55,-61.15,33,0,0,0,0,0,0,0,0,0,0,0,0,0,0,0,0,0
8_6,10.55,-61.15,34,0,0,0,0,0,0,0,0,0,0,0,0,0,0,0,0,0
8_6,10.55,-61.15,35,0,0,0,0,0,0,0,0,0,0,0,0,0,0,0,0,0
8_6,10.55,-61.15,36,0,0,0,0,0,0,0,0,0,0,0,0,0,0,0,0,0
8_6,10.55,-61.15,37,1,0,0,0,0,0,0,0,0,0,0,0,0,0,0,0,0
8_6,10.55,-61.15,38,0,0,0,0,0,0,0,0,0,0,0,0,0,0,0,0,0
8_6,10.55,-61.15,39,0,1,0,0,0,0,0,0,0,0,0,0,0,0,0,0,0
8_6,10.55,-61.15,40,0,0,1,0,0,0,0,0,0,0,0,0,0,0,0,0,0
8_6,10.55,-61.15,41,0,0,0,1,0,0,0,0,0,0,0,0,0,0,0,0,0
8_6,10.55,-61.15,42,0,0,0,0,1,0,0,0,0,0,0,0,0,0,0,0,0
8_6,10.55,-61.15,43,2,0,0,0,0,1,0,0,0,0,0,0,0,0,0,0,0
8_6,10.55,-61.15,44,1,0,0,0,0,0,1,0,0,0,0,0,0,0,0,0,0
8_6,10.55,-61.15,45,0,0,0,0,0,0,0,1,0,0,0,0,0,0,0,0,0
8_6,10.55,-61.15,46,0,2,0,0,0,0,0,0,1,0.24931410491755351,0,0,0,0,0,0,0
8_6,10.55,-61.15,47,0,0,2,0,0,0,0,0,0,0,0.24931410491755351,0,0,0,0,0,0
8_6,10.55,-61.15,48,0,0,0,2,0,0,0,0,0,0,0,0.24931410491755351,0,0,0,0,0
8_6,10.55,-61.15,49,1,0,0,0,2,0,0,0,0,0,0,0,0.24931410491755351,0,0,0,0
8_6,10.55,-61.15,50,0,0,0,0,0,2,0,0,0,0,0,0,0,0.24931410491755351,0,0,0
8_6,10.55,-61.15,51,0,0,0,0,0,0,2,0,0,0,0,0,0,0,0.24931410491755351,0,0
8_6,10.55,-61.15,52,1,0,0,0,0,0,0,2,0,0,0,0,0,0,0,0.24931410491755351,0
8_7,10.65,-61.15,0,0,0,,,,,,,,0,,,,,,,
8_7,10.65,-61.15,1,1,0,0,,,,,,,0,0,,,,,,
8_7,10.65,-61.15,2,0,0,0,0,,,,,,0,0,0,,,,,
8_7,10.65,-61.15,3,0,1,0,0,0,,,,,0,0,0,0,,,,
8_7,10.65,-61.15,4,0,0,1,0,0,0,,,,0,0,0,0,0,,,
8_7,10.65,-61.15,5,0,0,0,1,0,0,0,,,0.13981125615811477,0,0,0,0,0,,
8_7,10.65,-61.15,6,0,0,0,0,1,0,0,0,,0,0.13981125615811477,0,0,0,0,0,
8_7,10.65,-61.15,7,1,0,0,0,0,1,0,0,0,0,0,0.13981125615811477,0,0,0,0,0
8_7,10.65,-61.15,8,0,1,0,0,0,0,1,0,0,0.1609690871756232,0,0,0.13981125615811477,0,0,0,0
8_7,10.65,-61.15,9,1,0,1,0,0,0,0,1,0,0,0.1609690871756232,0,0,0.13981125615811477,0,0,0
8_7,10.65,-61.15,10,1,0,0,1,0,0,0,0,1,0,0,0.1609690871756232,0,0,0.13981125615811477,0,0
8_7,10.65,-61.15,11,0,0,0,0,1,0,0,0,0,0,0,0,0.1609690871756232,0,0,0.13981125615811477,0
8_7,10.65,-61.15,12,0,0,0,0,0,1,0,0,0,0,0,0,0,0.1609690871756232,0,0,0.13981125615811477
8_7,10.65,-61.15,13,0,0,0,0,0,0,1,0,0,0,0,0,0,0,0.1609690871756232,0,0
8_7,10.65,-61.15,14,1,0,0,0,0,0,0,1,0,0,0,0,0,0,0,0.1609690871756232,0
8_7,10.65,-61.15,15,0,0,0,0,0,0,0,0,1,0,0,0,0,0,0,0,0.1609690871756232
8_7,10.65,-61.15,16,1,0,0,0,0,0,0,0,0,0,0,0,0,0,0,0,0
8_7,10.65,-61.15,17,0,0,0,0,0,0,0,0,0,0,0,0,0,0,0,0,0
8_7,10.65,-61.15,18,0,0,0,0,0,0,0,0,0,0,0,0,0,0,0,0,0
8_7,10.65,-61.15,19,0,0,0,0,0,0,0,0,0,0,0,0,0,0,0,0,0
8_7,10.65,-61.15,20,0,0,0,0,0,0,0,0,0,0,0,0,0,0,0,0,0
8_7,10.65,-61.15,21,1,0,0,0,0,0,0,0,0,0,0,0,0,0,0,0,0
8_7,10.65,-61.15,22,1,0,0,0,0,0,0,0,0,0,0,0,0,0,0,0,0
8_7,10.65,-61.15,23,0,0,0,0,0,0,0,0,0,0,0,0,0,0,0,0,0
8_7,10.65,-61.15,24,1,0,0,0,0,0,0,0,0,0,0,0,0,0,0,0,0
8_7,10.65,-61.15,25,0,0,0,0,0,0,0,0,0,0,0,0,0,0,0,0,0
8_7,10.65,-61.15,26,0,0,0,0,0,0,0,0,0,0,0,0,0,0,0,0,0
8_7,10.65,-61.15,27,0,0,0,0,0,0,0,0,0,0,0,0,0,0,0,0,0
8_7,10.65,-61.15,28,1,0,0,0,0,0,0,0,0,0,0,0,0,0,0,0,0
8_7,10.65,-61.15,29,0,0,0,0,0,0,0,0,0,0,0,0,0,0,0,0,0
8_7,10.65,-61.15,30,1,1,0,0,0,0,0,0,0,0,0,0,0,0,0,0,0
8_7,10.65,-61.15,31,0,0,1,0,0,0,0,0,0,0,0,0,0,0,0,0,0
8_7,10.65,-61.15,32,0,1,0,1,0,0,0,0,0,0,0,0,0,0,0,0,0
8_7,10.65,-61.15,33,0,0,1,0,1,0,0,0,0,0,0,0,0,0,0,0,0
8_7,10.65,-61.15,34,2,0,0,1,0,1,0,0,0,0,0,0,0,0,0,0,0
8_7,10.65,-61.15,35,0,0,0,0,1,0,1,0,0,0,0,0,0,0,0,0,0
8_7,10.65,-61.15,36,0,0,0,0,0,1,0,1,0,0.1134327039330891,0,0,0,0,0,0,0
8_7,10.65,-61.15,37,1,0,0,0,0,0,1,0,1,0,0.1134327039330891,0,0,0,0,0,0
8_7,10.65,-61.15,38,1,0,0,0,0,0,0,1,0,0,0,0.1134327039330891,0,0,0,0,0
8_7,10.65,-61.15,39,0,0,0,0,0,0,0,0,1,0.13418741368899825,0,0,0.1134327039330891,0,0,0,0
8_7,10.65,-61.15,40,2,0,0,0,0,0,0,0,0,0,0.13418741368899825,0,0,0.1134327039330891,0,0,0
8_7,10.65,-61.15,41,0,0,0,0,0,0,0,0,0,0,0,0.13418741368899825,0,0,0.1134327039330891,0,0
8_7,10.65,-61.15,42,0,0,0,0,0,0,0,0,0,0,0,0,0.13418741368899825,0,0,0.1134327039330891,0
8_7,10.65,-61.15,43,0,0,0,0,0,0,0,0,0,0,0,0,0,0.13418741368899825,0,0,0.1134327039330891
8_7,10.65,-61.15,44,0,0,0,0,0,0,0,0,0,0,0,0,0,0,0.13418741368899825,0,0
8_7,10.65,-61.15,45,0,0,0,0,0,0,0,0,0,0,0,0,0,0,0,0.13418741368899825,0
8_7,10.65,-61.15,46,0,1,0,0,0,0,0,0,0,0.3519563755576084,0,0,0,0,0,0,0.13418741368899825
8_7,10.65,-61.15,47,0,0,1,0,0,0,0,0,0,0,0.3519563755576084,0,0,0,0,0,0
8_7,10.65,-61.15,48,0,0,0,1,0,0,0,0,0,0,0,0.3519563755576084,0,0,0,0,0
8_7,10.65,-61.15,49,0,0,0,0,1,0,0,0,0,0,0,0,0.3519563755576084,0,0,0,0
8_7,10.65,-61.15,50,0,0,0,0,0,1,0,0,0,0,0,0,0,0.3519563755576084,0,0,0
8_7,10.65,-61.15,51,0,0,0,0,0,0,1,0,0,0,0,0,0,0,0.3519563755576084,0,0
8_7,10.65,-61.15,52,1,0,0,0,0,0,0,1,0,0,0,0,0,0,0,0.3519563755576084,0
8_8,10.75,-61.150000000000006,0,0,0,,,,,,,,0,,,,,,,
8_8,10.75,-61.150000000000006,1,0,0,0,,,,,,,0,0,,,,,,
8_8,10.75,-61.150000000000006,2,0,0,0,0,,,,,,0,0,0,,,,,
8_8,10.75,-61.150000000000006,3,0,0,0,0,0,,,,,0,0,0,0,,,,
8_8,10.75,-61.150000000000006,4,0,0,0,0,0,0,,,,0,0,0,0,0,,,
8_8,10.75,-61.150000000000006,5,0,0,0,0,0,0,0,,,0,0,0,0,0,0,,
8_8,10.75,-61.150000000000006,6,0,0,0,0,0,0,0,0,,0,0,0,0,0,0,0,
8_8,10.75,-61.150000000000006,7,0,0,0,0,0,0,0,0,0,0,0,0,0,0,0,0,0
8_8,10.75,-61.150000000000006,8,0,0,0,0,0,0,0,0,0,0,0,0,0,0,0,0,0
8_8,10.75,-61.150000000000006,9,0,0,0,0,0,0,0,0,0,0,0,0,0,0,0,0,0
8_8,10.75,-61.150000000000006,10,0,0,0,0,0,0,0,0,0,0,0,0,0,0,0,0,0
8_8,10.75,-61.150000000000006,11,0,0,0,0,0,0,0,0,0,0,0,0,0,0,0,0,0
8_8,10.75,-61.150000000000006,12,0,0,0,0,0,0,0,0,0,0,0,0,0,0,0,0,0
8_8,10.75,-61.150000000000006,13,0,0,0,0,0,0,0,0,0,0,0,0,0,0,0,0,0
8_8,10.75,-61.150000000000006,14,0,0,0,0,0,0,0,0,0,0,0,0,0,0,0,0,0
8_8,10.75,-61.150000000000006,15,0,0,0,0,0,0,0,0,0,0,0,0,0,0,0,0,0
8_8,10.75,-61.150000000000006,16,0,0,0,0,0,0,0,0,0,0,0,0,0,0,0,0,0
8_8,10.75,-61.150000000000006,17,0,0,0,0,0,0,0,0,0,0,0,0,0,0,0,0,0
8_8,10.75,-61.150000000000006,18,0,0,0,0,0,0,0,0,0,0,0,0,0,0,0,0,0
8_8,10.75,-61.150000000000006,19,0,0,0,0,0,0,0,0,0,0,0,0,0,0,0,0,0
8_8,10.75,-61.150000000000006,20,0,0,0,0,0,0,0,0,0,0,0,0,0,0,0,0,0
8_8,10.75,-61.150000000000006,21,0,0,0,0,0,0,0,0,0,0,0,0,0,0,0,0,0
8_8,10.75,-61.150000000000006,22,0,0,0,0,0,0,0,0,0,0,0,0,0,0,0,0,0
8_8,10.75,-61.150000000000006,23,0,0,0,0,0,0,0,0,0,0,0,0,0,0,0,0,0
8_8,10.75,-61.150000000000006,24,0,0,0,0,0,0,0,0,0,0,0,0,0,0,0,0,0
8_8,10.75,-61.150000000000006,25,0,0,0,0,0,0,0,0,0,0,0,0,0,0,0,0,0
8_8,10.75,-61.150000000000006,26,0,0,0,0,0,0,0,0,0,0,0,0,0,0,0,0,0
8_8,10.75,-61.150000000000006,27,0,0,0,0,0,0,0,0,0,0,0,0,0,0,0,0,0
8_8,10.75,-61.150000000000006,28,0,0,0,0,0,0,0,0,0,0,0,0,0,0,0,0,0
8_8,10.75,-61.150000000000006,29,0,0,0,0,0,0,0,0,0,0,0,0,0,0,0,0,0
8_8,10.75,-61.150000000000006,30,0,0,0,0,0,0,0,0,0,0,0,0,0,0,0,0,0
8_8,10.75,-61.150000000000006,31,0,0,0,0,0,0,0,0,0,0,0,0,0,0,0,0,0
8_8,10.75,-61.150000000000006,32,0,0,0,0,0,0,0,0,0,0,0,0,0,0,0,0,0
8_8,10.75,-61.150000000000006,33,0,0,0,0,0,0,0,0,0,0,0,0,0,0,0,0,0
8_8,10.75,-61.150000000000006,34,0,0,0,0,0,0,0,0,0,0,0,0,0,0,0,0,0
8_8,10.75,-61.150000000000006,35,0,0,0,0,0,0,0,0,0,0,0,0,0,0,0,0,0
8_8,10.75,-61.150000000000006,36,0,0,0,0,0,0,0,0,0,0,0,0,0,0,0,0,0
8_8,10.75,-61.150000000000006,37,0,0,0,0,0,0,0,0,0,0,0,0,0,0,0,0,0
8_8,10.75,-61.150000000000006,38,0,0,0,0,0,0,0,0,0,0,0,0,0,0,0,0,0
8_8,10.75,-61.150000000000006,39,0,0,0,0,0,0,0,0,0,0,0,0,0,0,0,0,0
8_8,10.75,-61.150000000000006,40,0,0,0,0,0,0,0,0,0,0,0,0,0,0,0,0,0
8_8,10.75,-61.150000000000006,41,0,0,0,0,0,0,0,0,0,0,0,0,0,0,0,0,0
8_8,10.75,-61.150000000000006,42,0,0,0,0,0,0,0,0,0,0,0,0,0,0,0,0,0
8_8,10.75,-61.150000000000006,43,0,0,0,0,0,0,0,0,0,0,0,0,0,0,0,0,0
8_8,10.75,-61.150000000000006,44,0,0,0,0,0,0,0,0,0,0,0,0,0,0,0,0,0
8_8,10.75,-61.150000000000006,45,0,0,0,0,0,0,0,0,0,0,0,0,0,0,0,0,0
8_8,10.75,-61.150000000000006,46,0,0,0,0,0,0,0,0,0,0,0,0,0,0,0,0,0
8_8,10.75,-61.150000000000006,47,0,0,0,0,0,0,0,0,0,0,0,0,0,0,0,0,0
8_8,10.75,-61.150000000000006,48,0,0,0,0,0,0,0,0,0,0,0,0,0,0,0,0,0
8_8,10.75,-61.150000000000006,49,0,0,0,0,0,0,0,0,0,0,0,0,0,0,0,0,0
8_8,10.75,-61.150000000000006,50,0,0,0,0,0,0,0,0,0,0,0,0,0,0,0,0,0
8_8,10.75,-61.150000000000006,51,0,0,0,0,0,0,0,0,0,0,0,0,0,0,0,0,0
8_8,10.75,-61.150000000000006,52,0,0,0,0,0,0,0,0,0,0,0,0,0,0,0,0,0
8_9,10.85,-61.15,0,0,0,,,,,,,,0,,,,,,,
8_9,10.85,-61.15,1,0,0,0,,,,,,,0,0,,,,,,
8_9,10.85,-61.15,2,1,0,0,0,,,,,,0,0,0,,,,,
8_9,10.85,-61.15,3,0,0,0,0,0,,,,,0,0,0,0,,,,
8_9,10.85,-61.15,4,0,0,0,0,0,0,,,,0,0,0,0,0,,,
8_9,10.85,-61.15,5,0,0,0,0,0,0,0,,,0,0,0,0,0,0,,
8_9,10.85,-61.15,6,0,0,0,0,0,0,0,0,,0,0,0,0,0,0,0,
8_9,10.85,-61.15,7,0,0,0,0,0,0,0,0,0,0,0,0,0,0,0,0,0
8_9,10.85,-61.15,8,0,0,0,0,0,0,0,0,0,0,0,0,0,0,0,0,0
8_9,10.85,-61.15,9,0,0,0,0,0,0,0,0,0,0,0,0,0,0,0,0,0
8_9,10.85,-61.15,10,0,0,0,0,0,0,0,0,0,0,0,0,0,0,0,0,0
8_9,10.85,-61.15,11,0,0,0,0,0,0,0,0,0,0,0,0,0,0,0,0,0
8_9,10.85,-61.15,12,0,0,0,0,0,0,0,0,0,0,0,0,0,0,0,0,0
8_9,10.85,-61.15,13,0,0,0,0,0,0,0,0,0,0,0,0,0,0,0,0,0
8_9,10.85,-61.15,14,0,0,0,0,0,0,0,0,0,0,0,0,0,0,0,0,0
8_9,10.85,-61.15,15,0,0,0,0,0,0,0,0,0,0,0,0,0,0,0,0,0
8_9,10.85,-61.15,16,0,0,0,0,0,0,0,0,0,0,0,0,0,0,0,0,0
8_9,10.85,-61.15,17,0,0,0,0,0,0,0,0,0,0,0,0,0,0,0,0,0
8_9,10.85,-61.15,18,0,0,0,0,0,0,0,0,0,0,0,0,0,0,0,0,0
8_9,10.85,-61.15,19,0,0,0,0,0,0,0,0,0,0,0,0,0,0,0,0,0
8_9,10.85,-61.15,20,0,0,0,0,0,0,0,0,0,0,0,0,0,0,0,0,0
8_9,10.85,-61.15,21,0,0,0,0,0,0,0,0,0,0,0,0,0,0,0,0,0
8_9,10.85,-61.15,22,0,0,0,0,0,0,0,0,0,0,0,0,0,0,0,0,0
8_9,10.85,-61.15,23,0,0,0,0,0,0,0,0,0,0,0,0,0,0,0,0,0
8_9,10.85,-61.15,24,0,0,0,0,0,0,0,0,0,0,0,0,0,0,0,0,0
8_9,10.85,-61.15,25,0,0,0,0,0,0,0,0,0,0,0,0,0,0,0,0,0
8_9,10.85,-61.15,26,0,0,0,0,0,0,0,0,0,0,0,0,0,0,0,0,0
8_9,10.85,-61.15,27,0,0,0,0,0,0,0,0,0,0,0,0,0,0,0,0,0
8_9,10.85,-61.15,28,0,0,0,0,0,0,0,0,0,0,0,0,0,0,0,0,0
8_9,10.85,-61.15,29,0,0,0,0,0,0,0,0,0,0,0,0,0,0,0,0,0
8_9,10.85,-61.15,30,0,0,0,0,0,0,0,0,0,0,0,0,0,0,0,0,0
8_9,10.85,-61.15,31,0,0,0,0,0,0,0,0,0,0,0,0,0,0,0,0,0
8_9,10.85,-61.15,32,0,0,0,0,0,0,0,0,0,0,0,0,0,0,0,0,0
8_9,10.85,-61.15,33,0,0,0,0,0,0,0,0,0,0,0,0,0,0,0,0,0
8_9,10.85,-61.15,34,0,0,0,0,0,0,0,0,0,0,0,0,0,0,0,0,0
8_9,10.85,-61.15,35,0,0,0,0,0,0,0,0,0,0,0,0,0,0,0,0,0
8_9,10.85,-61.15,36,0,0,0,0,0,0,0,0,0,0,0,0,0,0,0,0,0
8_9,10.85,-61.15,37,0,0,0,0,0,0,0,0,0,0,0,0,0,0,0,0,0
8_9,10.85,-61.15,38,0,0,0,0,0,0,0,0,0,0,0,0,0,0,0,0,0
8_9,10.85,-61.15,39,0,0,0,0,0,0,0,0,0,0,0,0,0,0,0,0,0
8_9,10.85,-61.15,40,0,0,0,0,0,0,0,0,0,0,0,0,0,0,0,0,0
8_9,10.85,-61.15,41,0,0,0,0,0,0,0,0,0,0,0,0,0,0,0,0,0
8_9,10.85,-61.15,42,0,0,0,0,0,0,0,0,0,0,0,0,0,0,0,0,0
8_9,10.85,-61.15,43,0,0,0,0,0,0,0,0,0,0,0,0,0,0,0,0,0
8_9,10.85,-61.15,44,0,0,0,0,0,0,0,0,0,0,0,0,0,0,0,0,0
8_9,10.85,-61.15,45,0,0,0,0,0,0,0,0,0,0,0,0,0,0,0,0,0
8_9,10.85,-61.15,46,0,0,0,0,0,0,0,0,0,0,0,0,0,0,0,0,0
8_9,10.85,-61.15,47,0,0,0,0,0,0,0,0,0,0,0,0,0,0,0,0,0
8_9,10.85,-61.15,48,0,0,0,0,0,0,0,0,0,0,0,0,0,0,0,0,0
8_9,10.85,-61.15,49,0,0,0,0,0,0,0,0,0,0,0,0,0,0,0,0,0
8_9,10.85,-61.15,50,0,0,0,0,0,0,0,0,0,0,0,0,0,0,0,0,0
8_9,10.85,-61.15,51,0,0,0,0,0,0,0,0,0,0,0,0,0,0,0,0,0
8_9,10.85,-61.15,52,0,0,0,0,0,0,0,0,0,0,0,0,0,0,0,0,0
9_2,10.15,-61.04999999999999,0,0,0,,,,,,,,0,,,,,,,
9_2,10.15,-61.04999999999999,1,0,0,0,,,,,,,0,0,,,,,,
9_2,10.15,-61.04999999999999,2,0,0,0,0,,,,,,0,0,0,,,,,
9_2,10.15,-61.04999999999999,3,0,0,0,0,0,,,,,0,0,0,0,,,,
9_2,10.15,-61.04999999999999,4,0,0,0,0,0,0,,,,0,0,0,0,0,,,
9_2,10.15,-61.04999999999999,5,0,0,0,0,0,0,0,,,0,0,0,0,0,0,,
9_2,10.15,-61.04999999999999,6,0,0,0,0,0,0,0,0,,0,0,0,0,0,0,0,
9_2,10.15,-61.04999999999999,7,0,0,0,0,0,0,0,0,0,0,0,0,0,0,0,0,0
9_2,10.15,-61.04999999999999,8,0,0,0,0,0,0,0,0,0,0,0,0,0,0,0,0,0
9_2,10.15,-61.04999999999999,9,0,0,0,0,0,0,0,0,0,0,0,0,0,0,0,0,0
9_2,10.15,-61.04999999999999,10,0,0,0,0,0,0,0,0,0,0,0,0,0,0,0,0,0
9_2,10.15,-61.04999999999999,11,0,0,0,0,0,0,0,0,0,0,0,0,0,0,0,0,0
9_2,10.15,-61.04999999999999,12,0,0,0,0,0,0,0,0,0,0,0,0,0,0,0,0,0
9_2,10.15,-61.04999999999999,13,0,0,0,0,0,0,0,0,0,0,0,0,0,0,0,0,0
9_2,10.15,-61.04999999999999,14,0,0,0,0,0,0,0,0,0,0,0,0,0,0,0,0,0
9_2,10.15,-61.04999999999999,15,0,0,0,0,0,0,0,0,0,0,0,0,0,0,0,0,0
9_2,10.15,-61.04999999999999,16,0,0,0,0,0,0,0,0,0,0,0,0,0,0,0,0,0
9_2,10.15,-61.04999999999999,17,0,0,0,0,0,0,0,0,0,0,0,0,0,0,0,0,0
9_2,10.15,-61.04999999999999,18,0,0,0,0,0,0,0,0,0,0,0,0,0,0,0,0,0
9_2,10.15,-61.04999999999999,19,0,0,0,0,0,0,0,0,0,0,0,0,0,0,0,0,0
9_2,10.15,-61.04999999999999,20,0,0,0,0,0,0,0,0,0,0,0,0,0,0,0,0,0
9_2,10.15,-61.04999999999999,21,0,0,0,0,0,0,0,0,0,0,0,0,0,0,0,0,0
9_2,10.15,-61.04999999999999,22,0,0,0,0,0,0,0,0,0,0,0,0,0,0,0,0,0
9_2,10.15,-61.04999999999999,23,0,0,0,0,0,0,0,0,0,0,0,0,0,0,0,0,0
9_2,10.15,-61.04999999999999,24,0,0,0,0,0,0,0,0,0,0,0,0,0,0,0,0,0
9_2,10.15,-61.04999999999999,25,0,0,0,0,0,0,0,0,0,0,0,0,0,0,0,0,0
9_2,10.15,-61.04999999999999,26,0,0,0,0,0,0,0,0,0,0,0,0,0,0,0,0,0
9_2,10.15,-61.04999999999999,27,0,0,0,0,0,0,0,0,0,0,0,0,0,0,0,0,0
9_2,10.15,-61.04999999999999,28,0,0,0,0,0,0,0,0,0,0,0,0,0,0,0,0,0
9_2,10.15,-61.04999999999999,29,0,0,0,0,0,0,0,0,0,0,0,0,0,0,0,0,0
9_2,10.15,-61.04999999999999,30,0,0,0,0,0,0,0,0,0,0,0,0,0,0,0,0,0
9_2,10.15,-61.04999999999999,31,0,0,0,0,0,0,0,0,0,0,0,0,0,0,0,0,0
9_2,10.15,-61.04999999999999,32,0,0,0,0,0,0,0,0,0,0,0,0,0,0,0,0,0
9_2,10.15,-61.04999999999999,33,0,0,0,0,0,0,0,0,0,0,0,0,0,0,0,0,0
9_2,10.15,-61.04999999999999,34,0,0,0,0,0,0,0,0,0,0,0,0,0,0,0,0,0
9_2,10.15,-61.04999999999999,35,0,0,0,0,0,0,0,0,0,0,0,0,0,0,0,0,0
9_2,10.15,-61.04999999999999,36,0,0,0,0,0,0,0,0,0,0,0,0,0,0,0,0,0
9_2,10.15,-61.04999999999999,37,0,0,0,0,0,0,0,0,0,0,0,0,0,0,0,0,0
9_2,10.15,-61.04999999999999,38,0,0,0,0,0,0,0,0,0,0,0,0,0,0,0,0,0
9_2,10.15,-61.04999999999999,39,0,0,0,0,0,0,0,0,0,0,0,0,0,0,0,0,0
9_2,10.15,-61.04999999999999,40,0,0,0,0,0,0,0,0,0,0,0,0,0,0,0,0,0
9_2,10.15,-61.04999999999999,41,0,0,0,0,0,0,0,0,0,0,0,0,0,0,0,0,0
9_2,10.15,-61.04999999999999,42,0,0,0,0,0,0,0,0,0,0,0,0,0,0,0,0,0
9_2,10.15,-61.04999999999999,43,0,0,0,0,0,0,0,0,0,0,0,0,0,0,0,0,0
9_2,10.15,-61.04999999999999,44,0,0,0,0,0,0,0,0,0,0,0,0,0,0,0,0,0
9_2,10.15,-61.04999999999999,45,0,0,0,0,0,0,0,0,0,0,0,0,0,0,0,0,0
9_2,10.15,-61.04999999999999,46,0,0,0,0,0,0,0,0,0,0,0,0,0,0,0,0,0
9_2,10.15,-61.04999999999999,47,0,0,0,0,0,0,0,0,0,0,0,0,0,0,0,0,0
9_2,10.15,-61.04999999999999,48,0,0,0,0,0,0,0,0,0,0,0,0,0,0,0,0,0
9_2,10.15,-61.04999999999999,49,0,0,0,0,0,0,0,0,0,0,0,0,0,0,0,0,0
9_2,10.15,-61.04999999999999,50,0,0,0,0,0,0,0,0,0,0,0,0,0,0,0,0,0
9_2,10.15,-61.04999999999999,51,0,0,0,0,0,0,0,0,0,0,0,0,0,0,0,0,0
9_2,10.15,-61.04999999999999,52,0,0,0,0,0,0,0,0,0,0,0,0,0,0,0,0,0
9_3,10.25,-61.05,0,0,0,,,,,,,,0,,,,,,,
9_3,10.25,-61.05,1,0,0,0,,,,,,,0,0,,,,,,
9_3,10.25,-61.05,2,0,0,0,0,,,,,,0,0,0,,,,,
9_3,10.25,-61.05,3,0,0,0,0,0,,,,,0,0,0,0,,,,
9_3,10.25,-61.05,4,0,0,0,0,0,0,,,,0,0,0,0,0,,,
9_3,10.25,-61.05,5,0,0,0,0,0,0,0,,,0,0,0,0,0,0,,
9_3,10.25,-61.05,6,0,0,0,0,0,0,0,0,,0,0,0,0,0,0,0,
9_3,10.25,-61.05,7,0,0,0,0,0,0,0,0,0,0,0,0,0,0,0,0,0
9_3,10.25,-61.05,8,0,0,0,0,0,0,0,0,0,0,0,0,0,0,0,0,0
9_3,10.25,-61.05,9,0,0,0,0,0,0,0,0,0,0,0,0,0,0,0,0,0
9_3,10.25,-61.05,10,0,0,0,0,0,0,0,0,0,0,0,0,0,0,0,0,0
9_3,10.25,-61.05,11,0,0,0,0,0,0,0,0,0,0,0,0,0,0,0,0,0
9_3,10.25,-61.05,12,0,0,0,0,0,0,0,0,0,0,0,0,0,0,0,0,0
9_3,10.25,-61.05,13,0,0,0,0,0,0,0,0,0,0,0,0,0,0,0,0,0
9_3,10.25,-61.05,14,0,0,0,0,0,0,0,0,0,0,0,0,0,0,0,0,0
9_3,10.25,-61.05,15,2,0,0,0,0,0,0,0,0,0,0,0,0,0,0,0,0
9_3,10.25,-61.05,16,0,0,0,0,0,0,0,0,0,0,0,0,0,0,0,0,0
9_3,10.25,-61.05,17,0,0,0,0,0,0,0,0,0,0,0,0,0,0,0,0,0
9_3,10.25,-61.05,18,0,0,0,0,0,0,0,0,0,0,0,0,0,0,0,0,0
9_3,10.25,-61.05,19,0,0,0,0,0,0,0,0,0,0,0,0,0,0,0,0,0
9_3,10.25,-61.05,20,0,0,0,0,0,0,0,0,0,0,0,0,0,0,0,0,0
9_3,10.25,-61.05,21,2,0,0,0,0,0,0,0,0,0,0,0,0,0,0,0,0
9_3,10.25,-61.05,22,0,0,0,0,0,0,0,0,0,0,0,0,0,0,0,0,0
9_3,10.25,-61.05,23,1,0,0,0,0,0,0,0,0,0,0,0,0,0,0,0,0
9_3,10.25,-61.05,24,1,0,0,0,0,0,0,0,0,0,0,0,0,0,0,0,0
9_3,10.25,-61.05,25,0,0,0,0,0,0,0,0,0,0,0,0,0,0,0,0,0
9_3,10.25,-61.05,26,0,0,0,0,0,0,0,0,0,0,0,0,0,0,0,0,0
9_3,10.25,-61.05,27,0,0,0,0,0,0,0,0,0,0,0,0,0,0,0,0,0
9_3,10.25,-61.05,28,0,0,0,0,0,0,0,0,0,0,0,0,0,0,0,0,0
9_3,10.25,-61.05,29,0,0,0,0,0,0,0,0,0,0,0,0,0,0,0,0,0
9_3,10.25,-61.05,30,0,0,0,0,0,0,0,0,0,0,0,0,0,0,0,0,0
9_3,10.25,-61.05,31,0,0,0,0,0,0,0,0,0,0,0,0,0,0,0,0,0
9_3,10.25,-61.05,32,0,0,0,0,0,0,0,0,0,0,0,0,0,0,0,0,0
9_3,10.25,-61.05,33,0,0,0,0,0,0,0,0,0,0,0,0,0,0,0,0,0
9_3,10.25,-61.05,34,0,0,0,0,0,0,0,0,0,0,0,0,0,0,0,0,0
9_3,10.25,-61.05,35,0,0,0,0,0,0,0,0,0,0,0,0,0,0,0,0,0
9_3,10.25,-61.05,36,0,0,0,0,0,0,0,0,0,0,0,0,0,0,0,0,0
9_3,10.25,-61.05,37,0,0,0,0,0,0,0,0,0,0,0,0,0,0,0,0,0
9_3,10.25,-61.05,38,0,0,0,0,0,0,0,0,0,0,0,0,0,0,0,0,0
9_3,10.25,-61.05,39,0,0,0,0,0,0,0,0,0,0,0,0,0,0,0,0,0
9_3,10.25,-61.05,40,0,0,0,0,0,0,0,0,0,0,0,0,0,0,0,0,0
9_3,10.25,-61.05,41,0,0,0,0,0,0,0,0,0,0,0,0,0,0,0,0,0
9_3,10.25,-61.05,42,0,0,0,0,0,0,0,0,0,0,0,0,0,0,0,0,0
9_3,10.25,-61.05,43,0,0,0,0,0,0,0,0,0,0,0,0,0,0,0,0,0
9_3,10.25,-61.05,44,0,0,0,0,0,0,0,0,0,0,0,0,0,0,0,0,0
9_3,10.25,-61.05,45,0,0,0,0,0,0,0,0,0,0,0,0,0,0,0,0,0
9_3,10.25,-61.05,46,0,0,0,0,0,0,0,0,0,0,0,0,0,0,0,0,0
9_3,10.25,-61.05,47,0,0,0,0,0,0,0,0,0,0,0,0,0,0,0,0,0
9_3,10.25,-61.05,48,0,0,0,0,0,0,0,0,0,0,0,0,0,0,0,0,0
9_3,10.25,-61.05,49,0,0,0,0,0,0,0,0,0,0,0,0,0,0,0,0,0
9_3,10.25,-61.05,50,0,0,0,0,0,0,0,0,0,0,0,0,0,0,0,0,0
9_3,10.25,-61.05,51,0,0,0,0,0,0,0,0,0,0,0,0,0,0,0,0,0
9_3,10.25,-61.05,52,0,0,0,0,0,0,0,0,0,0,0,0,0,0,0,0,0
9_4,10.35,-61.04999999999999,0,0,0,,,,,,,,0,,,,,,,
9_4,10.35,-61.04999999999999,1,0,0,0,,,,,,,0,0,,,,,,
9_4,10.35,-61.04999999999999,2,0,0,0,0,,,,,,0,0,0,,,,,
9_4,10.35,-61.04999999999999,3,0,0,0,0,0,,,,,0,0,0,0,,,,
9_4,10.35,-61.04999999999999,4,0,0,0,0,0,0,,,,0,0,0,0,0,,,
9_4,10.35,-61.04999999999999,5,0,0,0,0,0,0,0,,,0,0,0,0,0,0,,
9_4,10.35,-61.04999999999999,6,0,0,0,0,0,0,0,0,,0,0,0,0,0,0,0,
9_4,10.35,-61.04999999999999,7,0,0,0,0,0,0,0,0,0,0,0,0,0,0,0,0,0
9_4,10.35,-61.04999999999999,8,0,0,0,0,0,0,0,0,0,0,0,0,0,0,0,0,0
9_4,10.35,-61.04999999999999,9,0,0,0,0,0,0,0,0,0,0,0,0,0,0,0,0,0
9_4,10.35,-61.04999999999999,10,0,0,0,0,0,0,0,0,0,0,0,0,0,0,0,0,0
9_4,10.35,-61.04999999999999,11,0,0,0,0,0,0,0,0,0,0,0,0,0,0,0,0,0
9_4,10.35,-61.04999999999999,12,0,0,0,0,0,0,0,0,0,0,0,0,0,0,0,0,0
9_4,10.35,-61.04999999999999,13,0,0,0,0,0,0,0,0,0,0,0,0,0,0,0,0,0
9_4,10.35,-61.04999999999999,14,0,0,0,0,0,0,0,0,0,0,0,0,0,0,0,0,0
9_4,10.35,-61.04999999999999,15,0,0,0,0,0,0,0,0,0,0,0,0,0,0,0,0,0
9_4,10.35,-61.04999999999999,16,0,0,0,0,0,0,0,0,0,0,0,0,0,0,0,0,0
9_4,10.35,-61.04999999999999,17,0,0,0,0,0,0,0,0,0,0,0,0,0,0,0,0,0
9_4,10.35,-61.04999999999999,18,0,0,0,0,0,0,0,0,0,0,0,0,0,0,0,0,0
9_4,10.35,-61.04999999999999,19,0,0,0,0,0,0,0,0,0,0,0,0,0,0,0,0,0
9_4,10.35,-61.04999999999999,20,0,0,0,0,0,0,0,0,0,0,0,0,0,0,0,0,0
9_4,10.35,-61.04999999999999,21,0,0,0,0,0,0,0,0,0,0,0,0,0,0,0,0,0
9_4,10.35,-61.04999999999999,22,0,0,0,0,0,0,0,0,0,0,0,0,0,0,0,0,0
9_4,10.35,-61.04999999999999,23,0,0,0,0,0,0,0,0,0,0,0,0,0,0,0,0,0
9_4,10.35,-61.04999999999999,24,0,0,0,0,0,0,0,0,0,0,0,0,0,0,0,0,0
9_4,10.35,-61.04999999999999,25,0,0,0,0,0,0,0,0,0,0,0,0,0,0,0,0,0
9_4,10.35,-61.04999999999999,26,0,0,0,0,0,0,0,0,0,0,0,0,0,0,0,0,0
9_4,10.35,-61.04999999999999,27,0,0,0,0,0,0,0,0,0,0,0,0,0,0,0,0,0
9_4,10.35,-61.04999999999999,28,0,0,0,0,0,0,0,0,0,0,0,0,0,0,0,0,0
9_4,10.35,-61.04999999999999,29,0,0,0,0,0,0,0,0,0,0,0,0,0,0,0,0,0
9_4,10.35,-61.04999999999999,30,0,0,0,0,0,0,0,0,0,0,0,0,0,0,0,0,0
9_4,10.35,-61.04999999999999,31,0,0,0,0,0,0,0,0,0,0,0,0,0,0,0,0,0
9_4,10.35,-61.04999999999999,32,0,0,0,0,0,0,0,0,0,0,0,0,0,0,0,0,0
9_4,10.35,-61.04999999999999,33,0,0,0,0,0,0,0,0,0,0,0,0,0,0,0,0,0
9_4,10.35,-61.04999999999999,34,0,0,0,0,0,0,0,0,0,0,0,0,0,0,0,0,0
9_4,10.35,-61.04999999999999,35,0,0,0,0,0,0,0,0,0,0,0,0,0,0,0,0,0
9_4,10.35,-61.04999999999999,36,0,0,0,0,0,0,0,0,0,0,0,0,0,0,0,0,0
9_4,10.35,-61.04999999999999,37,0,0,0,0,0,0,0,0,0,0,0,0,0,0,0,0,0
9_4,10.35,-61.04999999999999,38,0,0,0,0,0,0,0,0,0,0,0,0,0,0,0,0,0
9_4,10.35,-61.04999999999999,39,0,0,0,0,0,0,0,0,0,0,0,0,0,0,0,0,0
9_4,10.35,-61.04999999999999,40,0,0,0,0,0,0,0,0,0,0,0,0,0,0,0,0,0
9_4,10.35,-61.04999999999999,41,0,0,0,0,0,0,0,0,0,0,0,0,0,0,0,0,0
9_4,10.35,-61.04999999999999,42,0,0,0,0,0,0,0,0,0,0,0,0,0,0,0,0,0
9_4,10.35,-61.04999999999999,43,0,0,0,0,0,0,0,0,0,0,0,0,0,0,0,0,0
9_4,10.35,-61.04999999999999,44,0,0,0,0,0,0,0,0,0,0,0,0,0,0,0,0,0
9_4,10.35,-61.04999999999999,45,0,0,0,0,0,0,0,0,0,0,0,0,0,0,0,0,0
9_4,10.35,-61.04999999999999,46,0,0,0,0,0,0,0,0,0,0,0,0,0,0,0,0,0
9_4,10.35,-61.04999999999999,47,0,0,0,0,0,0,0,0,0,0,0,0,0,0,0,0,0
9_4,10.35,-61.04999999999999,48,0,0,0,0,0,0,0,0,0,0,0,0,0,0,0,0,0
9_4,10.35,-61.04999999999999,49,0,0,0,0,0,0,0,0,0,0,0,0,0,0,0,0,0
9_4,10.35,-61.04999999999999,50,0,0,0,0,0,0,0,0,0,0,0,0,0,0,0,0,0
9_4,10.35,-61.04999999999999,51,0,0,0,0,0,0,0,0,0,0,0,0,0,0,0,0,0
9_4,10.35,-61.04999999999999,52,0,0,0,0,0,0,0,0,0,0,0,0,0,0,0,0,0
9_5,10.45,-61.04999999999999,0,0,0,,,,,,,,0,,,,,,,
9_5,10.45,-61.04999999999999,1,0,0,0,,,,,,,0,0,,,,,,
9_5,10.45,-61.04999999999999,2,0,0,0,0,,,,,,0,0,0,,,,,
9_5,10.45,-61.04999999999999,3,0,0,0,0,0,,,,,0,0,0,0,,,,
9_5,10.45,-61.04999999999999,4,0,0,0,0,0,0,,,,0,0,0,0,0,,,
9_5,10.45,-61.04999999999999,5,0,0,0,0,0,0,0,,,0,0,0,0,0,0,,
9_5,10.45,-61.04999999999999,6,0,0,0,0,0,0,0,0,,0,0,0,0,0,0,0,
9_5,10.45,-61.04999999999999,7,0,0,0,0,0,0,0,0,0,0,0,0,0,0,0,0,0
9_5,10.45,-61.04999999999999,8,0,0,0,0,0,0,0,0,0,0,0,0,0,0,0,0,0
9_5,10.45,-61.04999999999999,9,0,0,0,0,0,0,0,0,0,0,0,0,0,0,0,0,0
9_5,10.45,-61.04999999999999,10,0,0,0,0,0,0,0,0,0,0,0,0,0,0,0,0,0
9_5,10.45,-61.04999999999999,11,0,0,0,0,0,0,0,0,0,0,0,0,0,0,0,0,0
9_5,10.45,-61.04999999999999,12,0,0,0,0,0,0,0,0,0,0,0,0,0,0,0,0,0
9_5,10.45,-61.04999999999999,13,0,0,0,0,0,0,0,0,0,0,0,0,0,0,0,0,0
9_5,10.45,-61.04999999999999,14,0,0,0,0,0,0,0,0,0,0,0,0,0,0,0,0,0
9_5,10.45,-61.04999999999999,15,0,0,0,0,0,0,0,0,0,0,0,0,0,0,0,0,0
9_5,10.45,-61.04999999999999,16,0,0,0,0,0,0,0,0,0,0,0,0,0,0,0,0,0
9_5,10.45,-61.04999999999999,17,0,0,0,0,0,0,0,0,0,0,0,0,0,0,0,0,0
9_5,10.45,-61.04999999999999,18,0,0,0,0,0,0,0,0,0,0,0,0,0,0,0,0,0
9_5,10.45,-61.04999999999999,19,0,0,0,0,0,0,0,0,0,0,0,0,0,0,0,0,0
9_5,10.45,-61.04999999999999,20,0,0,0,0,0,0,0,0,0,0,0,0,0,0,0,0,0
9_5,10.45,-61.04999999999999,21,0,0,0,0,0,0,0,0,0,0,0,0,0,0,0,0,0
9_5,10.45,-61.04999999999999,22,0,0,0,0,0,0,0,0,0,0,0,0,0,0,0,0,0
9_5,10.45,-61.04999999999999,23,0,0,0,0,0,0,0,0,0,0,0,0,0,0,0,0,0
9_5,10.45,-61.04999999999999,24,0,0,0,0,0,0,0,0,0,0,0,0,0,0,0,0,0
9_5,10.45,-61.04999999999999,25,0,0,0,0,0,0,0,0,0,0,0,0,0,0,0,0,0
9_5,10.45,-61.04999999999999,26,0,0,0,0,0,0,0,0,0,0,0,0,0,0,0,0,0
9_5,10.45,-61.04999999999999,27,0,0,0,0,0,0,0,0,0,0,0,0,0,0,0,0,0
9_5,10.45,-61.04999999999999,28,0,0,0,0,0,0,0,0,0,0,0,0,0,0,0,0,0
9_5,10.45,-61.04999999999999,29,0,0,0,0,0,0,0,0,0,0,0,0,0,0,0,0,0
9_5,10.45,-61.04999999999999,30,0,0,0,0,0,0,0,0,0,0,0,0,0,0,0,0,0
9_5,10.45,-61.04999999999999,31,0,0,0,0,0,0,0,0,0,0,0,0,0,0,0,0,0
9_5,10.45,-61.04999999999999,32,0,0,0,0,0,0,0,0,0,0,0,0,0,0,0,0,0
9_5,10.45,-61.04999999999999,33,0,0,0,0,0,0,0,0,0,0,0,0,0,0,0,0,0
9_5,10.45,-61.04999999999999,34,0,0,0,0,0,0,0,0,0,0,0,0,0,0,0,0,0
9_5,10.45,-61.04999999999999,35,0,0,0,0,0,0,0,0,0,0,0,0,0,0,0,0,0
9_5,10.45,-61.04999999999999,36,0,0,0,0,0,0,0,0,0,0,0,0,0,0,0,0,0
9_5,10.45,-61.04999999999999,37,0,0,0,0,0,0,0,0,0,0,0,0,0,0,0,0,0
9_5,10.45,-61.04999999999999,38,0,0,0,0,0,0,0,0,0,0,0,0,0,0,0,0,0
9_5,10.45,-61.04999999999999,39,0,0,0,0,0,0,0,0,0,0,0,0,0,0,0,0,0
9_5,10.45,-61.04999999999999,40,0,0,0,0,0,0,0,0,0,0,0,0,0,0,0,0,0
9_5,10.45,-61.04999999999999,41,0,0,0,0,0,0,0,0,0,0,0,0,0,0,0,0,0
9_5,10.45,-61.04999999999999,42,0,0,0,0,0,0,0,0,0,0,0,0,0,0,0,0,0
9_5,10.45,-61.04999999999999,43,0,0,0,0,0,0,0,0,0,0,0,0,0,0,0,0,0
9_5,10.45,-61.04999999999999,44,0,0,0,0,0,0,0,0,0,0,0,0,0,0,0,0,0
9_5,10.45,-61.04999999999999,45,0,0,0,0,0,0,0,0,0,0,0,0,0,0,0,0,0
9_5,10.45,-61.04999999999999,46,0,0,0,0,0,0,0,0,0,0,0,0,0,0,0,0,0
9_5,10.45,-61.04999999999999,47,0,0,0,0,0,0,0,0,0,0,0,0,0,0,0,0,0
9_5,10.45,-61.04999999999999,48,0,0,0,0,0,0,0,0,0,0,0,0,0,0,0,0,0
9_5,10.45,-61.04999999999999,49,0,0,0,0,0,0,0,0,0,0,0,0,0,0,0,0,0
9_5,10.45,-61.04999999999999,50,0,0,0,0,0,0,0,0,0,0,0,0,0,0,0,0,0
9_5,10.45,-61.04999999999999,51,0,0,0,0,0,0,0,0,0,0,0,0,0,0,0,0,0
9_5,10.45,-61.04999999999999,52,0,0,0,0,0,0,0,0,0,0,0,0,0,0,0,0,0
9_6,10.55,-61.04999999999999,0,0,0,,,,,,,,0,,,,,,,
9_6,10.55,-61.04999999999999,1,0,0,0,,,,,,,0,0,,,,,,
9_6,10.55,-61.04999999999999,2,0,0,0,0,,,,,,0,0,0,,,,,
9_6,10.55,-61.04999999999999,3,0,0,0,0,0,,,,,0.08984015401512793,0,0,0,,,,
9_6,10.55,-61.04999999999999,4,0,0,0,0,0,0,,,,0,0.08984015401512793,0,0,0,,,
9_6,10.55,-61.04999999999999,5,0,0,0,0,0,0,0,,,0.09499722442073961,0,0.08984015401512793,0,0,0,,
9_6,10.55,-61.04999999999999,6,0,0,0,0,0,0,0,0,,0,0.09499722442073961,0,0.08984015401512793,0,0,0,
9_6,10.55,-61.04999999999999,7,0,0,0,0,0,0,0,0,0,0,0,0.09499722442073961,0,0.08984015401512793,0,0,0
9_6,10.55,-61.04999999999999,8,0,0,0,0,0,0,0,0,0,0.08778676085892269,0,0,0.09499722442073961,0,0.08984015401512793,0,0
9_6,10.55,-61.04999999999999,9,0,0,0,0,0,0,0,0,0,0,0.08778676085892269,0,0,0.09499722442073961,0,0.08984015401512793,0
9_6,10.55,-61.04999999999999,10,0,0,0,0,0,0,0,0,0,0,0,0.08778676085892269,0,0,0.09499722442073961,0,0.08984015401512793
9_6,10.55,-61.04999999999999,11,0,0,0,0,0,0,0,0,0,0,0,0,0.08778676085892269,0,0,0.09499722442073961,0
9_6,10.55,-61.04999999999999,12,0,0,0,0,0,0,0,0,0,0,0,0,0,0.08778676085892269,0,0,0.09499722442073961
9_6,10.55,-61.04999999999999,13,1,0,0,0,0,0,0,0,0,0,0,0,0,0,0.08778676085892269,0,0
9_6,10.55,-61.04999999999999,14,1,0,0,0,0,0,0,0,0,0,0,0,0,0,0,0.08778676085892269,0
9_6,10.55,-61.04999999999999,15,0,0,0,0,0,0,0,0,0,0,0,0,0,0,0,0,0.08778676085892269
9_6,10.55,-61.04999999999999,16,0,0,0,0,0,0,0,0,0,0,0,0,0,0,0,0,0
9_6,10.55,-61.04999999999999,17,0,0,0,0,0,0,0,0,0,0,0,0,0,0,0,0,0
9_6,10.55,-61.04999999999999,18,0,0,0,0,0,0,0,0,0,0,0,0,0,0,0,0,0
9_6,10.55,-61.04999999999999,19,0,0,0,0,0,0,0,0,0,0,0,0,0,0,0,0,0
9_6,10.55,-61.04999999999999,20,0,0,0,0,0,0,0,0,0,0,0,0,0,0,0,0,0
9_6,10.55,-61.04999999999999,21,0,0,0,0,0,0,0,0,0,0,0,0,0,0,0,0,0
9_6,10.55,-61.04999999999999,22,0,0,0,0,0,0,0,0,0,0,0,0,0,0,0,0,0
9_6,10.55,-61.04999999999999,23,0,0,0,0,0,0,0,0,0,0,0,0,0,0,0,0,0
9_6,10.55,-61.04999999999999,24,1,0,0,0,0,0,0,0,0,0,0,0,0,0,0,0,0
9_6,10.55,-61.04999999999999,25,0,0,0,0,0,0,0,0,0,0,0,0,0,0,0,0,0
9_6,10.55,-61.04999999999999,26,0,0,0,0,0,0,0,0,0,0,0,0,0,0,0,0,0
9_6,10.55,-61.04999999999999,27,0,0,0,0,0,0,0,0,0,0,0,0,0,0,0,0,0
9_6,10.55,-61.04999999999999,28,0,0,0,0,0,0,0,0,0,0,0,0,0,0,0,0,0
9_6,10.55,-61.04999999999999,29,0,0,0,0,0,0,0,0,0,0,0,0,0,0,0,0,0
9_6,10.55,-61.04999999999999,30,0,0,0,0,0,0,0,0,0,0,0,0,0,0,0,0,0
9_6,10.55,-61.04999999999999,31,0,0,0,0,0,0,0,0,0,0,0,0,0,0,0,0,0
9_6,10.55,-61.04999999999999,32,0,0,0,0,0,0,0,0,0,0,0,0,0,0,0,0,0
9_6,10.55,-61.04999999999999,33,0,0,0,0,0,0,0,0,0,0,0,0,0,0,0,0,0
9_6,10.55,-61.04999999999999,34,0,0,0,0,0,0,0,0,0,0,0,0,0,0,0,0,0
9_6,10.55,-61.04999999999999,35,0,0,0,0,0,0,0,0,0,0,0,0,0,0,0,0,0
9_6,10.55,-61.04999999999999,36,0,0,0,0,0,0,0,0,0,0,0,0,0,0,0,0,0
9_6,10.55,-61.04999999999999,37,0,0,0,0,0,0,0,0,0,0,0,0,0,0,0,0,0
9_6,10.55,-61.04999999999999,38,0,0,0,0,0,0,0,0,0,0,0,0,0,0,0,0,0
9_6,10.55,-61.04999999999999,39,0,0,0,0,0,0,0,0,0,0,0,0,0,0,0,0,0
9_6,10.55,-61.04999999999999,40,0,0,0,0,0,0,0,0,0,0,0,0,0,0,0,0,0
9_6,10.55,-61.04999999999999,41,0,0,0,0,0,0,0,0,0,0,0,0,0,0,0,0,0
9_6,10.55,-61.04999999999999,42,0,0,0,0,0,0,0,0,0,0,0,0,0,0,0,0,0
9_6,10.55,-61.04999999999999,43,0,0,0,0,0,0,0,0,0,0,0,0,0,0,0,0,0
9_6,10.55,-61.04999999999999,44,0,0,0,0,0,0,0,0,0,0,0,0,0,0,0,0,0
9_6,10.55,-61.04999999999999,45,0,0,0,0,0,0,0,0,0,0,0,0,0,0,0,0,0
9_6,10.55,-61.04999999999999,46,1,1,0,0,0,0,0,0,0,0.28909906210927194,0,0,0,0,0,0,0
9_6,10.55,-61.04999999999999,47,2,0,1,0,0,0,0,0,0,0,0.28909906210927194,0,0,0,0,0,0
9_6,10.55,-61.04999999999999,48,0,0,0,1,0,0,0,0,0,0,0,0.28909906210927194,0,0,0,0,0
9_6,10.55,-61.04999999999999,49,0,0,0,0,1,0,0,0,0,0,0,0,0.28909906210927194,0,0,0,0
9_6,10.55,-61.04999999999999,50,0,0,0,0,0,1,0,0,0,0,0,0,0,0.28909906210927194,0,0,0
9_6,10.55,-61.04999999999999,51,0,0,0,0,0,0,1,0,0,0,0,0,0,0,0.28909906210927194,0,0
9_6,10.55,-61.04999999999999,52,0,0,0,0,0,0,0,1,0,0,0,0,0,0,0,0.28909906210927194,0
9_7,10.65,-61.04999999999999,0,0,0,,,,,,,,0,,,,,,,
9_7,10.65,-61.04999999999999,1,0,0,0,,,,,,,0,0,,,,,,
9_7,10.65,-61.04999999999999,2,0,0,0,0,,,,,,0,0,0,,,,,
9_7,10.65,-61.04999999999999,3,1,0,0,0,0,,,,,0.09094710802968066,0,0,0,,,,
9_7,10.65,-61.04999999999999,4,0,0,0,0,0,0,,,,0,0.09094710802968066,0,0,0,,,
9_7,10.65,-61.04999999999999,5,0,0,0,0,0,0,0,,,0.08811966182257931,0,0.09094710802968066,0,0,0,,
9_7,10.65,-61.04999999999999,6,0,0,0,0,0,0,0,0,,0,0.08811966182257931,0,0.09094710802968066,0,0,0,
9_7,10.65,-61.04999999999999,7,0,0,0,0,0,0,0,0,0,0,0,0.08811966182257931,0,0.09094710802968066,0,0,0
9_7,10.65,-61.04999999999999,8,0,0,0,0,0,0,0,0,0,0.09376918138451916,0,0,0.08811966182257931,0,0.09094710802968066,0,0
9_7,10.65,-61.04999999999999,9,0,0,0,0,0,0,0,0,0,0,0.09376918138451916,0,0,0.08811966182257931,0,0.09094710802968066,0
9_7,10.65,-61.04999999999999,10,0,0,0,0,0,0,0,0,0,0,0,0.09376918138451916,0,0,0.08811966182257931,0,0.09094710802968066
9_7,10.65,-61.04999999999999,11,0,0,0,0,0,0,0,0,0,0,0,0,0.09376918138451916,0,0,0.08811966182257931,0
9_7,10.65,-61.04999999999999,12,0,0,0,0,0,0,0,0,0,0,0,0,0,0.09376918138451916,0,0,0.08811966182257931
9_7,10.65,-61.04999999999999,13,0,0,0,0,0,0,0,0,0,0,0,0,0,0,0.09376918138451916,0,0
9_7,10.65,-61.04999999999999,14,0,0,0,0,0,0,0,0,0,0,0,0,0,0,0,0.09376918138451916,0
9_7,10.65,-61.04999999999999,15,0,0,0,0,0,0,0,0,0,0,0,0,0,0,0,0,0.09376918138451916
9_7,10.65,-61.04999999999999,16,0,0,0,0,0,0,0,0,0,0,0,0,0,0,0,0,0
9_7,10.65,-61.04999999999999,17,0,0,0,0,0,0,0,0,0,0,0,0,0,0,0,0,0
9_7,10.65,-61.04999999999999,18,0,0,0,0,0,0,0,0,0,0,0,0,0,0,0,0,0
9_7,10.65,-61.04999999999999,19,1,0,0,0,0,0,0,0,0,0,0,0,0,0,0,0,0
9_7,10.65,-61.04999999999999,20,0,0,0,0,0,0,0,0,0,0,0,0,0,0,0,0,0
9_7,10.65,-61.04999999999999,21,0,0,0,0,0,0,0,0,0,0,0,0,0,0,0,0,0
9_7,10.65,-61.04999999999999,22,0,0,0,0,0,0,0,0,0,0,0,0,0,0,0,0,0
9_7,10.65,-61.04999999999999,23,0,0,0,0,0,0,0,0,0,0,0,0,0,0,0,0,0
9_7,10.65,-61.04999999999999,24,0,0,0,0,0,0,0,0,0,0,0,0,0,0,0,0,0
9_7,10.65,-61.04999999999999,25,0,0,0,0,0,0,0,0,0,0,0,0,0,0,0,0,0
9_7,10.65,-61.04999999999999,26,2,0,0,0,0,0,0,0,0,0,0,0,0,0,0,0,0
9_7,10.65,-61.04999999999999,27,0,0,0,0,0,0,0,0,0,0,0,0,0,0,0,0,0
9_7,10.65,-61.04999999999999,28,0,0,0,0,0,0,0,0,0,0,0,0,0,0,0,0,0
9_7,10.65,-61.04999999999999,29,0,0,0,0,0,0,0,0,0,0,0,0,0,0,0,0,0
9_7,10.65,-61.04999999999999,30,0,0,0,0,0,0,0,0,0,0,0,0,0,0,0,0,0
9_7,10.65,-61.04999999999999,31,0,0,0,0,0,0,0,0,0,0,0,0,0,0,0,0,0
9_7,10.65,-61.04999999999999,32,0,0,0,0,0,0,0,0,0,0,0,0,0,0,0,0,0
9_7,10.65,-61.04999999999999,33,0,0,0,0,0,0,0,0,0,0,0,0,0,0,0,0,0
9_7,10.65,-61.04999999999999,34,0,0,0,0,0,0,0,0,0,0,0,0,0,0,0,0,0
9_7,10.65,-61.04999999999999,35,0,0,0,0,0,0,0,0,0,0,0,0,0,0,0,0,0
9_7,10.65,-61.04999999999999,36,0,0,0,0,0,0,0,0,0,0,0,0,0,0,0,0,0
9_7,10.65,-61.04999999999999,37,0,0,0,0,0,0,0,0,0,0,0,0,0,0,0,0,0
9_7,10.65,-61.04999999999999,38,0,0,0,0,0,0,0,0,0,0,0,0,0,0,0,0,0
9_7,10.65,-61.04999999999999,39,1,0,0,0,0,0,0,0,0,0,0,0,0,0,0,0,0
9_7,10.65,-61.04999999999999,40,0,0,0,0,0,0,0,0,0,0,0,0,0,0,0,0,0
9_7,10.65,-61.04999999999999,41,0,0,0,0,0,0,0,0,0,0,0,0,0,0,0,0,0
9_7,10.65,-61.04999999999999,42,0,0,0,0,0,0,0,0,0,0,0,0,0,0,0,0,0
9_7,10.65,-61.04999999999999,43,0,0,0,0,0,0,0,0,0,0,0,0,0,0,0,0,0
9_7,10.65,-61.04999999999999,44,0,0,0,0,0,0,0,0,0,0,0,0,0,0,0,0,0
9_7,10.65,-61.04999999999999,45,0,0,0,0,0,0,0,0,0,0,0,0,0,0,0,0,0
9_7,10.65,-61.04999999999999,46,0,0,0,0,0,0,0,0,0,0.32065599552752355,0,0,0,0,0,0,0
9_7,10.65,-61.04999999999999,47,0,0,0,0,0,0,0,0,0,0,0.32065599552752355,0,0,0,0,0,0
9_7,10.65,-61.04999999999999,48,0,0,0,0,0,0,0,0,0,0,0,0.32065599552752355,0,0,0,0,0
9_7,10.65,-61.04999999999999,49,0,0,0,0,0,0,0,0,0,0,0,0,0.32065599552752355,0,0,0,0
9_7,10.65,-61.04999999999999,50,0,0,0,0,0,0,0,0,0,0,0,0,0,0.32065599552752355,0,0,0
9_7,10.65,-61.04999999999999,51,0,0,0,0,0,0,0,0,0,0,0,0,0,0,0.32065599552752355,0,0
9_7,10.65,-61.04999999999999,52,0,0,0,0,0,0,0,0,0,0,0,0,0,0,0,0.32065599552752355,0
9_8,10.750000000000002,-61.05,0,0,0,,,,,,,,0,,,,,,,
9_8,10.750000000000002,-61.05,1,0,0,0,,,,,,,0,0,,,,,,
9_8,10.750000000000002,-61.05,2,0,0,0,0,,,,,,0,0,0,,,,,
9_8,10.750000000000002,-61.05,3,0,0,0,0,0,,,,,0,0,0,0,,,,
9_8,10.750000000000002,-61.05,4,0,0,0,0,0,0,,,,0,0,0,0,0,,,
9_8,10.750000000000002,-61.05,5,0,0,0,0,0,0,0,,,0,0,0,0,0,0,,
9_8,10.750000000000002,-61.05,6,0,0,0,0,0,0,0,0,,0,0,0,0,0,0,0,
9_8,10.750000000000002,-61.05,7,0,0,0,0,0,0,0,0,0,0,0,0,0,0,0,0,0
9_8,10.750000000000002,-61.05,8,0,0,0,0,0,0,0,0,0,0,0,0,0,0,0,0,0
9_8,10.750000000000002,-61.05,9,0,0,0,0,0,0,0,0,0,0,0,0,0,0,0,0,0
9_8,10.750000000000002,-61.05,10,0,0,0,0,0,0,0,0,0,0,0,0,0,0,0,0,0
9_8,10.750000000000002,-61.05,11,0,0,0,0,0,0,0,0,0,0,0,0,0,0,0,0,0
9_8,10.750000000000002,-61.05,12,0,0,0,0,0,0,0,0,0,0,0,0,0,0,0,0,0
9_8,10.750000000000002,-61.05,13,0,0,0,0,0,0,0,0,0,0,0,0,0,0,0,0,0
9_8,10.750000000000002,-61.05,14,0,0,0,0,0,0,0,0,0,0,0,0,0,0,0,0,0
9_8,10.750000000000002,-61.05,15,0,0,0,0,0,0,0,0,0,0,0,0,0,0,0,0,0
9_8,10.750000000000002,-61.05,16,0,0,0,0,0,0,0,0,0,0,0,0,0,0,0,0,0
9_8,10.750000000000002,-61.05,17,0,0,0,0,0,0,0,0,0,0,0,0,0,0,0,0,0
9_8,10.750000000000002,-61.05,18,0,0,0,0,0,0,0,0,0,0,0,0,0,0,0,0,0
9_8,10.750000000000002,-61.05,19,0,0,0,0,0,0,0,0,0,0,0,0,0,0,0,0,0
9_8,10.750000000000002,-61.05,20,0,0,0,0,0,0,0,0,0,0,0,0,0,0,0,0,0
9_8,10.750000000000002,-61.05,21,0,0,0,0,0,0,0,0,0,0,0,0,0,0,0,0,0
9_8,10.750000000000002,-61.05,22,0,0,0,0,0,0,0,0,0,0,0,0,0,0,0,0,0
9_8,10.750000000000002,-61.05,23,0,0,0,0,0,0,0,0,0,0,0,0,0,0,0,0,0
9_8,10.750000000000002,-61.05,24,0,0,0,0,0,0,0,0,0,0,0,0,0,0,0,0,0
9_8,10.750000000000002,-61.05,25,0,0,0,0,0,0,0,0,0,0,0,0,0,0,0,0,0
9_8,10.750000000000002,-61.05,26,0,0,0,0,0,0,0,0,0,0,0,0,0,0,0,0,0
9_8,10.750000000000002,-61.05,27,0,0,0,0,0,0,0,0,0,0,0,0,0,0,0,0,0
9_8,10.750000000000002,-61.05,28,0,0,0,0,0,0,0,0,0,0,0,0,0,0,0,0,0
9_8,10.750000000000002,-61.05,29,0,0,0,0,0,0,0,0,0,0,0,0,0,0,0,0,0
9_8,10.750000000000002,-61.05,30,0,0,0,0,0,0,0,0,0,0,0,0,0,0,0,0,0
9_8,10.750000000000002,-61.05,31,0,0,0,0,0,0,0,0,0,0,0,0,0,0,0,0,0
9_8,10.750000000000002,-61.05,32,0,0,0,0,0,0,0,0,0,0,0,0,0,0,0,0,0
9_8,10.750000000000002,-61.05,33,0,0,0,0,0,0,0,0,0,0,0,0,0,0,0,0,0
9_8,10.750000000000002,-61.05,34,0,0,0,0,0,0,0,0,0,0,0,0,0,0,0,0,0
9_8,10.750000000000002,-61.05,35,0,0,0,0,0,0,0,0,0,0,0,0,0,0,0,0,0
9_8,10.750000000000002,-61.05,36,0,0,0,0,0,0,0,0,0,0,0,0,0,0,0,0,0
9_8,10.750000000000002,-61.05,37,0,0,0,0,0,0,0,0,0,0,0,0,0,0,0,0,0
9_8,10.750000000000002,-61.05,38,0,0,0,0,0,0,0,0,0,0,0,0,0,0,0,0,0
9_8,10.750000000000002,-61.05,39,0,0,0,0,0,0,0,0,0,0,0,0,0,0,0,0,0
9_8,10.750000000000002,-61.05,40,0,0,0,0,0,0,0,0,0,0,0,0,0,0,0,0,0
9_8,10.750000000000002,-61.05,41,0,0,0,0,0,0,0,0,0,0,0,0,0,0,0,0,0
9_8,10.750000000000002,-61.05,42,0,0,0,0,0,0,0,0,0,0,0,0,0,0,0,0,0
9_8,10.750000000000002,-61.05,43,0,0,0,0,0,0,0,0,0,0,0,0,0,0,0,0,0
9_8,10.750000000000002,-61.05,44,0,0,0,0,0,0,0,0,0,0,0,0,0,0,0,0,0
9_8,10.750000000000002,-61.05,45,0,0,0,0,0,0,0,0,0,0,0,0,0,0,0,0,0
9_8,10.750000000000002,-61.05,46,0,0,0,0,0,0,0,0,0,0,0,0,0,0,0,0,0
9_8,10.750000000000002,-61.05,47,0,0,0,0,0,0,0,0,0,0,0,0,0,0,0,0,0
9_8,10.750000000000002,-61.05,48,0,0,0,0,0,0,0,0,0,0,0,0,0,0,0,0,0
9_8,10.750000000000002,-61.05,49,0,0,0,0,0,0,0,0,0,0,0,0,0,0,0,0,0
9_8,10.750000000000002,-61.05,50,0,0,0,0,0,0,0,0,0,0,0,0,0,0,0,0,0
9_8,10.750000000000002,-61.05,51,0,0,0,0,0,0,0,0,0,0,0,0,0,0,0,0,0
9_8,10.750000000000002,-61.05,52,0,0,0,0,0,0,0,0,0,0,0,0,0,0,0,0,0
9_9,10.85,-61.04999999999999,0,0,0,,,,,,,,0,,,,,,,
9_9,10.85,-61.04999999999999,1,0,0,0,,,,,,,0,0,,,,,,
9_9,10.85,-61.04999999999999,2,0,0,0,0,,,,,,0,0,0,,,,,
9_9,10.85,-61.04999999999999,3,0,0,0,0,0,,,,,0,0,0,0,,,,
9_9,10.85,-61.04999999999999,4,0,0,0,0,0,0,,,,0,0,0,0,0,,,
9_9,10.85,-61.04999999999999,5,0,0,0,0,0,0,0,,,0,0,0,0,0,0,,
9_9,10.85,-61.04999999999999,6,0,0,0,0,0,0,0,0,,0,0,0,0,0,0,0,
9_9,10.85,-61.04999999999999,7,1,0,0,0,0,0,0,0,0,0,0,0,0,0,0,0,0
9_9,10.85,-61.04999999999999,8,0,0,0,0,0,0,0,0,0,0,0,0,0,0,0,0,0
9_9,10.85,-61.04999999999999,9,0,0,0,0,0,0,0,0,0,0,0,0,0,0,0,0,0
9_9,10.85,-61.04999999999999,10,1,0,0,0,0,0,0,0,0,0,0,0,0,0,0,0,0
9_9,10.85,-61.04999999999999,11,0,0,0,0,0,0,0,0,0,0,0,0,0,0,0,0,0
9_9,10.85,-61.04999999999999,12,0,0,0,0,0,0,0,0,0,0,0,0,0,0,0,0,0
9_9,10.85,-61.04999999999999,13,0,0,0,0,0,0,0,0,0,0,0,0,0,0,0,0,0
9_9,10.85,-61.04999999999999,14,0,0,0,0,0,0,0,0,0,0,0,0,0,0,0,0,0
9_9,10.85,-61.04999999999999,15,0,0,0,0,0,0,0,0,0,0,0,0,0,0,0,0,0
9_9,10.85,-61.04999999999999,16,0,0,0,0,0,0,0,0,0,0,0,0,0,0,0,0,0
9_9,10.85,-61.04999999999999,17,0,0,0,0,0,0,0,0,0,0,0,0,0,0,0,0,0
9_9,10.85,-61.04999999999999,18,0,0,0,0,0,0,0,0,0,0,0,0,0,0,0,0,0
9_9,10.85,-61.04999999999999,19,0,0,0,0,0,0,0,0,0,0,0,0,0,0,0,0,0
9_9,10.85,-61.04999999999999,20,0,0,0,0,0,0,0,0,0,0,0,0,0,0,0,0,0
9_9,10.85,-61.04999999999999,21,0,0,0,0,0,0,0,0,0,0,0,0,0,0,0,0,0
9_9,10.85,-61.04999999999999,22,0,0,0,0,0,0,0,0,0,0,0,0,0,0,0,0,0
9_9,10.85,-61.04999999999999,23,0,0,0,0,0,0,0,0,0,0,0,0,0,0,0,0,0
9_9,10.85,-61.04999999999999,24,0,0,0,0,0,0,0,0,0,0,0,0,0,0,0,0,0
9_9,10.85,-61.04999999999999,25,0,0,0,0,0,0,0,0,0,0,0,0,0,0,0,0,0
9_9,10.85,-61.04999999999999,26,0,0,0,0,0,0,0,0,0,0,0,0,0,0,0,0,0
9_9,10.85,-61.04999999999999,27,0,0,0,0,0,0,0,0,0,0,0,0,0,0,0,0,0
9_9,10.85,-61.04999999999999,28,0,0,0,0,0,0,0,0,0,0,0,0,0,0,0,0,0
9_9,10.85,-61.04999999999999,29,0,0,0,0,0,0,0,0,0,0,0,0,0,0,0,0,0
9_9,10.85,-61.04999999999999,30,0,0,0,0,0,0,0,0,0,0,0,0,0,0,0,0,0
9_9,10.85,-61.04999999999999,31,0,0,0,0,0,0,0,0,0,0,0,0,0,0,0,0,0
9_9,10.85,-61.04999999999999,32,0,0,0,0,0,0,0,0,0,0,0,0,0,0,0,0,0
9_9,10.85,-61.04999999999999,33,0,0,0,0,0,0,0,0,0,0,0,0,0,0,0,0,0
9_9,10.85,-61.04999999999999,34,0,0,0,0,0,0,0,0,0,0,0,0,0,0,0,0,0
9_9,10.85,-61.04999999999999,35,0,0,0,0,0,0,0,0,0,0,0,0,0,0,0,0,0
9_9,10.85,-61.04999999999999,36,0,0,0,0,0,0,0,0,0,0,0,0,0,0,0,0,0
9_9,10.85,-61.04999999999999,37,0,0,0,0,0,0,0,0,0,0,0,0,0,0,0,0,0
9_9,10.85,-61.04999999999999,38,0,0,0,0,0,0,0,0,0,0,0,0,0,0,0,0,0
9_9,10.85,-61.04999999999999,39,0,0,0,0,0,0,0,0,0,0,0,0,0,0,0,0,0
9_9,10.85,-61.04999999999999,40,0,0,0,0,0,0,0,0,0,0,0,0,0,0,0,0,0
9_9,10.85,-61.04999999999999,41,0,0,0,0,0,0,0,0,0,0,0,0,0,0,0,0,0
9_9,10.85,-61.04999999999999,42,0,0,0,0,0,0,0,0,0,0,0,0,0,0,0,0,0
9_9,10.85,-61.04999999999999,43,0,0,0,0,0,0,0,0,0,0,0,0,0,0,0,0,0
9_9,10.85,-61.04999999999999,44,0,0,0,0,0,0,0,0,0,0,0,0,0,0,0,0,0
9_9,10.85,-61.04999999999999,45,0,0,0,0,0,0,0,0,0,0,0,0,0,0,0,0,0
9_9,10.85,-61.04999999999999,46,0,0,0,0,0,0,0,0,0,0,0,0,0,0,0,0,0
9_9,10.85,-61.04999999999999,47,0,0,0,0,0,0,0,0,0,0,0,0,0,0,0,0,0
9_9,10.85,-61.04999999999999,48,0,0,0,0,0,0,0,0,0,0,0,0,0,0,0,0,0
9_9,10.85,-61.04999999999999,49,1,0,0,0,0,0,0,0,0,0,0,0,0,0,0,0,0
9_9,10.85,-61.04999999999999,50,0,0,0,0,0,0,0,0,0,0,0,0,0,0,0,0,0
9_9,10.85,-61.04999999999999,51,0,0,0,0,0,0,0,0,0,0,0,0,0,0,0,0,0
9_9,10.85,-61.04999999999999,52,0,0,0,0,0,0,0,0,0,0,0,0,0,0,0,0,0
9_10,10.95,-61.04999999999999,0,0,0,,,,,,,,0,,,,,,,
9_10,10.95,-61.04999999999999,1,0,0,0,,,,,,,0,0,,,,,,
9_10,10.95,-61.04999999999999,2,0,0,0,0,,,,,,0,0,0,,,,,
9_10,10.95,-61.04999999999999,3,0,0,0,0,0,,,,,0,0,0,0,,,,
9_10,10.95,-61.04999999999999,4,0,0,0,0,0,0,,,,0,0,0,0,0,,,
9_10,10.95,-61.04999999999999,5,0,0,0,0,0,0,0,,,0,0,0,0,0,0,,
9_10,10.95,-61.04999999999999,6,0,0,0,0,0,0,0,0,,0,0,0,0,0,0,0,
9_10,10.95,-61.04999999999999,7,0,0,0,0,0,0,0,0,0,0,0,0,0,0,0,0,0
9_10,10.95,-61.04999999999999,8,0,0,0,0,0,0,0,0,0,0,0,0,0,0,0,0,0
9_10,10.95,-61.04999999999999,9,0,0,0,0,0,0,0,0,0,0,0,0,0,0,0,0,0
9_10,10.95,-61.04999999999999,10,0,0,0,0,0,0,0,0,0,0,0,0,0,0,0,0,0
9_10,10.95,-61.04999999999999,11,0,0,0,0,0,0,0,0,0,0,0,0,0,0,0,0,0
9_10,10.95,-61.04999999999999,12,0,0,0,0,0,0,0,0,0,0,0,0,0,0,0,0,0
9_10,10.95,-61.04999999999999,13,0,0,0,0,0,0,0,0,0,0,0,0,0,0,0,0,0
9_10,10.95,-61.04999999999999,14,0,0,0,0,0,0,0,0,0,0,0,0,0,0,0,0,0
9_10,10.95,-61.04999999999999,15,0,0,0,0,0,0,0,0,0,0,0,0,0,0,0,0,0
9_10,10.95,-61.04999999999999,16,0,0,0,0,0,0,0,0,0,0,0,0,0,0,0,0,0
9_10,10.95,-61.04999999999999,17,0,0,0,0,0,0,0,0,0,0,0,0,0,0,0,0,0
9_10,10.95,-61.04999999999999,18,0,0,0,0,0,0,0,0,0,0,0,0,0,0,0,0,0
9_10,10.95,-61.04999999999999,19,0,0,0,0,0,0,0,0,0,0,0,0,0,0,0,0,0
9_10,10.95,-61.04999999999999,20,0,0,0,0,0,0,0,0,0,0,0,0,0,0,0,0,0
9_10,10.95,-61.04999999999999,21,0,0,0,0,0,0,0,0,0,0,0,0,0,0,0,0,0
9_10,10.95,-61.04999999999999,22,0,0,0,0,0,0,0,0,0,0,0,0,0,0,0,0,0
9_10,10.95,-61.04999999999999,23,0,0,0,0,0,0,0,0,0,0,0,0,0,0,0,0,0
9_10,10.95,-61.04999999999999,24,0,0,0,0,0,0,0,0,0,0,0,0,0,0,0,0,0
9_10,10.95,-61.04999999999999,25,0,0,0,0,0,0,0,0,0,0,0,0,0,0,0,0,0
9_10,10.95,-61.04999999999999,26,0,0,0,0,0,0,0,0,0,0,0,0,0,0,0,0,0
9_10,10.95,-61.04999999999999,27,0,0,0,0,0,0,0,0,0,0,0,0,0,0,0,0,0
9_10,10.95,-61.04999999999999,28,0,0,0,0,0,0,0,0,0,0,0,0,0,0,0,0,0
9_10,10.95,-61.04999999999999,29,0,0,0,0,0,0,0,0,0,0,0,0,0,0,0,0,0
9_10,10.95,-61.04999999999999,30,0,0,0,0,0,0,0,0,0,0,0,0,0,0,0,0,0
9_10,10.95,-61.04999999999999,31,0,0,0,0,0,0,0,0,0,0,0,0,0,0,0,0,0
9_10,10.95,-61.04999999999999,32,0,0,0,0,0,0,0,0,0,0,0,0,0,0,0,0,0
9_10,10.95,-61.04999999999999,33,0,0,0,0,0,0,0,0,0,0,0,0,0,0,0,0,0
9_10,10.95,-61.04999999999999,34,0,0,0,0,0,0,0,0,0,0,0,0,0,0,0,0,0
9_10,10.95,-61.04999999999999,35,0,0,0,0,0,0,0,0,0,0,0,0,0,0,0,0,0
9_10,10.95,-61.04999999999999,36,0,0,0,0,0,0,0,0,0,0,0,0,0,0,0,0,0
9_10,10.95,-61.04999999999999,37,0,0,0,0,0,0,0,0,0,0,0,0,0,0,0,0,0
9_10,10.95,-61.04999999999999,38,0,0,0,0,0,0,0,0,0,0,0,0,0,0,0,0,0
9_10,10.95,-61.04999999999999,39,0,0,0,0,0,0,0,0,0,0,0,0,0,0,0,0,0
9_10,10.95,-61.04999999999999,40,0,0,0,0,0,0,0,0,0,0,0,0,0,0,0,0,0
9_10,10.95,-61.04999999999999,41,0,0,0,0,0,0,0,0,0,0,0,0,0,0,0,0,0
9_10,10.95,-61.04999999999999,42,0,0,0,0,0,0,0,0,0,0,0,0,0,0,0,0,0
9_10,10.95,-61.04999999999999,43,0,0,0,0,0,0,0,0,0,0,0,0,0,0,0,0,0
9_10,10.95,-61.04999999999999,44,0,0,0,0,0,0,0,0,0,0,0,0,0,0,0,0,0
9_10,10.95,-61.04999999999999,45,0,0,0,0,0,0,0,0,0,0,0,0,0,0,0,0,0
9_10,10.95,-61.04999999999999,46,0,0,0,0,0,0,0,0,0,0,0,0,0,0,0,0,0
9_10,10.95,-61.04999999999999,47,0,0,0,0,0,0,0,0,0,0,0,0,0,0,0,0,0
9_10,10.95,-61.04999999999999,48,0,0,0,0,0,0,0,0,0,0,0,0,0,0,0,0,0
9_10,10.95,-61.04999999999999,49,0,0,0,0,0,0,0,0,0,0,0,0,0,0,0,0,0
9_10,10.95,-61.04999999999999,50,0,0,0,0,0,0,0,0,0,0,0,0,0,0,0,0,0
9_10,10.95,-61.04999999999999,51,0,0,0,0,0,0,0,0,0,0,0,0,0,0,0,0,0
9_10,10.95,-61.04999999999999,52,0,0,0,0,0,0,0,0,0,0,0,0,0,0,0,0,0
9_11,11.050000000000002,-61.04999999999999,0,0,0,,,,,,,,0,,,,,,,
9_11,11.050000000000002,-61.04999999999999,1,0,0,0,,,,,,,0,0,,,,,,
9_11,11.050000000000002,-61.04999999999999,2,0,0,0,0,,,,,,0,0,0,,,,,
9_11,11.050000000000002,-61.04999999999999,3,0,0,0,0,0,,,,,0,0,0,0,,,,
9_11,11.050000000000002,-61.04999999999999,4,0,0,0,0,0,0,,,,0,0,0,0,0,,,
9_11,11.050000000000002,-61.04999999999999,5,0,0,0,0,0,0,0,,,0,0,0,0,0,0,,
9_11,11.050000000000002,-61.04999999999999,6,0,0,0,0,0,0,0,0,,0,0,0,0,0,0,0,
9_11,11.050000000000002,-61.04999999999999,7,0,0,0,0,0,0,0,0,0,0,0,0,0,0,0,0,0
9_11,11.050000000000002,-61.04999999999999,8,0,0,0,0,0,0,0,0,0,0,0,0,0,0,0,0,0
9_11,11.050000000000002,-61.04999999999999,9,0,0,0,0,0,0,0,0,0,0,0,0,0,0,0,0,0
9_11,11.050000000000002,-61.04999999999999,10,0,0,0,0,0,0,0,0,0,0,0,0,0,0,0,0,0
9_11,11.050000000000002,-61.04999999999999,11,0,0,0,0,0,0,0,0,0,0,0,0,0,0,0,0,0
9_11,11.050000000000002,-61.04999999999999,12,0,0,0,0,0,0,0,0,0,0,0,0,0,0,0,0,0
9_11,11.050000000000002,-61.04999999999999,13,0,0,0,0,0,0,0,0,0,0,0,0,0,0,0,0,0
9_11,11.050000000000002,-61.04999999999999,14,0,0,0,0,0,0,0,0,0,0,0,0,0,0,0,0,0
9_11,11.050000000000002,-61.04999999999999,15,0,0,0,0,0,0,0,0,0,0,0,0,0,0,0,0,0
9_11,11.050000000000002,-61.04999999999999,16,0,0,0,0,0,0,0,0,0,0,0,0,0,0,0,0,0
9_11,11.050000000000002,-61.04999999999999,17,0,0,0,0,0,0,0,0,0,0,0,0,0,0,0,0,0
9_11,11.050000000000002,-61.04999999999999,18,0,0,0,0,0,0,0,0,0,0,0,0,0,0,0,0,0
9_11,11.050000000000002,-61.04999999999999,19,0,0,0,0,0,0,0,0,0,0,0,0,0,0,0,0,0
9_11,11.050000000000002,-61.04999999999999,20,0,0,0,0,0,0,0,0,0,0,0,0,0,0,0,0,0
9_11,11.050000000000002,-61.04999999999999,21,0,0,0,0,0,0,0,0,0,0,0,0,0,0,0,0,0
9_11,11.050000000000002,-61.04999999999999,22,0,0,0,0,0,0,0,0,0,0,0,0,0,0,0,0,0
9_11,11.050000000000002,-61.04999999999999,23,0,0,0,0,0,0,0,0,0,0,0,0,0,0,0,0,0
9_11,11.050000000000002,-61.04999999999999,24,0,0,0,0,0,0,0,0,0,0,0,0,0,0,0,0,0
9_11,11.050000000000002,-61.04999999999999,25,0,0,0,0,0,0,0,0,0,0,0,0,0,0,0,0,0
9_11,11.050000000000002,-61.04999999999999,26,0,0,0,0,0,0,0,0,0,0,0,0,0,0,0,0,0
9_11,11.050000000000002,-61.04999999999999,27,0,0,0,0,0,0,0,0,0,0,0,0,0,0,0,0,0
9_11,11.050000000000002,-61.04999999999999,28,0,0,0,0,0,0,0,0,0,0,0,0,0,0,0,0,0
9_11,11.050000000000002,-61.04999999999999,29,0,0,0,0,0,0,0,0,0,0,0,0,0,0,0,0,0
9_11,11.050000000000002,-61.04999999999999,30,0,0,0,0,0,0,0,0,0,0,0,0,0,0,0,0,0
9_11,11.050000000000002,-61.04999999999999,31,0,0,0,0,0,0,0,0,0,0,0,0,0,0,0,0,0
9_11,11.050000000000002,-61.04999999999999,32,0,0,0,0,0,0,0,0,0,0,0,0,0,0,0,0,0
9_11,11.050000000000002,-61.04999999999999,33,0,0,0,0,0,0,0,0,0,0,0,0,0,0,0,0,0
9_11,11.050000000000002,-61.04999999999999,34,0,0,0,0,0,0,0,0,0,0,0,0,0,0,0,0,0
9_11,11.050000000000002,-61.04999999999999,35,0,0,0,0,0,0,0,0,0,0,0,0,0,0,0,0,0
9_11,11.050000000000002,-61.04999999999999,36,0,0,0,0,0,0,0,0,0,0,0,0,0,0,0,0,0
9_11,11.050000000000002,-61.04999999999999,37,0,0,0,0,0,0,0,0,0,0,0,0,0,0,0,0,0
9_11,11.050000000000002,-61.04999999999999,38,0,0,0,0,0,0,0,0,0,0,0,0,0,0,0,0,0
9_11,11.050000000000002,-61.04999999999999,39,0,0,0,0,0,0,0,0,0,0,0,0,0,0,0,0,0
9_11,11.050000000000002,-61.04999999999999,40,0,0,0,0,0,0,0,0,0,0,0,0,0,0,0,0,0
9_11,11.050000000000002,-61.04999999999999,41,0,0,0,0,0,0,0,0,0,0,0,0,0,0,0,0,0
9_11,11.050000000000002,-61.04999999999999,42,0,0,0,0,0,0,0,0,0,0,0,0,0,0,0,0,0
9_11,11.050000000000002,-61.04999999999999,43,0,0,0,0,0,0,0,0,0,0,0,0,0,0,0,0,0
9_11,11.050000000000002,-61.04999999999999,44,0,0,0,0,0,0,0,0,0,0,0,0,0,0,0,0,0
9_11,11.050000000000002,-61.04999999999999,45,0,0,0,0,0,0,0,0,0,0,0,0,0,0,0,0,0
9_11,11.050000000000002,-61.04999999999999,46,0,0,0,0,0,0,0,0,0,0,0,0,0,0,0,0,0
9_11,11.050000000000002,-61.04999999999999,47,0,0,0,0,0,0,0,0,0,0,0,0,0,0,0,0,0
9_11,11.050000000000002,-61.04999999999999,48,0,0,0,0,0,0,0,0,0,0,0,0,0,0,0,0,0
9_11,11.050000000000002,-61.04999999999999,49,0,0,0,0,0,0,0,0,0,0,0,0,0,0,0,0,0
9_11,11.050000000000002,-61.04999999999999,50,0,0,0,0,0,0,0,0,0,0,0,0,0,0,0,0,0
9_11,11.050000000000002,-61.04999999999999,51,0,0,0,0,0,0,0,0,0,0,0,0,0,0,0,0,0
9_11,11.050000000000002,-61.04999999999999,52,0,0,0,0,0,0,0,0,0,0,0,0,0,0,0,0,0
10_2,10.15,-60.95,0,0,0,,,,,,,,0,,,,,,,
10_2,10.15,-60.95,1,0,0,0,,,,,,,0,0,,,,,,
10_2,10.15,-60.95,2,0,0,0,0,,,,,,0,0,0,,,,,
10_2,10.15,-60.95,3,0,0,0,0,0,,,,,0,0,0,0,,,,
10_2,10.15,-60.95,4,0,0,0,0,0,0,,,,0,0,0,0,0,,,
10_2,10.15,-60.95,5,0,0,0,0,0,0,0,,,0,0,0,0,0,0,,
10_2,10.15,-60.95,6,0,0,0,0,0,0,0,0,,0,0,0,0,0,0,0,
10_2,10.15,-60.95,7,0,0,0,0,0,0,0,0,0,0,0,0,0,0,0,0,0
10_2,10.15,-60.95,8,0,0,0,0,0,0,0,0,0,0,0,0,0,0,0,0,0
10_2,10.15,-60.95,9,0,0,0,0,0,0,0,0,0,0,0,0,0,0,0,0,0
10_2,10.15,-60.95,10,0,0,0,0,0,0,0,0,0,0,0,0,0,0,0,0,0
10_2,10.15,-60.95,11,0,0,0,0,0,0,0,0,0,0,0,0,0,0,0,0,0
10_2,10.15,-60.95,12,0,0,0,0,0,0,0,0,0,0,0,0,0,0,0,0,0
10_2,10.15,-60.95,13,0,0,0,0,0,0,0,0,0,0,0,0,0,0,0,0,0
10_2,10.15,-60.95,14,0,0,0,0,0,0,0,0,0,0,0,0,0,0,0,0,0
10_2,10.15,-60.95,15,0,0,0,0,0,0,0,0,0,0,0,0,0,0,0,0,0
10_2,10.15,-60.95,16,0,0,0,0,0,0,0,0,0,0,0,0,0,0,0,0,0
10_2,10.15,-60.95,17,0,0,0,0,0,0,0,0,0,0,0,0,0,0,0,0,0
10_2,10.15,-60.95,18,0,0,0,0,0,0,0,0,0,0,0,0,0,0,0,0,0
10_2,10.15,-60.95,19,0,0,0,0,0,0,0,0,0,0,0,0,0,0,0,0,0
10_2,10.15,-60.95,20,0,0,0,0,0,0,0,0,0,0,0,0,0,0,0,0,0
10_2,10.15,-60.95,21,0,0,0,0,0,0,0,0,0,0,0,0,0,0,0,0,0
10_2,10.15,-60.95,22,0,0,0,0,0,0,0,0,0,0,0,0,0,0,0,0,0
10_2,10.15,-60.95,23,0,0,0,0,0,0,0,0,0,0,0,0,0,0,0,0,0
10_2,10.15,-60.95,24,0,0,0,0,0,0,0,0,0,0,0,0,0,0,0,0,0
10_2,10.15,-60.95,25,0,0,0,0,0,0,0,0,0,0,0,0,0,0,0,0,0
10_2,10.15,-60.95,26,0,0,0,0,0,0,0,0,0,0,0,0,0,0,0,0,0
10_2,10.15,-60.95,27,0,0,0,0,0,0,0,0,0,0,0,0,0,0,0,0,0
10_2,10.15,-60.95,28,0,0,0,0,0,0,0,0,0,0,0,0,0,0,0,0,0
10_2,10.15,-60.95,29,0,0,0,0,0,0,0,0,0,0,0,0,0,0,0,0,0
10_2,10.15,-60.95,30,0,0,0,0,0,0,0,0,0,0,0,0,0,0,0,0,0
10_2,10.15,-60.95,31,0,0,0,0,0,0,0,0,0,0,0,0,0,0,0,0,0
10_2,10.15,-60.95,32,0,0,0,0,0,0,0,0,0,0,0,0,0,0,0,0,0
10_2,10.15,-60.95,33,0,0,0,0,0,0,0,0,0,0,0,0,0,0,0,0,0
10_2,10.15,-60.95,34,0,0,0,0,0,0,0,0,0,0,0,0,0,0,0,0,0
10_2,10.15,-60.95,35,0,0,0,0,0,0,0,0,0,0,0,0,0,0,0,0,0
10_2,10.15,-60.95,36,0,0,0,0,0,0,0,0,0,0,0,0,0,0,0,0,0
10_2,10.15,-60.95,37,0,0,0,0,0,0,0,0,0,0,0,0,0,0,0,0,0
10_2,10.15,-60.95,38,0,0,0,0,0,0,0,0,0,0,0,0,0,0,0,0,0
10_2,10.15,-60.95,39,0,0,0,0,0,0,0,0,0,0,0,0,0,0,0,0,0
10_2,10.15,-60.95,40,0,0,0,0,0,0,0,0,0,0,0,0,0,0,0,0,0
10_2,10.15,-60.95,41,0,0,0,0,0,0,0,0,0,0,0,0,0,0,0,0,0
10_2,10.15,-60.95,42,0,0,0,0,0,0,0,0,0,0,0,0,0,0,0,0,0
10_2,10.15,-60.95,43,0,0,0,0,0,0,0,0,0,0,0,0,0,0,0,0,0
10_2,10.15,-60.95,44,0,0,0,0,0,0,0,0,0,0,0,0,0,0,0,0,0
10_2,10.15,-60.95,45,0,0,0,0,0,0,0,0,0,0,0,0,0,0,0,0,0
10_2,10.15,-60.95,46,0,0,0,0,0,0,0,0,0,0,0,0,0,0,0,0,0
10_2,10.15,-60.95,47,0,0,0,0,0,0,0,0,0,0,0,0,0,0,0,0,0
10_2,10.15,-60.95,48,0,0,0,0,0,0,0,0,0,0,0,0,0,0,0,0,0
10_2,10.15,-60.95,49,0,0,0,0,0,0,0,0,0,0,0,0,0,0,0,0,0
10_2,10.15,-60.95,50,0,0,0,0,0,0,0,0,0,0,0,0,0,0,0,0,0
10_2,10.15,-60.95,51,0,0,0,0,0,0,0,0,0,0,0,0,0,0,0,0,0
10_2,10.15,-60.95,52,0,0,0,0,0,0,0,0,0,0,0,0,0,0,0,0,0
10_3,10.25,-60.95,0,0,0,,,,,,,,0,,,,,,,
10_3,10.25,-60.95,1,0,0,0,,,,,,,0,0,,,,,,
10_3,10.25,-60.95,2,0,0,0,0,,,,,,0,0,0,,,,,
10_3,10.25,-60.95,3,0,0,0,0,0,,,,,0,0,0,0,,,,
10_3,10.25,-60.95,4,0,0,0,0,0,0,,,,0,0,0,0,0,,,
10_3,10.25,-60.95,5,0,0,0,0,0,0,0,,,0,0,0,0,0,0,,
10_3,10.25,-60.95,6,0,0,0,0,0,0,0,0,,0,0,0,0,0,0,0,
10_3,10.25,-60.95,7,0,0,0,0,0,0,0,0,0,0,0,0,0,0,0,0,0
10_3,10.25,-60.95,8,0,0,0,0,0,0,0,0,0,0,0,0,0,0,0,0,0
10_3,10.25,-60.95,9,0,0,0,0,0,0,0,0,0,0,0,0,0,0,0,0,0
10_3,10.25,-60.95,10,0,0,0,0,0,0,0,0,0,0,0,0,0,0,0,0,0
10_3,10.25,-60.95,11,0,0,0,0,0,0,0,0,0,0,0,0,0,0,0,0,0
10_3,10.25,-60.95,12,0,0,0,0,0,0,0,0,0,0,0,0,0,0,0,0,0
10_3,10.25,-60.95,13,0,0,0,0,0,0,0,0,0,0,0,0,0,0,0,0,0
10_3,10.25,-60.95,14,0,0,0,0,0,0,0,0,0,0,0,0,0,0,0,0,0
10_3,10.25,-60.95,15,0,0,0,0,0,0,0,0,0,0,0,0,0,0,0,0,0
10_3,10.25,-60.95,16,0,0,0,0,0,0,0,0,0,0,0,0,0,0,0,0,0
10_3,10.25,-60.95,17,0,0,0,0,0,0,0,0,0,0,0,0,0,0,0,0,0
10_3,10.25,-60.95,18,0,0,0,0,0,0,0,0,0,0,0,0,0,0,0,0,0
10_3,10.25,-60.95,19,0,0,0,0,0,0,0,0,0,0,0,0,0,0,0,0,0
10_3,10.25,-60.95,20,0,0,0,0,0,0,0,0,0,0,0,0,0,0,0,0,0
10_3,10.25,-60.95,21,0,0,0,0,0,0,0,0,0,0,0,0,0,0,0,0,0
10_3,10.25,-60.95,22,0,0,0,0,0,0,0,0,0,0,0,0,0,0,0,0,0
10_3,10.25,-60.95,23,0,0,0,0,0,0,0,0,0,0,0,0,0,0,0,0,0
10_3,10.25,-60.95,24,0,0,0,0,0,0,0,0,0,0,0,0,0,0,0,0,0
10_3,10.25,-60.95,25,0,0,0,0,0,0,0,0,0,0,0,0,0,0,0,0,0
10_3,10.25,-60.95,26,0,0,0,0,0,0,0,0,0,0,0,0,0,0,0,0,0
10_3,10.25,-60.95,27,0,0,0,0,0,0,0,0,0,0,0,0,0,0,0,0,0
10_3,10.25,-60.95,28,0,0,0,0,0,0,0,0,0,0,0,0,0,0,0,0,0
10_3,10.25,-60.95,29,0,0,0,0,0,0,0,0,0,0,0,0,0,0,0,0,0
10_3,10.25,-60.95,30,0,0,0,0,0,0,0,0,0,0,0,0,0,0,0,0,0
10_3,10.25,-60.95,31,0,0,0,0,0,0,0,0,0,0,0,0,0,0,0,0,0
10_3,10.25,-60.95,32,0,0,0,0,0,0,0,0,0,0,0,0,0,0,0,0,0
10_3,10.25,-60.95,33,0,0,0,0,0,0,0,0,0,0,0,0,0,0,0,0,0
10_3,10.25,-60.95,34,0,0,0,0,0,0,0,0,0,0,0,0,0,0,0,0,0
10_3,10.25,-60.95,35,0,0,0,0,0,0,0,0,0,0,0,0,0,0,0,0,0
10_3,10.25,-60.95,36,0,0,0,0,0,0,0,0,0,0,0,0,0,0,0,0,0
10_3,10.25,-60.95,37,0,0,0,0,0,0,0,0,0,0,0,0,0,0,0,0,0
10_3,10.25,-60.95,38,0,0,0,0,0,0,0,0,0,0,0,0,0,0,0,0,0
10_3,10.25,-60.95,39,0,0,0,0,0,0,0,0,0,0,0,0,0,0,0,0,0
10_3,10.25,-60.95,40,0,0,0,0,0,0,0,0,0,0,0,0,0,0,0,0,0
10_3,10.25,-60.95,41,0,0,0,0,0,0,0,0,0,0,0,0,0,0,0,0,0
10_3,10.25,-60.95,42,0,0,0,0,0,0,0,0,0,0,0,0,0,0,0,0,0
10_3,10.25,-60.95,43,0,0,0,0,0,0,0,0,0,0,0,0,0,0,0,0,0
10_3,10.25,-60.95,44,0,0,0,0,0,0,0,0,0,0,0,0,0,0,0,0,0
10_3,10.25,-60.95,45,0,0,0,0,0,0,0,0,0,0,0,0,0,0,0,0,0
10_3,10.25,-60.95,46,0,0,0,0,0,0,0,0,0,0,0,0,0,0,0,0,0
10_3,10.25,-60.95,47,0,0,0,0,0,0,0,0,0,0,0,0,0,0,0,0,0
10_3,10.25,-60.95,48,0,0,0,0,0,0,0,0,0,0,0,0,0,0,0,0,0
10_3,10.25,-60.95,49,0,0,0,0,0,0,0,0,0,0,0,0,0,0,0,0,0
10_3,10.25,-60.95,50,0,0,0,0,0,0,0,0,0,0,0,0,0,0,0,0,0
10_3,10.25,-60.95,51,0,0,0,0,0,0,0,0,0,0,0,0,0,0,0,0,0
10_3,10.25,-60.95,52,0,0,0,0,0,0,0,0,0,0,0,0,0,0,0,0,0
10_4,10.35,-60.95,0,0,0,,,,,,,,0,,,,,,,
10_4,10.35,-60.95,1,0,0,0,,,,,,,0,0,,,,,,
10_4,10.35,-60.95,2,0,0,0,0,,,,,,0,0,0,,,,,
10_4,10.35,-60.95,3,0,0,0,0,0,,,,,0,0,0,0,,,,
10_4,10.35,-60.95,4,0,0,0,0,0,0,,,,0,0,0,0,0,,,
10_4,10.35,-60.95,5,0,0,0,0,0,0,0,,,0,0,0,0,0,0,,
10_4,10.35,-60.95,6,0,0,0,0,0,0,0,0,,0,0,0,0,0,0,0,
10_4,10.35,-60.95,7,0,0,0,0,0,0,0,0,0,0,0,0,0,0,0,0,0
10_4,10.35,-60.95,8,0,0,0,0,0,0,0,0,0,0,0,0,0,0,0,0,0
10_4,10.35,-60.95,9,0,0,0,0,0,0,0,0,0,0,0,0,0,0,0,0,0
10_4,10.35,-60.95,10,0,0,0,0,0,0,0,0,0,0,0,0,0,0,0,0,0
10_4,10.35,-60.95,11,0,0,0,0,0,0,0,0,0,0,0,0,0,0,0,0,0
10_4,10.35,-60.95,12,0,0,0,0,0,0,0,0,0,0,0,0,0,0,0,0,0
10_4,10.35,-60.95,13,0,0,0,0,0,0,0,0,0,0,0,0,0,0,0,0,0
10_4,10.35,-60.95,14,0,0,0,0,0,0,0,0,0,0,0,0,0,0,0,0,0
10_4,10.35,-60.95,15,0,0,0,0,0,0,0,0,0,0,0,0,0,0,0,0,0
10_4,10.35,-60.95,16,0,0,0,0,0,0,0,0,0,0,0,0,0,0,0,0,0
10_4,10.35,-60.95,17,0,0,0,0,0,0,0,0,0,0,0,0,0,0,0,0,0
10_4,10.35,-60.95,18,0,0,0,0,0,0,0,0,0,0,0,0,0,0,0,0,0
10_4,10.35,-60.95,19,0,0,0,0,0,0,0,0,0,0,0,0,0,0,0,0,0
10_4,10.35,-60.95,20,0,0,0,0,0,0,0,0,0,0,0,0,0,0,0,0,0
10_4,10.35,-60.95,21,0,0,0,0,0,0,0,0,0,0,0,0,0,0,0,0,0
10_4,10.35,-60.95,22,0,0,0,0,0,0,0,0,0,0,0,0,0,0,0,0,0
10_4,10.35,-60.95,23,0,0,0,0,0,0,0,0,0,0,0,0,0,0,0,0,0
10_4,10.35,-60.95,24,0,0,0,0,0,0,0,0,0,0,0,0,0,0,0,0,0
10_4,10.35,-60.95,25,0,0,0,0,0,0,0,0,0,0,0,0,0,0,0,0,0
10_4,10.35,-60.95,26,0,0,0,0,0,0,0,0,0,0,0,0,0,0,0,0,0
10_4,10.35,-60.95,27,0,0,0,0,0,0,0,0,0,0,0,0,0,0,0,0,0
10_4,10.35,-60.95,28,0,0,0,0,0,0,0,0,0,0,0,0,0,0,0,0,0
10_4,10.35,-60.95,29,0,0,0,0,0,0,0,0,0,0,0,0,0,0,0,0,0
10_4,10.35,-60.95,30,0,0,0,0,0,0,0,0,0,0,0,0,0,0,0,0,0
10_4,10.35,-60.95,31,0,0,0,0,0,0,0,0,0,0,0,0,0,0,0,0,0
10_4,10.35,-60.95,32,0,0,0,0,0,0,0,0,0,0,0,0,0,0,0,0,0
10_4,10.35,-60.95,33,0,0,0,0,0,0,0,0,0,0,0,0,0,0,0,0,0
10_4,10.35,-60.95,34,0,0,0,0,0,0,0,0,0,0,0,0,0,0,0,0,0
10_4,10.35,-60.95,35,0,0,0,0,0,0,0,0,0,0,0,0,0,0,0,0,0
10_4,10.35,-60.95,36,0,0,0,0,0,0,0,0,0,0,0,0,0,0,0,0,0
10_4,10.35,-60.95,37,0,0,0,0,0,0,0,0,0,0,0,0,0,0,0,0,0
10_4,10.35,-60.95,38,0,0,0,0,0,0,0,0,0,0,0,0,0,0,0,0,0
10_4,10.35,-60.95,39,0,0,0,0,0,0,0,0,0,0,0,0,0,0,0,0,0
10_4,10.35,-60.95,40,0,0,0,0,0,0,0,0,0,0,0,0,0,0,0,0,0
10_4,10.35,-60.95,41,0,0,0,0,0,0,0,0,0,0,0,0,0,0,0,0,0
10_4,10.35,-60.95,42,0,0,0,0,0,0,0,0,0,0,0,0,0,0,0,0,0
10_4,10.35,-60.95,43,0,0,0,0,0,0,0,0,0,0,0,0,0,0,0,0,0
10_4,10.35,-60.95,44,0,0,0,0,0,0,0,0,0,0,0,0,0,0,0,0,0
10_4,10.35,-60.95,45,0,0,0,0,0,0,0,0,0,0,0,0,0,0,0,0,0
10_4,10.35,-60.95,46,0,0,0,0,0,0,0,0,0,0,0,0,0,0,0,0,0
10_4,10.35,-60.95,47,0,0,0,0,0,0,0,0,0,0,0,0,0,0,0,0,0
10_4,10.35,-60.95,48,0,0,0,0,0,0,0,0,0,0,0,0,0,0,0,0,0
10_4,10.35,-60.95,49,0,0,0,0,0,0,0,0,0,0,0,0,0,0,0,0,0
10_4,10.35,-60.95,50,0,0,0,0,0,0,0,0,0,0,0,0,0,0,0,0,0
10_4,10.35,-60.95,51,0,0,0,0,0,0,0,0,0,0,0,0,0,0,0,0,0
10_4,10.35,-60.95,52,0,0,0,0,0,0,0,0,0,0,0,0,0,0,0,0,0
10_8,10.750000000000002,-60.95,0,0,0,,,,,,,,0,,,,,,,
10_8,10.750000000000002,-60.95,1,1,0,0,,,,,,,0,0,,,,,,
10_8,10.750000000000002,-60.95,2,0,0,0,0,,,,,,0,0,0,,,,,
10_8,10.750000000000002,-60.95,3,0,0,0,0,0,,,,,0,0,0,0,,,,
10_8,10.750000000000002,-60.95,4,0,0,0,0,0,0,,,,0,0,0,0,0,,,
10_8,10.750000000000002,-60.95,5,0,0,0,0,0,0,0,,,0,0,0,0,0,0,,
10_8,10.750000000000002,-60.95,6,0,0,0,0,0,0,0,0,,0,0,0,0,0,0,0,
10_8,10.750000000000002,-60.95,7,0,0,0,0,0,0,0,0,0,0,0,0,0,0,0,0,0
10_8,10.750000000000002,-60.95,8,0,0,0,0,0,0,0,0,0,0,0,0,0,0,0,0,0
10_8,10.750000000000002,-60.95,9,0,0,0,0,0,0,0,0,0,0,0,0,0,0,0,0,0
10_8,10.750000000000002,-60.95,10,0,0,0,0,0,0,0,0,0,0,0,0,0,0,0,0,0
10_8,10.750000000000002,-60.95,11,0,0,0,0,0,0,0,0,0,0,0,0,0,0,0,0,0
10_8,10.750000000000002,-60.95,12,0,0,0,0,0,0,0,0,0,0,0,0,0,0,0,0,0
10_8,10.750000000000002,-60.95,13,0,0,0,0,0,0,0,0,0,0,0,0,0,0,0,0,0
10_8,10.750000000000002,-60.95,14,0,0,0,0,0,0,0,0,0,0,0,0,0,0,0,0,0
10_8,10.750000000000002,-60.95,15,0,0,0,0,0,0,0,0,0,0,0,0,0,0,0,0,0
10_8,10.750000000000002,-60.95,16,0,0,0,0,0,0,0,0,0,0,0,0,0,0,0,0,0
10_8,10.750000000000002,-60.95,17,0,0,0,0,0,0,0,0,0,0,0,0,0,0,0,0,0
10_8,10.750000000000002,-60.95,18,0,0,0,0,0,0,0,0,0,0,0,0,0,0,0,0,0
10_8,10.750000000000002,-60.95,19,0,0,0,0,0,0,0,0,0,0,0,0,0,0,0,0,0
10_8,10.750000000000002,-60.95,20,0,0,0,0,0,0,0,0,0,0,0,0,0,0,0,0,0
10_8,10.750000000000002,-60.95,21,0,0,0,0,0,0,0,0,0,0,0,0,0,0,0,0,0
10_8,10.750000000000002,-60.95,22,1,0,0,0,0,0,0,0,0,0,0,0,0,0,0,0,0
10_8,10.750000000000002,-60.95,23,0,0,0,0,0,0,0,0,0,0,0,0,0,0,0,0,0
10_8,10.750000000000002,-60.95,24,0,0,0,0,0,0,0,0,0,0,0,0,0,0,0,0,0
10_8,10.750000000000002,-60.95,25,0,0,0,0,0,0,0,0,0,0,0,0,0,0,0,0,0
10_8,10.750000000000002,-60.95,26,0,0,0,0,0,0,0,0,0,0,0,0,0,0,0,0,0
10_8,10.750000000000002,-60.95,27,0,0,0,0,0,0,0,0,0,0,0,0,0,0,0,0,0
10_8,10.750000000000002,-60.95,28,0,0,0,0,0,0,0,0,0,0,0,0,0,0,0,0,0
10_8,10.750000000000002,-60.95,29,0,0,0,0,0,0,0,0,0,0,0,0,0,0,0,0,0
10_8,10.750000000000002,-60.95,30,0,0,0,0,0,0,0,0,0,0,0,0,0,0,0,0,0
10_8,10.750000000000002,-60.95,31,0,0,0,0,0,0,0,0,0,0,0,0,0,0,0,0,0
10_8,10.750000000000002,-60.95,32,0,0,0,0,0,0,0,0,0,0,0,0,0,0,0,0,0
10_8,10.750000000000002,-60.95,33,0,0,0,0,0,0,0,0,0,0,0,0,0,0,0,0,0
10_8,10.750000000000002,-60.95,34,0,0,0,0,0,0,0,0,0,0,0,0,0,0,0,0,0
10_8,10.750000000000002,-60.95,35,0,0,0,0,0,0,0,0,0,0,0,0,0,0,0,0,0
10_8,10.750000000000002,-60.95,36,0,0,0,0,0,0,0,0,0,0,0,0,0,0,0,0,0
10_8,10.750000000000002,-60.95,37,0,0,0,0,0,0,0,0,0,0,0,0,0,0,0,0,0
10_8,10.750000000000002,-60.95,38,0,0,0,0,0,0,0,0,0,0,0,0,0,0,0,0,0
10_8,10.750000000000002,-60.95,39,0,0,0,0,0,0,0,0,0,0,0,0,0,0,0,0,0
10_8,10.750000000000002,-60.95,40,0,0,0,0,0,0,0,0,0,0,0,0,0,0,0,0,0
10_8,10.750000000000002,-60.95,41,0,0,0,0,0,0,0,0,0,0,0,0,0,0,0,0,0
10_8,10.750000000000002,-60.95,42,0,0,0,0,0,0,0,0,0,0,0,0,0,0,0,0,0
10_8,10.750000000000002,-60.95,43,0,0,0,0,0,0,0,0,0,0,0,0,0,0,0,0,0
10_8,10.750000000000002,-60.95,44,0,0,0,0,0,0,0,0,0,0,0,0,0,0,0,0,0
10_8,10.750000000000002,-60.95,45,0,0,0,0,0,0,0,0,0,0,0,0,0,0,0,0,0
10_8,10.750000000000002,-60.95,46,0,0,0,0,0,0,0,0,0,0,0,0,0,0,0,0,0
10_8,10.750000000000002,-60.95,47,0,0,0,0,0,0,0,0,0,0,0,0,0,0,0,0,0
10_8,10.750000000000002,-60.95,48,0,0,0,0,0,0,0,0,0,0,0,0,0,0,0,0,0
10_8,10.750000000000002,-60.95,49,0,0,0,0,0,0,0,0,0,0,0,0,0,0,0,0,0
10_8,10.750000000000002,-60.95,50,0,0,0,0,0,0,0,0,0,0,0,0,0,0,0,0,0
10_8,10.750000000000002,-60.95,51,0,0,0,0,0,0,0,0,0,0,0,0,0,0,0,0,0
10_8,10.750000000000002,-60.95,52,0,0,0,0,0,0,0,0,0,0,0,0,0,0,0,0,0
10_9,10.85,-60.95,0,0,0,,,,,,,,0,,,,,,,
10_9,10.85,-60.95,1,0,0,0,,,,,,,0,0,,,,,,
10_9,10.85,-60.95,2,0,0,0,0,,,,,,0,0,0,,,,,
10_9,10.85,-60.95,3,0,0,0,0,0,,,,,0,0,0,0,,,,
10_9,10.85,-60.95,4,0,0,0,0,0,0,,,,0,0,0,0,0,,,
10_9,10.85,-60.95,5,0,0,0,0,0,0,0,,,0,0,0,0,0,0,,
10_9,10.85,-60.95,6,0,0,0,0,0,0,0,0,,0,0,0,0,0,0,0,
10_9,10.85,-60.95,7,0,0,0,0,0,0,0,0,0,0,0,0,0,0,0,0,0
10_9,10.85,-60.95,8,0,0,0,0,0,0,0,0,0,0,0,0,0,0,0,0,0
10_9,10.85,-60.95,9,0,0,0,0,0,0,0,0,0,0,0,0,0,0,0,0,0
10_9,10.85,-60.95,10,0,0,0,0,0,0,0,0,0,0,0,0,0,0,0,0,0
10_9,10.85,-60.95,11,0,0,0,0,0,0,0,0,0,0,0,0,0,0,0,0,0
10_9,10.85,-60.95,12,0,0,0,0,0,0,0,0,0,0,0,0,0,0,0,0,0
10_9,10.85,-60.95,13,0,0,0,0,0,0,0,0,0,0,0,0,0,0,0,0,0
10_9,10.85,-60.95,14,0,0,0,0,0,0,0,0,0,0,0,0,0,0,0,0,0
10_9,10.85,-60.95,15,0,0,0,0,0,0,0,0,0,0,0,0,0,0,0,0,0
10_9,10.85,-60.95,16,0,0,0,0,0,0,0,0,0,0,0,0,0,0,0,0,0
10_9,10.85,-60.95,17,0,0,0,0,0,0,0,0,0,0,0,0,0,0,0,0,0
10_9,10.85,-60.95,18,0,0,0,0,0,0,0,0,0,0,0,0,0,0,0,0,0
10_9,10.85,-60.95,19,0,0,0,0,0,0,0,0,0,0,0,0,0,0,0,0,0
10_9,10.85,-60.95,20,0,0,0,0,0,0,0,0,0,0,0,0,0,0,0,0,0
10_9,10.85,-60.95,21,0,0,0,0,0,0,0,0,0,0,0,0,0,0,0,0,0
10_9,10.85,-60.95,22,0,0,0,0,0,0,0,0,0,0,0,0,0,0,0,0,0
10_9,10.85,-60.95,23,0,0,0,0,0,0,0,0,0,0,0,0,0,0,0,0,0
10_9,10.85,-60.95,24,0,0,0,0,0,0,0,0,0,0,0,0,0,0,0,0,0
10_9,10.85,-60.95,25,0,0,0,0,0,0,0,0,0,0,0,0,0,0,0,0,0
10_9,10.85,-60.95,26,0,0,0,0,0,0,0,0,0,0,0,0,0,0,0,0,0
10_9,10.85,-60.95,27,0,0,0,0,0,0,0,0,0,0,0,0,0,0,0,0,0
10_9,10.85,-60.95,28,0,0,0,0,0,0,0,0,0,0,0,0,0,0,0,0,0
10_9,10.85,-60.95,29,0,0,0,0,0,0,0,0,0,0,0,0,0,0,0,0,0
10_9,10.85,-60.95,30,0,0,0,0,0,0,0,0,0,0,0,0,0,0,0,0,0
10_9,10.85,-60.95,31,0,0,0,0,0,0,0,0,0,0,0,0,0,0,0,0,0
10_9,10.85,-60.95,32,0,0,0,0,0,0,0,0,0,0,0,0,0,0,0,0,0
10_9,10.85,-60.95,33,0,0,0,0,0,0,0,0,0,0,0,0,0,0,0,0,0
10_9,10.85,-60.95,34,0,0,0,0,0,0,0,0,0,0,0,0,0,0,0,0,0
10_9,10.85,-60.95,35,0,0,0,0,0,0,0,0,0,0,0,0,0,0,0,0,0
10_9,10.85,-60.95,36,0,0,0,0,0,0,0,0,0,0,0,0,0,0,0,0,0
10_9,10.85,-60.95,37,0,0,0,0,0,0,0,0,0,0,0,0,0,0,0,0,0
10_9,10.85,-60.95,38,0,0,0,0,0,0,0,0,0,0,0,0,0,0,0,0,0
10_9,10.85,-60.95,39,0,0,0,0,0,0,0,0,0,0,0,0,0,0,0,0,0
10_9,10.85,-60.95,40,0,0,0,0,0,0,0,0,0,0,0,0,0,0,0,0,0
10_9,10.85,-60.95,41,0,0,0,0,0,0,0,0,0,0,0,0,0,0,0,0,0
10_9,10.85,-60.95,42,0,0,0,0,0,0,0,0,0,0,0,0,0,0,0,0,0
10_9,10.85,-60.95,43,1,0,0,0,0,0,0,0,0,0,0,0,0,0,0,0,0
10_9,10.85,-60.95,44,0,0,0,0,0,0,0,0,0,0,0,0,0,0,0,0,0
10_9,10.85,-60.95,45,0,0,0,0,0,0,0,0,0,0,0,0,0,0,0,0,0
10_9,10.85,-60.95,46,0,0,0,0,0,0,0,0,0,0,0,0,0,0,0,0,0
10_9,10.85,-60.95,47,0,0,0,0,0,0,0,0,0,0,0,0,0,0,0,0,0
10_9,10.85,-60.95,48,0,0,0,0,0,0,0,0,0,0,0,0,0,0,0,0,0
10_9,10.85,-60.95,49,0,0,0,0,0,0,0,0,0,0,0,0,0,0,0,0,0
10_9,10.85,-60.95,50,0,0,0,0,0,0,0,0,0,0,0,0,0,0,0,0,0
10_9,10.85,-60.95,51,0,0,0,0,0,0,0,0,0,0,0,0,0,0,0,0,0
10_9,10.85,-60.95,52,0,0,0,0,0,0,0,0,0,0,0,0,0,0,0,0,0
10_10,10.95,-60.95,0,0,0,,,,,,,,0,,,,,,,
10_10,10.95,-60.95,1,0,0,0,,,,,,,0,0,,,,,,
10_10,10.95,-60.95,2,0,0,0,0,,,,,,0,0,0,,,,,
10_10,10.95,-60.95,3,0,0,0,0,0,,,,,0,0,0,0,,,,
10_10,10.95,-60.95,4,0,0,0,0,0,0,,,,0,0,0,0,0,,,
10_10,10.95,-60.95,5,0,0,0,0,0,0,0,,,0,0,0,0,0,0,,
10_10,10.95,-60.95,6,0,0,0,0,0,0,0,0,,0,0,0,0,0,0,0,
10_10,10.95,-60.95,7,0,0,0,0,0,0,0,0,0,0,0,0,0,0,0,0,0
10_10,10.95,-60.95,8,0,0,0,0,0,0,0,0,0,0,0,0,0,0,0,0,0
10_10,10.95,-60.95,9,0,0,0,0,0,0,0,0,0,0,0,0,0,0,0,0,0
10_10,10.95,-60.95,10,0,0,0,0,0,0,0,0,0,0,0,0,0,0,0,0,0
10_10,10.95,-60.95,11,0,0,0,0,0,0,0,0,0,0,0,0,0,0,0,0,0
10_10,10.95,-60.95,12,0,0,0,0,0,0,0,0,0,0,0,0,0,0,0,0,0
10_10,10.95,-60.95,13,0,0,0,0,0,0,0,0,0,0,0,0,0,0,0,0,0
10_10,10.95,-60.95,14,0,0,0,0,0,0,0,0,0,0,0,0,0,0,0,0,0
10_10,10.95,-60.95,15,0,0,0,0,0,0,0,0,0,0,0,0,0,0,0,0,0
10_10,10.95,-60.95,16,0,0,0,0,0,0,0,0,0,0,0,0,0,0,0,0,0
10_10,10.95,-60.95,17,0,0,0,0,0,0,0,0,0,0,0,0,0,0,0,0,0
10_10,10.95,-60.95,18,0,0,0,0,0,0,0,0,0,0,0,0,0,0,0,0,0
10_10,10.95,-60.95,19,0,0,0,0,0,0,0,0,0,0,0,0,0,0,0,0,0
10_10,10.95,-60.95,20,0,0,0,0,0,0,0,0,0,0,0,0,0,0,0,0,0
10_10,10.95,-60.95,21,0,0,0,0,0,0,0,0,0,0,0,0,0,0,0,0,0
10_10,10.95,-60.95,22,0,0,0,0,0,0,0,0,0,0,0,0,0,0,0,0,0
10_10,10.95,-60.95,23,0,0,0,0,0,0,0,0,0,0,0,0,0,0,0,0,0
10_10,10.95,-60.95,24,0,0,0,0,0,0,0,0,0,0,0,0,0,0,0,0,0
10_10,10.95,-60.95,25,0,0,0,0,0,0,0,0,0,0,0,0,0,0,0,0,0
10_10,10.95,-60.95,26,0,0,0,0,0,0,0,0,0,0,0,0,0,0,0,0,0
10_10,10.95,-60.95,27,0,0,0,0,0,0,0,0,0,0,0,0,0,0,0,0,0
10_10,10.95,-60.95,28,0,0,0,0,0,0,0,0,0,0,0,0,0,0,0,0,0
10_10,10.95,-60.95,29,0,0,0,0,0,0,0,0,0,0,0,0,0,0,0,0,0
10_10,10.95,-60.95,30,0,0,0,0,0,0,0,0,0,0,0,0,0,0,0,0,0
10_10,10.95,-60.95,31,0,0,0,0,0,0,0,0,0,0,0,0,0,0,0,0,0
10_10,10.95,-60.95,32,0,0,0,0,0,0,0,0,0,0,0,0,0,0,0,0,0
10_10,10.95,-60.95,33,0,0,0,0,0,0,0,0,0,0,0,0,0,0,0,0,0
10_10,10.95,-60.95,34,0,0,0,0,0,0,0,0,0,0,0,0,0,0,0,0,0
10_10,10.95,-60.95,35,0,0,0,0,0,0,0,0,0,0,0,0,0,0,0,0,0
10_10,10.95,-60.95,36,0,0,0,0,0,0,0,0,0,0,0,0,0,0,0,0,0
10_10,10.95,-60.95,37,0,0,0,0,0,0,0,0,0,0,0,0,0,0,0,0,0
10_10,10.95,-60.95,38,0,0,0,0,0,0,0,0,0,0,0,0,0,0,0,0,0
10_10,10.95,-60.95,39,0,0,0,0,0,0,0,0,0,0,0,0,0,0,0,0,0
10_10,10.95,-60.95,40,0,0,0,0,0,0,0,0,0,0,0,0,0,0,0,0,0
10_10,10.95,-60.95,41,0,0,0,0,0,0,0,0,0,0,0,0,0,0,0,0,0
10_10,10.95,-60.95,42,0,0,0,0,0,0,0,0,0,0,0,0,0,0,0,0,0
10_10,10.95,-60.95,43,0,0,0,0,0,0,0,0,0,0,0,0,0,0,0,0,0
10_10,10.95,-60.95,44,0,0,0,0,0,0,0,0,0,0,0,0,0,0,0,0,0
10_10,10.95,-60.95,45,0,0,0,0,0,0,0,0,0,0,0,0,0,0,0,0,0
10_10,10.95,-60.95,46,0,0,0,0,0,0,0,0,0,0,0,0,0,0,0,0,0
10_10,10.95,-60.95,47,0,0,0,0,0,0,0,0,0,0,0,0,0,0,0,0,0
10_10,10.95,-60.95,48,0,0,0,0,0,0,0,0,0,0,0,0,0,0,0,0,0
10_10,10.95,-60.95,49,0,0,0,0,0,0,0,0,0,0,0,0,0,0,0,0,0
10_10,10.95,-60.95,50,0,0,0,0,0,0,0,0,0,0,0,0,0,0,0,0,0
10_10,10.95,-60.95,51,0,0,0,0,0,0,0,0,0,0,0,0,0,0,0,0,0
10_10,10.95,-60.95,52,0,0,0,0,0,0,0,0,0,0,0,0,0,0,0,0,0
10_11,11.050000000000002,-60.95,0,0,0,,,,,,,,0,,,,,,,
10_11,11.050000000000002,-60.95,1,0,0,0,,,,,,,0,0,,,,,,
10_11,11.050000000000002,-60.95,2,0,0,0,0,,,,,,0,0,0,,,,,
10_11,11.050000000000002,-60.95,3,0,0,0,0,0,,,,,0,0,0,0,,,,
10_11,11.050000000000002,-60.95,4,0,0,0,0,0,0,,,,0,0,0,0,0,,,
10_11,11.050000000000002,-60.95,5,0,0,0,0,0,0,0,,,0,0,0,0,0,0,,
10_11,11.050000000000002,-60.95,6,0,0,0,0,0,0,0,0,,0,0,0,0,0,0,0,
10_11,11.050000000000002,-60.95,7,0,0,0,0,0,0,0,0,0,0,0,0,0,0,0,0,0
10_11,11.050000000000002,-60.95,8,0,0,0,0,0,0,0,0,0,0,0,0,0,0,0,0,0
10_11,11.050000000000002,-60.95,9,0,0,0,0,0,0,0,0,0,0,0,0,0,0,0,0,0
10_11,11.050000000000002,-60.95,10,0,0,0,0,0,0,0,0,0,0,0,0,0,0,0,0,0
10_11,11.050000000000002,-60.95,11,0,0,0,0,0,0,0,0,0,0,0,0,0,0,0,0,0
10_11,11.050000000000002,-60.95,12,0,0,0,0,0,0,0,0,0,0,0,0,0,0,0,0,0
10_11,11.050000000000002,-60.95,13,0,0,0,0,0,0,0,0,0,0,0,0,0,0,0,0,0
10_11,11.050000000000002,-60.95,14,0,0,0,0,0,0,0,0,0,0,0,0,0,0,0,0,0
10_11,11.050000000000002,-60.95,15,0,0,0,0,0,0,0,0,0,0,0,0,0,0,0,0,0
10_11,11.050000000000002,-60.95,16,0,0,0,0,0,0,0,0,0,0,0,0,0,0,0,0,0
10_11,11.050000000000002,-60.95,17,0,0,0,0,0,0,0,0,0,0,0,0,0,0,0,0,0
10_11,11.050000000000002,-60.95,18,0,0,0,0,0,0,0,0,0,0,0,0,0,0,0,0,0
10_11,11.050000000000002,-60.95,19,0,0,0,0,0,0,0,0,0,0,0,0,0,0,0,0,0
10_11,11.050000000000002,-60.95,20,0,0,0,0,0,0,0,0,0,0,0,0,0,0,0,0,0
10_11,11.050000000000002,-60.95,21,0,0,0,0,0,0,0,0,0,0,0,0,0,0,0,0,0
10_11,11.050000000000002,-60.95,22,0,0,0,0,0,0,0,0,0,0,0,0,0,0,0,0,0
10_11,11.050000000000002,-60.95,23,0,0,0,0,0,0,0,0,0,0,0,0,0,0,0,0,0
10_11,11.050000000000002,-60.95,24,0,0,0,0,0,0,0,0,0,0,0,0,0,0,0,0,0
10_11,11.050000000000002,-60.95,25,0,0,0,0,0,0,0,0,0,0,0,0,0,0,0,0,0
10_11,11.050000000000002,-60.95,26,0,0,0,0,0,0,0,0,0,0,0,0,0,0,0,0,0
10_11,11.050000000000002,-60.95,27,0,0,0,0,0,0,0,0,0,0,0,0,0,0,0,0,0
10_11,11.050000000000002,-60.95,28,0,0,0,0,0,0,0,0,0,0,0,0,0,0,0,0,0
10_11,11.050000000000002,-60.95,29,0,0,0,0,0,0,0,0,0,0,0,0,0,0,0,0,0
10_11,11.050000000000002,-60.95,30,0,0,0,0,0,0,0,0,0,0,0,0,0,0,0,0,0
10_11,11.050000000000002,-60.95,31,0,0,0,0,0,0,0,0,0,0,0,0,0,0,0,0,0
10_11,11.050000000000002,-60.95,32,0,0,0,0,0,0,0,0,0,0,0,0,0,0,0,0,0
10_11,11.050000000000002,-60.95,33,0,0,0,0,0,0,0,0,0,0,0,0,0,0,0,0,0
10_11,11.050000000000002,-60.95,34,0,0,0,0,0,0,0,0,0,0,0,0,0,0,0,0,0
10_11,11.050000000000002,-60.95,35,0,0,0,0,0,0,0,0,0,0,0,0,0,0,0,0,0
10_11,11.050000000000002,-60.95,36,0,0,0,0,0,0,0,0,0,0,0,0,0,0,0,0,0
10_11,11.050000000000002,-60.95,37,0,0,0,0,0,0,0,0,0,0,0,0,0,0,0,0,0
10_11,11.050000000000002,-60.95,38,0,0,0,0,0,0,0,0,0,0,0,0,0,0,0,0,0
10_11,11.050000000000002,-60.95,39,0,0,0,0,0,0,0,0,0,0,0,0,0,0,0,0,0
10_11,11.050000000000002,-60.95,40,0,0,0,0,0,0,0,0,0,0,0,0,0,0,0,0,0
10_11,11.050000000000002,-60.95,41,0,0,0,0,0,0,0,0,0,0,0,0,0,0,0,0,0
10_11,11.050000000000002,-60.95,42,0,0,0,0,0,0,0,0,0,0,0,0,0,0,0,0,0
10_11,11.050000000000002,-60.95,43,0,0,0,0,0,0,0,0,0,0,0,0,0,0,0,0,0
10_11,11.050000000000002,-60.95,44,0,0,0,0,0,0,0,0,0,0,0,0,0,0,0,0,0
10_11,11.050000000000002,-60.95,45,0,0,0,0,0,0,0,0,0,0,0,0,0,0,0,0,0
10_11,11.050000000000002,-60.95,46,0,0,0,0,0,0,0,0,0,0,0,0,0,0,0,0,0
10_11,11.050000000000002,-60.95,47,0,0,0,0,0,0,0,0,0,0,0,0,0,0,0,0,0
10_11,11.050000000000002,-60.95,48,0,0,0,0,0,0,0,0,0,0,0,0,0,0,0,0,0
10_11,11.050000000000002,-60.95,49,0,0,0,0,0,0,0,0,0,0,0,0,0,0,0,0,0
10_11,11.050000000000002,-60.95,50,0,0,0,0,0,0,0,0,0,0,0,0,0,0,0,0,0
10_11,11.050000000000002,-60.95,51,0,0,0,0,0,0,0,0,0,0,0,0,0,0,0,0,0
10_11,11.050000000000002,-60.95,52,0,0,0,0,0,0,0,0,0,0,0,0,0,0,0,0,0
11_12,11.150000000000002,-60.85,0,1,0,,,,,,,,0,,,,,,,
11_12,11.150000000000002,-60.85,1,0,0,0,,,,,,,0,0,,,,,,
11_12,11.150000000000002,-60.85,2,0,0,0,0,,,,,,0,0,0,,,,,
11_12,11.150000000000002,-60.85,3,0,0,0,0,0,,,,,0,0,0,0,,,,
11_12,11.150000000000002,-60.85,4,0,0,0,0,0,0,,,,0,0,0,0,0,,,
11_12,11.150000000000002,-60.85,5,0,0,0,0,0,0,0,,,0,0,0,0,0,0,,
11_12,11.150000000000002,-60.85,6,0,0,0,0,0,0,0,0,,0,0,0,0,0,0,0,
11_12,11.150000000000002,-60.85,7,0,0,0,0,0,0,0,0,0,0,0,0,0,0,0,0,0
11_12,11.150000000000002,-60.85,8,0,0,0,0,0,0,0,0,0,0,0,0,0,0,0,0,0
11_12,11.150000000000002,-60.85,9,0,0,0,0,0,0,0,0,0,0,0,0,0,0,0,0,0
11_12,11.150000000000002,-60.85,10,0,0,0,0,0,0,0,0,0,0,0,0,0,0,0,0,0
11_12,11.150000000000002,-60.85,11,0,0,0,0,0,0,0,0,0,0,0,0,0,0,0,0,0
11_12,11.150000000000002,-60.85,12,0,0,0,0,0,0,0,0,0,0,0,0,0,0,0,0,0
11_12,11.150000000000002,-60.85,13,0,0,0,0,0,0,0,0,0,0,0,0,0,0,0,0,0
11_12,11.150000000000002,-60.85,14,0,0,0,0,0,0,0,0,0,0,0,0,0,0,0,0,0
11_12,11.150000000000002,-60.85,15,0,0,0,0,0,0,0,0,0,0,0,0,0,0,0,0,0
11_12,11.150000000000002,-60.85,16,0,0,0,0,0,0,0,0,0,0,0,0,0,0,0,0,0
11_12,11.150000000000002,-60.85,17,1,0,0,0,0,0,0,0,0,0,0,0,0,0,0,0,0
11_12,11.150000000000002,-60.85,18,0,0,0,0,0,0,0,0,0,0,0,0,0,0,0,0,0
11_12,11.150000000000002,-60.85,19,0,0,0,0,0,0,0,0,0,0,0,0,0,0,0,0,0
11_12,11.150000000000002,-60.85,20,1,0,0,0,0,0,0,0,0,0,0,0,0,0,0,0,0
11_12,11.150000000000002,-60.85,21,0,0,0,0,0,0,0,0,0,0,0,0,0,0,0,0,0
11_12,11.150000000000002,-60.85,22,0,0,0,0,0,0,0,0,0,0,0,0,0,0,0,0,0
11_12,11.150000000000002,-60.85,23,0,0,0,0,0,0,0,0,0,0,0,0,0,0,0,0,0
11_12,11.150000000000002,-60.85,24,0,0,0,0,0,0,0,0,0,0,0,0,0,0,0,0,0
11_12,11.150000000000002,-60.85,25,0,0,0,0,0,0,0,0,0,0,0,0,0,0,0,0,0
11_12,11.150000000000002,-60.85,26,0,0,0,0,0,0,0,0,0,0,0,0,0,0,0,0,0
11_12,11.150000000000002,-60.85,27,0,0,0,0,0,0,0,0,0,0,0,0,0,0,0,0,0
11_12,11.150000000000002,-60.85,28,0,0,0,0,0,0,0,0,0,0,0,0,0,0,0,0,0
11_12,11.150000000000002,-60.85,29,0,0,0,0,0,0,0,0,0,0,0,0,0,0,0,0,0
11_12,11.150000000000002,-60.85,30,0,0,0,0,0,0,0,0,0,0,0,0,0,0,0,0,0
11_12,11.150000000000002,-60.85,31,0,0,0,0,0,0,0,0,0,0,0,0,0,0,0,0,0
11_12,11.150000000000002,-60.85,32,0,0,0,0,0,0,0,0,0,0,0,0,0,0,0,0,0
11_12,11.150000000000002,-60.85,33,0,0,0,0,0,0,0,0,0,0,0,0,0,0,0,0,0
11_12,11.150000000000002,-60.85,34,0,0,0,0,0,0,0,0,0,0,0,0,0,0,0,0,0
11_12,11.150000000000002,-60.85,35,0,0,0,0,0,0,0,0,0,0,0,0,0,0,0,0,0
11_12,11.150000000000002,-60.85,36,0,0,0,0,0,0,0,0,0,0,0,0,0,0,0,0,0
11_12,11.150000000000002,-60.85,37,0,0,0,0,0,0,0,0,0,0,0,0,0,0,0,0,0
11_12,11.150000000000002,-60.85,38,0,0,0,0,0,0,0,0,0,0,0,0,0,0,0,0,0
11_12,11.150000000000002,-60.85,39,0,0,0,0,0,0,0,0,0,0,0,0,0,0,0,0,0
11_12,11.150000000000002,-60.85,40,0,0,0,0,0,0,0,0,0,0,0,0,0,0,0,0,0
11_12,11.150000000000002,-60.85,41,0,0,0,0,0,0,0,0,0,0,0,0,0,0,0,0,0
11_12,11.150000000000002,-60.85,42,0,0,0,0,0,0,0,0,0,0.1195581651519413,0,0,0,0,0,0,0
11_12,11.150000000000002,-60.85,43,0,0,0,0,0,0,0,0,0,0,0.1195581651519413,0,0,0,0,0,0
11_12,11.150000000000002,-60.85,44,0,0,0,0,0,0,0,0,0,0,0,0.1195581651519413,0,0,0,0,0
11_12,11.150000000000002,-60.85,45,0,0,0,0,0,0,0,0,0,0,0,0,0.1195581651519413,0,0,0,0
11_12,11.150000000000002,-60.85,46,0,0,0,0,0,0,0,0,0,0,0,0,0,0.1195581651519413,0,0,0
11_12,11.150000000000002,-60.85,47,0,0,0,0,0,0,0,0,0,0,0,0,0,0,0.1195581651519413,0,0
11_12,11.150000000000002,-60.85,48,0,0,0,0,0,0,0,0,0,0,0,0,0,0,0,0.1195581651519413,0
11_12,11.150000000000002,-60.85,49,0,0,0,0,0,0,0,0,0,0,0,0,0,0,0,0,0.1195581651519413
11_12,11.150000000000002,-60.85,50,0,0,0,0,0,0,0,0,0,0,0,0,0,0,0,0,0
11_12,11.150000000000002,-60.85,51,0,0,0,0,0,0,0,0,0,0,0,0,0,0,0,0,0
11_12,11.150000000000002,-60.85,52,0,0,0,0,0,0,0,0,0,0,0,0,0,0,0,0,0
12_12,11.150000000000002,-60.75000000000001,0,0,0,,,,,,,,0,,,,,,,
12_12,11.150000000000002,-60.75000000000001,1,0,0,0,,,,,,,0,0,,,,,,
12_12,11.150000000000002,-60.75000000000001,2,0,0,0,0,,,,,,0,0,0,,,,,
12_12,11.150000000000002,-60.75000000000001,3,0,0,0,0,0,,,,,0,0,0,0,,,,
12_12,11.150000000000002,-60.75000000000001,4,0,1,0,0,0,0,,,,0,0,0,0,0,,,
12_12,11.150000000000002,-60.75000000000001,5,0,0,1,0,0,0,0,,,0,0,0,0,0,0,,
12_12,11.150000000000002,-60.75000000000001,6,1,0,0,1,0,0,0,0,,0,0,0,0,0,0,0,
12_12,11.150000000000002,-60.75000000000001,7,0,0,0,0,1,0,0,0,0,0,0,0,0,0,0,0,0
12_12,11.150000000000002,-60.75000000000001,8,0,0,0,0,0,1,0,0,0,0,0,0,0,0,0,0,0
12_12,11.150000000000002,-60.75000000000001,9,0,0,0,0,0,0,1,0,0,0,0,0,0,0,0,0,0
12_12,11.150000000000002,-60.75000000000001,10,0,0,0,0,0,0,0,1,0,0,0,0,0,0,0,0,0
12_12,11.150000000000002,-60.75000000000001,11,0,0,0,0,0,0,0,0,1,0,0,0,0,0,0,0,0
12_12,11.150000000000002,-60.75000000000001,12,0,0,0,0,0,0,0,0,0,0,0,0,0,0,0,0,0
12_12,11.150000000000002,-60.75000000000001,13,0,0,0,0,0,0,0,0,0,0,0,0,0,0,0,0,0
12_12,11.150000000000002,-60.75000000000001,14,0,0,0,0,0,0,0,0,0,0,0,0,0,0,0,0,0
12_12,11.150000000000002,-60.75000000000001,15,0,0,0,0,0,0,0,0,0,0,0,0,0,0,0,0,0
12_12,11.150000000000002,-60.75000000000001,16,0,0,0,0,0,0,0,0,0,0,0,0,0,0,0,0,0
12_12,11.150000000000002,-60.75000000000001,17,0,0,0,0,0,0,0,0,0,0,0,0,0,0,0,0,0
12_12,11.150000000000002,-60.75000000000001,18,0,0,0,0,0,0,0,0,0,0,0,0,0,0,0,0,0
12_12,11.150000000000002,-60.75000000000001,19,0,0,0,0,0,0,0,0,0,0,0,0,0,0,0,0,0
12_12,11.150000000000002,-60.75000000000001,20,0,0,0,0,0,0,0,0,0,0,0,0,0,0,0,0,0
12_12,11.150000000000002,-60.75000000000001,21,2,0,0,0,0,0,0,0,0,0,0,0,0,0,0,0,0
12_12,11.150000000000002,-60.75000000000001,22,0,0,0,0,0,0,0,0,0,0,0,0,0,0,0,0,0
12_12,11.150000000000002,-60.75000000000001,23,1,0,0,0,0,0,0,0,0,0,0,0,0,0,0,0,0
12_12,11.150000000000002,-60.75000000000001,24,0,0,0,0,0,0,0,0,0,0,0,0,0,0,0,0,0
12_12,11.150000000000002,-60.75000000000001,25,0,0,0,0,0,0,0,0,0,0,0,0,0,0,0,0,0
12_12,11.150000000000002,-60.75000000000001,26,0,0,0,0,0,0,0,0,0,0,0,0,0,0,0,0,0
12_12,11.150000000000002,-60.75000000000001,27,0,0,0,0,0,0,0,0,0,0,0,0,0,0,0,0,0
12_12,11.150000000000002,-60.75000000000001,28,0,0,0,0,0,0,0,0,0,0,0,0,0,0,0,0,0
12_12,11.150000000000002,-60.75000000000001,29,0,0,0,0,0,0,0,0,0,0,0,0,0,0,0,0,0
12_12,11.150000000000002,-60.75000000000001,30,0,0,0,0,0,0,0,0,0,0,0,0,0,0,0,0,0
12_12,11.150000000000002,-60.75000000000001,31,0,0,0,0,0,0,0,0,0,0,0,0,0,0,0,0,0
12_12,11.150000000000002,-60.75000000000001,32,0,0,0,0,0,0,0,0,0,0,0,0,0,0,0,0,0
12_12,11.150000000000002,-60.75000000000001,33,0,0,0,0,0,0,0,0,0,0,0,0,0,0,0,0,0
12_12,11.150000000000002,-60.75000000000001,34,0,0,0,0,0,0,0,0,0,0,0,0,0,0,0,0,0
12_12,11.150000000000002,-60.75000000000001,35,0,0,0,0,0,0,0,0,0,0,0,0,0,0,0,0,0
12_12,11.150000000000002,-60.75000000000001,36,1,0,0,0,0,0,0,0,0,0,0,0,0,0,0,0,0
12_12,11.150000000000002,-60.75000000000001,37,0,0,0,0,0,0,0,0,0,0,0,0,0,0,0,0,0
12_12,11.150000000000002,-60.75000000000001,38,0,0,0,0,0,0,0,0,0,0,0,0,0,0,0,0,0
12_12,11.150000000000002,-60.75000000000001,39,0,0,0,0,0,0,0,0,0,0,0,0,0,0,0,0,0
12_12,11.150000000000002,-60.75000000000001,40,0,0,0,0,0,0,0,0,0,0,0,0,0,0,0,0,0
12_12,11.150000000000002,-60.75000000000001,41,1,0,0,0,0,0,0,0,0,0,0,0,0,0,0,0,0
12_12,11.150000000000002,-60.75000000000001,42,1,2,0,0,0,0,0,0,0,0,0,0,0,0,0,0,0
12_12,11.150000000000002,-60.75000000000001,43,1,0,2,0,0,0,0,0,0,0,0,0,0,0,0,0,0
12_12,11.150000000000002,-60.75000000000001,44,2,0,0,2,0,0,0,0,0,0,0,0,0,0,0,0,0
12_12,11.150000000000002,-60.75000000000001,45,1,0,0,0,2,0,0,0,0,0,0,0,0,0,0,0,0
12_12,11.150000000000002,-60.75000000000001,46,1,0,0,0,0,2,0,0,0,0,0,0,0,0,0,0,0
12_12,11.150000000000002,-60.75000000000001,47,0,0,0,0,0,0,2,0,0,0,0,0,0,0,0,0,0
12_12,11.150000000000002,-60.75000000000001,48,1,0,0,0,0,0,0,2,0,0,0,0,0,0,0,0,0
12_12,11.150000000000002,-60.75000000000001,49,1,0,0,0,0,0,0,0,2,0,0,0,0,0,0,0,0
12_12,11.150000000000002,-60.75000000000001,50,0,0,0,0,0,0,0,0,0,0,0,0,0,0,0,0,0
12_12,11.150000000000002,-60.75000000000001,51,0,0,0,0,0,0,0,0,0,0.10825030115651978,0,0,0,0,0,0,0
12_12,11.150000000000002,-60.75000000000001,52,0,0,0,0,0,0,0,0,0,0,0.10825030115651978,0,0,0,0,0,0
12_13,11.25,-60.74999999999999,0,1,0,,,,,,,,0,,,,,,,
12_13,11.25,-60.74999999999999,1,0,0,0,,,,,,,0,0,,,,,,
12_13,11.25,-60.74999999999999,2,0,0,0,0,,,,,,0,0,0,,,,,
12_13,11.25,-60.74999999999999,3,1,0,0,0,0,,,,,0,0,0,0,,,,
12_13,11.25,-60.74999999999999,4,0,0,0,0,0,0,,,,0.15932906363889987,0,0,0,0,,,
12_13,11.25,-60.74999999999999,5,0,0,0,0,0,0,0,,,0,0.15932906363889987,0,0,0,0,,
12_13,11.25,-60.74999999999999,6,0,0,0,0,0,0,0,0,,0,0,0.15932906363889987,0,0,0,0,
12_13,11.25,-60.74999999999999,7,0,0,0,0,0,0,0,0,0,0,0,0,0.15932906363889987,0,0,0,0
12_13,11.25,-60.74999999999999,8,0,0,0,0,0,0,0,0,0,0,0,0,0,0.15932906363889987,0,0,0
12_13,11.25,-60.74999999999999,9,0,0,0,0,0,0,0,0,0,0,0,0,0,0,0.15932906363889987,0,0
12_13,11.25,-60.74999999999999,10,0,0,0,0,0,0,0,0,0,0,0,0,0,0,0,0.15932906363889987,0
12_13,11.25,-60.74999999999999,11,0,0,0,0,0,0,0,0,0,0,0,0,0,0,0,0,0.15932906363889987
12_13,11.25,-60.74999999999999,12,0,0,0,0,0,0,0,0,0,0,0,0,0,0,0,0,0
12_13,11.25,-60.74999999999999,13,0,0,0,0,0,0,0,0,0,0,0,0,0,0,0,0,0
12_13,11.25,-60.74999999999999,14,1,0,0,0,0,0,0,0,0,0,0,0,0,0,0,0,0
12_13,11.25,-60.74999999999999,15,1,0,0,0,0,0,0,0,0,0,0,0,0,0,0,0,0
12_13,11.25,-60.74999999999999,16,0,0,0,0,0,0,0,0,0,0,0,0,0,0,0,0,0
12_13,11.25,-60.74999999999999,17,0,0,0,0,0,0,0,0,0,0,0,0,0,0,0,0,0
12_13,11.25,-60.74999999999999,18,0,0,0,0,0,0,0,0,0,0,0,0,0,0,0,0,0
12_13,11.25,-60.74999999999999,19,0,0,0,0,0,0,0,0,0,0,0,0,0,0,0,0,0
12_13,11.25,-60.74999999999999,20,1,0,0,0,0,0,0,0,0,0,0,0,0,0,0,0,0
12_13,11.25,-60.74999999999999,21,0,0,0,0,0,0,0,0,0,0,0,0,0,0,0,0,0
12_13,11.25,-60.74999999999999,22,0,0,0,0,0,0,0,0,0,0,0,0,0,0,0,0,0
12_13,11.25,-60.74999999999999,23,0,0,0,0,0,0,0,0,0,0,0,0,0,0,0,0,0
12_13,11.25,-60.74999999999999,24,0,0,0,0,0,0,0,0,0,0,0,0,0,0,0,0,0
12_13,11.25,-60.74999999999999,25,0,0,0,0,0,0,0,0,0,0,0,0,0,0,0,0,0
12_13,11.25,-60.74999999999999,26,0,0,0,0,0,0,0,0,0,0,0,0,0,0,0,0,0
12_13,11.25,-60.74999999999999,27,0,0,0,0,0,0,0,0,0,0,0,0,0,0,0,0,0
12_13,11.25,-60.74999999999999,28,0,0,0,0,0,0,0,0,0,0,0,0,0,0,0,0,0
12_13,11.25,-60.74999999999999,29,1,0,0,0,0,0,0,0,0,0,0,0,0,0,0,0,0
12_13,11.25,-60.74999999999999,30,0,0,0,0,0,0,0,0,0,0,0,0,0,0,0,0,0
12_13,11.25,-60.74999999999999,31,0,0,0,0,0,0,0,0,0,0,0,0,0,0,0,0,0
12_13,11.25,-60.74999999999999,32,0,0,0,0,0,0,0,0,0,0,0,0,0,0,0,0,0
12_13,11.25,-60.74999999999999,33,0,0,0,0,0,0,0,0,0,0,0,0,0,0,0,0,0
12_13,11.25,-60.74999999999999,34,0,0,0,0,0,0,0,0,0,0,0,0,0,0,0,0,0
12_13,11.25,-60.74999999999999,35,0,0,0,0,0,0,0,0,0,0,0,0,0,0,0,0,0
12_13,11.25,-60.74999999999999,36,0,0,0,0,0,0,0,0,0,0,0,0,0,0,0,0,0
12_13,11.25,-60.74999999999999,37,1,0,0,0,0,0,0,0,0,0,0,0,0,0,0,0,0
12_13,11.25,-60.74999999999999,38,0,0,0,0,0,0,0,0,0,0,0,0,0,0,0,0,0
12_13,11.25,-60.74999999999999,39,0,0,0,0,0,0,0,0,0,0,0,0,0,0,0,0,0
12_13,11.25,-60.74999999999999,40,0,0,0,0,0,0,0,0,0,0,0,0,0,0,0,0,0
12_13,11.25,-60.74999999999999,41,0,0,0,0,0,0,0,0,0,0,0,0,0,0,0,0,0
12_13,11.25,-60.74999999999999,42,0,0,0,0,0,0,0,0,0,0.20832511044884172,0,0,0,0,0,0,0
12_13,11.25,-60.74999999999999,43,0,0,0,0,0,0,0,0,0,0,0.20832511044884172,0,0,0,0,0,0
12_13,11.25,-60.74999999999999,44,1,0,0,0,0,0,0,0,0,0,0,0.20832511044884172,0,0,0,0,0
12_13,11.25,-60.74999999999999,45,0,0,0,0,0,0,0,0,0,0,0,0,0.20832511044884172,0,0,0,0
12_13,11.25,-60.74999999999999,46,1,0,0,0,0,0,0,0,0,0,0,0,0,0.20832511044884172,0,0,0
12_13,11.25,-60.74999999999999,47,0,0,0,0,0,0,0,0,0,0,0,0,0,0,0.20832511044884172,0,0
12_13,11.25,-60.74999999999999,48,0,0,0,0,0,0,0,0,0,0,0,0,0,0,0,0.20832511044884172,0
12_13,11.25,-60.74999999999999,49,0,0,0,0,0,0,0,0,0,0,0,0,0,0,0,0,0.20832511044884172
12_13,11.25,-60.74999999999999,50,2,0,0,0,0,0,0,0,0,0,0,0,0,0,0,0,0
12_13,11.25,-60.74999999999999,51,0,1,0,0,0,0,0,0,0,0,0,0,0,0,0,0,0
12_13,11.25,-60.74999999999999,52,0,0,1,0,0,0,0,0,0,0,0,0,0,0,0,0,0
13_12,11.15,-60.65,0,0,0,,,,,,,,0,,,,,,,
13_12,11.15,-60.65,1,0,0,0,,,,,,,0,0,,,,,,
13_12,11.15,-60.65,2,0,0,0,0,,,,,,0,0,0,,,,,
13_12,11.15,-60.65,3,0,0,0,0,0,,,,,0,0,0,0,,,,
13_12,11.15,-60.65,4,0,0,0,0,0,0,,,,0,0,0,0,0,,,
13_12,11.15,-60.65,5,0,0,0,0,0,0,0,,,0,0,0,0,0,0,,
13_12,11.15,-60.65,6,0,0,0,0,0,0,0,0,,0,0,0,0,0,0,0,
13_12,11.15,-60.65,7,0,0,0,0,0,0,0,0,0,0,0,0,0,0,0,0,0
13_12,11.15,-60.65,8,0,0,0,0,0,0,0,0,0,0,0,0,0,0,0,0,0
13_12,11.15,-60.65,9,0,0,0,0,0,0,0,0,0,0,0,0,0,0,0,0,0
13_12,11.15,-60.65,10,0,0,0,0,0,0,0,0,0,0,0,0,0,0,0,0,0
13_12,11.15,-60.65,11,0,0,0,0,0,0,0,0,0,0,0,0,0,0,0,0,0
13_12,11.15,-60.65,12,0,0,0,0,0,0,0,0,0,0,0,0,0,0,0,0,0
13_12,11.15,-60.65,13,0,0,0,0,0,0,0,0,0,0,0,0,0,0,0,0,0
13_12,11.15,-60.65,14,0,0,0,0,0,0,0,0,0,0,0,0,0,0,0,0,0
13_12,11.15,-60.65,15,0,0,0,0,0,0,0,0,0,0,0,0,0,0,0,0,0
13_12,11.15,-60.65,16,0,0,0,0,0,0,0,0,0,0,0,0,0,0,0,0,0
13_12,11.15,-60.65,17,0,0,0,0,0,0,0,0,0,0,0,0,0,0,0,0,0
13_12,11.15,-60.65,18,0,0,0,0,0,0,0,0,0,0,0,0,0,0,0,0,0
13_12,11.15,-60.65,19,0,0,0,0,0,0,0,0,0,0,0,0,0,0,0,0,0
13_12,11.15,-60.65,20,0,0,0,0,0,0,0,0,0,0,0,0,0,0,0,0,0
13_12,11.15,-60.65,21,0,0,0,0,0,0,0,0,0,0,0,0,0,0,0,0,0
13_12,11.15,-60.65,22,0,0,0,0,0,0,0,0,0,0,0,0,0,0,0,0,0
13_12,11.15,-60.65,23,0,0,0,0,0,0,0,0,0,0,0,0,0,0,0,0,0
13_12,11.15,-60.65,24,0,0,0,0,0,0,0,0,0,0,0,0,0,0,0,0,0
13_12,11.15,-60.65,25,0,0,0,0,0,0,0,0,0,0,0,0,0,0,0,0,0
13_12,11.15,-60.65,26,0,0,0,0,0,0,0,0,0,0,0,0,0,0,0,0,0
13_12,11.15,-60.65,27,0,0,0,0,0,0,0,0,0,0,0,0,0,0,0,0,0
13_12,11.15,-60.65,28,0,0,0,0,0,0,0,0,0,0,0,0,0,0,0,0,0
13_12,11.15,-60.65,29,0,0,0,0,0,0,0,0,0,0,0,0,0,0,0,0,0
13_12,11.15,-60.65,30,0,0,0,0,0,0,0,0,0,0,0,0,0,0,0,0,0
13_12,11.15,-60.65,31,0,0,0,0,0,0,0,0,0,0,0,0,0,0,0,0,0
13_12,11.15,-60.65,32,0,0,0,0,0,0,0,0,0,0,0,0,0,0,0,0,0
13_12,11.15,-60.65,33,0,0,0,0,0,0,0,0,0,0,0,0,0,0,0,0,0
13_12,11.15,-60.65,34,0,0,0,0,0,0,0,0,0,0,0,0,0,0,0,0,0
13_12,11.15,-60.65,35,0,0,0,0,0,0,0,0,0,0,0,0,0,0,0,0,0
13_12,11.15,-60.65,36,0,0,0,0,0,0,0,0,0,0,0,0,0,0,0,0,0
13_12,11.15,-60.65,37,0,0,0,0,0,0,0,0,0,0,0,0,0,0,0,0,0
13_12,11.15,-60.65,38,0,0,0,0,0,0,0,0,0,0,0,0,0,0,0,0,0
13_12,11.15,-60.65,39,0,0,0,0,0,0,0,0,0,0,0,0,0,0,0,0,0
13_12,11.15,-60.65,40,0,0,0,0,0,0,0,0,0,0,0,0,0,0,0,0,0
13_12,11.15,-60.65,41,0,0,0,0,0,0,0,0,0,0,0,0,0,0,0,0,0
13_12,11.15,-60.65,42,0,0,0,0,0,0,0,0,0,0.09870319420928236,0,0,0,0,0,0,0
13_12,11.15,-60.65,43,0,0,0,0,0,0,0,0,0,0,0.09870319420928236,0,0,0,0,0,0
13_12,11.15,-60.65,44,1,0,0,0,0,0,0,0,0,0,0,0.09870319420928236,0,0,0,0,0
13_12,11.15,-60.65,45,0,0,0,0,0,0,0,0,0,0,0,0,0.09870319420928236,0,0,0,0
13_12,11.15,-60.65,46,0,0,0,0,0,0,0,0,0,0,0,0,0,0.09870319420928236,0,0,0
13_12,11.15,-60.65,47,0,0,0,0,0,0,0,0,0,0,0,0,0,0,0.09870319420928236,0,0
13_12,11.15,-60.65,48,0,0,0,0,0,0,0,0,0,0,0,0,0,0,0,0.09870319420928236,0
13_12,11.15,-60.65,49,0,0,0,0,0,0,0,0,0,0,0,0,0,0,0,0,0.09870319420928236
13_12,11.15,-60.65,50,0,0,0,0,0,0,0,0,0,0,0,0,0,0,0,0,0
13_12,11.15,-60.65,51,0,0,0,0,0,0,0,0,0,0.09200620345100816,0,0,0,0,0,0,0
13_12,11.15,-60.65,52,0,0,0,0,0,0,0,0,0,0,0.09200620345100816,0,0,0,0,0,0
13_13,11.25,-60.650000000000006,0,0,0,,,,,,,,0,,,,,,,
13_13,11.25,-60.650000000000006,1,0,0,0,,,,,,,0,0,,,,,,
13_13,11.25,-60.650000000000006,2,0,0,0,0,,,,,,0,0,0,,,,,
13_13,11.25,-60.650000000000006,3,0,0,0,0,0,,,,,0,0,0,0,,,,
13_13,11.25,-60.650000000000006,4,0,0,0,0,0,0,,,,0,0,0,0,0,,,
13_13,11.25,-60.650000000000006,5,0,0,0,0,0,0,0,,,0,0,0,0,0,0,,
13_13,11.25,-60.650000000000006,6,0,0,0,0,0,0,0,0,,0,0,0,0,0,0,0,
13_13,11.25,-60.650000000000006,7,0,0,0,0,0,0,0,0,0,0,0,0,0,0,0,0,0
13_13,11.25,-60.650000000000006,8,0,0,0,0,0,0,0,0,0,0,0,0,0,0,0,0,0
13_13,11.25,-60.650000000000006,9,0,0,0,0,0,0,0,0,0,0,0,0,0,0,0,0,0
13_13,11.25,-60.650000000000006,10,0,0,0,0,0,0,0,0,0,0,0,0,0,0,0,0,0
13_13,11.25,-60.650000000000006,11,0,0,0,0,0,0,0,0,0,0,0,0,0,0,0,0,0
13_13,11.25,-60.650000000000006,12,0,0,0,0,0,0,0,0,0,0,0,0,0,0,0,0,0
13_13,11.25,-60.650000000000006,13,0,0,0,0,0,0,0,0,0,0,0,0,0,0,0,0,0
13_13,11.25,-60.650000000000006,14,0,0,0,0,0,0,0,0,0,0,0,0,0,0,0,0,0
13_13,11.25,-60.650000000000006,15,0,0,0,0,0,0,0,0,0,0,0,0,0,0,0,0,0
13_13,11.25,-60.650000000000006,16,0,0,0,0,0,0,0,0,0,0,0,0,0,0,0,0,0
13_13,11.25,-60.650000000000006,17,0,0,0,0,0,0,0,0,0,0,0,0,0,0,0,0,0
13_13,11.25,-60.650000000000006,18,1,0,0,0,0,0,0,0,0,0,0,0,0,0,0,0,0
13_13,11.25,-60.650000000000006,19,0,0,0,0,0,0,0,0,0,0,0,0,0,0,0,0,0
13_13,11.25,-60.650000000000006,20,0,0,0,0,0,0,0,0,0,0,0,0,0,0,0,0,0
13_13,11.25,-60.650000000000006,21,0,0,0,0,0,0,0,0,0,0,0,0,0,0,0,0,0
13_13,11.25,-60.650000000000006,22,0,0,0,0,0,0,0,0,0,0,0,0,0,0,0,0,0
13_13,11.25,-60.650000000000006,23,0,0,0,0,0,0,0,0,0,0,0,0,0,0,0,0,0
13_13,11.25,-60.650000000000006,24,0,0,0,0,0,0,0,0,0,0,0,0,0,0,0,0,0
13_13,11.25,-60.650000000000006,25,0,0,0,0,0,0,0,0,0,0,0,0,0,0,0,0,0
13_13,11.25,-60.650000000000006,26,0,0,0,0,0,0,0,0,0,0,0,0,0,0,0,0,0
13_13,11.25,-60.650000000000006,27,0,0,0,0,0,0,0,0,0,0,0,0,0,0,0,0,0
13_13,11.25,-60.650000000000006,28,0,0,0,0,0,0,0,0,0,0,0,0,0,0,0,0,0
13_13,11.25,-60.650000000000006,29,0,0,0,0,0,0,0,0,0,0,0,0,0,0,0,0,0
13_13,11.25,-60.650000000000006,30,0,0,0,0,0,0,0,0,0,0,0,0,0,0,0,0,0
13_13,11.25,-60.650000000000006,31,0,0,0,0,0,0,0,0,0,0,0,0,0,0,0,0,0
13_13,11.25,-60.650000000000006,32,0,0,0,0,0,0,0,0,0,0,0,0,0,0,0,0,0
13_13,11.25,-60.650000000000006,33,0,0,0,0,0,0,0,0,0,0,0,0,0,0,0,0,0
13_13,11.25,-60.650000000000006,34,0,0,0,0,0,0,0,0,0,0,0,0,0,0,0,0,0
13_13,11.25,-60.650000000000006,35,0,0,0,0,0,0,0,0,0,0,0,0,0,0,0,0,0
13_13,11.25,-60.650000000000006,36,0,0,0,0,0,0,0,0,0,0,0,0,0,0,0,0,0
13_13,11.25,-60.650000000000006,37,0,0,0,0,0,0,0,0,0,0,0,0,0,0,0,0,0
13_13,11.25,-60.650000000000006,38,0,0,0,0,0,0,0,0,0,0,0,0,0,0,0,0,0
13_13,11.25,-60.650000000000006,39,0,0,0,0,0,0,0,0,0,0,0,0,0,0,0,0,0
13_13,11.25,-60.650000000000006,40,0,0,0,0,0,0,0,0,0,0,0,0,0,0,0,0,0
13_13,11.25,-60.650000000000006,41,0,0,0,0,0,0,0,0,0,0,0,0,0,0,0,0,0
13_13,11.25,-60.650000000000006,42,0,0,0,0,0,0,0,0,0,0,0,0,0,0,0,0,0
13_13,11.25,-60.650000000000006,43,0,0,0,0,0,0,0,0,0,0,0,0,0,0,0,0,0
13_13,11.25,-60.650000000000006,44,0,0,0,0,0,0,0,0,0,0,0,0,0,0,0,0,0
13_13,11.25,-60.650000000000006,45,1,0,0,0,0,0,0,0,0,0,0,0,0,0,0,0,0
13_13,11.25,-60.650000000000006,46,0,0,0,0,0,0,0,0,0,0,0,0,0,0,0,0,0
13_13,11.25,-60.650000000000006,47,1,0,0,0,0,0,0,0,0,0,0,0,0,0,0,0,0
13_13,11.25,-60.650000000000006,48,0,0,0,0,0,0,0,0,0,0,0,0,0,0,0,0,0
13_13,11.25,-60.650000000000006,49,0,0,0,0,0,0,0,0,0,0,0,0,0,0,0,0,0
13_13,11.25,-60.650000000000006,50,0,0,0,0,0,0,0,0,0,0,0,0,0,0,0,0,0
13_13,11.25,-60.650000000000006,51,0,0,0,0,0,0,0,0,0,0.12283595343947004,0,0,0,0,0,0,0
13_13,11.25,-60.650000000000006,52,0,0,0,0,0,0,0,0,0,0,0.12283595343947004,0,0,0,0,0,0
13_14,11.35,-60.65,0,0,0,,,,,,,,0,,,,,,,
13_14,11.35,-60.65,1,0,0,0,,,,,,,0,0,,,,,,
13_14,11.35,-60.65,2,0,0,0,0,,,,,,0,0,0,,,,,
13_14,11.35,-60.65,3,0,0,0,0,0,,,,,0,0,0,0,,,,
13_14,11.35,-60.65,4,0,0,0,0,0,0,,,,0,0,0,0,0,,,
13_14,11.35,-60.65,5,0,0,0,0,0,0,0,,,0,0,0,0,0,0,,
13_14,11.35,-60.65,6,0,0,0,0,0,0,0,0,,0,0,0,0,0,0,0,
13_14,11.35,-60.65,7,0,0,0,0,0,0,0,0,0,0,0,0,0,0,0,0,0
13_14,11.35,-60.65,8,0,0,0,0,0,0,0,0,0,0,0,0,0,0,0,0,0
13_14,11.35,-60.65,9,0,0,0,0,0,0,0,0,0,0,0,0,0,0,0,0,0
13_14,11.35,-60.65,10,0,0,0,0,0,0,0,0,0,0,0,0,0,0,0,0,0
13_14,11.35,-60.65,11,0,0,0,0,0,0,0,0,0,0,0,0,0,0,0,0,0
13_14,11.35,-60.65,12,0,0,0,0,0,0,0,0,0,0,0,0,0,0,0,0,0
13_14,11.35,-60.65,13,0,0,0,0,0,0,0,0,0,0,0,0,0,0,0,0,0
13_14,11.35,-60.65,14,0,0,0,0,0,0,0,0,0,0,0,0,0,0,0,0,0
13_14,11.35,-60.65,15,0,0,0,0,0,0,0,0,0,0,0,0,0,0,0,0,0
13_14,11.35,-60.65,16,0,0,0,0,0,0,0,0,0,0,0,0,0,0,0,0,0
13_14,11.35,-60.65,17,0,0,0,0,0,0,0,0,0,0,0,0,0,0,0,0,0
13_14,11.35,-60.65,18,0,0,0,0,0,0,0,0,0,0,0,0,0,0,0,0,0
13_14,11.35,-60.65,19,0,0,0,0,0,0,0,0,0,0,0,0,0,0,0,0,0
13_14,11.35,-60.65,20,0,0,0,0,0,0,0,0,0,0,0,0,0,0,0,0,0
13_14,11.35,-60.65,21,0,0,0,0,0,0,0,0,0,0,0,0,0,0,0,0,0
13_14,11.35,-60.65,22,0,0,0,0,0,0,0,0,0,0,0,0,0,0,0,0,0
13_14,11.35,-60.65,23,0,0,0,0,0,0,0,0,0,0,0,0,0,0,0,0,0
13_14,11.35,-60.65,24,0,0,0,0,0,0,0,0,0,0,0,0,0,0,0,0,0
13_14,11.35,-60.65,25,0,0,0,0,0,0,0,0,0,0,0,0,0,0,0,0,0
13_14,11.35,-60.65,26,0,0,0,0,0,0,0,0,0,0,0,0,0,0,0,0,0
13_14,11.35,-60.65,27,0,0,0,0,0,0,0,0,0,0,0,0,0,0,0,0,0
13_14,11.35,-60.65,28,0,0,0,0,0,0,0,0,0,0,0,0,0,0,0,0,0
13_14,11.35,-60.65,29,0,0,0,0,0,0,0,0,0,0,0,0,0,0,0,0,0
13_14,11.35,-60.65,30,0,0,0,0,0,0,0,0,0,0,0,0,0,0,0,0,0
13_14,11.35,-60.65,31,0,0,0,0,0,0,0,0,0,0,0,0,0,0,0,0,0
13_14,11.35,-60.65,32,0,0,0,0,0,0,0,0,0,0,0,0,0,0,0,0,0
13_14,11.35,-60.65,33,0,0,0,0,0,0,0,0,0,0,0,0,0,0,0,0,0
13_14,11.35,-60.65,34,0,0,0,0,0,0,0,0,0,0,0,0,0,0,0,0,0
13_14,11.35,-60.65,35,0,0,0,0,0,0,0,0,0,0,0,0,0,0,0,0,0
13_14,11.35,-60.65,36,0,0,0,0,0,0,0,0,0,0,0,0,0,0,0,0,0
13_14,11.35,-60.65,37,0,0,0,0,0,0,0,0,0,0,0,0,0,0,0,0,0
13_14,11.35,-60.65,38,0,0,0,0,0,0,0,0,0,0,0,0,0,0,0,0,0
13_14,11.35,-60.65,39,0,0,0,0,0,0,0,0,0,0,0,0,0,0,0,0,0
13_14,11.35,-60.65,40,0,0,0,0,0,0,0,0,0,0,0,0,0,0,0,0,0
13_14,11.35,-60.65,41,0,0,0,0,0,0,0,0,0,0,0,0,0,0,0,0,0
13_14,11.35,-60.65,42,0,0,0,0,0,0,0,0,0,0,0,0,0,0,0,0,0
13_14,11.35,-60.65,43,0,0,0,0,0,0,0,0,0,0,0,0,0,0,0,0,0
13_14,11.35,-60.65,44,0,0,0,0,0,0,0,0,0,0,0,0,0,0,0,0,0
13_14,11.35,-60.65,45,0,0,0,0,0,0,0,0,0,0,0,0,0,0,0,0,0
13_14,11.35,-60.65,46,0,0,0,0,0,0,0,0,0,0,0,0,0,0,0,0,0
13_14,11.35,-60.65,47,0,0,0,0,0,0,0,0,0,0,0,0,0,0,0,0,0
13_14,11.35,-60.65,48,0,0,0,0,0,0,0,0,0,0,0,0,0,0,0,0,0
13_14,11.35,-60.65,49,0,0,0,0,0,0,0,0,0,0,0,0,0,0,0,0,0
13_14,11.35,-60.65,50,0,0,0,0,0,0,0,0,0,0,0,0,0,0,0,0,0
13_14,11.35,-60.65,51,0,0,0,0,0,0,0,0,0,0,0,0,0,0,0,0,0
13_14,11.35,-60.65,52,0,0,0,0,0,0,0,0,0,0,0,0,0,0,0,0,0
14_13,11.25,-60.54999999999999,0,0,0,,,,,,,,0,,,,,,,
14_13,11.25,-60.54999999999999,1,0,0,0,,,,,,,0,0,,,,,,
14_13,11.25,-60.54999999999999,2,0,0,0,0,,,,,,0,0,0,,,,,
14_13,11.25,-60.54999999999999,3,0,0,0,0,0,,,,,0,0,0,0,,,,
14_13,11.25,-60.54999999999999,4,0,0,0,0,0,0,,,,0,0,0,0,0,,,
14_13,11.25,-60.54999999999999,5,0,0,0,0,0,0,0,,,0,0,0,0,0,0,,
14_13,11.25,-60.54999999999999,6,0,0,0,0,0,0,0,0,,0,0,0,0,0,0,0,
14_13,11.25,-60.54999999999999,7,0,0,0,0,0,0,0,0,0,0,0,0,0,0,0,0,0
14_13,11.25,-60.54999999999999,8,0,0,0,0,0,0,0,0,0,0,0,0,0,0,0,0,0
14_13,11.25,-60.54999999999999,9,0,0,0,0,0,0,0,0,0,0,0,0,0,0,0,0,0
14_13,11.25,-60.54999999999999,10,0,0,0,0,0,0,0,0,0,0,0,0,0,0,0,0,0
14_13,11.25,-60.54999999999999,11,0,0,0,0,0,0,0,0,0,0,0,0,0,0,0,0,0
14_13,11.25,-60.54999999999999,12,0,0,0,0,0,0,0,0,0,0,0,0,0,0,0,0,0
14_13,11.25,-60.54999999999999,13,0,0,0,0,0,0,0,0,0,0,0,0,0,0,0,0,0
14_13,11.25,-60.54999999999999,14,0,0,0,0,0,0,0,0,0,0,0,0,0,0,0,0,0
14_13,11.25,-60.54999999999999,15,0,0,0,0,0,0,0,0,0,0,0,0,0,0,0,0,0
14_13,11.25,-60.54999999999999,16,0,0,0,0,0,0,0,0,0,0,0,0,0,0,0,0,0
14_13,11.25,-60.54999999999999,17,0,0,0,0,0,0,0,0,0,0,0,0,0,0,0,0,0
14_13,11.25,-60.54999999999999,18,1,0,0,0,0,0,0,0,0,0,0,0,0,0,0,0,0
14_13,11.25,-60.54999999999999,19,1,0,0,0,0,0,0,0,0,0,0,0,0,0,0,0,0
14_13,11.25,-60.54999999999999,20,0,0,0,0,0,0,0,0,0,0,0,0,0,0,0,0,0
14_13,11.25,-60.54999999999999,21,0,0,0,0,0,0,0,0,0,0,0,0,0,0,0,0,0
14_13,11.25,-60.54999999999999,22,0,0,0,0,0,0,0,0,0,0,0,0,0,0,0,0,0
14_13,11.25,-60.54999999999999,23,0,0,0,0,0,0,0,0,0,0,0,0,0,0,0,0,0
14_13,11.25,-60.54999999999999,24,0,0,0,0,0,0,0,0,0,0,0,0,0,0,0,0,0
14_13,11.25,-60.54999999999999,25,0,0,0,0,0,0,0,0,0,0,0,0,0,0,0,0,0
14_13,11.25,-60.54999999999999,26,0,0,0,0,0,0,0,0,0,0,0,0,0,0,0,0,0
14_13,11.25,-60.54999999999999,27,0,0,0,0,0,0,0,0,0,0,0,0,0,0,0,0,0
14_13,11.25,-60.54999999999999,28,0,0,0,0,0,0,0,0,0,0,0,0,0,0,0,0,0
14_13,11.25,-60.54999999999999,29,0,0,0,0,0,0,0,0,0,0,0,0,0,0,0,0,0
14_13,11.25,-60.54999999999999,30,0,0,0,0,0,0,0,0,0,0,0,0,0,0,0,0,0
14_13,11.25,-60.54999999999999,31,0,0,0,0,0,0,0,0,0,0,0,0,0,0,0,0,0
14_13,11.25,-60.54999999999999,32,0,0,0,0,0,0,0,0,0,0,0,0,0,0,0,0,0
14_13,11.25,-60.54999999999999,33,0,0,0,0,0,0,0,0,0,0,0,0,0,0,0,0,0
14_13,11.25,-60.54999999999999,34,0,0,0,0,0,0,0,0,0,0,0,0,0,0,0,0,0
14_13,11.25,-60.54999999999999,35,0,0,0,0,0,0,0,0,0,0,0,0,0,0,0,0,0
14_13,11.25,-60.54999999999999,36,0,0,0,0,0,0,0,0,0,0,0,0,0,0,0,0,0
14_13,11.25,-60.54999999999999,37,0,0,0,0,0,0,0,0,0,0,0,0,0,0,0,0,0
14_13,11.25,-60.54999999999999,38,0,0,0,0,0,0,0,0,0,0,0,0,0,0,0,0,0
14_13,11.25,-60.54999999999999,39,0,0,0,0,0,0,0,0,0,0,0,0,0,0,0,0,0
14_13,11.25,-60.54999999999999,40,0,0,0,0,0,0,0,0,0,0,0,0,0,0,0,0,0
14_13,11.25,-60.54999999999999,41,0,0,0,0,0,0,0,0,0,0,0,0,0,0,0,0,0
14_13,11.25,-60.54999999999999,42,1,0,0,0,0,0,0,0,0,0,0,0,0,0,0,0,0
14_13,11.25,-60.54999999999999,43,0,0,0,0,0,0,0,0,0,0,0,0,0,0,0,0,0
14_13,11.25,-60.54999999999999,44,0,0,0,0,0,0,0,0,0,0,0,0,0,0,0,0,0
14_13,11.25,-60.54999999999999,45,0,0,0,0,0,0,0,0,0,0,0,0,0,0,0,0,0
14_13,11.25,-60.54999999999999,46,0,0,0,0,0,0,0,0,0,0,0,0,0,0,0,0,0
14_13,11.25,-60.54999999999999,47,0,0,0,0,0,0,0,0,0,0,0,0,0,0,0,0,0
14_13,11.25,-60.54999999999999,48,0,0,0,0,0,0,0,0,0,0,0,0,0,0,0,0,0
14_13,11.25,-60.54999999999999,49,0,0,0,0,0,0,0,0,0,0,0,0,0,0,0,0,0
14_13,11.25,-60.54999999999999,50,0,0,0,0,0,0,0,0,0,0,0,0,0,0,0,0,0
14_13,11.25,-60.54999999999999,51,0,0,0,0,0,0,0,0,0,0,0,0,0,0,0,0,0
14_13,11.25,-60.54999999999999,52,1,0,0,0,0,0,0,0,0,0,0,0,0,0,0,0,0
14_14,11.35,-60.55,0,0,0,,,,,,,,0,,,,,,,
14_14,11.35,-60.55,1,0,0,0,,,,,,,0,0,,,,,,
14_14,11.35,-60.55,2,0,0,0,0,,,,,,0,0,0,,,,,
14_14,11.35,-60.55,3,0,0,0,0,0,,,,,0,0,0,0,,,,
14_14,11.35,-60.55,4,0,0,0,0,0,0,,,,0,0,0,0,0,,,
14_14,11.35,-60.55,5,0,0,0,0,0,0,0,,,0,0,0,0,0,0,,
14_14,11.35,-60.55,6,0,0,0,0,0,0,0,0,,0,0,0,0,0,0,0,
14_14,11.35,-60.55,7,0,0,0,0,0,0,0,0,0,0,0,0,0,0,0,0,0
14_14,11.35,-60.55,8,0,0,0,0,0,0,0,0,0,0,0,0,0,0,0,0,0
14_14,11.35,-60.55,9,0,0,0,0,0,0,0,0,0,0,0,0,0,0,0,0,0
14_14,11.35,-60.55,10,0,0,0,0,0,0,0,0,0,0,0,0,0,0,0,0,0
14_14,11.35,-60.55,11,0,0,0,0,0,0,0,0,0,0,0,0,0,0,0,0,0
14_14,11.35,-60.55,12,0,0,0,0,0,0,0,0,0,0,0,0,0,0,0,0,0
14_14,11.35,-60.55,13,0,0,0,0,0,0,0,0,0,0,0,0,0,0,0,0,0
14_14,11.35,-60.55,14,0,0,0,0,0,0,0,0,0,0,0,0,0,0,0,0,0
14_14,11.35,-60.55,15,0,0,0,0,0,0,0,0,0,0,0,0,0,0,0,0,0
14_14,11.35,-60.55,16,0,0,0,0,0,0,0,0,0,0,0,0,0,0,0,0,0
14_14,11.35,-60.55,17,0,0,0,0,0,0,0,0,0,0,0,0,0,0,0,0,0
14_14,11.35,-60.55,18,0,0,0,0,0,0,0,0,0,0,0,0,0,0,0,0,0
14_14,11.35,-60.55,19,0,0,0,0,0,0,0,0,0,0,0,0,0,0,0,0,0
14_14,11.35,-60.55,20,0,0,0,0,0,0,0,0,0,0,0,0,0,0,0,0,0
14_14,11.35,-60.55,21,0,0,0,0,0,0,0,0,0,0,0,0,0,0,0,0,0
14_14,11.35,-60.55,22,0,0,0,0,0,0,0,0,0,0,0,0,0,0,0,0,0
14_14,11.35,-60.55,23,0,0,0,0,0,0,0,0,0,0,0,0,0,0,0,0,0
14_14,11.35,-60.55,24,0,0,0,0,0,0,0,0,0,0,0,0,0,0,0,0,0
14_14,11.35,-60.55,25,0,0,0,0,0,0,0,0,0,0,0,0,0,0,0,0,0
14_14,11.35,-60.55,26,0,0,0,0,0,0,0,0,0,0,0,0,0,0,0,0,0
14_14,11.35,-60.55,27,0,0,0,0,0,0,0,0,0,0,0,0,0,0,0,0,0
14_14,11.35,-60.55,28,0,0,0,0,0,0,0,0,0,0,0,0,0,0,0,0,0
14_14,11.35,-60.55,29,0,0,0,0,0,0,0,0,0,0,0,0,0,0,0,0,0
14_14,11.35,-60.55,30,0,0,0,0,0,0,0,0,0,0,0,0,0,0,0,0,0
14_14,11.35,-60.55,31,0,0,0,0,0,0,0,0,0,0,0,0,0,0,0,0,0
14_14,11.35,-60.55,32,0,0,0,0,0,0,0,0,0,0,0,0,0,0,0,0,0
14_14,11.35,-60.55,33,0,0,0,0,0,0,0,0,0,0,0,0,0,0,0,0,0
14_14,11.35,-60.55,34,0,0,0,0,0,0,0,0,0,0,0,0,0,0,0,0,0
14_14,11.35,-60.55,35,0,0,0,0,0,0,0,0,0,0,0,0,0,0,0,0,0
14_14,11.35,-60.55,36,0,0,0,0,0,0,0,0,0,0,0,0,0,0,0,0,0
14_14,11.35,-60.55,37,0,0,0,0,0,0,0,0,0,0,0,0,0,0,0,0,0
14_14,11.35,-60.55,38,0,0,0,0,0,0,0,0,0,0,0,0,0,0,0,0,0
14_14,11.35,-60.55,39,0,0,0,0,0,0,0,0,0,0,0,0,0,0,0,0,0
14_14,11.35,-60.55,40,0,0,0,0,0,0,0,0,0,0,0,0,0,0,0,0,0
14_14,11.35,-60.55,41,0,0,0,0,0,0,0,0,0,0,0,0,0,0,0,0,0
14_14,11.35,-60.55,42,0,0,0,0,0,0,0,0,0,0,0,0,0,0,0,0,0
14_14,11.35,-60.55,43,0,0,0,0,0,0,0,0,0,0,0,0,0,0,0,0,0
14_14,11.35,-60.55,44,0,0,0,0,0,0,0,0,0,0,0,0,0,0,0,0,0
14_14,11.35,-60.55,45,0,0,0,0,0,0,0,0,0,0,0,0,0,0,0,0,0
14_14,11.35,-60.55,46,0,0,0,0,0,0,0,0,0,0,0,0,0,0,0,0,0
14_14,11.35,-60.55,47,0,0,0,0,0,0,0,0,0,0,0,0,0,0,0,0,0
14_14,11.35,-60.55,48,0,0,0,0,0,0,0,0,0,0,0,0,0,0,0,0,0
14_14,11.35,-60.55,49,0,0,0,0,0,0,0,0,0,0,0,0,0,0,0,0,0
14_14,11.35,-60.55,50,0,0,0,0,0,0,0,0,0,0,0,0,0,0,0,0,0
14_14,11.35,-60.55,51,0,0,0,0,0,0,0,0,0,0,0,0,0,0,0,0,0
14_14,11.35,-60.55,52,0,0,0,0,0,0,0,0,0,0,0,0,0,0,0,0,0
