lat,long,grid_id,incr
10.044999999999998,-61.89500000000001,1_5,0.01
10.055,-61.894999999999996,1_6,0.01
10.065000000000001,-61.894999999999996,1_7,0.01
10.075,-61.894999999999996,1_8,0.01
10.084999999999999,-61.894999999999996,1_9,0.01
10.045,-61.88499999999999,2_5,0.01
10.055,-61.885000000000005,2_6,0.01
10.065000000000001,-61.885000000000005,2_7,0.01
10.075,-61.885000000000005,2_8,0.01
10.085,-61.885000000000005,2_9,0.01
10.095,-61.885000000000005,2_10,0.01
10.055,-61.87499999999999,3_6,0.01
10.065000000000001,-61.87499999999999,3_7,0.01
10.075,-61.87499999999999,3_8,0.01
10.084999999999999,-61.87499999999999,3_9,0.01
10.094999999999999,-61.87499999999999,3_10,0.01
10.065000000000001,-61.865,4_7,0.01
10.075,-61.865,4_8,0.01
10.084999999999999,-61.865,4_9,0.01
10.094999999999999,-61.865,4_10,0.01
10.065000000000001,-61.85499999999999,5_7,0.01
10.075,-61.85499999999999,5_8,0.01
10.084999999999999,-61.85499999999999,5_9,0.01
10.094999999999999,-61.85499999999999,5_10,0.01
10.065000000000001,-61.845000000000006,6_7,0.01
10.075,-61.845000000000006,6_8,0.01
10.085,-61.845000000000006,6_9,0.01
10.095,-61.845000000000006,6_10,0.01
10.105,-61.845000000000006,6_11,0.01
10.075,-61.834999999999994,7_8,0.01
10.084999999999999,-61.834999999999994,7_9,0.01
10.094999999999999,-61.834999999999994,7_10,0.01
10.105,-61.834999999999994,7_11,0.01
10.115,-61.834999999999994,7_12,0.01
10.084999999999999,-61.825,8_9,0.01
10.094999999999999,-61.825,8_10,0.01
10.105,-61.825,8_11,0.01
10.115,-61.825,8_12,0.01
10.125,-61.825,8_13,0.01
10.135000000000002,-61.825,8_14,0.01
10.085,-61.81499999999999,9_9,0.01
10.095,-61.81499999999999,9_10,0.01
10.105,-61.81499999999999,9_11,0.01
10.114999999999998,-61.81499999999999,9_12,0.01
10.125,-61.81499999999999,9_13,0.01
10.135,-61.81499999999999,9_14,0.01
10.084999999999999,-61.805,10_9,0.01
10.094999999999999,-61.805,10_10,0.01
10.105,-61.805,10_11,0.01
10.115,-61.805,10_12,0.01
10.125,-61.80499999999999,10_13,0.01
10.135000000000002,-61.805,10_14,0.01
10.145,-61.805,10_15,0.01
10.084999999999999,-61.79499999999999,11_9,0.01
10.094999999999999,-61.79499999999999,11_10,0.01
10.105,-61.79499999999999,11_11,0.01
10.115,-61.79499999999999,11_12,0.01
10.125,-61.795,11_13,0.01
10.135000000000002,-61.79499999999999,11_14,0.01
10.145,-61.79499999999999,11_15,0.01
10.075,-61.785000000000004,12_8,0.01
10.084999999999999,-61.785000000000004,12_9,0.01
10.094999999999999,-61.785000000000004,12_10,0.01
10.105,-61.785000000000004,12_11,0.01
10.115,-61.785000000000004,12_12,0.01
10.125,-61.785,12_13,0.01
10.135000000000002,-61.785000000000004,12_14,0.01
10.145,-61.785000000000004,12_15,0.01
10.075,-61.77499999999999,13_8,0.01
10.085,-61.77499999999999,13_9,0.01
10.095,-61.77499999999999,13_10,0.01
10.105,-61.77499999999999,13_11,0.01
10.114999999999998,-61.77499999999999,13_12,0.01
10.125,-61.775000000000006,13_13,0.01
10.135,-61.77499999999999,13_14,0.01
10.145000000000001,-61.77499999999999,13_15,0.01
10.084999999999999,-61.76499999999999,14_9,0.01
10.094999999999999,-61.76499999999999,14_10,0.01
10.105,-61.76499999999999,14_11,0.01
10.115,-61.76499999999999,14_12,0.01
10.125,-61.765,14_13,0.01
10.135000000000002,-61.76499999999999,14_14,0.01
10.145,-61.76499999999999,14_15,0.01
10.675,-61.76499999999999,14_68,0.01
10.684999999999997,-61.76499999999999,14_69,0.01
10.084999999999999,-61.75499999999998,15_9,0.01
10.094999999999999,-61.75499999999998,15_10,0.01
10.105,-61.75499999999998,15_11,0.01
10.115,-61.75499999999998,15_12,0.01
10.125,-61.755,15_13,0.01
10.135000000000002,-61.75499999999998,15_14,0.01
10.145,-61.75499999999998,15_15,0.01
10.155000000000001,-61.75499999999998,15_16,0.01
10.675,-61.75499999999998,15_68,0.01
10.684999999999997,-61.75499999999998,15_69,0.01
10.695,-61.75499999999998,15_70,0.01
10.705,-61.755,15_71,0.01
10.084999999999999,-61.745,16_9,0.01
10.094999999999999,-61.745,16_10,0.01
10.105,-61.745,16_11,0.01
10.115,-61.745,16_12,0.01
10.125,-61.745,16_13,0.01
10.135000000000002,-61.745,16_14,0.01
10.145,-61.745,16_15,0.01
10.155000000000001,-61.745,16_16,0.01
10.675,-61.745,16_68,0.01
10.684999999999997,-61.745,16_69,0.01
10.695,-61.745,16_70,0.01
10.085,-61.735,17_9,0.01
10.095,-61.735,17_10,0.01
10.105,-61.735,17_11,0.01
10.114999999999998,-61.735,17_12,0.01
10.125,-61.735,17_13,0.01
10.135,-61.735,17_14,0.01
10.145000000000001,-61.735,17_15,0.01
10.155,-61.735,17_16,0.01
10.684999999999999,-61.735,17_69,0.01
10.694999999999999,-61.735,17_70,0.01
10.705,-61.735,17_71,0.01
10.084999999999999,-61.725,18_9,0.01
10.094999999999999,-61.725,18_10,0.01
10.105,-61.725,18_11,0.01
10.115,-61.725,18_12,0.01
10.125,-61.724999999999994,18_13,0.01
10.135000000000002,-61.725,18_14,0.01
10.145,-61.725,18_15,0.01
10.155000000000001,-61.725,18_16,0.01
10.684999999999997,-61.725,18_69,0.01
10.695,-61.725,18_70,0.01
10.705,-61.724999999999994,18_71,0.01
10.084999999999999,-61.714999999999996,19_9,0.01
10.094999999999999,-61.714999999999996,19_10,0.01
10.105,-61.714999999999996,19_11,0.01
10.115,-61.714999999999996,19_12,0.01
10.125,-61.715,19_13,0.01
10.135000000000002,-61.714999999999996,19_14,0.01
10.145,-61.714999999999996,19_15,0.01
10.155000000000001,-61.714999999999996,19_16,0.01
10.165,-61.714999999999996,19_17,0.01
10.684999999999997,-61.714999999999996,19_69,0.01
10.695,-61.714999999999996,19_70,0.01
10.705,-61.715,19_71,0.01
10.085,-61.705,20_9,0.01
10.095,-61.705,20_10,0.01
10.105,-61.705,20_11,0.01
10.114999999999998,-61.705,20_12,0.01
10.125,-61.705,20_13,0.01
10.135,-61.705,20_14,0.01
10.145000000000001,-61.705,20_15,0.01
10.155,-61.705,20_16,0.01
10.164999999999997,-61.705,20_17,0.01
10.205,-61.705,20_21,0.01
10.215,-61.705,20_22,0.01
10.684999999999999,-61.705,20_69,0.01
10.084999999999999,-61.695,21_9,0.01
10.094999999999999,-61.695,21_10,0.01
10.105,-61.695,21_11,0.01
10.115,-61.695,21_12,0.01
10.125,-61.69499999999998,21_13,0.01
10.135000000000002,-61.695,21_14,0.01
10.145,-61.695,21_15,0.01
10.155000000000001,-61.695,21_16,0.01
10.165,-61.695,21_17,0.01
10.174999999999999,-61.695,21_18,0.01
10.184999999999999,-61.695,21_19,0.01
10.195,-61.695,21_20,0.01
10.205,-61.69499999999998,21_21,0.01
10.684999999999997,-61.695,21_69,0.01
10.695,-61.695,21_70,0.01
10.705,-61.69499999999998,21_71,0.01
10.084999999999999,-61.684999999999995,22_9,0.01
10.094999999999999,-61.684999999999995,22_10,0.01
10.105,-61.684999999999995,22_11,0.01
10.115,-61.684999999999995,22_12,0.01
10.125,-61.684999999999995,22_13,0.01
10.135000000000002,-61.684999999999995,22_14,0.01
10.145,-61.684999999999995,22_15,0.01
10.155000000000001,-61.684999999999995,22_16,0.01
10.165,-61.684999999999995,22_17,0.01
10.174999999999999,-61.684999999999995,22_18,0.01
10.184999999999999,-61.684999999999995,22_19,0.01
10.195,-61.684999999999995,22_20,0.01
10.675,-61.684999999999995,22_68,0.01
10.684999999999997,-61.684999999999995,22_69,0.01
10.695,-61.684999999999995,22_70,0.01
10.705,-61.684999999999995,22_71,0.01
10.075,-61.675000000000004,23_8,0.01
10.084999999999999,-61.675000000000004,23_9,0.01
10.094999999999999,-61.675000000000004,23_10,0.01
10.105,-61.675000000000004,23_11,0.01
10.115,-61.675000000000004,23_12,0.01
10.125,-61.67500000000001,23_13,0.01
10.135000000000002,-61.675000000000004,23_14,0.01
10.145,-61.675000000000004,23_15,0.01
10.155000000000001,-61.675000000000004,23_16,0.01
10.165,-61.675000000000004,23_17,0.01
10.174999999999999,-61.675000000000004,23_18,0.01
10.184999999999999,-61.675000000000004,23_19,0.01
10.195,-61.675000000000004,23_20,0.01
10.684999999999997,-61.675000000000004,23_69,0.01
10.695,-61.675000000000004,23_70,0.01
10.705,-61.67500000000001,23_71,0.01
10.715,-61.675000000000004,23_72,0.01
10.075,-61.665000000000006,24_8,0.01
10.085,-61.665000000000006,24_9,0.01
10.095,-61.665000000000006,24_10,0.01
10.105,-61.665000000000006,24_11,0.01
10.114999999999998,-61.665000000000006,24_12,0.01
10.125,-61.665000000000006,24_13,0.01
10.135,-61.665000000000006,24_14,0.01
10.145000000000001,-61.665000000000006,24_15,0.01
10.155,-61.665000000000006,24_16,0.01
10.164999999999997,-61.665000000000006,24_17,0.01
10.175,-61.665000000000006,24_18,0.01
10.184999999999999,-61.665000000000006,24_19,0.01
10.195,-61.665000000000006,24_20,0.01
10.665,-61.665000000000006,24_67,0.01
10.684999999999999,-61.665000000000006,24_69,0.01
10.694999999999999,-61.665000000000006,24_70,0.01
10.705,-61.665000000000006,24_71,0.01
10.715000000000002,-61.665000000000006,24_72,0.01
10.055,-61.655,25_6,0.01
10.065000000000001,-61.655,25_7,0.01
10.075,-61.655,25_8,0.01
10.084999999999999,-61.655,25_9,0.01
10.094999999999999,-61.655,25_10,0.01
10.105,-61.655,25_11,0.01
10.115,-61.655,25_12,0.01
10.125,-61.654999999999994,25_13,0.01
10.135000000000002,-61.655,25_14,0.01
10.145,-61.655,25_15,0.01
10.155000000000001,-61.655,25_16,0.01
10.165,-61.655,25_17,0.01
10.174999999999999,-61.655,25_18,0.01
10.184999999999999,-61.655,25_19,0.01
10.195,-61.655,25_20,0.01
10.205,-61.654999999999994,25_21,0.01
10.665,-61.655,25_67,0.01
10.675,-61.655,25_68,0.01
10.684999999999997,-61.655,25_69,0.01
10.695,-61.655,25_70,0.01
10.705,-61.654999999999994,25_71,0.01
10.715,-61.655,25_72,0.01
10.055,-61.645,26_6,0.01
10.065000000000001,-61.645,26_7,0.01
10.075,-61.645,26_8,0.01
10.084999999999999,-61.645,26_9,0.01
10.094999999999999,-61.645,26_10,0.01
10.105,-61.645,26_11,0.01
10.115,-61.645,26_12,0.01
10.125,-61.644999999999996,26_13,0.01
10.135000000000002,-61.645,26_14,0.01
10.145,-61.645,26_15,0.01
10.155000000000001,-61.645,26_16,0.01
10.165,-61.645,26_17,0.01
10.174999999999999,-61.645,26_18,0.01
10.184999999999999,-61.645,26_19,0.01
10.195,-61.645,26_20,0.01
10.205,-61.644999999999996,26_21,0.01
10.665,-61.645,26_67,0.01
10.675,-61.645,26_68,0.01
10.684999999999997,-61.645,26_69,0.01
10.695,-61.645,26_70,0.01
10.705,-61.644999999999996,26_71,0.01
10.715,-61.645,26_72,0.01
10.725000000000003,-61.645,26_73,0.01
10.055,-61.63499999999999,27_6,0.01
10.065000000000001,-61.63499999999999,27_7,0.01
10.075,-61.63499999999999,27_8,0.01
10.085,-61.63499999999999,27_9,0.01
10.095,-61.63499999999999,27_10,0.01
10.105,-61.63499999999999,27_11,0.01
10.114999999999998,-61.63499999999999,27_12,0.01
10.125,-61.635000000000005,27_13,0.01
10.135,-61.63499999999999,27_14,0.01
10.145000000000001,-61.63499999999999,27_15,0.01
10.155,-61.63499999999999,27_16,0.01
10.164999999999997,-61.63499999999999,27_17,0.01
10.175,-61.63499999999999,27_18,0.01
10.184999999999999,-61.63499999999999,27_19,0.01
10.195,-61.63499999999999,27_20,0.01
10.205,-61.635000000000005,27_21,0.01
10.215,-61.63499999999999,27_22,0.01
10.225,-61.63499999999999,27_23,0.01
10.235,-61.63499999999999,27_24,0.01
10.245000000000001,-61.63499999999999,27_25,0.01
10.655000000000001,-61.63499999999999,27_66,0.01
10.665,-61.63499999999999,27_67,0.01
10.675000000000002,-61.63499999999999,27_68,0.01
10.684999999999999,-61.63499999999999,27_69,0.01
10.694999999999999,-61.63499999999999,27_70,0.01
10.705,-61.635000000000005,27_71,0.01
10.715000000000002,-61.63499999999999,27_72,0.01
10.725000000000001,-61.63499999999999,27_73,0.01
10.735,-61.63499999999999,27_74,0.01
10.055,-61.625,28_6,0.01
10.065000000000001,-61.625,28_7,0.01
10.075,-61.625,28_8,0.01
10.084999999999999,-61.625,28_9,0.01
10.094999999999999,-61.625,28_10,0.01
10.105,-61.625,28_11,0.01
10.115,-61.625,28_12,0.01
10.125,-61.62500000000001,28_13,0.01
10.135000000000002,-61.625,28_14,0.01
10.145,-61.625,28_15,0.01
10.155000000000001,-61.625,28_16,0.01
10.165,-61.625,28_17,0.01
10.174999999999999,-61.625,28_18,0.01
10.184999999999999,-61.625,28_19,0.01
10.195,-61.625,28_20,0.01
10.205,-61.62500000000001,28_21,0.01
10.215,-61.625,28_22,0.01
10.225,-61.625,28_23,0.01
10.235000000000001,-61.625,28_24,0.01
10.245000000000003,-61.625,28_25,0.01
10.655,-61.625,28_66,0.01
10.665,-61.625,28_67,0.01
10.675,-61.625,28_68,0.01
10.684999999999997,-61.625,28_69,0.01
10.695,-61.625,28_70,0.01
10.705,-61.62500000000001,28_71,0.01
10.715,-61.625,28_72,0.01
10.725000000000003,-61.625,28_73,0.01
10.735000000000001,-61.625,28_74,0.01
10.745000000000001,-61.625,28_75,0.01
10.055,-61.615,29_6,0.01
10.065000000000001,-61.615,29_7,0.01
10.075,-61.615,29_8,0.01
10.084999999999999,-61.615,29_9,0.01
10.094999999999999,-61.615,29_10,0.01
10.105,-61.615,29_11,0.01
10.115,-61.615,29_12,0.01
10.125,-61.614999999999995,29_13,0.01
10.135000000000002,-61.615,29_14,0.01
10.145,-61.615,29_15,0.01
10.155000000000001,-61.615,29_16,0.01
10.165,-61.615,29_17,0.01
10.174999999999999,-61.615,29_18,0.01
10.184999999999999,-61.615,29_19,0.01
10.195,-61.615,29_20,0.01
10.205,-61.614999999999995,29_21,0.01
10.215,-61.615,29_22,0.01
10.225,-61.615,29_23,0.01
10.235000000000001,-61.615,29_24,0.01
10.245000000000003,-61.615,29_25,0.01
10.254999999999999,-61.615,29_26,0.01
10.675,-61.615,29_68,0.01
10.684999999999997,-61.615,29_69,0.01
10.695,-61.615,29_70,0.01
10.705,-61.614999999999995,29_71,0.01
10.715,-61.615,29_72,0.01
10.725000000000003,-61.615,29_73,0.01
10.735000000000001,-61.615,29_74,0.01
10.745000000000001,-61.615,29_75,0.01
10.065000000000001,-61.605,30_7,0.01
10.075,-61.605,30_8,0.01
10.084999999999999,-61.605,30_9,0.01
10.094999999999999,-61.605,30_10,0.01
10.105,-61.605,30_11,0.01
10.115,-61.605,30_12,0.01
10.125,-61.60500000000001,30_13,0.01
10.135000000000002,-61.605,30_14,0.01
10.145,-61.605,30_15,0.01
10.155000000000001,-61.605,30_16,0.01
10.165,-61.605,30_17,0.01
10.174999999999999,-61.605,30_18,0.01
10.184999999999999,-61.605,30_19,0.01
10.195,-61.605,30_20,0.01
10.205,-61.60500000000001,30_21,0.01
10.215,-61.605,30_22,0.01
10.225,-61.605,30_23,0.01
10.235000000000001,-61.605,30_24,0.01
10.245000000000003,-61.605,30_25,0.01
10.684999999999997,-61.605,30_69,0.01
10.695,-61.605,30_70,0.01
10.705,-61.60500000000001,30_71,0.01
10.715,-61.605,30_72,0.01
10.725000000000003,-61.605,30_73,0.01
10.735000000000001,-61.605,30_74,0.01
10.745000000000001,-61.605,30_75,0.01
10.065000000000001,-61.595,31_7,0.01
10.075,-61.595,31_8,0.01
10.085,-61.595,31_9,0.01
10.095,-61.595,31_10,0.01
10.105,-61.595,31_11,0.01
10.114999999999998,-61.595,31_12,0.01
10.125,-61.595,31_13,0.01
10.135,-61.595,31_14,0.01
10.145000000000001,-61.595,31_15,0.01
10.155,-61.595,31_16,0.01
10.164999999999997,-61.595,31_17,0.01
10.175,-61.595,31_18,0.01
10.184999999999999,-61.595,31_19,0.01
10.195,-61.595,31_20,0.01
10.205,-61.595,31_21,0.01
10.215,-61.595,31_22,0.01
10.225,-61.595,31_23,0.01
10.235,-61.595,31_24,0.01
10.245000000000001,-61.595,31_25,0.01
10.684999999999999,-61.595,31_69,0.01
10.694999999999999,-61.595,31_70,0.01
10.705,-61.595,31_71,0.01
10.715000000000002,-61.595,31_72,0.01
10.725000000000001,-61.595,31_73,0.01
10.735,-61.595,31_74,0.01
10.745000000000001,-61.595,31_75,0.01
10.075,-61.585,32_8,0.01
10.084999999999999,-61.585,32_9,0.01
10.094999999999999,-61.585,32_10,0.01
10.105,-61.585,32_11,0.01
10.115,-61.585,32_12,0.01
10.125,-61.584999999999994,32_13,0.01
10.135000000000002,-61.585,32_14,0.01
10.145,-61.585,32_15,0.01
10.155000000000001,-61.585,32_16,0.01
10.165,-61.585,32_17,0.01
10.174999999999999,-61.585,32_18,0.01
10.184999999999999,-61.585,32_19,0.01
10.195,-61.585,32_20,0.01
10.205,-61.584999999999994,32_21,0.01
10.215,-61.585,32_22,0.01
10.225,-61.585,32_23,0.01
10.235000000000001,-61.585,32_24,0.01
10.245000000000003,-61.585,32_25,0.01
10.684999999999997,-61.585,32_69,0.01
10.695,-61.585,32_70,0.01
10.705,-61.584999999999994,32_71,0.01
10.715,-61.585,32_72,0.01
10.725000000000003,-61.585,32_73,0.01
10.735000000000001,-61.585,32_74,0.01
10.745000000000001,-61.585,32_75,0.01
10.075,-61.574999999999996,33_8,0.01
10.084999999999999,-61.574999999999996,33_9,0.01
10.094999999999999,-61.574999999999996,33_10,0.01
10.105,-61.574999999999996,33_11,0.01
10.115,-61.574999999999996,33_12,0.01
10.125,-61.574999999999996,33_13,0.01
10.135000000000002,-61.574999999999996,33_14,0.01
10.145,-61.574999999999996,33_15,0.01
10.155000000000001,-61.574999999999996,33_16,0.01
10.165,-61.574999999999996,33_17,0.01
10.174999999999999,-61.574999999999996,33_18,0.01
10.184999999999999,-61.574999999999996,33_19,0.01
10.195,-61.574999999999996,33_20,0.01
10.205,-61.574999999999996,33_21,0.01
10.215,-61.574999999999996,33_22,0.01
10.225,-61.574999999999996,33_23,0.01
10.235000000000001,-61.574999999999996,33_24,0.01
10.675,-61.574999999999996,33_68,0.01
10.684999999999997,-61.574999999999996,33_69,0.01
10.695,-61.574999999999996,33_70,0.01
10.705,-61.574999999999996,33_71,0.01
10.715,-61.574999999999996,33_72,0.01
10.725000000000003,-61.574999999999996,33_73,0.01
10.735000000000001,-61.574999999999996,33_74,0.01
10.745000000000001,-61.574999999999996,33_75,0.01
10.075,-61.565,34_8,0.01
10.085,-61.565,34_9,0.01
10.095,-61.565,34_10,0.01
10.105,-61.565,34_11,0.01
10.114999999999998,-61.565,34_12,0.01
10.125,-61.565000000000005,34_13,0.01
10.135,-61.565,34_14,0.01
10.145000000000001,-61.565,34_15,0.01
10.155,-61.565,34_16,0.01
10.164999999999997,-61.565,34_17,0.01
10.175,-61.565,34_18,0.01
10.184999999999999,-61.565,34_19,0.01
10.195,-61.565,34_20,0.01
10.205,-61.565000000000005,34_21,0.01
10.215,-61.565,34_22,0.01
10.225,-61.565,34_23,0.01
10.235,-61.565,34_24,0.01
10.675000000000002,-61.565,34_68,0.01
10.684999999999999,-61.565,34_69,0.01
10.694999999999999,-61.565,34_70,0.01
10.705,-61.565000000000005,34_71,0.01
10.715000000000002,-61.565,34_72,0.01
10.725000000000001,-61.565,34_73,0.01
10.735,-61.565,34_74,0.01
10.745000000000001,-61.565,34_75,0.01
10.754999999999999,-61.565,34_76,0.01
10.075,-61.555,35_8,0.01
10.084999999999999,-61.555,35_9,0.01
10.094999999999999,-61.555,35_10,0.01
10.105,-61.555,35_11,0.01
10.115,-61.555,35_12,0.01
10.125,-61.555,35_13,0.01
10.135000000000002,-61.555,35_14,0.01
10.145,-61.555,35_15,0.01
10.155000000000001,-61.555,35_16,0.01
10.165,-61.555,35_17,0.01
10.174999999999999,-61.555,35_18,0.01
10.184999999999999,-61.555,35_19,0.01
10.195,-61.555,35_20,0.01
10.205,-61.555,35_21,0.01
10.215,-61.555,35_22,0.01
10.225,-61.555,35_23,0.01
10.235000000000001,-61.555,35_24,0.01
10.675,-61.555,35_68,0.01
10.684999999999997,-61.555,35_69,0.01
10.695,-61.555,35_70,0.01
10.705,-61.555,35_71,0.01
10.715,-61.555,35_72,0.01
10.725000000000003,-61.555,35_73,0.01
10.735000000000001,-61.555,35_74,0.01
10.745000000000001,-61.555,35_75,0.01
10.755,-61.555,35_76,0.01
10.075,-61.544999999999995,36_8,0.01
10.084999999999999,-61.544999999999995,36_9,0.01
10.094999999999999,-61.544999999999995,36_10,0.01
10.105,-61.544999999999995,36_11,0.01
10.115,-61.544999999999995,36_12,0.01
10.125,-61.54499999999999,36_13,0.01
10.135000000000002,-61.544999999999995,36_14,0.01
10.145,-61.544999999999995,36_15,0.01
10.155000000000001,-61.544999999999995,36_16,0.01
10.165,-61.544999999999995,36_17,0.01
10.174999999999999,-61.544999999999995,36_18,0.01
10.184999999999999,-61.544999999999995,36_19,0.01
10.195,-61.544999999999995,36_20,0.01
10.205,-61.54499999999999,36_21,0.01
10.215,-61.544999999999995,36_22,0.01
10.225,-61.544999999999995,36_23,0.01
10.235000000000001,-61.544999999999995,36_24,0.01
10.675,-61.544999999999995,36_68,0.01
10.684999999999997,-61.544999999999995,36_69,0.01
10.695,-61.544999999999995,36_70,0.01
10.705,-61.54499999999999,36_71,0.01
10.715,-61.544999999999995,36_72,0.01
10.725000000000003,-61.544999999999995,36_73,0.01
10.735000000000001,-61.544999999999995,36_74,0.01
10.745000000000001,-61.544999999999995,36_75,0.01
10.755,-61.544999999999995,36_76,0.01
10.075,-61.53499999999999,37_8,0.01
10.084999999999999,-61.53499999999999,37_9,0.01
10.094999999999999,-61.53499999999999,37_10,0.01
10.105,-61.53499999999999,37_11,0.01
10.115,-61.53499999999999,37_12,0.01
10.125,-61.535000000000004,37_13,0.01
10.135000000000002,-61.53499999999999,37_14,0.01
10.145,-61.53499999999999,37_15,0.01
10.155000000000001,-61.53499999999999,37_16,0.01
10.165,-61.53499999999999,37_17,0.01
10.174999999999999,-61.53499999999999,37_18,0.01
10.184999999999999,-61.53499999999999,37_19,0.01
10.195,-61.53499999999999,37_20,0.01
10.205,-61.535000000000004,37_21,0.01
10.215,-61.53499999999999,37_22,0.01
10.225,-61.53499999999999,37_23,0.01
10.235000000000001,-61.53499999999999,37_24,0.01
10.655,-61.53499999999999,37_66,0.01
10.665,-61.53499999999999,37_67,0.01
10.675,-61.53499999999999,37_68,0.01
10.684999999999997,-61.53499999999999,37_69,0.01
10.695,-61.53499999999999,37_70,0.01
10.705,-61.535000000000004,37_71,0.01
10.715,-61.53499999999999,37_72,0.01
10.725000000000003,-61.53499999999999,37_73,0.01
10.735000000000001,-61.53499999999999,37_74,0.01
10.745000000000001,-61.53499999999999,37_75,0.01
10.755,-61.53499999999999,37_76,0.01
10.075,-61.525,38_8,0.01
10.085,-61.525,38_9,0.01
10.095,-61.525,38_10,0.01
10.105,-61.525,38_11,0.01
10.114999999999998,-61.525,38_12,0.01
10.125,-61.52499999999999,38_13,0.01
10.135,-61.525,38_14,0.01
10.145000000000001,-61.525,38_15,0.01
10.155,-61.525,38_16,0.01
10.164999999999997,-61.525,38_17,0.01
10.175,-61.525,38_18,0.01
10.184999999999999,-61.525,38_19,0.01
10.195,-61.525,38_20,0.01
10.205,-61.52499999999999,38_21,0.01
10.215,-61.525,38_22,0.01
10.225,-61.525,38_23,0.01
10.235,-61.525,38_24,0.01
10.655000000000001,-61.525,38_66,0.01
10.665,-61.525,38_67,0.01
10.675000000000002,-61.525,38_68,0.01
10.684999999999999,-61.525,38_69,0.01
10.694999999999999,-61.525,38_70,0.01
10.705,-61.52499999999999,38_71,0.01
10.715000000000002,-61.525,38_72,0.01
10.725000000000001,-61.525,38_73,0.01
10.735,-61.525,38_74,0.01
10.745000000000001,-61.525,38_75,0.01
10.754999999999999,-61.525,38_76,0.01
10.075,-61.51499999999999,39_8,0.01
10.084999999999999,-61.51499999999999,39_9,0.01
10.094999999999999,-61.51499999999999,39_10,0.01
10.105,-61.51499999999999,39_11,0.01
10.115,-61.51499999999999,39_12,0.01
10.125,-61.515,39_13,0.01
10.135000000000002,-61.51499999999999,39_14,0.01
10.145,-61.51499999999999,39_15,0.01
10.155000000000001,-61.51499999999999,39_16,0.01
10.165,-61.51499999999999,39_17,0.01
10.174999999999999,-61.51499999999999,39_18,0.01
10.184999999999999,-61.51499999999999,39_19,0.01
10.195,-61.51499999999999,39_20,0.01
10.205,-61.515,39_21,0.01
10.215,-61.51499999999999,39_22,0.01
10.225,-61.51499999999999,39_23,0.01
10.235000000000001,-61.51499999999999,39_24,0.01
10.245000000000003,-61.51499999999999,39_25,0.01
10.645,-61.51499999999999,39_65,0.01
10.655,-61.51499999999999,39_66,0.01
10.665,-61.51499999999999,39_67,0.01
10.675,-61.51499999999999,39_68,0.01
10.684999999999997,-61.51499999999999,39_69,0.01
10.695,-61.51499999999999,39_70,0.01
10.705,-61.515,39_71,0.01
10.715,-61.51499999999999,39_72,0.01
10.725000000000003,-61.51499999999999,39_73,0.01
10.735000000000001,-61.51499999999999,39_74,0.01
10.745000000000001,-61.51499999999999,39_75,0.01
10.755,-61.51499999999999,39_76,0.01
10.764999999999999,-61.51499999999999,39_77,0.01
10.774999999999999,-61.51499999999999,39_78,0.01
10.065000000000001,-61.50499999999999,40_7,0.01
10.075,-61.50499999999999,40_8,0.01
10.084999999999999,-61.50499999999999,40_9,0.01
10.094999999999999,-61.50499999999999,40_10,0.01
10.105,-61.50499999999999,40_11,0.01
10.115,-61.50499999999999,40_12,0.01
10.125,-61.50499999999999,40_13,0.01
10.135000000000002,-61.50499999999999,40_14,0.01
10.145,-61.50499999999999,40_15,0.01
10.155000000000001,-61.50499999999999,40_16,0.01
10.165,-61.50499999999999,40_17,0.01
10.174999999999999,-61.50499999999999,40_18,0.01
10.184999999999999,-61.50499999999999,40_19,0.01
10.195,-61.50499999999999,40_20,0.01
10.205,-61.50499999999999,40_21,0.01
10.215,-61.50499999999999,40_22,0.01
10.225,-61.50499999999999,40_23,0.01
10.235000000000001,-61.50499999999999,40_24,0.01
10.245000000000003,-61.50499999999999,40_25,0.01
10.625,-61.50499999999999,40_63,0.01
10.635000000000002,-61.50499999999999,40_64,0.01
10.645,-61.50499999999999,40_65,0.01
10.655,-61.50499999999999,40_66,0.01
10.665,-61.50499999999999,40_67,0.01
10.675,-61.50499999999999,40_68,0.01
10.684999999999997,-61.50499999999999,40_69,0.01
10.695,-61.50499999999999,40_70,0.01
10.705,-61.50499999999999,40_71,0.01
10.715,-61.50499999999999,40_72,0.01
10.725000000000003,-61.50499999999999,40_73,0.01
10.735000000000001,-61.50499999999999,40_74,0.01
10.745000000000001,-61.50499999999999,40_75,0.01
10.755,-61.50499999999999,40_76,0.01
10.764999999999999,-61.50499999999999,40_77,0.01
10.774999999999999,-61.50499999999999,40_78,0.01
10.065000000000001,-61.495000000000005,41_7,0.01
10.075,-61.495000000000005,41_8,0.01
10.084999999999999,-61.495000000000005,41_9,0.01
10.094999999999999,-61.495000000000005,41_10,0.01
10.105,-61.495000000000005,41_11,0.01
10.115,-61.495000000000005,41_12,0.01
10.125,-61.495000000000005,41_13,0.01
10.135000000000002,-61.495000000000005,41_14,0.01
10.145,-61.495000000000005,41_15,0.01
10.155000000000001,-61.495000000000005,41_16,0.01
10.165,-61.495000000000005,41_17,0.01
10.174999999999999,-61.495000000000005,41_18,0.01
10.184999999999999,-61.495000000000005,41_19,0.01
10.195,-61.495000000000005,41_20,0.01
10.205,-61.495000000000005,41_21,0.01
10.215,-61.495000000000005,41_22,0.01
10.225,-61.495000000000005,41_23,0.01
10.235000000000001,-61.495000000000005,41_24,0.01
10.245000000000003,-61.495000000000005,41_25,0.01
10.254999999999999,-61.495000000000005,41_26,0.01
10.375,-61.495000000000005,41_38,0.01
10.385000000000002,-61.495000000000005,41_39,0.01
10.395,-61.495000000000005,41_40,0.01
10.405,-61.495000000000005,41_41,0.01
10.415000000000001,-61.495000000000005,41_42,0.01
10.425,-61.495000000000005,41_43,0.01
10.435,-61.495000000000005,41_44,0.01
10.614999999999998,-61.495000000000005,41_62,0.01
10.625,-61.495000000000005,41_63,0.01
10.635000000000002,-61.495000000000005,41_64,0.01
10.645,-61.495000000000005,41_65,0.01
10.655,-61.495000000000005,41_66,0.01
10.665,-61.495000000000005,41_67,0.01
10.675,-61.495000000000005,41_68,0.01
10.684999999999997,-61.495000000000005,41_69,0.01
10.695,-61.495000000000005,41_70,0.01
10.705,-61.495000000000005,41_71,0.01
10.715,-61.495000000000005,41_72,0.01
10.725000000000003,-61.495000000000005,41_73,0.01
10.735000000000001,-61.495000000000005,41_74,0.01
10.745000000000001,-61.495000000000005,41_75,0.01
10.755,-61.495000000000005,41_76,0.01
10.764999999999999,-61.495000000000005,41_77,0.01
10.065000000000001,-61.485000000000014,42_7,0.01
10.075,-61.485000000000014,42_8,0.01
10.085,-61.485000000000014,42_9,0.01
10.095,-61.485000000000014,42_10,0.01
10.105,-61.485000000000014,42_11,0.01
10.114999999999998,-61.485000000000014,42_12,0.01
10.125,-61.485,42_13,0.01
10.135,-61.485000000000014,42_14,0.01
10.145000000000001,-61.485000000000014,42_15,0.01
10.155,-61.485000000000014,42_16,0.01
10.164999999999997,-61.485000000000014,42_17,0.01
10.175,-61.485000000000014,42_18,0.01
10.184999999999999,-61.485000000000014,42_19,0.01
10.195,-61.485000000000014,42_20,0.01
10.205,-61.485,42_21,0.01
10.215,-61.485000000000014,42_22,0.01
10.225,-61.485000000000014,42_23,0.01
10.235,-61.485000000000014,42_24,0.01
10.245000000000001,-61.485000000000014,42_25,0.01
10.254999999999999,-61.485000000000014,42_26,0.01
10.375,-61.485,42_38,0.01
10.385000000000002,-61.485000000000014,42_39,0.01
10.395,-61.485000000000014,42_40,0.01
10.405,-61.485000000000014,42_41,0.01
10.415,-61.485000000000014,42_42,0.01
10.425,-61.485000000000014,42_43,0.01
10.434999999999999,-61.485000000000014,42_44,0.01
10.445,-61.485000000000014,42_45,0.01
10.455000000000002,-61.485,42_46,0.01
10.465,-61.485000000000014,42_47,0.01
10.594999999999999,-61.485000000000014,42_60,0.01
10.605,-61.485000000000014,42_61,0.01
10.614999999999997,-61.485000000000014,42_62,0.01
10.625,-61.485,42_63,0.01
10.635000000000002,-61.485000000000014,42_64,0.01
10.645,-61.485000000000014,42_65,0.01
10.655000000000001,-61.485000000000014,42_66,0.01
10.665,-61.485000000000014,42_67,0.01
10.675000000000002,-61.485000000000014,42_68,0.01
10.684999999999999,-61.485000000000014,42_69,0.01
10.694999999999999,-61.485000000000014,42_70,0.01
10.705,-61.485,42_71,0.01
10.715000000000002,-61.485000000000014,42_72,0.01
10.725000000000001,-61.485000000000014,42_73,0.01
10.735,-61.485000000000014,42_74,0.01
10.745000000000001,-61.485000000000014,42_75,0.01
10.754999999999999,-61.485000000000014,42_76,0.01
10.065000000000001,-61.47499999999999,43_7,0.01
10.075,-61.47499999999999,43_8,0.01
10.084999999999999,-61.47499999999999,43_9,0.01
10.094999999999999,-61.47499999999999,43_10,0.01
10.105,-61.47499999999999,43_11,0.01
10.115,-61.47499999999999,43_12,0.01
10.125,-61.47499999999999,43_13,0.01
10.135000000000002,-61.47499999999999,43_14,0.01
10.145,-61.47499999999999,43_15,0.01
10.155000000000001,-61.47499999999999,43_16,0.01
10.165,-61.47499999999999,43_17,0.01
10.174999999999999,-61.47499999999999,43_18,0.01
10.184999999999999,-61.47499999999999,43_19,0.01
10.195,-61.47499999999999,43_20,0.01
10.205,-61.47499999999999,43_21,0.01
10.215,-61.47499999999999,43_22,0.01
10.225,-61.47499999999999,43_23,0.01
10.235000000000001,-61.47499999999999,43_24,0.01
10.245000000000003,-61.47499999999999,43_25,0.01
10.254999999999999,-61.47499999999999,43_26,0.01
10.265,-61.47499999999999,43_27,0.01
10.275,-61.47499999999999,43_28,0.01
10.285000000000002,-61.47499999999999,43_29,0.01
10.325,-61.47499999999999,43_33,0.01
10.364999999999997,-61.47499999999999,43_37,0.01
10.375,-61.47499999999999,43_38,0.01
10.385000000000002,-61.47499999999999,43_39,0.01
10.395,-61.47499999999999,43_40,0.01
10.405,-61.47499999999999,43_41,0.01
10.415000000000001,-61.47499999999999,43_42,0.01
10.425,-61.47499999999999,43_43,0.01
10.435,-61.47499999999999,43_44,0.01
10.444999999999999,-61.47499999999999,43_45,0.01
10.455000000000002,-61.47499999999999,43_46,0.01
10.465000000000002,-61.47499999999999,43_47,0.01
10.475000000000001,-61.47499999999999,43_48,0.01
10.485,-61.47499999999999,43_49,0.01
10.495,-61.47499999999999,43_50,0.01
10.504999999999999,-61.47499999999999,43_51,0.01
10.515,-61.47499999999999,43_52,0.01
10.565000000000003,-61.47499999999999,43_57,0.01
10.575,-61.47499999999999,43_58,0.01
10.585,-61.47499999999999,43_59,0.01
10.595,-61.47499999999999,43_60,0.01
10.605000000000002,-61.47499999999999,43_61,0.01
10.614999999999998,-61.47499999999999,43_62,0.01
10.625,-61.47499999999999,43_63,0.01
10.635000000000002,-61.47499999999999,43_64,0.01
10.645,-61.47499999999999,43_65,0.01
10.655,-61.47499999999999,43_66,0.01
10.665,-61.47499999999999,43_67,0.01
10.675,-61.47499999999999,43_68,0.01
10.684999999999997,-61.47499999999999,43_69,0.01
10.695,-61.47499999999999,43_70,0.01
10.705,-61.47499999999999,43_71,0.01
10.715,-61.47499999999999,43_72,0.01
10.725000000000003,-61.47499999999999,43_73,0.01
10.735000000000001,-61.47499999999999,43_74,0.01
10.745000000000001,-61.47499999999999,43_75,0.01
10.755,-61.47499999999999,43_76,0.01
10.764999999999999,-61.47499999999999,43_77,0.01
10.774999999999999,-61.47499999999999,43_78,0.01
10.065000000000001,-61.465,44_7,0.01
10.075,-61.465,44_8,0.01
10.084999999999999,-61.465,44_9,0.01
10.094999999999999,-61.465,44_10,0.01
10.105,-61.465,44_11,0.01
10.115,-61.465,44_12,0.01
10.125,-61.465,44_13,0.01
10.135000000000002,-61.465,44_14,0.01
10.145,-61.465,44_15,0.01
10.155000000000001,-61.465,44_16,0.01
10.165,-61.465,44_17,0.01
10.174999999999999,-61.465,44_18,0.01
10.184999999999999,-61.465,44_19,0.01
10.195,-61.465,44_20,0.01
10.205,-61.465,44_21,0.01
10.215,-61.465,44_22,0.01
10.225,-61.465,44_23,0.01
10.235000000000001,-61.465,44_24,0.01
10.245000000000003,-61.465,44_25,0.01
10.254999999999999,-61.465,44_26,0.01
10.265,-61.465,44_27,0.01
10.275,-61.465,44_28,0.01
10.285000000000002,-61.465,44_29,0.01
10.295,-61.465,44_30,0.01
10.305,-61.465,44_31,0.01
10.315000000000001,-61.465,44_32,0.01
10.325,-61.465,44_33,0.01
10.334999999999999,-61.465,44_34,0.01
10.344999999999999,-61.465,44_35,0.01
10.355,-61.465,44_36,0.01
10.364999999999997,-61.465,44_37,0.01
10.375,-61.465,44_38,0.01
10.385000000000002,-61.465,44_39,0.01
10.395,-61.465,44_40,0.01
10.405,-61.465,44_41,0.01
10.415000000000001,-61.465,44_42,0.01
10.425,-61.465,44_43,0.01
10.435,-61.465,44_44,0.01
10.444999999999999,-61.465,44_45,0.01
10.455000000000002,-61.465,44_46,0.01
10.465000000000002,-61.465,44_47,0.01
10.475000000000001,-61.465,44_48,0.01
10.485,-61.465,44_49,0.01
10.495,-61.465,44_50,0.01
10.504999999999999,-61.465,44_51,0.01
10.515,-61.465,44_52,0.01
10.524999999999999,-61.465,44_53,0.01
10.535,-61.465,44_54,0.01
10.545,-61.465,44_55,0.01
10.555000000000001,-61.465,44_56,0.01
10.565000000000003,-61.465,44_57,0.01
10.575,-61.465,44_58,0.01
10.585,-61.465,44_59,0.01
10.595,-61.465,44_60,0.01
10.605000000000002,-61.465,44_61,0.01
10.614999999999998,-61.465,44_62,0.01
10.625,-61.465,44_63,0.01
10.635000000000002,-61.465,44_64,0.01
10.645,-61.465,44_65,0.01
10.655,-61.465,44_66,0.01
10.665,-61.465,44_67,0.01
10.675,-61.465,44_68,0.01
10.684999999999997,-61.465,44_69,0.01
10.695,-61.465,44_70,0.01
10.705,-61.465,44_71,0.01
10.715,-61.465,44_72,0.01
10.725000000000003,-61.465,44_73,0.01
10.735000000000001,-61.465,44_74,0.01
10.745000000000001,-61.465,44_75,0.01
10.755,-61.465,44_76,0.01
10.764999999999999,-61.465,44_77,0.01
10.774999999999999,-61.465,44_78,0.01
10.075,-61.455,45_8,0.01
10.085,-61.455,45_9,0.01
10.095,-61.455,45_10,0.01
10.105,-61.455,45_11,0.01
10.114999999999998,-61.455,45_12,0.01
10.125,-61.454999999999984,45_13,0.01
10.135,-61.455,45_14,0.01
10.145000000000001,-61.455,45_15,0.01
10.155,-61.455,45_16,0.01
10.164999999999997,-61.455,45_17,0.01
10.175,-61.455,45_18,0.01
10.184999999999999,-61.455,45_19,0.01
10.195,-61.455,45_20,0.01
10.205,-61.454999999999984,45_21,0.01
10.215,-61.455,45_22,0.01
10.225,-61.455,45_23,0.01
10.235,-61.455,45_24,0.01
10.245000000000001,-61.455,45_25,0.01
10.254999999999999,-61.455,45_26,0.01
10.265,-61.455,45_27,0.01
10.275,-61.455,45_28,0.01
10.285,-61.455,45_29,0.01
10.295,-61.454999999999984,45_30,0.01
10.305,-61.455,45_31,0.01
10.315000000000001,-61.455,45_32,0.01
10.325,-61.455,45_33,0.01
10.335000000000003,-61.455,45_34,0.01
10.344999999999999,-61.455,45_35,0.01
10.354999999999999,-61.455,45_36,0.01
10.364999999999998,-61.455,45_37,0.01
10.375,-61.454999999999984,45_38,0.01
10.385000000000002,-61.455,45_39,0.01
10.395,-61.455,45_40,0.01
10.405,-61.455,45_41,0.01
10.415,-61.455,45_42,0.01
10.425,-61.455,45_43,0.01
10.434999999999999,-61.455,45_44,0.01
10.445,-61.455,45_45,0.01
10.455000000000002,-61.454999999999984,45_46,0.01
10.465,-61.455,45_47,0.01
10.475,-61.455,45_48,0.01
10.485000000000001,-61.455,45_49,0.01
10.495000000000001,-61.455,45_50,0.01
10.504999999999997,-61.455,45_51,0.01
10.515,-61.455,45_52,0.01
10.524999999999999,-61.455,45_53,0.01
10.535,-61.455,45_54,0.01
10.545,-61.454999999999984,45_55,0.01
10.555000000000001,-61.455,45_56,0.01
10.565000000000003,-61.455,45_57,0.01
10.575,-61.455,45_58,0.01
10.584999999999999,-61.455,45_59,0.01
10.594999999999999,-61.455,45_60,0.01
10.605,-61.455,45_61,0.01
10.614999999999997,-61.455,45_62,0.01
10.625,-61.454999999999984,45_63,0.01
10.635000000000002,-61.455,45_64,0.01
10.645,-61.455,45_65,0.01
10.655000000000001,-61.455,45_66,0.01
10.665,-61.455,45_67,0.01
10.675000000000002,-61.455,45_68,0.01
10.684999999999999,-61.455,45_69,0.01
10.694999999999999,-61.455,45_70,0.01
10.705,-61.454999999999984,45_71,0.01
10.715000000000002,-61.455,45_72,0.01
10.725000000000001,-61.455,45_73,0.01
10.735,-61.455,45_74,0.01
10.745000000000001,-61.455,45_75,0.01
10.754999999999999,-61.455,45_76,0.01
10.765,-61.455,45_77,0.01
10.774999999999999,-61.455,45_78,0.01
10.075,-61.44500000000001,46_8,0.01
10.084999999999999,-61.44500000000001,46_9,0.01
10.094999999999999,-61.44500000000001,46_10,0.01
10.105,-61.44500000000001,46_11,0.01
10.115,-61.44500000000001,46_12,0.01
10.125,-61.445,46_13,0.01
10.135000000000002,-61.44500000000001,46_14,0.01
10.145,-61.44500000000001,46_15,0.01
10.155000000000001,-61.44500000000001,46_16,0.01
10.165,-61.44500000000001,46_17,0.01
10.174999999999999,-61.44500000000001,46_18,0.01
10.184999999999999,-61.44500000000001,46_19,0.01
10.195,-61.44500000000001,46_20,0.01
10.205,-61.445,46_21,0.01
10.215,-61.44500000000001,46_22,0.01
10.225,-61.44500000000001,46_23,0.01
10.235000000000001,-61.44500000000001,46_24,0.01
10.245000000000003,-61.44500000000001,46_25,0.01
10.254999999999999,-61.44500000000001,46_26,0.01
10.265,-61.44500000000001,46_27,0.01
10.275,-61.44500000000001,46_28,0.01
10.285000000000002,-61.44500000000001,46_29,0.01
10.295,-61.445,46_30,0.01
10.305,-61.44500000000001,46_31,0.01
10.315000000000001,-61.44500000000001,46_32,0.01
10.325,-61.44500000000001,46_33,0.01
10.334999999999999,-61.44500000000001,46_34,0.01
10.344999999999999,-61.44500000000001,46_35,0.01
10.355,-61.44500000000001,46_36,0.01
10.364999999999997,-61.44500000000001,46_37,0.01
10.375,-61.445,46_38,0.01
10.385000000000002,-61.44500000000001,46_39,0.01
10.395,-61.44500000000001,46_40,0.01
10.405,-61.44500000000001,46_41,0.01
10.415000000000001,-61.44500000000001,46_42,0.01
10.425,-61.44500000000001,46_43,0.01
10.435,-61.44500000000001,46_44,0.01
10.444999999999999,-61.44500000000001,46_45,0.01
10.455000000000002,-61.445,46_46,0.01
10.465000000000002,-61.44500000000001,46_47,0.01
10.475000000000001,-61.44500000000001,46_48,0.01
10.485,-61.44500000000001,46_49,0.01
10.495,-61.44500000000001,46_50,0.01
10.504999999999999,-61.44500000000001,46_51,0.01
10.515,-61.44500000000001,46_52,0.01
10.524999999999999,-61.44500000000001,46_53,0.01
10.535,-61.44500000000001,46_54,0.01
10.545,-61.445,46_55,0.01
10.555000000000001,-61.44500000000001,46_56,0.01
10.565000000000003,-61.44500000000001,46_57,0.01
10.575,-61.44500000000001,46_58,0.01
10.585,-61.44500000000001,46_59,0.01
10.595,-61.44500000000001,46_60,0.01
10.605000000000002,-61.44500000000001,46_61,0.01
10.614999999999998,-61.44500000000001,46_62,0.01
10.625,-61.445,46_63,0.01
10.635000000000002,-61.44500000000001,46_64,0.01
10.645,-61.44500000000001,46_65,0.01
10.655,-61.44500000000001,46_66,0.01
10.665,-61.44500000000001,46_67,0.01
10.675,-61.44500000000001,46_68,0.01
10.684999999999997,-61.44500000000001,46_69,0.01
10.695,-61.44500000000001,46_70,0.01
10.705,-61.445,46_71,0.01
10.715,-61.44500000000001,46_72,0.01
10.725000000000003,-61.44500000000001,46_73,0.01
10.735000000000001,-61.44500000000001,46_74,0.01
10.745000000000001,-61.44500000000001,46_75,0.01
10.755,-61.44500000000001,46_76,0.01
10.764999999999999,-61.44500000000001,46_77,0.01
10.774999999999999,-61.44500000000001,46_78,0.01
10.075,-61.435,47_8,0.01
10.084999999999999,-61.435,47_9,0.01
10.094999999999999,-61.435,47_10,0.01
10.105,-61.435,47_11,0.01
10.115,-61.435,47_12,0.01
10.125,-61.435,47_13,0.01
10.135000000000002,-61.435,47_14,0.01
10.145,-61.435,47_15,0.01
10.155000000000001,-61.435,47_16,0.01
10.165,-61.435,47_17,0.01
10.174999999999999,-61.435,47_18,0.01
10.184999999999999,-61.435,47_19,0.01
10.195,-61.435,47_20,0.01
10.205,-61.435,47_21,0.01
10.215,-61.435,47_22,0.01
10.225,-61.435,47_23,0.01
10.235000000000001,-61.435,47_24,0.01
10.245000000000003,-61.435,47_25,0.01
10.254999999999999,-61.435,47_26,0.01
10.265,-61.435,47_27,0.01
10.275,-61.435,47_28,0.01
10.285000000000002,-61.435,47_29,0.01
10.295,-61.435,47_30,0.01
10.305,-61.435,47_31,0.01
10.315000000000001,-61.435,47_32,0.01
10.325,-61.435,47_33,0.01
10.334999999999999,-61.435,47_34,0.01
10.344999999999999,-61.435,47_35,0.01
10.355,-61.435,47_36,0.01
10.364999999999997,-61.435,47_37,0.01
10.375,-61.435,47_38,0.01
10.385000000000002,-61.435,47_39,0.01
10.395,-61.435,47_40,0.01
10.405,-61.435,47_41,0.01
10.415000000000001,-61.435,47_42,0.01
10.425,-61.435,47_43,0.01
10.435,-61.435,47_44,0.01
10.444999999999999,-61.435,47_45,0.01
10.455000000000002,-61.435,47_46,0.01
10.465000000000002,-61.435,47_47,0.01
10.475000000000001,-61.435,47_48,0.01
10.485,-61.435,47_49,0.01
10.495,-61.435,47_50,0.01
10.504999999999999,-61.435,47_51,0.01
10.515,-61.435,47_52,0.01
10.524999999999999,-61.435,47_53,0.01
10.535,-61.435,47_54,0.01
10.545,-61.435,47_55,0.01
10.555000000000001,-61.435,47_56,0.01
10.565000000000003,-61.435,47_57,0.01
10.575,-61.435,47_58,0.01
10.585,-61.435,47_59,0.01
10.595,-61.435,47_60,0.01
10.605000000000002,-61.435,47_61,0.01
10.614999999999998,-61.435,47_62,0.01
10.625,-61.435,47_63,0.01
10.635000000000002,-61.435,47_64,0.01
10.645,-61.435,47_65,0.01
10.655,-61.435,47_66,0.01
10.665,-61.435,47_67,0.01
10.675,-61.435,47_68,0.01
10.684999999999997,-61.435,47_69,0.01
10.695,-61.435,47_70,0.01
10.705,-61.435,47_71,0.01
10.715,-61.435,47_72,0.01
10.725000000000003,-61.435,47_73,0.01
10.735000000000001,-61.435,47_74,0.01
10.745000000000001,-61.435,47_75,0.01
10.755,-61.435,47_76,0.01
10.764999999999999,-61.435,47_77,0.01
10.075,-61.425,48_8,0.01
10.084999999999999,-61.425,48_9,0.01
10.094999999999999,-61.425,48_10,0.01
10.105,-61.425,48_11,0.01
10.115,-61.425,48_12,0.01
10.125,-61.425000000000004,48_13,0.01
10.135000000000002,-61.425,48_14,0.01
10.145,-61.425,48_15,0.01
10.155000000000001,-61.425,48_16,0.01
10.165,-61.425,48_17,0.01
10.174999999999999,-61.425,48_18,0.01
10.184999999999999,-61.425,48_19,0.01
10.195,-61.425,48_20,0.01
10.205,-61.425000000000004,48_21,0.01
10.215,-61.425,48_22,0.01
10.225,-61.425,48_23,0.01
10.235000000000001,-61.425,48_24,0.01
10.245000000000003,-61.425,48_25,0.01
10.254999999999999,-61.425,48_26,0.01
10.265,-61.425,48_27,0.01
10.275,-61.425,48_28,0.01
10.285000000000002,-61.425,48_29,0.01
10.295,-61.425000000000004,48_30,0.01
10.305,-61.425,48_31,0.01
10.315000000000001,-61.425,48_32,0.01
10.325,-61.425,48_33,0.01
10.334999999999999,-61.425,48_34,0.01
10.344999999999999,-61.425,48_35,0.01
10.355,-61.425,48_36,0.01
10.364999999999997,-61.425,48_37,0.01
10.375,-61.425000000000004,48_38,0.01
10.385000000000002,-61.425,48_39,0.01
10.395,-61.425,48_40,0.01
10.405,-61.425,48_41,0.01
10.415000000000001,-61.425,48_42,0.01
10.425,-61.425,48_43,0.01
10.435,-61.425,48_44,0.01
10.444999999999999,-61.425,48_45,0.01
10.455000000000002,-61.425000000000004,48_46,0.01
10.465000000000002,-61.425,48_47,0.01
10.475000000000001,-61.425,48_48,0.01
10.485,-61.425,48_49,0.01
10.495,-61.425,48_50,0.01
10.504999999999999,-61.425,48_51,0.01
10.515,-61.425,48_52,0.01
10.524999999999999,-61.425,48_53,0.01
10.535,-61.425,48_54,0.01
10.545,-61.425000000000004,48_55,0.01
10.555000000000001,-61.425,48_56,0.01
10.565000000000003,-61.425,48_57,0.01
10.575,-61.425,48_58,0.01
10.585,-61.425,48_59,0.01
10.595,-61.425,48_60,0.01
10.605000000000002,-61.425,48_61,0.01
10.614999999999998,-61.425,48_62,0.01
10.625,-61.425000000000004,48_63,0.01
10.635000000000002,-61.425,48_64,0.01
10.645,-61.425,48_65,0.01
10.655,-61.425,48_66,0.01
10.665,-61.425,48_67,0.01
10.675,-61.425,48_68,0.01
10.684999999999997,-61.425,48_69,0.01
10.695,-61.425,48_70,0.01
10.705,-61.425000000000004,48_71,0.01
10.715,-61.425,48_72,0.01
10.725000000000003,-61.425,48_73,0.01
10.735000000000001,-61.425,48_74,0.01
10.745000000000001,-61.425,48_75,0.01
10.755,-61.425,48_76,0.01
10.764999999999999,-61.425,48_77,0.01
10.774999999999999,-61.425,48_78,0.01
10.075,-61.41499999999999,49_8,0.01
10.085,-61.41499999999999,49_9,0.01
10.095,-61.41499999999999,49_10,0.01
10.105,-61.41499999999999,49_11,0.01
10.114999999999998,-61.41499999999999,49_12,0.01
10.125,-61.415,49_13,0.01
10.135,-61.41499999999999,49_14,0.01
10.145000000000001,-61.41499999999999,49_15,0.01
10.155,-61.41499999999999,49_16,0.01
10.164999999999997,-61.41499999999999,49_17,0.01
10.175,-61.41499999999999,49_18,0.01
10.184999999999999,-61.41499999999999,49_19,0.01
10.195,-61.41499999999999,49_20,0.01
10.205,-61.415,49_21,0.01
10.215,-61.41499999999999,49_22,0.01
10.225,-61.41499999999999,49_23,0.01
10.235,-61.41499999999999,49_24,0.01
10.245000000000001,-61.41499999999999,49_25,0.01
10.254999999999999,-61.41499999999999,49_26,0.01
10.265,-61.41499999999999,49_27,0.01
10.275,-61.41499999999999,49_28,0.01
10.285,-61.41499999999999,49_29,0.01
10.295,-61.415,49_30,0.01
10.305,-61.41499999999999,49_31,0.01
10.315000000000001,-61.41499999999999,49_32,0.01
10.325,-61.41499999999999,49_33,0.01
10.335000000000003,-61.41499999999999,49_34,0.01
10.344999999999999,-61.41499999999999,49_35,0.01
10.354999999999999,-61.41499999999999,49_36,0.01
10.364999999999998,-61.41499999999999,49_37,0.01
10.375,-61.415,49_38,0.01
10.385000000000002,-61.41499999999999,49_39,0.01
10.395,-61.41499999999999,49_40,0.01
10.405,-61.41499999999999,49_41,0.01
10.415,-61.41499999999999,49_42,0.01
10.425,-61.41499999999999,49_43,0.01
10.434999999999999,-61.41499999999999,49_44,0.01
10.445,-61.41499999999999,49_45,0.01
10.455000000000002,-61.415,49_46,0.01
10.465,-61.41499999999999,49_47,0.01
10.475,-61.41499999999999,49_48,0.01
10.485000000000001,-61.41499999999999,49_49,0.01
10.495000000000001,-61.41499999999999,49_50,0.01
10.504999999999997,-61.41499999999999,49_51,0.01
10.515,-61.41499999999999,49_52,0.01
10.524999999999999,-61.41499999999999,49_53,0.01
10.535,-61.41499999999999,49_54,0.01
10.545,-61.415,49_55,0.01
10.555000000000001,-61.41499999999999,49_56,0.01
10.565000000000003,-61.41499999999999,49_57,0.01
10.575,-61.41499999999999,49_58,0.01
10.584999999999999,-61.41499999999999,49_59,0.01
10.594999999999999,-61.41499999999999,49_60,0.01
10.605,-61.41499999999999,49_61,0.01
10.614999999999997,-61.41499999999999,49_62,0.01
10.625,-61.415,49_63,0.01
10.635000000000002,-61.41499999999999,49_64,0.01
10.645,-61.41499999999999,49_65,0.01
10.655000000000001,-61.41499999999999,49_66,0.01
10.665,-61.41499999999999,49_67,0.01
10.675000000000002,-61.41499999999999,49_68,0.01
10.684999999999999,-61.41499999999999,49_69,0.01
10.694999999999999,-61.41499999999999,49_70,0.01
10.705,-61.415,49_71,0.01
10.715000000000002,-61.41499999999999,49_72,0.01
10.725000000000001,-61.41499999999999,49_73,0.01
10.735,-61.41499999999999,49_74,0.01
10.745000000000001,-61.41499999999999,49_75,0.01
10.754999999999999,-61.41499999999999,49_76,0.01
10.765,-61.41499999999999,49_77,0.01
10.774999999999999,-61.41499999999999,49_78,0.01
10.785,-61.41499999999999,49_79,0.01
10.075,-61.405,50_8,0.01
10.084999999999999,-61.405,50_9,0.01
10.094999999999999,-61.405,50_10,0.01
10.105,-61.405,50_11,0.01
10.115,-61.405,50_12,0.01
10.125,-61.404999999999994,50_13,0.01
10.135000000000002,-61.405,50_14,0.01
10.145,-61.405,50_15,0.01
10.155000000000001,-61.405,50_16,0.01
10.165,-61.405,50_17,0.01
10.174999999999999,-61.405,50_18,0.01
10.184999999999999,-61.405,50_19,0.01
10.195,-61.405,50_20,0.01
10.205,-61.404999999999994,50_21,0.01
10.215,-61.405,50_22,0.01
10.225,-61.405,50_23,0.01
10.235000000000001,-61.405,50_24,0.01
10.245000000000003,-61.405,50_25,0.01
10.254999999999999,-61.405,50_26,0.01
10.265,-61.405,50_27,0.01
10.275,-61.405,50_28,0.01
10.285000000000002,-61.405,50_29,0.01
10.295,-61.404999999999994,50_30,0.01
10.305,-61.405,50_31,0.01
10.315000000000001,-61.405,50_32,0.01
10.325,-61.405,50_33,0.01
10.334999999999999,-61.405,50_34,0.01
10.344999999999999,-61.405,50_35,0.01
10.355,-61.405,50_36,0.01
10.364999999999997,-61.405,50_37,0.01
10.375,-61.404999999999994,50_38,0.01
10.385000000000002,-61.405,50_39,0.01
10.395,-61.405,50_40,0.01
10.405,-61.405,50_41,0.01
10.415000000000001,-61.405,50_42,0.01
10.425,-61.405,50_43,0.01
10.435,-61.405,50_44,0.01
10.444999999999999,-61.405,50_45,0.01
10.455000000000002,-61.404999999999994,50_46,0.01
10.465000000000002,-61.405,50_47,0.01
10.475000000000001,-61.405,50_48,0.01
10.485,-61.405,50_49,0.01
10.495,-61.405,50_50,0.01
10.504999999999999,-61.405,50_51,0.01
10.515,-61.405,50_52,0.01
10.524999999999999,-61.405,50_53,0.01
10.535,-61.405,50_54,0.01
10.545,-61.404999999999994,50_55,0.01
10.555000000000001,-61.405,50_56,0.01
10.565000000000003,-61.405,50_57,0.01
10.575,-61.405,50_58,0.01
10.585,-61.405,50_59,0.01
10.595,-61.405,50_60,0.01
10.605000000000002,-61.405,50_61,0.01
10.614999999999998,-61.405,50_62,0.01
10.625,-61.404999999999994,50_63,0.01
10.635000000000002,-61.405,50_64,0.01
10.645,-61.405,50_65,0.01
10.655,-61.405,50_66,0.01
10.665,-61.405,50_67,0.01
10.675,-61.405,50_68,0.01
10.684999999999997,-61.405,50_69,0.01
10.695,-61.405,50_70,0.01
10.705,-61.404999999999994,50_71,0.01
10.715,-61.405,50_72,0.01
10.725000000000003,-61.405,50_73,0.01
10.735000000000001,-61.405,50_74,0.01
10.745000000000001,-61.405,50_75,0.01
10.755,-61.405,50_76,0.01
10.764999999999999,-61.405,50_77,0.01
10.774999999999999,-61.405,50_78,0.01
10.785000000000002,-61.405,50_79,0.01
10.075,-61.39500000000001,51_8,0.01
10.084999999999999,-61.39500000000001,51_9,0.01
10.094999999999999,-61.39500000000001,51_10,0.01
10.105,-61.39500000000001,51_11,0.01
10.115,-61.39500000000001,51_12,0.01
10.125,-61.394999999999996,51_13,0.01
10.135000000000002,-61.39500000000001,51_14,0.01
10.145,-61.39500000000001,51_15,0.01
10.155000000000001,-61.39500000000001,51_16,0.01
10.165,-61.39500000000001,51_17,0.01
10.174999999999999,-61.39500000000001,51_18,0.01
10.184999999999999,-61.39500000000001,51_19,0.01
10.195,-61.39500000000001,51_20,0.01
10.205,-61.394999999999996,51_21,0.01
10.215,-61.39500000000001,51_22,0.01
10.225,-61.39500000000001,51_23,0.01
10.235000000000001,-61.39500000000001,51_24,0.01
10.245000000000003,-61.39500000000001,51_25,0.01
10.254999999999999,-61.39500000000001,51_26,0.01
10.265,-61.39500000000001,51_27,0.01
10.275,-61.39500000000001,51_28,0.01
10.285000000000002,-61.39500000000001,51_29,0.01
10.295,-61.394999999999996,51_30,0.01
10.305,-61.39500000000001,51_31,0.01
10.315000000000001,-61.39500000000001,51_32,0.01
10.325,-61.39500000000001,51_33,0.01
10.334999999999999,-61.39500000000001,51_34,0.01
10.344999999999999,-61.39500000000001,51_35,0.01
10.355,-61.39500000000001,51_36,0.01
10.364999999999997,-61.39500000000001,51_37,0.01
10.375,-61.394999999999996,51_38,0.01
10.385000000000002,-61.39500000000001,51_39,0.01
10.395,-61.39500000000001,51_40,0.01
10.405,-61.39500000000001,51_41,0.01
10.415000000000001,-61.39500000000001,51_42,0.01
10.425,-61.39500000000001,51_43,0.01
10.435,-61.39500000000001,51_44,0.01
10.444999999999999,-61.39500000000001,51_45,0.01
10.455000000000002,-61.394999999999996,51_46,0.01
10.465000000000002,-61.39500000000001,51_47,0.01
10.475000000000001,-61.39500000000001,51_48,0.01
10.485,-61.39500000000001,51_49,0.01
10.495,-61.39500000000001,51_50,0.01
10.504999999999999,-61.39500000000001,51_51,0.01
10.515,-61.39500000000001,51_52,0.01
10.524999999999999,-61.39500000000001,51_53,0.01
10.535,-61.39500000000001,51_54,0.01
10.545,-61.394999999999996,51_55,0.01
10.555000000000001,-61.39500000000001,51_56,0.01
10.565000000000003,-61.39500000000001,51_57,0.01
10.575,-61.39500000000001,51_58,0.01
10.585,-61.39500000000001,51_59,0.01
10.595,-61.39500000000001,51_60,0.01
10.605000000000002,-61.39500000000001,51_61,0.01
10.614999999999998,-61.39500000000001,51_62,0.01
10.625,-61.394999999999996,51_63,0.01
10.635000000000002,-61.39500000000001,51_64,0.01
10.645,-61.39500000000001,51_65,0.01
10.655,-61.39500000000001,51_66,0.01
10.665,-61.39500000000001,51_67,0.01
10.675,-61.39500000000001,51_68,0.01
10.684999999999997,-61.39500000000001,51_69,0.01
10.695,-61.39500000000001,51_70,0.01
10.705,-61.394999999999996,51_71,0.01
10.715,-61.39500000000001,51_72,0.01
10.725000000000003,-61.39500000000001,51_73,0.01
10.735000000000001,-61.39500000000001,51_74,0.01
10.745000000000001,-61.39500000000001,51_75,0.01
10.755,-61.39500000000001,51_76,0.01
10.764999999999999,-61.39500000000001,51_77,0.01
10.774999999999999,-61.39500000000001,51_78,0.01
10.785000000000002,-61.39500000000001,51_79,0.01
10.065000000000001,-61.385000000000005,52_7,0.01
10.075,-61.385000000000005,52_8,0.01
10.085,-61.385000000000005,52_9,0.01
10.095,-61.385000000000005,52_10,0.01
10.105,-61.385000000000005,52_11,0.01
10.114999999999998,-61.385000000000005,52_12,0.01
10.125,-61.38499999999999,52_13,0.01
10.135,-61.385000000000005,52_14,0.01
10.145000000000001,-61.385000000000005,52_15,0.01
10.155,-61.385000000000005,52_16,0.01
10.164999999999997,-61.385000000000005,52_17,0.01
10.175,-61.385000000000005,52_18,0.01
10.184999999999999,-61.385000000000005,52_19,0.01
10.195,-61.385000000000005,52_20,0.01
10.205,-61.38499999999999,52_21,0.01
10.215,-61.385000000000005,52_22,0.01
10.225,-61.385000000000005,52_23,0.01
10.235,-61.385000000000005,52_24,0.01
10.245000000000001,-61.385000000000005,52_25,0.01
10.254999999999999,-61.385000000000005,52_26,0.01
10.265,-61.385000000000005,52_27,0.01
10.275,-61.385000000000005,52_28,0.01
10.285,-61.385000000000005,52_29,0.01
10.295,-61.38499999999999,52_30,0.01
10.305,-61.385000000000005,52_31,0.01
10.315000000000001,-61.385000000000005,52_32,0.01
10.325,-61.385000000000005,52_33,0.01
10.335000000000003,-61.385000000000005,52_34,0.01
10.344999999999999,-61.385000000000005,52_35,0.01
10.354999999999999,-61.385000000000005,52_36,0.01
10.364999999999998,-61.385000000000005,52_37,0.01
10.375,-61.38499999999999,52_38,0.01
10.385000000000002,-61.385000000000005,52_39,0.01
10.395,-61.385000000000005,52_40,0.01
10.405,-61.385000000000005,52_41,0.01
10.415,-61.385000000000005,52_42,0.01
10.425,-61.385000000000005,52_43,0.01
10.434999999999999,-61.385000000000005,52_44,0.01
10.445,-61.385000000000005,52_45,0.01
10.455000000000002,-61.38499999999999,52_46,0.01
10.465,-61.385000000000005,52_47,0.01
10.475,-61.385000000000005,52_48,0.01
10.485000000000001,-61.385000000000005,52_49,0.01
10.495000000000001,-61.385000000000005,52_50,0.01
10.504999999999997,-61.385000000000005,52_51,0.01
10.515,-61.385000000000005,52_52,0.01
10.524999999999999,-61.385000000000005,52_53,0.01
10.535,-61.385000000000005,52_54,0.01
10.545,-61.38499999999999,52_55,0.01
10.555000000000001,-61.385000000000005,52_56,0.01
10.565000000000003,-61.385000000000005,52_57,0.01
10.575,-61.385000000000005,52_58,0.01
10.584999999999999,-61.385000000000005,52_59,0.01
10.594999999999999,-61.385000000000005,52_60,0.01
10.605,-61.385000000000005,52_61,0.01
10.614999999999997,-61.385000000000005,52_62,0.01
10.625,-61.38499999999999,52_63,0.01
10.635000000000002,-61.385000000000005,52_64,0.01
10.645,-61.385000000000005,52_65,0.01
10.655000000000001,-61.385000000000005,52_66,0.01
10.665,-61.385000000000005,52_67,0.01
10.675000000000002,-61.385000000000005,52_68,0.01
10.684999999999999,-61.385000000000005,52_69,0.01
10.694999999999999,-61.385000000000005,52_70,0.01
10.705,-61.38499999999999,52_71,0.01
10.715000000000002,-61.385000000000005,52_72,0.01
10.725000000000001,-61.385000000000005,52_73,0.01
10.735,-61.385000000000005,52_74,0.01
10.745000000000001,-61.385000000000005,52_75,0.01
10.754999999999999,-61.385000000000005,52_76,0.01
10.765,-61.385000000000005,52_77,0.01
10.774999999999999,-61.385000000000005,52_78,0.01
10.785,-61.385000000000005,52_79,0.01
10.795,-61.38499999999999,52_80,0.01
10.075,-61.37500000000001,53_8,0.01
10.084999999999999,-61.37500000000001,53_9,0.01
10.094999999999999,-61.37500000000001,53_10,0.01
10.105,-61.37500000000001,53_11,0.01
10.115,-61.37500000000001,53_12,0.01
10.125,-61.37499999999999,53_13,0.01
10.135000000000002,-61.37500000000001,53_14,0.01
10.145,-61.37500000000001,53_15,0.01
10.155000000000001,-61.37500000000001,53_16,0.01
10.165,-61.37500000000001,53_17,0.01
10.174999999999999,-61.37500000000001,53_18,0.01
10.184999999999999,-61.37500000000001,53_19,0.01
10.195,-61.37500000000001,53_20,0.01
10.205,-61.37499999999999,53_21,0.01
10.215,-61.37500000000001,53_22,0.01
10.225,-61.37500000000001,53_23,0.01
10.235000000000001,-61.37500000000001,53_24,0.01
10.245000000000003,-61.37500000000001,53_25,0.01
10.254999999999999,-61.37500000000001,53_26,0.01
10.265,-61.37500000000001,53_27,0.01
10.275,-61.37500000000001,53_28,0.01
10.285000000000002,-61.37500000000001,53_29,0.01
10.295,-61.37499999999999,53_30,0.01
10.305,-61.37500000000001,53_31,0.01
10.315000000000001,-61.37500000000001,53_32,0.01
10.325,-61.37500000000001,53_33,0.01
10.334999999999999,-61.37500000000001,53_34,0.01
10.344999999999999,-61.37500000000001,53_35,0.01
10.355,-61.37500000000001,53_36,0.01
10.364999999999997,-61.37500000000001,53_37,0.01
10.375,-61.37499999999999,53_38,0.01
10.385000000000002,-61.37500000000001,53_39,0.01
10.395,-61.37500000000001,53_40,0.01
10.405,-61.37500000000001,53_41,0.01
10.415000000000001,-61.37500000000001,53_42,0.01
10.425,-61.37500000000001,53_43,0.01
10.435,-61.37500000000001,53_44,0.01
10.444999999999999,-61.37500000000001,53_45,0.01
10.455000000000002,-61.37499999999999,53_46,0.01
10.465000000000002,-61.37500000000001,53_47,0.01
10.475000000000001,-61.37500000000001,53_48,0.01
10.485,-61.37500000000001,53_49,0.01
10.495,-61.37500000000001,53_50,0.01
10.504999999999999,-61.37500000000001,53_51,0.01
10.515,-61.37500000000001,53_52,0.01
10.524999999999999,-61.37500000000001,53_53,0.01
10.535,-61.37500000000001,53_54,0.01
10.545,-61.37499999999999,53_55,0.01
10.555000000000001,-61.37500000000001,53_56,0.01
10.565000000000003,-61.37500000000001,53_57,0.01
10.575,-61.37500000000001,53_58,0.01
10.585,-61.37500000000001,53_59,0.01
10.595,-61.37500000000001,53_60,0.01
10.605000000000002,-61.37500000000001,53_61,0.01
10.614999999999998,-61.37500000000001,53_62,0.01
10.625,-61.37499999999999,53_63,0.01
10.635000000000002,-61.37500000000001,53_64,0.01
10.645,-61.37500000000001,53_65,0.01
10.655,-61.37500000000001,53_66,0.01
10.665,-61.37500000000001,53_67,0.01
10.675,-61.37500000000001,53_68,0.01
10.684999999999997,-61.37500000000001,53_69,0.01
10.695,-61.37500000000001,53_70,0.01
10.705,-61.37499999999999,53_71,0.01
10.715,-61.37500000000001,53_72,0.01
10.725000000000003,-61.37500000000001,53_73,0.01
10.735000000000001,-61.37500000000001,53_74,0.01
10.745000000000001,-61.37500000000001,53_75,0.01
10.755,-61.37500000000001,53_76,0.01
10.764999999999999,-61.37500000000001,53_77,0.01
10.774999999999999,-61.37500000000001,53_78,0.01
10.785000000000002,-61.37500000000001,53_79,0.01
10.795,-61.37499999999999,53_80,0.01
10.075,-61.364999999999995,54_8,0.01
10.084999999999999,-61.364999999999995,54_9,0.01
10.094999999999999,-61.364999999999995,54_10,0.01
10.105,-61.364999999999995,54_11,0.01
10.115,-61.364999999999995,54_12,0.01
10.125,-61.365,54_13,0.01
10.135000000000002,-61.364999999999995,54_14,0.01
10.145,-61.364999999999995,54_15,0.01
10.155000000000001,-61.364999999999995,54_16,0.01
10.165,-61.364999999999995,54_17,0.01
10.174999999999999,-61.364999999999995,54_18,0.01
10.184999999999999,-61.364999999999995,54_19,0.01
10.195,-61.364999999999995,54_20,0.01
10.205,-61.365,54_21,0.01
10.215,-61.364999999999995,54_22,0.01
10.225,-61.364999999999995,54_23,0.01
10.235000000000001,-61.364999999999995,54_24,0.01
10.245000000000003,-61.364999999999995,54_25,0.01
10.254999999999999,-61.364999999999995,54_26,0.01
10.265,-61.364999999999995,54_27,0.01
10.275,-61.364999999999995,54_28,0.01
10.285000000000002,-61.364999999999995,54_29,0.01
10.295,-61.365,54_30,0.01
10.305,-61.364999999999995,54_31,0.01
10.315000000000001,-61.364999999999995,54_32,0.01
10.325,-61.364999999999995,54_33,0.01
10.334999999999999,-61.364999999999995,54_34,0.01
10.344999999999999,-61.364999999999995,54_35,0.01
10.355,-61.364999999999995,54_36,0.01
10.364999999999997,-61.364999999999995,54_37,0.01
10.375,-61.365,54_38,0.01
10.385000000000002,-61.364999999999995,54_39,0.01
10.395,-61.364999999999995,54_40,0.01
10.405,-61.364999999999995,54_41,0.01
10.415000000000001,-61.364999999999995,54_42,0.01
10.425,-61.364999999999995,54_43,0.01
10.435,-61.364999999999995,54_44,0.01
10.444999999999999,-61.364999999999995,54_45,0.01
10.455000000000002,-61.365,54_46,0.01
10.465000000000002,-61.364999999999995,54_47,0.01
10.475000000000001,-61.364999999999995,54_48,0.01
10.485,-61.364999999999995,54_49,0.01
10.495,-61.364999999999995,54_50,0.01
10.504999999999999,-61.364999999999995,54_51,0.01
10.515,-61.364999999999995,54_52,0.01
10.524999999999999,-61.364999999999995,54_53,0.01
10.535,-61.364999999999995,54_54,0.01
10.545,-61.365,54_55,0.01
10.555000000000001,-61.364999999999995,54_56,0.01
10.565000000000003,-61.364999999999995,54_57,0.01
10.575,-61.364999999999995,54_58,0.01
10.585,-61.364999999999995,54_59,0.01
10.595,-61.364999999999995,54_60,0.01
10.605000000000002,-61.364999999999995,54_61,0.01
10.614999999999998,-61.364999999999995,54_62,0.01
10.625,-61.365,54_63,0.01
10.635000000000002,-61.364999999999995,54_64,0.01
10.645,-61.364999999999995,54_65,0.01
10.655,-61.364999999999995,54_66,0.01
10.665,-61.364999999999995,54_67,0.01
10.675,-61.364999999999995,54_68,0.01
10.684999999999997,-61.364999999999995,54_69,0.01
10.695,-61.364999999999995,54_70,0.01
10.705,-61.365,54_71,0.01
10.715,-61.364999999999995,54_72,0.01
10.725000000000003,-61.364999999999995,54_73,0.01
10.735000000000001,-61.364999999999995,54_74,0.01
10.745000000000001,-61.364999999999995,54_75,0.01
10.755,-61.364999999999995,54_76,0.01
10.764999999999999,-61.364999999999995,54_77,0.01
10.774999999999999,-61.364999999999995,54_78,0.01
10.785000000000002,-61.364999999999995,54_79,0.01
10.795,-61.365,54_80,0.01
10.805,-61.364999999999995,54_81,0.01
10.815,-61.364999999999995,54_82,0.01
10.075,-61.355000000000004,55_8,0.01
10.084999999999999,-61.355000000000004,55_9,0.01
10.094999999999999,-61.355000000000004,55_10,0.01
10.105,-61.355000000000004,55_11,0.01
10.115,-61.355000000000004,55_12,0.01
10.125,-61.355,55_13,0.01
10.135000000000002,-61.355000000000004,55_14,0.01
10.145,-61.355000000000004,55_15,0.01
10.155000000000001,-61.355000000000004,55_16,0.01
10.165,-61.355000000000004,55_17,0.01
10.174999999999999,-61.355000000000004,55_18,0.01
10.184999999999999,-61.355000000000004,55_19,0.01
10.195,-61.355000000000004,55_20,0.01
10.205,-61.355,55_21,0.01
10.215,-61.355000000000004,55_22,0.01
10.225,-61.355000000000004,55_23,0.01
10.235000000000001,-61.355000000000004,55_24,0.01
10.245000000000003,-61.355000000000004,55_25,0.01
10.254999999999999,-61.355000000000004,55_26,0.01
10.265,-61.355000000000004,55_27,0.01
10.275,-61.355000000000004,55_28,0.01
10.285000000000002,-61.355000000000004,55_29,0.01
10.295,-61.355,55_30,0.01
10.305,-61.355000000000004,55_31,0.01
10.315000000000001,-61.355000000000004,55_32,0.01
10.325,-61.355000000000004,55_33,0.01
10.334999999999999,-61.355000000000004,55_34,0.01
10.344999999999999,-61.355000000000004,55_35,0.01
10.355,-61.355000000000004,55_36,0.01
10.364999999999997,-61.355000000000004,55_37,0.01
10.375,-61.355,55_38,0.01
10.385000000000002,-61.355000000000004,55_39,0.01
10.395,-61.355000000000004,55_40,0.01
10.405,-61.355000000000004,55_41,0.01
10.415000000000001,-61.355000000000004,55_42,0.01
10.425,-61.355000000000004,55_43,0.01
10.435,-61.355000000000004,55_44,0.01
10.444999999999999,-61.355000000000004,55_45,0.01
10.455000000000002,-61.355,55_46,0.01
10.465000000000002,-61.355000000000004,55_47,0.01
10.475000000000001,-61.355000000000004,55_48,0.01
10.485,-61.355000000000004,55_49,0.01
10.495,-61.355000000000004,55_50,0.01
10.504999999999999,-61.355000000000004,55_51,0.01
10.515,-61.355000000000004,55_52,0.01
10.524999999999999,-61.355000000000004,55_53,0.01
10.535,-61.355000000000004,55_54,0.01
10.545,-61.355,55_55,0.01
10.555000000000001,-61.355000000000004,55_56,0.01
10.565000000000003,-61.355000000000004,55_57,0.01
10.575,-61.355000000000004,55_58,0.01
10.585,-61.355000000000004,55_59,0.01
10.595,-61.355000000000004,55_60,0.01
10.605000000000002,-61.355000000000004,55_61,0.01
10.614999999999998,-61.355000000000004,55_62,0.01
10.625,-61.355,55_63,0.01
10.635000000000002,-61.355000000000004,55_64,0.01
10.645,-61.355000000000004,55_65,0.01
10.655,-61.355000000000004,55_66,0.01
10.665,-61.355000000000004,55_67,0.01
10.675,-61.355000000000004,55_68,0.01
10.684999999999997,-61.355000000000004,55_69,0.01
10.695,-61.355000000000004,55_70,0.01
10.705,-61.355,55_71,0.01
10.715,-61.355000000000004,55_72,0.01
10.725000000000003,-61.355000000000004,55_73,0.01
10.735000000000001,-61.355000000000004,55_74,0.01
10.745000000000001,-61.355000000000004,55_75,0.01
10.755,-61.355000000000004,55_76,0.01
10.764999999999999,-61.355000000000004,55_77,0.01
10.774999999999999,-61.355000000000004,55_78,0.01
10.785000000000002,-61.355000000000004,55_79,0.01
10.795,-61.355,55_80,0.01
10.805,-61.355000000000004,55_81,0.01
10.815,-61.355000000000004,55_82,0.01
10.075,-61.345000000000006,56_8,0.01
10.085,-61.345000000000006,56_9,0.01
10.095,-61.345000000000006,56_10,0.01
10.105,-61.345000000000006,56_11,0.01
10.114999999999998,-61.345000000000006,56_12,0.01
10.125,-61.345000000000006,56_13,0.01
10.135,-61.345000000000006,56_14,0.01
10.145000000000001,-61.345000000000006,56_15,0.01
10.155,-61.345000000000006,56_16,0.01
10.164999999999997,-61.345000000000006,56_17,0.01
10.175,-61.345000000000006,56_18,0.01
10.184999999999999,-61.345000000000006,56_19,0.01
10.195,-61.345000000000006,56_20,0.01
10.205,-61.345000000000006,56_21,0.01
10.215,-61.345000000000006,56_22,0.01
10.225,-61.345000000000006,56_23,0.01
10.235,-61.345000000000006,56_24,0.01
10.245000000000001,-61.345000000000006,56_25,0.01
10.254999999999999,-61.345000000000006,56_26,0.01
10.265,-61.345000000000006,56_27,0.01
10.275,-61.345000000000006,56_28,0.01
10.285,-61.345000000000006,56_29,0.01
10.295,-61.345000000000006,56_30,0.01
10.305,-61.345000000000006,56_31,0.01
10.315000000000001,-61.345000000000006,56_32,0.01
10.325,-61.345000000000006,56_33,0.01
10.335000000000003,-61.345000000000006,56_34,0.01
10.344999999999999,-61.345000000000006,56_35,0.01
10.354999999999999,-61.345000000000006,56_36,0.01
10.364999999999998,-61.345000000000006,56_37,0.01
10.375,-61.345000000000006,56_38,0.01
10.385000000000002,-61.345000000000006,56_39,0.01
10.395,-61.345000000000006,56_40,0.01
10.405,-61.345000000000006,56_41,0.01
10.415,-61.345000000000006,56_42,0.01
10.425,-61.345000000000006,56_43,0.01
10.434999999999999,-61.345000000000006,56_44,0.01
10.445,-61.345000000000006,56_45,0.01
10.455000000000002,-61.345000000000006,56_46,0.01
10.465,-61.345000000000006,56_47,0.01
10.475,-61.345000000000006,56_48,0.01
10.485000000000001,-61.345000000000006,56_49,0.01
10.495000000000001,-61.345000000000006,56_50,0.01
10.504999999999997,-61.345000000000006,56_51,0.01
10.515,-61.345000000000006,56_52,0.01
10.524999999999999,-61.345000000000006,56_53,0.01
10.535,-61.345000000000006,56_54,0.01
10.545,-61.345000000000006,56_55,0.01
10.555000000000001,-61.345000000000006,56_56,0.01
10.565000000000003,-61.345000000000006,56_57,0.01
10.575,-61.345000000000006,56_58,0.01
10.584999999999999,-61.345000000000006,56_59,0.01
10.594999999999999,-61.345000000000006,56_60,0.01
10.605,-61.345000000000006,56_61,0.01
10.614999999999997,-61.345000000000006,56_62,0.01
10.625,-61.345000000000006,56_63,0.01
10.635000000000002,-61.345000000000006,56_64,0.01
10.645,-61.345000000000006,56_65,0.01
10.655000000000001,-61.345000000000006,56_66,0.01
10.665,-61.345000000000006,56_67,0.01
10.675000000000002,-61.345000000000006,56_68,0.01
10.684999999999999,-61.345000000000006,56_69,0.01
10.694999999999999,-61.345000000000006,56_70,0.01
10.705,-61.345000000000006,56_71,0.01
10.715000000000002,-61.345000000000006,56_72,0.01
10.725000000000001,-61.345000000000006,56_73,0.01
10.735,-61.345000000000006,56_74,0.01
10.745000000000001,-61.345000000000006,56_75,0.01
10.754999999999999,-61.345000000000006,56_76,0.01
10.765,-61.345000000000006,56_77,0.01
10.774999999999999,-61.345000000000006,56_78,0.01
10.785,-61.345000000000006,56_79,0.01
10.795,-61.345000000000006,56_80,0.01
10.805,-61.345000000000006,56_81,0.01
10.815,-61.345000000000006,56_82,0.01
10.075,-61.33500000000001,57_8,0.01
10.084999999999999,-61.33500000000001,57_9,0.01
10.094999999999999,-61.33500000000001,57_10,0.01
10.105,-61.33500000000001,57_11,0.01
10.115,-61.33500000000001,57_12,0.01
10.125,-61.33500000000001,57_13,0.01
10.135000000000002,-61.33500000000001,57_14,0.01
10.145,-61.33500000000001,57_15,0.01
10.155000000000001,-61.33500000000001,57_16,0.01
10.165,-61.33500000000001,57_17,0.01
10.174999999999999,-61.33500000000001,57_18,0.01
10.184999999999999,-61.33500000000001,57_19,0.01
10.195,-61.33500000000001,57_20,0.01
10.205,-61.33500000000001,57_21,0.01
10.215,-61.33500000000001,57_22,0.01
10.225,-61.33500000000001,57_23,0.01
10.235000000000001,-61.33500000000001,57_24,0.01
10.245000000000003,-61.33500000000001,57_25,0.01
10.254999999999999,-61.33500000000001,57_26,0.01
10.265,-61.33500000000001,57_27,0.01
10.275,-61.33500000000001,57_28,0.01
10.285000000000002,-61.33500000000001,57_29,0.01
10.295,-61.33500000000001,57_30,0.01
10.305,-61.33500000000001,57_31,0.01
10.315000000000001,-61.33500000000001,57_32,0.01
10.325,-61.33500000000001,57_33,0.01
10.334999999999999,-61.33500000000001,57_34,0.01
10.344999999999999,-61.33500000000001,57_35,0.01
10.355,-61.33500000000001,57_36,0.01
10.364999999999997,-61.33500000000001,57_37,0.01
10.375,-61.33500000000001,57_38,0.01
10.385000000000002,-61.33500000000001,57_39,0.01
10.395,-61.33500000000001,57_40,0.01
10.405,-61.33500000000001,57_41,0.01
10.415000000000001,-61.33500000000001,57_42,0.01
10.425,-61.33500000000001,57_43,0.01
10.435,-61.33500000000001,57_44,0.01
10.444999999999999,-61.33500000000001,57_45,0.01
10.455000000000002,-61.33500000000001,57_46,0.01
10.465000000000002,-61.33500000000001,57_47,0.01
10.475000000000001,-61.33500000000001,57_48,0.01
10.485,-61.33500000000001,57_49,0.01
10.495,-61.33500000000001,57_50,0.01
10.504999999999999,-61.33500000000001,57_51,0.01
10.515,-61.33500000000001,57_52,0.01
10.524999999999999,-61.33500000000001,57_53,0.01
10.535,-61.33500000000001,57_54,0.01
10.545,-61.33500000000001,57_55,0.01
10.555000000000001,-61.33500000000001,57_56,0.01
10.565000000000003,-61.33500000000001,57_57,0.01
10.575,-61.33500000000001,57_58,0.01
10.585,-61.33500000000001,57_59,0.01
10.595,-61.33500000000001,57_60,0.01
10.605000000000002,-61.33500000000001,57_61,0.01
10.614999999999998,-61.33500000000001,57_62,0.01
10.625,-61.33500000000001,57_63,0.01
10.635000000000002,-61.33500000000001,57_64,0.01
10.645,-61.33500000000001,57_65,0.01
10.655,-61.33500000000001,57_66,0.01
10.665,-61.33500000000001,57_67,0.01
10.675,-61.33500000000001,57_68,0.01
10.684999999999997,-61.33500000000001,57_69,0.01
10.695,-61.33500000000001,57_70,0.01
10.705,-61.33500000000001,57_71,0.01
10.715,-61.33500000000001,57_72,0.01
10.725000000000003,-61.33500000000001,57_73,0.01
10.735000000000001,-61.33500000000001,57_74,0.01
10.745000000000001,-61.33500000000001,57_75,0.01
10.755,-61.33500000000001,57_76,0.01
10.764999999999999,-61.33500000000001,57_77,0.01
10.774999999999999,-61.33500000000001,57_78,0.01
10.785000000000002,-61.33500000000001,57_79,0.01
10.795,-61.33500000000001,57_80,0.01
10.805,-61.33500000000001,57_81,0.01
10.075,-61.325,58_8,0.01
10.084999999999999,-61.325,58_9,0.01
10.094999999999999,-61.325,58_10,0.01
10.105,-61.325,58_11,0.01
10.115,-61.325,58_12,0.01
10.125,-61.325,58_13,0.01
10.135000000000002,-61.325,58_14,0.01
10.145,-61.325,58_15,0.01
10.155000000000001,-61.325,58_16,0.01
10.165,-61.325,58_17,0.01
10.174999999999999,-61.325,58_18,0.01
10.184999999999999,-61.325,58_19,0.01
10.195,-61.325,58_20,0.01
10.205,-61.325,58_21,0.01
10.215,-61.325,58_22,0.01
10.225,-61.325,58_23,0.01
10.235000000000001,-61.325,58_24,0.01
10.245000000000003,-61.325,58_25,0.01
10.254999999999999,-61.325,58_26,0.01
10.265,-61.325,58_27,0.01
10.275,-61.325,58_28,0.01
10.285000000000002,-61.325,58_29,0.01
10.295,-61.325,58_30,0.01
10.305,-61.325,58_31,0.01
10.315000000000001,-61.325,58_32,0.01
10.325,-61.325,58_33,0.01
10.334999999999999,-61.325,58_34,0.01
10.344999999999999,-61.325,58_35,0.01
10.355,-61.325,58_36,0.01
10.364999999999997,-61.325,58_37,0.01
10.375,-61.325,58_38,0.01
10.385000000000002,-61.325,58_39,0.01
10.395,-61.325,58_40,0.01
10.405,-61.325,58_41,0.01
10.415000000000001,-61.325,58_42,0.01
10.425,-61.325,58_43,0.01
10.435,-61.325,58_44,0.01
10.444999999999999,-61.325,58_45,0.01
10.455000000000002,-61.325,58_46,0.01
10.465000000000002,-61.325,58_47,0.01
10.475000000000001,-61.325,58_48,0.01
10.485,-61.325,58_49,0.01
10.495,-61.325,58_50,0.01
10.504999999999999,-61.325,58_51,0.01
10.515,-61.325,58_52,0.01
10.524999999999999,-61.325,58_53,0.01
10.535,-61.325,58_54,0.01
10.545,-61.325,58_55,0.01
10.555000000000001,-61.325,58_56,0.01
10.565000000000003,-61.325,58_57,0.01
10.575,-61.325,58_58,0.01
10.585,-61.325,58_59,0.01
10.595,-61.325,58_60,0.01
10.605000000000002,-61.325,58_61,0.01
10.614999999999998,-61.325,58_62,0.01
10.625,-61.325,58_63,0.01
10.635000000000002,-61.325,58_64,0.01
10.645,-61.325,58_65,0.01
10.655,-61.325,58_66,0.01
10.665,-61.325,58_67,0.01
10.675,-61.325,58_68,0.01
10.684999999999997,-61.325,58_69,0.01
10.695,-61.325,58_70,0.01
10.705,-61.325,58_71,0.01
10.715,-61.325,58_72,0.01
10.725000000000003,-61.325,58_73,0.01
10.735000000000001,-61.325,58_74,0.01
10.745000000000001,-61.325,58_75,0.01
10.755,-61.325,58_76,0.01
10.764999999999999,-61.325,58_77,0.01
10.774999999999999,-61.325,58_78,0.01
10.785000000000002,-61.325,58_79,0.01
10.795,-61.325,58_80,0.01
10.805,-61.325,58_81,0.01
10.075,-61.31499999999999,59_8,0.01
10.085,-61.31499999999999,59_9,0.01
10.095,-61.31499999999999,59_10,0.01
10.105,-61.31499999999999,59_11,0.01
10.114999999999998,-61.31499999999999,59_12,0.01
10.125,-61.31499999999999,59_13,0.01
10.135,-61.31499999999999,59_14,0.01
10.145000000000001,-61.31499999999999,59_15,0.01
10.155,-61.31499999999999,59_16,0.01
10.164999999999997,-61.31499999999999,59_17,0.01
10.175,-61.31499999999999,59_18,0.01
10.184999999999999,-61.31499999999999,59_19,0.01
10.195,-61.31499999999999,59_20,0.01
10.205,-61.31499999999999,59_21,0.01
10.215,-61.31499999999999,59_22,0.01
10.225,-61.31499999999999,59_23,0.01
10.235,-61.31499999999999,59_24,0.01
10.245000000000001,-61.31499999999999,59_25,0.01
10.254999999999999,-61.31499999999999,59_26,0.01
10.265,-61.31499999999999,59_27,0.01
10.275,-61.31499999999999,59_28,0.01
10.285,-61.31499999999999,59_29,0.01
10.295,-61.31499999999999,59_30,0.01
10.305,-61.31499999999999,59_31,0.01
10.315000000000001,-61.31499999999999,59_32,0.01
10.325,-61.31499999999999,59_33,0.01
10.335000000000003,-61.31499999999999,59_34,0.01
10.344999999999999,-61.31499999999999,59_35,0.01
10.354999999999999,-61.31499999999999,59_36,0.01
10.364999999999998,-61.31499999999999,59_37,0.01
10.375,-61.31499999999999,59_38,0.01
10.385000000000002,-61.31499999999999,59_39,0.01
10.395,-61.31499999999999,59_40,0.01
10.405,-61.31499999999999,59_41,0.01
10.415,-61.31499999999999,59_42,0.01
10.425,-61.31499999999999,59_43,0.01
10.434999999999999,-61.31499999999999,59_44,0.01
10.445,-61.31499999999999,59_45,0.01
10.455000000000002,-61.31499999999999,59_46,0.01
10.465,-61.31499999999999,59_47,0.01
10.475,-61.31499999999999,59_48,0.01
10.485000000000001,-61.31499999999999,59_49,0.01
10.495000000000001,-61.31499999999999,59_50,0.01
10.504999999999997,-61.31499999999999,59_51,0.01
10.515,-61.31499999999999,59_52,0.01
10.524999999999999,-61.31499999999999,59_53,0.01
10.535,-61.31499999999999,59_54,0.01
10.545,-61.31499999999999,59_55,0.01
10.555000000000001,-61.31499999999999,59_56,0.01
10.565000000000003,-61.31499999999999,59_57,0.01
10.575,-61.31499999999999,59_58,0.01
10.584999999999999,-61.31499999999999,59_59,0.01
10.594999999999999,-61.31499999999999,59_60,0.01
10.605,-61.31499999999999,59_61,0.01
10.614999999999997,-61.31499999999999,59_62,0.01
10.625,-61.31499999999999,59_63,0.01
10.635000000000002,-61.31499999999999,59_64,0.01
10.645,-61.31499999999999,59_65,0.01
10.655000000000001,-61.31499999999999,59_66,0.01
10.665,-61.31499999999999,59_67,0.01
10.675000000000002,-61.31499999999999,59_68,0.01
10.684999999999999,-61.31499999999999,59_69,0.01
10.694999999999999,-61.31499999999999,59_70,0.01
10.705,-61.31499999999999,59_71,0.01
10.715000000000002,-61.31499999999999,59_72,0.01
10.725000000000001,-61.31499999999999,59_73,0.01
10.735,-61.31499999999999,59_74,0.01
10.745000000000001,-61.31499999999999,59_75,0.01
10.754999999999999,-61.31499999999999,59_76,0.01
10.765,-61.31499999999999,59_77,0.01
10.774999999999999,-61.31499999999999,59_78,0.01
10.785,-61.31499999999999,59_79,0.01
10.795,-61.31499999999999,59_80,0.01
10.805,-61.31499999999999,59_81,0.01
10.084999999999999,-61.30499999999999,60_9,0.01
10.094999999999999,-61.30499999999999,60_10,0.01
10.105,-61.30499999999999,60_11,0.01
10.115,-61.30499999999999,60_12,0.01
10.125,-61.30499999999999,60_13,0.01
10.135000000000002,-61.30499999999999,60_14,0.01
10.145,-61.30499999999999,60_15,0.01
10.155000000000001,-61.30499999999999,60_16,0.01
10.165,-61.30499999999999,60_17,0.01
10.174999999999999,-61.30499999999999,60_18,0.01
10.184999999999999,-61.30499999999999,60_19,0.01
10.195,-61.30499999999999,60_20,0.01
10.205,-61.30499999999999,60_21,0.01
10.215,-61.30499999999999,60_22,0.01
10.225,-61.30499999999999,60_23,0.01
10.235000000000001,-61.30499999999999,60_24,0.01
10.245000000000003,-61.30499999999999,60_25,0.01
10.254999999999999,-61.30499999999999,60_26,0.01
10.265,-61.30499999999999,60_27,0.01
10.275,-61.30499999999999,60_28,0.01
10.285000000000002,-61.30499999999999,60_29,0.01
10.295,-61.30499999999999,60_30,0.01
10.305,-61.30499999999999,60_31,0.01
10.315000000000001,-61.30499999999999,60_32,0.01
10.325,-61.30499999999999,60_33,0.01
10.334999999999999,-61.30499999999999,60_34,0.01
10.344999999999999,-61.30499999999999,60_35,0.01
10.355,-61.30499999999999,60_36,0.01
10.364999999999997,-61.30499999999999,60_37,0.01
10.375,-61.30499999999999,60_38,0.01
10.385000000000002,-61.30499999999999,60_39,0.01
10.395,-61.30499999999999,60_40,0.01
10.405,-61.30499999999999,60_41,0.01
10.415000000000001,-61.30499999999999,60_42,0.01
10.425,-61.30499999999999,60_43,0.01
10.435,-61.30499999999999,60_44,0.01
10.444999999999999,-61.30499999999999,60_45,0.01
10.455000000000002,-61.30499999999999,60_46,0.01
10.465000000000002,-61.30499999999999,60_47,0.01
10.475000000000001,-61.30499999999999,60_48,0.01
10.485,-61.30499999999999,60_49,0.01
10.495,-61.30499999999999,60_50,0.01
10.504999999999999,-61.30499999999999,60_51,0.01
10.515,-61.30499999999999,60_52,0.01
10.524999999999999,-61.30499999999999,60_53,0.01
10.535,-61.30499999999999,60_54,0.01
10.545,-61.30499999999999,60_55,0.01
10.555000000000001,-61.30499999999999,60_56,0.01
10.565000000000003,-61.30499999999999,60_57,0.01
10.575,-61.30499999999999,60_58,0.01
10.585,-61.30499999999999,60_59,0.01
10.595,-61.30499999999999,60_60,0.01
10.605000000000002,-61.30499999999999,60_61,0.01
10.614999999999998,-61.30499999999999,60_62,0.01
10.625,-61.30499999999999,60_63,0.01
10.635000000000002,-61.30499999999999,60_64,0.01
10.645,-61.30499999999999,60_65,0.01
10.655,-61.30499999999999,60_66,0.01
10.665,-61.30499999999999,60_67,0.01
10.675,-61.30499999999999,60_68,0.01
10.684999999999997,-61.30499999999999,60_69,0.01
10.695,-61.30499999999999,60_70,0.01
10.705,-61.30499999999999,60_71,0.01
10.715,-61.30499999999999,60_72,0.01
10.725000000000003,-61.30499999999999,60_73,0.01
10.735000000000001,-61.30499999999999,60_74,0.01
10.745000000000001,-61.30499999999999,60_75,0.01
10.755,-61.30499999999999,60_76,0.01
10.764999999999999,-61.30499999999999,60_77,0.01
10.774999999999999,-61.30499999999999,60_78,0.01
10.785000000000002,-61.30499999999999,60_79,0.01
10.795,-61.30499999999999,60_80,0.01
10.084999999999999,-61.295,61_9,0.01
10.094999999999999,-61.295,61_10,0.01
10.105,-61.295,61_11,0.01
10.115,-61.295,61_12,0.01
10.125,-61.295,61_13,0.01
10.135000000000002,-61.295,61_14,0.01
10.145,-61.295,61_15,0.01
10.155000000000001,-61.295,61_16,0.01
10.165,-61.295,61_17,0.01
10.174999999999999,-61.295,61_18,0.01
10.184999999999999,-61.295,61_19,0.01
10.195,-61.295,61_20,0.01
10.205,-61.295,61_21,0.01
10.215,-61.295,61_22,0.01
10.225,-61.295,61_23,0.01
10.235000000000001,-61.295,61_24,0.01
10.245000000000003,-61.295,61_25,0.01
10.254999999999999,-61.295,61_26,0.01
10.265,-61.295,61_27,0.01
10.275,-61.295,61_28,0.01
10.285000000000002,-61.295,61_29,0.01
10.295,-61.295,61_30,0.01
10.305,-61.295,61_31,0.01
10.315000000000001,-61.295,61_32,0.01
10.325,-61.295,61_33,0.01
10.334999999999999,-61.295,61_34,0.01
10.344999999999999,-61.295,61_35,0.01
10.355,-61.295,61_36,0.01
10.364999999999997,-61.295,61_37,0.01
10.375,-61.295,61_38,0.01
10.385000000000002,-61.295,61_39,0.01
10.395,-61.295,61_40,0.01
10.405,-61.295,61_41,0.01
10.415000000000001,-61.295,61_42,0.01
10.425,-61.295,61_43,0.01
10.435,-61.295,61_44,0.01
10.444999999999999,-61.295,61_45,0.01
10.455000000000002,-61.295,61_46,0.01
10.465000000000002,-61.295,61_47,0.01
10.475000000000001,-61.295,61_48,0.01
10.485,-61.295,61_49,0.01
10.495,-61.295,61_50,0.01
10.504999999999999,-61.295,61_51,0.01
10.515,-61.295,61_52,0.01
10.524999999999999,-61.295,61_53,0.01
10.535,-61.295,61_54,0.01
10.545,-61.295,61_55,0.01
10.555000000000001,-61.295,61_56,0.01
10.565000000000003,-61.295,61_57,0.01
10.575,-61.295,61_58,0.01
10.585,-61.295,61_59,0.01
10.595,-61.295,61_60,0.01
10.605000000000002,-61.295,61_61,0.01
10.614999999999998,-61.295,61_62,0.01
10.625,-61.295,61_63,0.01
10.635000000000002,-61.295,61_64,0.01
10.645,-61.295,61_65,0.01
10.655,-61.295,61_66,0.01
10.665,-61.295,61_67,0.01
10.675,-61.295,61_68,0.01
10.684999999999997,-61.295,61_69,0.01
10.695,-61.295,61_70,0.01
10.705,-61.295,61_71,0.01
10.715,-61.295,61_72,0.01
10.725000000000003,-61.295,61_73,0.01
10.735000000000001,-61.295,61_74,0.01
10.745000000000001,-61.295,61_75,0.01
10.755,-61.295,61_76,0.01
10.764999999999999,-61.295,61_77,0.01
10.774999999999999,-61.295,61_78,0.01
10.785000000000002,-61.295,61_79,0.01
10.795,-61.295,61_80,0.01
10.084999999999999,-61.28499999999999,62_9,0.01
10.094999999999999,-61.28499999999999,62_10,0.01
10.105,-61.28499999999999,62_11,0.01
10.115,-61.28499999999999,62_12,0.01
10.125,-61.285,62_13,0.01
10.135000000000002,-61.28499999999999,62_14,0.01
10.145,-61.28499999999999,62_15,0.01
10.155000000000001,-61.28499999999999,62_16,0.01
10.165,-61.28499999999999,62_17,0.01
10.174999999999999,-61.28499999999999,62_18,0.01
10.184999999999999,-61.28499999999999,62_19,0.01
10.195,-61.28499999999999,62_20,0.01
10.205,-61.285,62_21,0.01
10.215,-61.28499999999999,62_22,0.01
10.225,-61.28499999999999,62_23,0.01
10.235000000000001,-61.28499999999999,62_24,0.01
10.245000000000003,-61.28499999999999,62_25,0.01
10.254999999999999,-61.28499999999999,62_26,0.01
10.265,-61.28499999999999,62_27,0.01
10.275,-61.28499999999999,62_28,0.01
10.285000000000002,-61.28499999999999,62_29,0.01
10.295,-61.285,62_30,0.01
10.305,-61.28499999999999,62_31,0.01
10.315000000000001,-61.28499999999999,62_32,0.01
10.325,-61.28499999999999,62_33,0.01
10.334999999999999,-61.28499999999999,62_34,0.01
10.344999999999999,-61.28499999999999,62_35,0.01
10.355,-61.28499999999999,62_36,0.01
10.364999999999997,-61.28499999999999,62_37,0.01
10.375,-61.285,62_38,0.01
10.385000000000002,-61.28499999999999,62_39,0.01
10.395,-61.28499999999999,62_40,0.01
10.405,-61.28499999999999,62_41,0.01
10.415000000000001,-61.28499999999999,62_42,0.01
10.425,-61.28499999999999,62_43,0.01
10.435,-61.28499999999999,62_44,0.01
10.444999999999999,-61.28499999999999,62_45,0.01
10.455000000000002,-61.285,62_46,0.01
10.465000000000002,-61.28499999999999,62_47,0.01
10.475000000000001,-61.28499999999999,62_48,0.01
10.485,-61.28499999999999,62_49,0.01
10.495,-61.28499999999999,62_50,0.01
10.504999999999999,-61.28499999999999,62_51,0.01
10.515,-61.28499999999999,62_52,0.01
10.524999999999999,-61.28499999999999,62_53,0.01
10.535,-61.28499999999999,62_54,0.01
10.545,-61.285,62_55,0.01
10.555000000000001,-61.28499999999999,62_56,0.01
10.565000000000003,-61.28499999999999,62_57,0.01
10.575,-61.28499999999999,62_58,0.01
10.585,-61.28499999999999,62_59,0.01
10.595,-61.28499999999999,62_60,0.01
10.605000000000002,-61.28499999999999,62_61,0.01
10.614999999999998,-61.28499999999999,62_62,0.01
10.625,-61.285,62_63,0.01
10.635000000000002,-61.28499999999999,62_64,0.01
10.645,-61.28499999999999,62_65,0.01
10.655,-61.28499999999999,62_66,0.01
10.665,-61.28499999999999,62_67,0.01
10.675,-61.28499999999999,62_68,0.01
10.684999999999997,-61.28499999999999,62_69,0.01
10.695,-61.28499999999999,62_70,0.01
10.705,-61.285,62_71,0.01
10.715,-61.28499999999999,62_72,0.01
10.725000000000003,-61.28499999999999,62_73,0.01
10.735000000000001,-61.28499999999999,62_74,0.01
10.745000000000001,-61.28499999999999,62_75,0.01
10.755,-61.28499999999999,62_76,0.01
10.764999999999999,-61.28499999999999,62_77,0.01
10.774999999999999,-61.28499999999999,62_78,0.01
10.785000000000002,-61.28499999999999,62_79,0.01
10.795,-61.285,62_80,0.01
10.085,-61.27499999999999,63_9,0.01
10.095,-61.27499999999999,63_10,0.01
10.105,-61.27499999999999,63_11,0.01
10.114999999999998,-61.27499999999999,63_12,0.01
10.125,-61.275,63_13,0.01
10.135,-61.27499999999999,63_14,0.01
10.145000000000001,-61.27499999999999,63_15,0.01
10.155,-61.27499999999999,63_16,0.01
10.164999999999997,-61.27499999999999,63_17,0.01
10.175,-61.27499999999999,63_18,0.01
10.184999999999999,-61.27499999999999,63_19,0.01
10.195,-61.27499999999999,63_20,0.01
10.205,-61.275,63_21,0.01
10.215,-61.27499999999999,63_22,0.01
10.225,-61.27499999999999,63_23,0.01
10.235,-61.27499999999999,63_24,0.01
10.245000000000001,-61.27499999999999,63_25,0.01
10.254999999999999,-61.27499999999999,63_26,0.01
10.265,-61.27499999999999,63_27,0.01
10.275,-61.27499999999999,63_28,0.01
10.285,-61.27499999999999,63_29,0.01
10.295,-61.275,63_30,0.01
10.305,-61.27499999999999,63_31,0.01
10.315000000000001,-61.27499999999999,63_32,0.01
10.325,-61.27499999999999,63_33,0.01
10.335000000000003,-61.27499999999999,63_34,0.01
10.344999999999999,-61.27499999999999,63_35,0.01
10.354999999999999,-61.27499999999999,63_36,0.01
10.364999999999998,-61.27499999999999,63_37,0.01
10.375,-61.275,63_38,0.01
10.385000000000002,-61.27499999999999,63_39,0.01
10.395,-61.27499999999999,63_40,0.01
10.405,-61.27499999999999,63_41,0.01
10.415,-61.27499999999999,63_42,0.01
10.425,-61.27499999999999,63_43,0.01
10.434999999999999,-61.27499999999999,63_44,0.01
10.445,-61.27499999999999,63_45,0.01
10.455000000000002,-61.275,63_46,0.01
10.465,-61.27499999999999,63_47,0.01
10.475,-61.27499999999999,63_48,0.01
10.485000000000001,-61.27499999999999,63_49,0.01
10.495000000000001,-61.27499999999999,63_50,0.01
10.504999999999997,-61.27499999999999,63_51,0.01
10.515,-61.27499999999999,63_52,0.01
10.524999999999999,-61.27499999999999,63_53,0.01
10.535,-61.27499999999999,63_54,0.01
10.545,-61.275,63_55,0.01
10.555000000000001,-61.27499999999999,63_56,0.01
10.565000000000003,-61.27499999999999,63_57,0.01
10.575,-61.27499999999999,63_58,0.01
10.584999999999999,-61.27499999999999,63_59,0.01
10.594999999999999,-61.27499999999999,63_60,0.01
10.605,-61.27499999999999,63_61,0.01
10.614999999999997,-61.27499999999999,63_62,0.01
10.625,-61.275,63_63,0.01
10.635000000000002,-61.27499999999999,63_64,0.01
10.645,-61.27499999999999,63_65,0.01
10.655000000000001,-61.27499999999999,63_66,0.01
10.665,-61.27499999999999,63_67,0.01
10.675000000000002,-61.27499999999999,63_68,0.01
10.684999999999999,-61.27499999999999,63_69,0.01
10.694999999999999,-61.27499999999999,63_70,0.01
10.705,-61.275,63_71,0.01
10.715000000000002,-61.27499999999999,63_72,0.01
10.725000000000001,-61.27499999999999,63_73,0.01
10.735,-61.27499999999999,63_74,0.01
10.745000000000001,-61.27499999999999,63_75,0.01
10.754999999999999,-61.27499999999999,63_76,0.01
10.765,-61.27499999999999,63_77,0.01
10.774999999999999,-61.27499999999999,63_78,0.01
10.785,-61.27499999999999,63_79,0.01
10.795,-61.275,63_80,0.01
10.084999999999999,-61.265,64_9,0.01
10.094999999999999,-61.265,64_10,0.01
10.105,-61.265,64_11,0.01
10.115,-61.265,64_12,0.01
10.125,-61.265,64_13,0.01
10.135000000000002,-61.265,64_14,0.01
10.145,-61.265,64_15,0.01
10.155000000000001,-61.265,64_16,0.01
10.165,-61.265,64_17,0.01
10.174999999999999,-61.265,64_18,0.01
10.184999999999999,-61.265,64_19,0.01
10.195,-61.265,64_20,0.01
10.205,-61.265,64_21,0.01
10.215,-61.265,64_22,0.01
10.225,-61.265,64_23,0.01
10.235000000000001,-61.265,64_24,0.01
10.245000000000003,-61.265,64_25,0.01
10.254999999999999,-61.265,64_26,0.01
10.265,-61.265,64_27,0.01
10.275,-61.265,64_28,0.01
10.285000000000002,-61.265,64_29,0.01
10.295,-61.265,64_30,0.01
10.305,-61.265,64_31,0.01
10.315000000000001,-61.265,64_32,0.01
10.325,-61.265,64_33,0.01
10.334999999999999,-61.265,64_34,0.01
10.344999999999999,-61.265,64_35,0.01
10.355,-61.265,64_36,0.01
10.364999999999997,-61.265,64_37,0.01
10.375,-61.265,64_38,0.01
10.385000000000002,-61.265,64_39,0.01
10.395,-61.265,64_40,0.01
10.405,-61.265,64_41,0.01
10.415000000000001,-61.265,64_42,0.01
10.425,-61.265,64_43,0.01
10.435,-61.265,64_44,0.01
10.444999999999999,-61.265,64_45,0.01
10.455000000000002,-61.265,64_46,0.01
10.465000000000002,-61.265,64_47,0.01
10.475000000000001,-61.265,64_48,0.01
10.485,-61.265,64_49,0.01
10.495,-61.265,64_50,0.01
10.504999999999999,-61.265,64_51,0.01
10.515,-61.265,64_52,0.01
10.524999999999999,-61.265,64_53,0.01
10.535,-61.265,64_54,0.01
10.545,-61.265,64_55,0.01
10.555000000000001,-61.265,64_56,0.01
10.565000000000003,-61.265,64_57,0.01
10.575,-61.265,64_58,0.01
10.585,-61.265,64_59,0.01
10.595,-61.265,64_60,0.01
10.605000000000002,-61.265,64_61,0.01
10.614999999999998,-61.265,64_62,0.01
10.625,-61.265,64_63,0.01
10.635000000000002,-61.265,64_64,0.01
10.645,-61.265,64_65,0.01
10.655,-61.265,64_66,0.01
10.665,-61.265,64_67,0.01
10.675,-61.265,64_68,0.01
10.684999999999997,-61.265,64_69,0.01
10.695,-61.265,64_70,0.01
10.705,-61.265,64_71,0.01
10.715,-61.265,64_72,0.01
10.725000000000003,-61.265,64_73,0.01
10.735000000000001,-61.265,64_74,0.01
10.745000000000001,-61.265,64_75,0.01
10.755,-61.265,64_76,0.01
10.764999999999999,-61.265,64_77,0.01
10.774999999999999,-61.265,64_78,0.01
10.785000000000002,-61.265,64_79,0.01
10.795,-61.265,64_80,0.01
10.084999999999999,-61.254999999999995,65_9,0.01
10.094999999999999,-61.254999999999995,65_10,0.01
10.105,-61.254999999999995,65_11,0.01
10.115,-61.254999999999995,65_12,0.01
10.125,-61.25499999999999,65_13,0.01
10.135000000000002,-61.254999999999995,65_14,0.01
10.145,-61.254999999999995,65_15,0.01
10.155000000000001,-61.254999999999995,65_16,0.01
10.165,-61.254999999999995,65_17,0.01
10.174999999999999,-61.254999999999995,65_18,0.01
10.184999999999999,-61.254999999999995,65_19,0.01
10.195,-61.254999999999995,65_20,0.01
10.205,-61.25499999999999,65_21,0.01
10.215,-61.254999999999995,65_22,0.01
10.225,-61.254999999999995,65_23,0.01
10.235000000000001,-61.254999999999995,65_24,0.01
10.245000000000003,-61.254999999999995,65_25,0.01
10.254999999999999,-61.254999999999995,65_26,0.01
10.265,-61.254999999999995,65_27,0.01
10.275,-61.254999999999995,65_28,0.01
10.285000000000002,-61.254999999999995,65_29,0.01
10.295,-61.25499999999999,65_30,0.01
10.305,-61.254999999999995,65_31,0.01
10.315000000000001,-61.254999999999995,65_32,0.01
10.325,-61.254999999999995,65_33,0.01
10.334999999999999,-61.254999999999995,65_34,0.01
10.344999999999999,-61.254999999999995,65_35,0.01
10.355,-61.254999999999995,65_36,0.01
10.364999999999997,-61.254999999999995,65_37,0.01
10.375,-61.25499999999999,65_38,0.01
10.385000000000002,-61.254999999999995,65_39,0.01
10.395,-61.254999999999995,65_40,0.01
10.405,-61.254999999999995,65_41,0.01
10.415000000000001,-61.254999999999995,65_42,0.01
10.425,-61.254999999999995,65_43,0.01
10.435,-61.254999999999995,65_44,0.01
10.444999999999999,-61.254999999999995,65_45,0.01
10.455000000000002,-61.25499999999999,65_46,0.01
10.465000000000002,-61.254999999999995,65_47,0.01
10.475000000000001,-61.254999999999995,65_48,0.01
10.485,-61.254999999999995,65_49,0.01
10.495,-61.254999999999995,65_50,0.01
10.504999999999999,-61.254999999999995,65_51,0.01
10.515,-61.254999999999995,65_52,0.01
10.524999999999999,-61.254999999999995,65_53,0.01
10.535,-61.254999999999995,65_54,0.01
10.545,-61.25499999999999,65_55,0.01
10.555000000000001,-61.254999999999995,65_56,0.01
10.565000000000003,-61.254999999999995,65_57,0.01
10.575,-61.254999999999995,65_58,0.01
10.585,-61.254999999999995,65_59,0.01
10.595,-61.254999999999995,65_60,0.01
10.605000000000002,-61.254999999999995,65_61,0.01
10.614999999999998,-61.254999999999995,65_62,0.01
10.625,-61.25499999999999,65_63,0.01
10.635000000000002,-61.254999999999995,65_64,0.01
10.645,-61.254999999999995,65_65,0.01
10.655,-61.254999999999995,65_66,0.01
10.665,-61.254999999999995,65_67,0.01
10.675,-61.254999999999995,65_68,0.01
10.684999999999997,-61.254999999999995,65_69,0.01
10.695,-61.254999999999995,65_70,0.01
10.705,-61.25499999999999,65_71,0.01
10.715,-61.254999999999995,65_72,0.01
10.725000000000003,-61.254999999999995,65_73,0.01
10.735000000000001,-61.254999999999995,65_74,0.01
10.745000000000001,-61.254999999999995,65_75,0.01
10.755,-61.254999999999995,65_76,0.01
10.764999999999999,-61.254999999999995,65_77,0.01
10.774999999999999,-61.254999999999995,65_78,0.01
10.785000000000002,-61.254999999999995,65_79,0.01
10.795,-61.25499999999999,65_80,0.01
10.075,-61.24500000000001,66_8,0.01
10.084999999999999,-61.24500000000001,66_9,0.01
10.094999999999999,-61.24500000000001,66_10,0.01
10.105,-61.24500000000001,66_11,0.01
10.115,-61.24500000000001,66_12,0.01
10.125,-61.245,66_13,0.01
10.135000000000002,-61.24500000000001,66_14,0.01
10.145,-61.24500000000001,66_15,0.01
10.155000000000001,-61.24500000000001,66_16,0.01
10.165,-61.24500000000001,66_17,0.01
10.174999999999999,-61.24500000000001,66_18,0.01
10.184999999999999,-61.24500000000001,66_19,0.01
10.195,-61.24500000000001,66_20,0.01
10.205,-61.245,66_21,0.01
10.215,-61.24500000000001,66_22,0.01
10.225,-61.24500000000001,66_23,0.01
10.235000000000001,-61.24500000000001,66_24,0.01
10.245000000000003,-61.24500000000001,66_25,0.01
10.254999999999999,-61.24500000000001,66_26,0.01
10.265,-61.24500000000001,66_27,0.01
10.275,-61.24500000000001,66_28,0.01
10.285000000000002,-61.24500000000001,66_29,0.01
10.295,-61.245,66_30,0.01
10.305,-61.24500000000001,66_31,0.01
10.315000000000001,-61.24500000000001,66_32,0.01
10.325,-61.24500000000001,66_33,0.01
10.334999999999999,-61.24500000000001,66_34,0.01
10.344999999999999,-61.24500000000001,66_35,0.01
10.355,-61.24500000000001,66_36,0.01
10.364999999999997,-61.24500000000001,66_37,0.01
10.375,-61.245,66_38,0.01
10.385000000000002,-61.24500000000001,66_39,0.01
10.395,-61.24500000000001,66_40,0.01
10.405,-61.24500000000001,66_41,0.01
10.415000000000001,-61.24500000000001,66_42,0.01
10.425,-61.24500000000001,66_43,0.01
10.435,-61.24500000000001,66_44,0.01
10.444999999999999,-61.24500000000001,66_45,0.01
10.455000000000002,-61.245,66_46,0.01
10.465000000000002,-61.24500000000001,66_47,0.01
10.475000000000001,-61.24500000000001,66_48,0.01
10.485,-61.24500000000001,66_49,0.01
10.495,-61.24500000000001,66_50,0.01
10.504999999999999,-61.24500000000001,66_51,0.01
10.515,-61.24500000000001,66_52,0.01
10.524999999999999,-61.24500000000001,66_53,0.01
10.535,-61.24500000000001,66_54,0.01
10.545,-61.245,66_55,0.01
10.555000000000001,-61.24500000000001,66_56,0.01
10.565000000000003,-61.24500000000001,66_57,0.01
10.575,-61.24500000000001,66_58,0.01
10.585,-61.24500000000001,66_59,0.01
10.595,-61.24500000000001,66_60,0.01
10.605000000000002,-61.24500000000001,66_61,0.01
10.614999999999998,-61.24500000000001,66_62,0.01
10.625,-61.245,66_63,0.01
10.635000000000002,-61.24500000000001,66_64,0.01
10.645,-61.24500000000001,66_65,0.01
10.655,-61.24500000000001,66_66,0.01
10.665,-61.24500000000001,66_67,0.01
10.675,-61.24500000000001,66_68,0.01
10.684999999999997,-61.24500000000001,66_69,0.01
10.695,-61.24500000000001,66_70,0.01
10.705,-61.245,66_71,0.01
10.715,-61.24500000000001,66_72,0.01
10.725000000000003,-61.24500000000001,66_73,0.01
10.735000000000001,-61.24500000000001,66_74,0.01
10.745000000000001,-61.24500000000001,66_75,0.01
10.755,-61.24500000000001,66_76,0.01
10.764999999999999,-61.24500000000001,66_77,0.01
10.774999999999999,-61.24500000000001,66_78,0.01
10.785000000000002,-61.24500000000001,66_79,0.01
10.795,-61.245,66_80,0.01
10.075,-61.23499999999999,67_8,0.01
10.085,-61.23499999999999,67_9,0.01
10.095,-61.23499999999999,67_10,0.01
10.105,-61.23499999999999,67_11,0.01
10.114999999999998,-61.23499999999999,67_12,0.01
10.125,-61.235,67_13,0.01
10.135,-61.23499999999999,67_14,0.01
10.145000000000001,-61.23499999999999,67_15,0.01
10.155,-61.23499999999999,67_16,0.01
10.164999999999997,-61.23499999999999,67_17,0.01
10.175,-61.23499999999999,67_18,0.01
10.184999999999999,-61.23499999999999,67_19,0.01
10.195,-61.23499999999999,67_20,0.01
10.205,-61.235,67_21,0.01
10.215,-61.23499999999999,67_22,0.01
10.225,-61.23499999999999,67_23,0.01
10.235,-61.23499999999999,67_24,0.01
10.245000000000001,-61.23499999999999,67_25,0.01
10.254999999999999,-61.23499999999999,67_26,0.01
10.265,-61.23499999999999,67_27,0.01
10.275,-61.23499999999999,67_28,0.01
10.285,-61.23499999999999,67_29,0.01
10.295,-61.235,67_30,0.01
10.305,-61.23499999999999,67_31,0.01
10.315000000000001,-61.23499999999999,67_32,0.01
10.325,-61.23499999999999,67_33,0.01
10.335000000000003,-61.23499999999999,67_34,0.01
10.344999999999999,-61.23499999999999,67_35,0.01
10.354999999999999,-61.23499999999999,67_36,0.01
10.364999999999998,-61.23499999999999,67_37,0.01
10.375,-61.235,67_38,0.01
10.385000000000002,-61.23499999999999,67_39,0.01
10.395,-61.23499999999999,67_40,0.01
10.405,-61.23499999999999,67_41,0.01
10.415,-61.23499999999999,67_42,0.01
10.425,-61.23499999999999,67_43,0.01
10.434999999999999,-61.23499999999999,67_44,0.01
10.445,-61.23499999999999,67_45,0.01
10.455000000000002,-61.235,67_46,0.01
10.465,-61.23499999999999,67_47,0.01
10.475,-61.23499999999999,67_48,0.01
10.485000000000001,-61.23499999999999,67_49,0.01
10.495000000000001,-61.23499999999999,67_50,0.01
10.504999999999997,-61.23499999999999,67_51,0.01
10.515,-61.23499999999999,67_52,0.01
10.524999999999999,-61.23499999999999,67_53,0.01
10.535,-61.23499999999999,67_54,0.01
10.545,-61.235,67_55,0.01
10.555000000000001,-61.23499999999999,67_56,0.01
10.565000000000003,-61.23499999999999,67_57,0.01
10.575,-61.23499999999999,67_58,0.01
10.584999999999999,-61.23499999999999,67_59,0.01
10.594999999999999,-61.23499999999999,67_60,0.01
10.605,-61.23499999999999,67_61,0.01
10.614999999999997,-61.23499999999999,67_62,0.01
10.625,-61.235,67_63,0.01
10.635000000000002,-61.23499999999999,67_64,0.01
10.645,-61.23499999999999,67_65,0.01
10.655000000000001,-61.23499999999999,67_66,0.01
10.665,-61.23499999999999,67_67,0.01
10.675000000000002,-61.23499999999999,67_68,0.01
10.684999999999999,-61.23499999999999,67_69,0.01
10.694999999999999,-61.23499999999999,67_70,0.01
10.705,-61.235,67_71,0.01
10.715000000000002,-61.23499999999999,67_72,0.01
10.725000000000001,-61.23499999999999,67_73,0.01
10.735,-61.23499999999999,67_74,0.01
10.745000000000001,-61.23499999999999,67_75,0.01
10.754999999999999,-61.23499999999999,67_76,0.01
10.765,-61.23499999999999,67_77,0.01
10.774999999999999,-61.23499999999999,67_78,0.01
10.785,-61.23499999999999,67_79,0.01
10.795,-61.235,67_80,0.01
10.075,-61.22499999999999,68_8,0.01
10.084999999999999,-61.22499999999999,68_9,0.01
10.094999999999999,-61.22499999999999,68_10,0.01
10.105,-61.22499999999999,68_11,0.01
10.115,-61.22499999999999,68_12,0.01
10.125,-61.224999999999994,68_13,0.01
10.135000000000002,-61.22499999999999,68_14,0.01
10.145,-61.22499999999999,68_15,0.01
10.155000000000001,-61.22499999999999,68_16,0.01
10.165,-61.22499999999999,68_17,0.01
10.174999999999999,-61.22499999999999,68_18,0.01
10.184999999999999,-61.22499999999999,68_19,0.01
10.195,-61.22499999999999,68_20,0.01
10.205,-61.224999999999994,68_21,0.01
10.215,-61.22499999999999,68_22,0.01
10.225,-61.22499999999999,68_23,0.01
10.235000000000001,-61.22499999999999,68_24,0.01
10.245000000000003,-61.22499999999999,68_25,0.01
10.254999999999999,-61.22499999999999,68_26,0.01
10.265,-61.22499999999999,68_27,0.01
10.275,-61.22499999999999,68_28,0.01
10.285000000000002,-61.22499999999999,68_29,0.01
10.295,-61.224999999999994,68_30,0.01
10.305,-61.22499999999999,68_31,0.01
10.315000000000001,-61.22499999999999,68_32,0.01
10.325,-61.22499999999999,68_33,0.01
10.334999999999999,-61.22499999999999,68_34,0.01
10.344999999999999,-61.22499999999999,68_35,0.01
10.355,-61.22499999999999,68_36,0.01
10.364999999999997,-61.22499999999999,68_37,0.01
10.375,-61.224999999999994,68_38,0.01
10.385000000000002,-61.22499999999999,68_39,0.01
10.395,-61.22499999999999,68_40,0.01
10.405,-61.22499999999999,68_41,0.01
10.415000000000001,-61.22499999999999,68_42,0.01
10.425,-61.22499999999999,68_43,0.01
10.435,-61.22499999999999,68_44,0.01
10.444999999999999,-61.22499999999999,68_45,0.01
10.455000000000002,-61.224999999999994,68_46,0.01
10.465000000000002,-61.22499999999999,68_47,0.01
10.475000000000001,-61.22499999999999,68_48,0.01
10.485,-61.22499999999999,68_49,0.01
10.495,-61.22499999999999,68_50,0.01
10.504999999999999,-61.22499999999999,68_51,0.01
10.515,-61.22499999999999,68_52,0.01
10.524999999999999,-61.22499999999999,68_53,0.01
10.535,-61.22499999999999,68_54,0.01
10.545,-61.224999999999994,68_55,0.01
10.555000000000001,-61.22499999999999,68_56,0.01
10.565000000000003,-61.22499999999999,68_57,0.01
10.575,-61.22499999999999,68_58,0.01
10.585,-61.22499999999999,68_59,0.01
10.595,-61.22499999999999,68_60,0.01
10.605000000000002,-61.22499999999999,68_61,0.01
10.614999999999998,-61.22499999999999,68_62,0.01
10.625,-61.224999999999994,68_63,0.01
10.635000000000002,-61.22499999999999,68_64,0.01
10.645,-61.22499999999999,68_65,0.01
10.655,-61.22499999999999,68_66,0.01
10.665,-61.22499999999999,68_67,0.01
10.675,-61.22499999999999,68_68,0.01
10.684999999999997,-61.22499999999999,68_69,0.01
10.695,-61.22499999999999,68_70,0.01
10.705,-61.224999999999994,68_71,0.01
10.715,-61.22499999999999,68_72,0.01
10.725000000000003,-61.22499999999999,68_73,0.01
10.735000000000001,-61.22499999999999,68_74,0.01
10.745000000000001,-61.22499999999999,68_75,0.01
10.755,-61.22499999999999,68_76,0.01
10.764999999999999,-61.22499999999999,68_77,0.01
10.774999999999999,-61.22499999999999,68_78,0.01
10.785000000000002,-61.22499999999999,68_79,0.01
10.795,-61.224999999999994,68_80,0.01
10.075,-61.215,69_8,0.01
10.084999999999999,-61.215,69_9,0.01
10.094999999999999,-61.215,69_10,0.01
10.105,-61.215,69_11,0.01
10.115,-61.215,69_12,0.01
10.125,-61.214999999999996,69_13,0.01
10.135000000000002,-61.215,69_14,0.01
10.145,-61.215,69_15,0.01
10.155000000000001,-61.215,69_16,0.01
10.165,-61.215,69_17,0.01
10.174999999999999,-61.215,69_18,0.01
10.184999999999999,-61.215,69_19,0.01
10.195,-61.215,69_20,0.01
10.205,-61.214999999999996,69_21,0.01
10.215,-61.215,69_22,0.01
10.225,-61.215,69_23,0.01
10.235000000000001,-61.215,69_24,0.01
10.245000000000003,-61.215,69_25,0.01
10.254999999999999,-61.215,69_26,0.01
10.265,-61.215,69_27,0.01
10.275,-61.215,69_28,0.01
10.285000000000002,-61.215,69_29,0.01
10.295,-61.214999999999996,69_30,0.01
10.305,-61.215,69_31,0.01
10.315000000000001,-61.215,69_32,0.01
10.325,-61.215,69_33,0.01
10.334999999999999,-61.215,69_34,0.01
10.344999999999999,-61.215,69_35,0.01
10.355,-61.215,69_36,0.01
10.364999999999997,-61.215,69_37,0.01
10.375,-61.214999999999996,69_38,0.01
10.385000000000002,-61.215,69_39,0.01
10.395,-61.215,69_40,0.01
10.405,-61.215,69_41,0.01
10.415000000000001,-61.215,69_42,0.01
10.425,-61.215,69_43,0.01
10.435,-61.215,69_44,0.01
10.444999999999999,-61.215,69_45,0.01
10.455000000000002,-61.214999999999996,69_46,0.01
10.465000000000002,-61.215,69_47,0.01
10.475000000000001,-61.215,69_48,0.01
10.485,-61.215,69_49,0.01
10.495,-61.215,69_50,0.01
10.504999999999999,-61.215,69_51,0.01
10.515,-61.215,69_52,0.01
10.524999999999999,-61.215,69_53,0.01
10.535,-61.215,69_54,0.01
10.545,-61.214999999999996,69_55,0.01
10.555000000000001,-61.215,69_56,0.01
10.565000000000003,-61.215,69_57,0.01
10.575,-61.215,69_58,0.01
10.585,-61.215,69_59,0.01
10.595,-61.215,69_60,0.01
10.605000000000002,-61.215,69_61,0.01
10.614999999999998,-61.215,69_62,0.01
10.625,-61.214999999999996,69_63,0.01
10.635000000000002,-61.215,69_64,0.01
10.645,-61.215,69_65,0.01
10.655,-61.215,69_66,0.01
10.665,-61.215,69_67,0.01
10.675,-61.215,69_68,0.01
10.684999999999997,-61.215,69_69,0.01
10.695,-61.215,69_70,0.01
10.705,-61.214999999999996,69_71,0.01
10.715,-61.215,69_72,0.01
10.725000000000003,-61.215,69_73,0.01
10.735000000000001,-61.215,69_74,0.01
10.745000000000001,-61.215,69_75,0.01
10.755,-61.215,69_76,0.01
10.764999999999999,-61.215,69_77,0.01
10.774999999999999,-61.215,69_78,0.01
10.785000000000002,-61.215,69_79,0.01
10.795,-61.214999999999996,69_80,0.01
10.075,-61.205000000000005,70_8,0.01
10.085,-61.205000000000005,70_9,0.01
10.095,-61.205000000000005,70_10,0.01
10.105,-61.205000000000005,70_11,0.01
10.114999999999998,-61.205000000000005,70_12,0.01
10.125,-61.205,70_13,0.01
10.135,-61.205000000000005,70_14,0.01
10.145000000000001,-61.205000000000005,70_15,0.01
10.155,-61.205000000000005,70_16,0.01
10.164999999999997,-61.205000000000005,70_17,0.01
10.175,-61.205000000000005,70_18,0.01
10.184999999999999,-61.205000000000005,70_19,0.01
10.195,-61.205000000000005,70_20,0.01
10.205,-61.205,70_21,0.01
10.215,-61.205000000000005,70_22,0.01
10.225,-61.205000000000005,70_23,0.01
10.235,-61.205000000000005,70_24,0.01
10.245000000000001,-61.205000000000005,70_25,0.01
10.254999999999999,-61.205000000000005,70_26,0.01
10.265,-61.205000000000005,70_27,0.01
10.275,-61.205000000000005,70_28,0.01
10.285,-61.205000000000005,70_29,0.01
10.295,-61.205,70_30,0.01
10.305,-61.205000000000005,70_31,0.01
10.315000000000001,-61.205000000000005,70_32,0.01
10.325,-61.205000000000005,70_33,0.01
10.335000000000003,-61.205000000000005,70_34,0.01
10.344999999999999,-61.205000000000005,70_35,0.01
10.354999999999999,-61.205000000000005,70_36,0.01
10.364999999999998,-61.205000000000005,70_37,0.01
10.375,-61.205,70_38,0.01
10.385000000000002,-61.205000000000005,70_39,0.01
10.395,-61.205000000000005,70_40,0.01
10.405,-61.205000000000005,70_41,0.01
10.415,-61.205000000000005,70_42,0.01
10.425,-61.205000000000005,70_43,0.01
10.434999999999999,-61.205000000000005,70_44,0.01
10.445,-61.205000000000005,70_45,0.01
10.455000000000002,-61.205,70_46,0.01
10.465,-61.205000000000005,70_47,0.01
10.475,-61.205000000000005,70_48,0.01
10.485000000000001,-61.205000000000005,70_49,0.01
10.495000000000001,-61.205000000000005,70_50,0.01
10.504999999999997,-61.205000000000005,70_51,0.01
10.515,-61.205000000000005,70_52,0.01
10.524999999999999,-61.205000000000005,70_53,0.01
10.535,-61.205000000000005,70_54,0.01
10.545,-61.205,70_55,0.01
10.555000000000001,-61.205000000000005,70_56,0.01
10.565000000000003,-61.205000000000005,70_57,0.01
10.575,-61.205000000000005,70_58,0.01
10.584999999999999,-61.205000000000005,70_59,0.01
10.594999999999999,-61.205000000000005,70_60,0.01
10.605,-61.205000000000005,70_61,0.01
10.614999999999997,-61.205000000000005,70_62,0.01
10.625,-61.205,70_63,0.01
10.635000000000002,-61.205000000000005,70_64,0.01
10.645,-61.205000000000005,70_65,0.01
10.655000000000001,-61.205000000000005,70_66,0.01
10.665,-61.205000000000005,70_67,0.01
10.675000000000002,-61.205000000000005,70_68,0.01
10.684999999999999,-61.205000000000005,70_69,0.01
10.694999999999999,-61.205000000000005,70_70,0.01
10.705,-61.205,70_71,0.01
10.715000000000002,-61.205000000000005,70_72,0.01
10.725000000000001,-61.205000000000005,70_73,0.01
10.735,-61.205000000000005,70_74,0.01
10.745000000000001,-61.205000000000005,70_75,0.01
10.754999999999999,-61.205000000000005,70_76,0.01
10.765,-61.205000000000005,70_77,0.01
10.774999999999999,-61.205000000000005,70_78,0.01
10.785,-61.205000000000005,70_79,0.01
10.795,-61.205,70_80,0.01
10.075,-61.19499999999999,71_8,0.01
10.084999999999999,-61.19499999999999,71_9,0.01
10.094999999999999,-61.19499999999999,71_10,0.01
10.105,-61.19499999999999,71_11,0.01
10.115,-61.19499999999999,71_12,0.01
10.125,-61.195,71_13,0.01
10.135000000000002,-61.19499999999999,71_14,0.01
10.145,-61.19499999999999,71_15,0.01
10.155000000000001,-61.19499999999999,71_16,0.01
10.165,-61.19499999999999,71_17,0.01
10.174999999999999,-61.19499999999999,71_18,0.01
10.184999999999999,-61.19499999999999,71_19,0.01
10.195,-61.19499999999999,71_20,0.01
10.205,-61.195,71_21,0.01
10.215,-61.19499999999999,71_22,0.01
10.225,-61.19499999999999,71_23,0.01
10.235000000000001,-61.19499999999999,71_24,0.01
10.245000000000003,-61.19499999999999,71_25,0.01
10.254999999999999,-61.19499999999999,71_26,0.01
10.265,-61.19499999999999,71_27,0.01
10.275,-61.19499999999999,71_28,0.01
10.285000000000002,-61.19499999999999,71_29,0.01
10.295,-61.195,71_30,0.01
10.305,-61.19499999999999,71_31,0.01
10.315000000000001,-61.19499999999999,71_32,0.01
10.325,-61.19499999999999,71_33,0.01
10.334999999999999,-61.19499999999999,71_34,0.01
10.344999999999999,-61.19499999999999,71_35,0.01
10.355,-61.19499999999999,71_36,0.01
10.364999999999997,-61.19499999999999,71_37,0.01
10.375,-61.195,71_38,0.01
10.385000000000002,-61.19499999999999,71_39,0.01
10.395,-61.19499999999999,71_40,0.01
10.405,-61.19499999999999,71_41,0.01
10.415000000000001,-61.19499999999999,71_42,0.01
10.425,-61.19499999999999,71_43,0.01
10.435,-61.19499999999999,71_44,0.01
10.444999999999999,-61.19499999999999,71_45,0.01
10.455000000000002,-61.195,71_46,0.01
10.465000000000002,-61.19499999999999,71_47,0.01
10.475000000000001,-61.19499999999999,71_48,0.01
10.485,-61.19499999999999,71_49,0.01
10.495,-61.19499999999999,71_50,0.01
10.504999999999999,-61.19499999999999,71_51,0.01
10.515,-61.19499999999999,71_52,0.01
10.524999999999999,-61.19499999999999,71_53,0.01
10.535,-61.19499999999999,71_54,0.01
10.545,-61.195,71_55,0.01
10.555000000000001,-61.19499999999999,71_56,0.01
10.565000000000003,-61.19499999999999,71_57,0.01
10.575,-61.19499999999999,71_58,0.01
10.585,-61.19499999999999,71_59,0.01
10.595,-61.19499999999999,71_60,0.01
10.605000000000002,-61.19499999999999,71_61,0.01
10.614999999999998,-61.19499999999999,71_62,0.01
10.625,-61.195,71_63,0.01
10.635000000000002,-61.19499999999999,71_64,0.01
10.645,-61.19499999999999,71_65,0.01
10.655,-61.19499999999999,71_66,0.01
10.665,-61.19499999999999,71_67,0.01
10.675,-61.19499999999999,71_68,0.01
10.684999999999997,-61.19499999999999,71_69,0.01
10.695,-61.19499999999999,71_70,0.01
10.705,-61.195,71_71,0.01
10.715,-61.19499999999999,71_72,0.01
10.725000000000003,-61.19499999999999,71_73,0.01
10.735000000000001,-61.19499999999999,71_74,0.01
10.745000000000001,-61.19499999999999,71_75,0.01
10.755,-61.19499999999999,71_76,0.01
10.764999999999999,-61.19499999999999,71_77,0.01
10.774999999999999,-61.19499999999999,71_78,0.01
10.785000000000002,-61.19499999999999,71_79,0.01
10.795,-61.195,71_80,0.01
10.805,-61.19499999999999,71_81,0.01
10.075,-61.18500000000001,72_8,0.01
10.084999999999999,-61.18500000000001,72_9,0.01
10.094999999999999,-61.18500000000001,72_10,0.01
10.105,-61.18500000000001,72_11,0.01
10.115,-61.18500000000001,72_12,0.01
10.125,-61.185,72_13,0.01
10.135000000000002,-61.18500000000001,72_14,0.01
10.145,-61.18500000000001,72_15,0.01
10.155000000000001,-61.18500000000001,72_16,0.01
10.165,-61.18500000000001,72_17,0.01
10.174999999999999,-61.18500000000001,72_18,0.01
10.184999999999999,-61.18500000000001,72_19,0.01
10.195,-61.18500000000001,72_20,0.01
10.205,-61.185,72_21,0.01
10.215,-61.18500000000001,72_22,0.01
10.225,-61.18500000000001,72_23,0.01
10.235000000000001,-61.18500000000001,72_24,0.01
10.245000000000003,-61.18500000000001,72_25,0.01
10.254999999999999,-61.18500000000001,72_26,0.01
10.265,-61.18500000000001,72_27,0.01
10.275,-61.18500000000001,72_28,0.01
10.285000000000002,-61.18500000000001,72_29,0.01
10.295,-61.185,72_30,0.01
10.305,-61.18500000000001,72_31,0.01
10.315000000000001,-61.18500000000001,72_32,0.01
10.325,-61.18500000000001,72_33,0.01
10.334999999999999,-61.18500000000001,72_34,0.01
10.344999999999999,-61.18500000000001,72_35,0.01
10.355,-61.18500000000001,72_36,0.01
10.364999999999997,-61.18500000000001,72_37,0.01
10.375,-61.185,72_38,0.01
10.385000000000002,-61.18500000000001,72_39,0.01
10.395,-61.18500000000001,72_40,0.01
10.405,-61.18500000000001,72_41,0.01
10.415000000000001,-61.18500000000001,72_42,0.01
10.425,-61.18500000000001,72_43,0.01
10.435,-61.18500000000001,72_44,0.01
10.444999999999999,-61.18500000000001,72_45,0.01
10.455000000000002,-61.185,72_46,0.01
10.465000000000002,-61.18500000000001,72_47,0.01
10.475000000000001,-61.18500000000001,72_48,0.01
10.485,-61.18500000000001,72_49,0.01
10.495,-61.18500000000001,72_50,0.01
10.504999999999999,-61.18500000000001,72_51,0.01
10.515,-61.18500000000001,72_52,0.01
10.524999999999999,-61.18500000000001,72_53,0.01
10.535,-61.18500000000001,72_54,0.01
10.545,-61.185,72_55,0.01
10.555000000000001,-61.18500000000001,72_56,0.01
10.565000000000003,-61.18500000000001,72_57,0.01
10.575,-61.18500000000001,72_58,0.01
10.585,-61.18500000000001,72_59,0.01
10.595,-61.18500000000001,72_60,0.01
10.605000000000002,-61.18500000000001,72_61,0.01
10.614999999999998,-61.18500000000001,72_62,0.01
10.625,-61.185,72_63,0.01
10.635000000000002,-61.18500000000001,72_64,0.01
10.645,-61.18500000000001,72_65,0.01
10.655,-61.18500000000001,72_66,0.01
10.665,-61.18500000000001,72_67,0.01
10.675,-61.18500000000001,72_68,0.01
10.684999999999997,-61.18500000000001,72_69,0.01
10.695,-61.18500000000001,72_70,0.01
10.705,-61.185,72_71,0.01
10.715,-61.18500000000001,72_72,0.01
10.725000000000003,-61.18500000000001,72_73,0.01
10.735000000000001,-61.18500000000001,72_74,0.01
10.745000000000001,-61.18500000000001,72_75,0.01
10.755,-61.18500000000001,72_76,0.01
10.764999999999999,-61.18500000000001,72_77,0.01
10.774999999999999,-61.18500000000001,72_78,0.01
10.785000000000002,-61.18500000000001,72_79,0.01
10.795,-61.185,72_80,0.01
10.805,-61.18500000000001,72_81,0.01
10.075,-61.175,73_8,0.01
10.084999999999999,-61.175,73_9,0.01
10.094999999999999,-61.175,73_10,0.01
10.105,-61.175,73_11,0.01
10.115,-61.175,73_12,0.01
10.125,-61.175,73_13,0.01
10.135000000000002,-61.175,73_14,0.01
10.145,-61.175,73_15,0.01
10.155000000000001,-61.175,73_16,0.01
10.165,-61.175,73_17,0.01
10.174999999999999,-61.175,73_18,0.01
10.184999999999999,-61.175,73_19,0.01
10.195,-61.175,73_20,0.01
10.205,-61.175,73_21,0.01
10.215,-61.175,73_22,0.01
10.225,-61.175,73_23,0.01
10.235000000000001,-61.175,73_24,0.01
10.245000000000003,-61.175,73_25,0.01
10.254999999999999,-61.175,73_26,0.01
10.265,-61.175,73_27,0.01
10.275,-61.175,73_28,0.01
10.285000000000002,-61.175,73_29,0.01
10.295,-61.175,73_30,0.01
10.305,-61.175,73_31,0.01
10.315000000000001,-61.175,73_32,0.01
10.325,-61.175,73_33,0.01
10.334999999999999,-61.175,73_34,0.01
10.344999999999999,-61.175,73_35,0.01
10.355,-61.175,73_36,0.01
10.364999999999997,-61.175,73_37,0.01
10.375,-61.175,73_38,0.01
10.385000000000002,-61.175,73_39,0.01
10.395,-61.175,73_40,0.01
10.405,-61.175,73_41,0.01
10.415000000000001,-61.175,73_42,0.01
10.425,-61.175,73_43,0.01
10.435,-61.175,73_44,0.01
10.444999999999999,-61.175,73_45,0.01
10.455000000000002,-61.175,73_46,0.01
10.465000000000002,-61.175,73_47,0.01
10.475000000000001,-61.175,73_48,0.01
10.485,-61.175,73_49,0.01
10.495,-61.175,73_50,0.01
10.504999999999999,-61.175,73_51,0.01
10.515,-61.175,73_52,0.01
10.524999999999999,-61.175,73_53,0.01
10.535,-61.175,73_54,0.01
10.545,-61.175,73_55,0.01
10.555000000000001,-61.175,73_56,0.01
10.565000000000003,-61.175,73_57,0.01
10.575,-61.175,73_58,0.01
10.585,-61.175,73_59,0.01
10.595,-61.175,73_60,0.01
10.605000000000002,-61.175,73_61,0.01
10.614999999999998,-61.175,73_62,0.01
10.625,-61.175,73_63,0.01
10.635000000000002,-61.175,73_64,0.01
10.645,-61.175,73_65,0.01
10.655,-61.175,73_66,0.01
10.665,-61.175,73_67,0.01
10.675,-61.175,73_68,0.01
10.684999999999997,-61.175,73_69,0.01
10.695,-61.175,73_70,0.01
10.705,-61.175,73_71,0.01
10.715,-61.175,73_72,0.01
10.725000000000003,-61.175,73_73,0.01
10.735000000000001,-61.175,73_74,0.01
10.745000000000001,-61.175,73_75,0.01
10.755,-61.175,73_76,0.01
10.764999999999999,-61.175,73_77,0.01
10.774999999999999,-61.175,73_78,0.01
10.785000000000002,-61.175,73_79,0.01
10.795,-61.175,73_80,0.01
10.805,-61.175,73_81,0.01
10.815,-61.175,73_82,0.01
10.075,-61.165000000000006,74_8,0.01
10.085,-61.165000000000006,74_9,0.01
10.095,-61.165000000000006,74_10,0.01
10.105,-61.165000000000006,74_11,0.01
10.114999999999998,-61.165000000000006,74_12,0.01
10.125,-61.16499999999999,74_13,0.01
10.135,-61.165000000000006,74_14,0.01
10.145000000000001,-61.165000000000006,74_15,0.01
10.155,-61.165000000000006,74_16,0.01
10.164999999999997,-61.165000000000006,74_17,0.01
10.175,-61.165000000000006,74_18,0.01
10.184999999999999,-61.165000000000006,74_19,0.01
10.195,-61.165000000000006,74_20,0.01
10.205,-61.16499999999999,74_21,0.01
10.215,-61.165000000000006,74_22,0.01
10.225,-61.165000000000006,74_23,0.01
10.235,-61.165000000000006,74_24,0.01
10.245000000000001,-61.165000000000006,74_25,0.01
10.254999999999999,-61.165000000000006,74_26,0.01
10.265,-61.165000000000006,74_27,0.01
10.275,-61.165000000000006,74_28,0.01
10.285,-61.165000000000006,74_29,0.01
10.295,-61.16499999999999,74_30,0.01
10.305,-61.165000000000006,74_31,0.01
10.315000000000001,-61.165000000000006,74_32,0.01
10.325,-61.165000000000006,74_33,0.01
10.335000000000003,-61.165000000000006,74_34,0.01
10.344999999999999,-61.165000000000006,74_35,0.01
10.354999999999999,-61.165000000000006,74_36,0.01
10.364999999999998,-61.165000000000006,74_37,0.01
10.375,-61.16499999999999,74_38,0.01
10.385000000000002,-61.165000000000006,74_39,0.01
10.395,-61.165000000000006,74_40,0.01
10.405,-61.165000000000006,74_41,0.01
10.415,-61.165000000000006,74_42,0.01
10.425,-61.165000000000006,74_43,0.01
10.434999999999999,-61.165000000000006,74_44,0.01
10.445,-61.165000000000006,74_45,0.01
10.455000000000002,-61.16499999999999,74_46,0.01
10.465,-61.165000000000006,74_47,0.01
10.475,-61.165000000000006,74_48,0.01
10.485000000000001,-61.165000000000006,74_49,0.01
10.495000000000001,-61.165000000000006,74_50,0.01
10.504999999999997,-61.165000000000006,74_51,0.01
10.515,-61.165000000000006,74_52,0.01
10.524999999999999,-61.165000000000006,74_53,0.01
10.535,-61.165000000000006,74_54,0.01
10.545,-61.16499999999999,74_55,0.01
10.555000000000001,-61.165000000000006,74_56,0.01
10.565000000000003,-61.165000000000006,74_57,0.01
10.575,-61.165000000000006,74_58,0.01
10.584999999999999,-61.165000000000006,74_59,0.01
10.594999999999999,-61.165000000000006,74_60,0.01
10.605,-61.165000000000006,74_61,0.01
10.614999999999997,-61.165000000000006,74_62,0.01
10.625,-61.16499999999999,74_63,0.01
10.635000000000002,-61.165000000000006,74_64,0.01
10.645,-61.165000000000006,74_65,0.01
10.655000000000001,-61.165000000000006,74_66,0.01
10.665,-61.165000000000006,74_67,0.01
10.675000000000002,-61.165000000000006,74_68,0.01
10.684999999999999,-61.165000000000006,74_69,0.01
10.694999999999999,-61.165000000000006,74_70,0.01
10.705,-61.16499999999999,74_71,0.01
10.715000000000002,-61.165000000000006,74_72,0.01
10.725000000000001,-61.165000000000006,74_73,0.01
10.735,-61.165000000000006,74_74,0.01
10.745000000000001,-61.165000000000006,74_75,0.01
10.754999999999999,-61.165000000000006,74_76,0.01
10.765,-61.165000000000006,74_77,0.01
10.774999999999999,-61.165000000000006,74_78,0.01
10.785,-61.165000000000006,74_79,0.01
10.795,-61.16499999999999,74_80,0.01
10.805,-61.165000000000006,74_81,0.01
10.815,-61.165000000000006,74_82,0.01
10.075,-61.154999999999994,75_8,0.01
10.084999999999999,-61.154999999999994,75_9,0.01
10.094999999999999,-61.154999999999994,75_10,0.01
10.105,-61.154999999999994,75_11,0.01
10.115,-61.154999999999994,75_12,0.01
10.125,-61.155,75_13,0.01
10.135000000000002,-61.154999999999994,75_14,0.01
10.145,-61.154999999999994,75_15,0.01
10.155000000000001,-61.154999999999994,75_16,0.01
10.165,-61.154999999999994,75_17,0.01
10.174999999999999,-61.154999999999994,75_18,0.01
10.184999999999999,-61.154999999999994,75_19,0.01
10.195,-61.154999999999994,75_20,0.01
10.205,-61.155,75_21,0.01
10.215,-61.154999999999994,75_22,0.01
10.225,-61.154999999999994,75_23,0.01
10.235000000000001,-61.154999999999994,75_24,0.01
10.245000000000003,-61.154999999999994,75_25,0.01
10.254999999999999,-61.154999999999994,75_26,0.01
10.265,-61.154999999999994,75_27,0.01
10.275,-61.154999999999994,75_28,0.01
10.285000000000002,-61.154999999999994,75_29,0.01
10.295,-61.155,75_30,0.01
10.305,-61.154999999999994,75_31,0.01
10.315000000000001,-61.154999999999994,75_32,0.01
10.325,-61.154999999999994,75_33,0.01
10.334999999999999,-61.154999999999994,75_34,0.01
10.344999999999999,-61.154999999999994,75_35,0.01
10.355,-61.154999999999994,75_36,0.01
10.364999999999997,-61.154999999999994,75_37,0.01
10.375,-61.155,75_38,0.01
10.385000000000002,-61.154999999999994,75_39,0.01
10.395,-61.154999999999994,75_40,0.01
10.405,-61.154999999999994,75_41,0.01
10.415000000000001,-61.154999999999994,75_42,0.01
10.425,-61.154999999999994,75_43,0.01
10.435,-61.154999999999994,75_44,0.01
10.444999999999999,-61.154999999999994,75_45,0.01
10.455000000000002,-61.155,75_46,0.01
10.465000000000002,-61.154999999999994,75_47,0.01
10.475000000000001,-61.154999999999994,75_48,0.01
10.485,-61.154999999999994,75_49,0.01
10.495,-61.154999999999994,75_50,0.01
10.504999999999999,-61.154999999999994,75_51,0.01
10.515,-61.154999999999994,75_52,0.01
10.524999999999999,-61.154999999999994,75_53,0.01
10.535,-61.154999999999994,75_54,0.01
10.545,-61.155,75_55,0.01
10.555000000000001,-61.154999999999994,75_56,0.01
10.565000000000003,-61.154999999999994,75_57,0.01
10.575,-61.154999999999994,75_58,0.01
10.585,-61.154999999999994,75_59,0.01
10.595,-61.154999999999994,75_60,0.01
10.605000000000002,-61.154999999999994,75_61,0.01
10.614999999999998,-61.154999999999994,75_62,0.01
10.625,-61.155,75_63,0.01
10.635000000000002,-61.154999999999994,75_64,0.01
10.645,-61.154999999999994,75_65,0.01
10.655,-61.154999999999994,75_66,0.01
10.665,-61.154999999999994,75_67,0.01
10.675,-61.154999999999994,75_68,0.01
10.684999999999997,-61.154999999999994,75_69,0.01
10.695,-61.154999999999994,75_70,0.01
10.705,-61.155,75_71,0.01
10.715,-61.154999999999994,75_72,0.01
10.725000000000003,-61.154999999999994,75_73,0.01
10.735000000000001,-61.154999999999994,75_74,0.01
10.745000000000001,-61.154999999999994,75_75,0.01
10.755,-61.154999999999994,75_76,0.01
10.764999999999999,-61.154999999999994,75_77,0.01
10.774999999999999,-61.154999999999994,75_78,0.01
10.785000000000002,-61.154999999999994,75_79,0.01
10.795,-61.155,75_80,0.01
10.805,-61.154999999999994,75_81,0.01
10.815,-61.154999999999994,75_82,0.01
10.084999999999999,-61.145,76_9,0.01
10.094999999999999,-61.145,76_10,0.01
10.105,-61.145,76_11,0.01
10.115,-61.145,76_12,0.01
10.125,-61.144999999999996,76_13,0.01
10.135000000000002,-61.145,76_14,0.01
10.145,-61.145,76_15,0.01
10.155000000000001,-61.145,76_16,0.01
10.165,-61.145,76_17,0.01
10.174999999999999,-61.145,76_18,0.01
10.184999999999999,-61.145,76_19,0.01
10.195,-61.145,76_20,0.01
10.205,-61.144999999999996,76_21,0.01
10.215,-61.145,76_22,0.01
10.225,-61.145,76_23,0.01
10.235000000000001,-61.145,76_24,0.01
10.245000000000003,-61.145,76_25,0.01
10.254999999999999,-61.145,76_26,0.01
10.265,-61.145,76_27,0.01
10.275,-61.145,76_28,0.01
10.285000000000002,-61.145,76_29,0.01
10.295,-61.144999999999996,76_30,0.01
10.305,-61.145,76_31,0.01
10.315000000000001,-61.145,76_32,0.01
10.325,-61.145,76_33,0.01
10.334999999999999,-61.145,76_34,0.01
10.344999999999999,-61.145,76_35,0.01
10.355,-61.145,76_36,0.01
10.364999999999997,-61.145,76_37,0.01
10.375,-61.144999999999996,76_38,0.01
10.385000000000002,-61.145,76_39,0.01
10.395,-61.145,76_40,0.01
10.405,-61.145,76_41,0.01
10.415000000000001,-61.145,76_42,0.01
10.425,-61.145,76_43,0.01
10.435,-61.145,76_44,0.01
10.444999999999999,-61.145,76_45,0.01
10.455000000000002,-61.144999999999996,76_46,0.01
10.465000000000002,-61.145,76_47,0.01
10.475000000000001,-61.145,76_48,0.01
10.485,-61.145,76_49,0.01
10.495,-61.145,76_50,0.01
10.504999999999999,-61.145,76_51,0.01
10.515,-61.145,76_52,0.01
10.524999999999999,-61.145,76_53,0.01
10.535,-61.145,76_54,0.01
10.545,-61.144999999999996,76_55,0.01
10.555000000000001,-61.145,76_56,0.01
10.565000000000003,-61.145,76_57,0.01
10.575,-61.145,76_58,0.01
10.585,-61.145,76_59,0.01
10.595,-61.145,76_60,0.01
10.605000000000002,-61.145,76_61,0.01
10.614999999999998,-61.145,76_62,0.01
10.625,-61.144999999999996,76_63,0.01
10.635000000000002,-61.145,76_64,0.01
10.645,-61.145,76_65,0.01
10.655,-61.145,76_66,0.01
10.665,-61.145,76_67,0.01
10.675,-61.145,76_68,0.01
10.684999999999997,-61.145,76_69,0.01
10.695,-61.145,76_70,0.01
10.705,-61.144999999999996,76_71,0.01
10.715,-61.145,76_72,0.01
10.725000000000003,-61.145,76_73,0.01
10.735000000000001,-61.145,76_74,0.01
10.745000000000001,-61.145,76_75,0.01
10.755,-61.145,76_76,0.01
10.764999999999999,-61.145,76_77,0.01
10.774999999999999,-61.145,76_78,0.01
10.785000000000002,-61.145,76_79,0.01
10.795,-61.144999999999996,76_80,0.01
10.805,-61.145,76_81,0.01
10.815,-61.145,76_82,0.01
10.825,-61.145,76_83,0.01
10.085,-61.13499999999999,77_9,0.01
10.095,-61.13499999999999,77_10,0.01
10.105,-61.13499999999999,77_11,0.01
10.114999999999998,-61.13499999999999,77_12,0.01
10.125,-61.135000000000005,77_13,0.01
10.135,-61.13499999999999,77_14,0.01
10.145000000000001,-61.13499999999999,77_15,0.01
10.155,-61.13499999999999,77_16,0.01
10.164999999999997,-61.13499999999999,77_17,0.01
10.175,-61.13499999999999,77_18,0.01
10.184999999999999,-61.13499999999999,77_19,0.01
10.195,-61.13499999999999,77_20,0.01
10.205,-61.135000000000005,77_21,0.01
10.215,-61.13499999999999,77_22,0.01
10.225,-61.13499999999999,77_23,0.01
10.235,-61.13499999999999,77_24,0.01
10.245000000000001,-61.13499999999999,77_25,0.01
10.254999999999999,-61.13499999999999,77_26,0.01
10.265,-61.13499999999999,77_27,0.01
10.275,-61.13499999999999,77_28,0.01
10.285,-61.13499999999999,77_29,0.01
10.295,-61.135000000000005,77_30,0.01
10.305,-61.13499999999999,77_31,0.01
10.315000000000001,-61.13499999999999,77_32,0.01
10.325,-61.13499999999999,77_33,0.01
10.335000000000003,-61.13499999999999,77_34,0.01
10.344999999999999,-61.13499999999999,77_35,0.01
10.354999999999999,-61.13499999999999,77_36,0.01
10.364999999999998,-61.13499999999999,77_37,0.01
10.375,-61.135000000000005,77_38,0.01
10.385000000000002,-61.13499999999999,77_39,0.01
10.395,-61.13499999999999,77_40,0.01
10.405,-61.13499999999999,77_41,0.01
10.415,-61.13499999999999,77_42,0.01
10.425,-61.13499999999999,77_43,0.01
10.434999999999999,-61.13499999999999,77_44,0.01
10.445,-61.13499999999999,77_45,0.01
10.455000000000002,-61.135000000000005,77_46,0.01
10.465,-61.13499999999999,77_47,0.01
10.475,-61.13499999999999,77_48,0.01
10.485000000000001,-61.13499999999999,77_49,0.01
10.495000000000001,-61.13499999999999,77_50,0.01
10.504999999999997,-61.13499999999999,77_51,0.01
10.515,-61.13499999999999,77_52,0.01
10.524999999999999,-61.13499999999999,77_53,0.01
10.535,-61.13499999999999,77_54,0.01
10.545,-61.135000000000005,77_55,0.01
10.555000000000001,-61.13499999999999,77_56,0.01
10.565000000000003,-61.13499999999999,77_57,0.01
10.575,-61.13499999999999,77_58,0.01
10.584999999999999,-61.13499999999999,77_59,0.01
10.594999999999999,-61.13499999999999,77_60,0.01
10.605,-61.13499999999999,77_61,0.01
10.614999999999997,-61.13499999999999,77_62,0.01
10.625,-61.135000000000005,77_63,0.01
10.635000000000002,-61.13499999999999,77_64,0.01
10.645,-61.13499999999999,77_65,0.01
10.655000000000001,-61.13499999999999,77_66,0.01
10.665,-61.13499999999999,77_67,0.01
10.675000000000002,-61.13499999999999,77_68,0.01
10.684999999999999,-61.13499999999999,77_69,0.01
10.694999999999999,-61.13499999999999,77_70,0.01
10.705,-61.135000000000005,77_71,0.01
10.715000000000002,-61.13499999999999,77_72,0.01
10.725000000000001,-61.13499999999999,77_73,0.01
10.735,-61.13499999999999,77_74,0.01
10.745000000000001,-61.13499999999999,77_75,0.01
10.754999999999999,-61.13499999999999,77_76,0.01
10.765,-61.13499999999999,77_77,0.01
10.774999999999999,-61.13499999999999,77_78,0.01
10.785,-61.13499999999999,77_79,0.01
10.795,-61.135000000000005,77_80,0.01
10.805,-61.13499999999999,77_81,0.01
10.815,-61.13499999999999,77_82,0.01
10.825000000000001,-61.13499999999999,77_83,0.01
10.084999999999999,-61.12500000000001,78_9,0.01
10.094999999999999,-61.12500000000001,78_10,0.01
10.105,-61.12500000000001,78_11,0.01
10.115,-61.12500000000001,78_12,0.01
10.125,-61.12499999999999,78_13,0.01
10.135000000000002,-61.12500000000001,78_14,0.01
10.145,-61.12500000000001,78_15,0.01
10.155000000000001,-61.12500000000001,78_16,0.01
10.165,-61.12500000000001,78_17,0.01
10.174999999999999,-61.12500000000001,78_18,0.01
10.184999999999999,-61.12500000000001,78_19,0.01
10.195,-61.12500000000001,78_20,0.01
10.205,-61.12499999999999,78_21,0.01
10.215,-61.12500000000001,78_22,0.01
10.225,-61.12500000000001,78_23,0.01
10.235000000000001,-61.12500000000001,78_24,0.01
10.245000000000003,-61.12500000000001,78_25,0.01
10.254999999999999,-61.12500000000001,78_26,0.01
10.265,-61.12500000000001,78_27,0.01
10.275,-61.12500000000001,78_28,0.01
10.285000000000002,-61.12500000000001,78_29,0.01
10.295,-61.12499999999999,78_30,0.01
10.305,-61.12500000000001,78_31,0.01
10.315000000000001,-61.12500000000001,78_32,0.01
10.325,-61.12500000000001,78_33,0.01
10.334999999999999,-61.12500000000001,78_34,0.01
10.344999999999999,-61.12500000000001,78_35,0.01
10.355,-61.12500000000001,78_36,0.01
10.364999999999997,-61.12500000000001,78_37,0.01
10.375,-61.12499999999999,78_38,0.01
10.385000000000002,-61.12500000000001,78_39,0.01
10.395,-61.12500000000001,78_40,0.01
10.405,-61.12500000000001,78_41,0.01
10.415000000000001,-61.12500000000001,78_42,0.01
10.425,-61.12500000000001,78_43,0.01
10.435,-61.12500000000001,78_44,0.01
10.444999999999999,-61.12500000000001,78_45,0.01
10.455000000000002,-61.12499999999999,78_46,0.01
10.465000000000002,-61.12500000000001,78_47,0.01
10.475000000000001,-61.12500000000001,78_48,0.01
10.485,-61.12500000000001,78_49,0.01
10.495,-61.12500000000001,78_50,0.01
10.504999999999999,-61.12500000000001,78_51,0.01
10.515,-61.12500000000001,78_52,0.01
10.524999999999999,-61.12500000000001,78_53,0.01
10.535,-61.12500000000001,78_54,0.01
10.545,-61.12499999999999,78_55,0.01
10.555000000000001,-61.12500000000001,78_56,0.01
10.565000000000003,-61.12500000000001,78_57,0.01
10.575,-61.12500000000001,78_58,0.01
10.585,-61.12500000000001,78_59,0.01
10.595,-61.12500000000001,78_60,0.01
10.605000000000002,-61.12500000000001,78_61,0.01
10.614999999999998,-61.12500000000001,78_62,0.01
10.625,-61.12499999999999,78_63,0.01
10.635000000000002,-61.12500000000001,78_64,0.01
10.645,-61.12500000000001,78_65,0.01
10.655,-61.12500000000001,78_66,0.01
10.665,-61.12500000000001,78_67,0.01
10.675,-61.12500000000001,78_68,0.01
10.684999999999997,-61.12500000000001,78_69,0.01
10.695,-61.12500000000001,78_70,0.01
10.705,-61.12499999999999,78_71,0.01
10.715,-61.12500000000001,78_72,0.01
10.725000000000003,-61.12500000000001,78_73,0.01
10.735000000000001,-61.12500000000001,78_74,0.01
10.745000000000001,-61.12500000000001,78_75,0.01
10.755,-61.12500000000001,78_76,0.01
10.764999999999999,-61.12500000000001,78_77,0.01
10.774999999999999,-61.12500000000001,78_78,0.01
10.785000000000002,-61.12500000000001,78_79,0.01
10.795,-61.12499999999999,78_80,0.01
10.805,-61.12500000000001,78_81,0.01
10.815,-61.12500000000001,78_82,0.01
10.825,-61.12500000000001,78_83,0.01
10.094999999999999,-61.114999999999995,79_10,0.01
10.105,-61.114999999999995,79_11,0.01
10.115,-61.114999999999995,79_12,0.01
10.125,-61.115,79_13,0.01
10.135000000000002,-61.114999999999995,79_14,0.01
10.145,-61.114999999999995,79_15,0.01
10.155000000000001,-61.114999999999995,79_16,0.01
10.165,-61.114999999999995,79_17,0.01
10.174999999999999,-61.114999999999995,79_18,0.01
10.184999999999999,-61.114999999999995,79_19,0.01
10.195,-61.114999999999995,79_20,0.01
10.205,-61.115,79_21,0.01
10.215,-61.114999999999995,79_22,0.01
10.225,-61.114999999999995,79_23,0.01
10.235000000000001,-61.114999999999995,79_24,0.01
10.245000000000003,-61.114999999999995,79_25,0.01
10.254999999999999,-61.114999999999995,79_26,0.01
10.265,-61.114999999999995,79_27,0.01
10.275,-61.114999999999995,79_28,0.01
10.285000000000002,-61.114999999999995,79_29,0.01
10.295,-61.115,79_30,0.01
10.305,-61.114999999999995,79_31,0.01
10.315000000000001,-61.114999999999995,79_32,0.01
10.325,-61.114999999999995,79_33,0.01
10.334999999999999,-61.114999999999995,79_34,0.01
10.344999999999999,-61.114999999999995,79_35,0.01
10.355,-61.114999999999995,79_36,0.01
10.364999999999997,-61.114999999999995,79_37,0.01
10.375,-61.115,79_38,0.01
10.385000000000002,-61.114999999999995,79_39,0.01
10.395,-61.114999999999995,79_40,0.01
10.405,-61.114999999999995,79_41,0.01
10.415000000000001,-61.114999999999995,79_42,0.01
10.425,-61.114999999999995,79_43,0.01
10.435,-61.114999999999995,79_44,0.01
10.444999999999999,-61.114999999999995,79_45,0.01
10.455000000000002,-61.115,79_46,0.01
10.465000000000002,-61.114999999999995,79_47,0.01
10.475000000000001,-61.114999999999995,79_48,0.01
10.485,-61.114999999999995,79_49,0.01
10.495,-61.114999999999995,79_50,0.01
10.504999999999999,-61.114999999999995,79_51,0.01
10.515,-61.114999999999995,79_52,0.01
10.524999999999999,-61.114999999999995,79_53,0.01
10.535,-61.114999999999995,79_54,0.01
10.545,-61.115,79_55,0.01
10.555000000000001,-61.114999999999995,79_56,0.01
10.565000000000003,-61.114999999999995,79_57,0.01
10.575,-61.114999999999995,79_58,0.01
10.585,-61.114999999999995,79_59,0.01
10.595,-61.114999999999995,79_60,0.01
10.605000000000002,-61.114999999999995,79_61,0.01
10.614999999999998,-61.114999999999995,79_62,0.01
10.625,-61.115,79_63,0.01
10.635000000000002,-61.114999999999995,79_64,0.01
10.645,-61.114999999999995,79_65,0.01
10.655,-61.114999999999995,79_66,0.01
10.665,-61.114999999999995,79_67,0.01
10.675,-61.114999999999995,79_68,0.01
10.684999999999997,-61.114999999999995,79_69,0.01
10.695,-61.114999999999995,79_70,0.01
10.705,-61.115,79_71,0.01
10.715,-61.114999999999995,79_72,0.01
10.725000000000003,-61.114999999999995,79_73,0.01
10.735000000000001,-61.114999999999995,79_74,0.01
10.745000000000001,-61.114999999999995,79_75,0.01
10.755,-61.114999999999995,79_76,0.01
10.764999999999999,-61.114999999999995,79_77,0.01
10.774999999999999,-61.114999999999995,79_78,0.01
10.785000000000002,-61.114999999999995,79_79,0.01
10.795,-61.115,79_80,0.01
10.805,-61.114999999999995,79_81,0.01
10.815,-61.114999999999995,79_82,0.01
10.825,-61.114999999999995,79_83,0.01
10.094999999999999,-61.105000000000004,80_10,0.01
10.105,-61.105000000000004,80_11,0.01
10.115,-61.105000000000004,80_12,0.01
10.125,-61.10499999999999,80_13,0.01
10.135000000000002,-61.105000000000004,80_14,0.01
10.145,-61.105000000000004,80_15,0.01
10.155000000000001,-61.105000000000004,80_16,0.01
10.165,-61.105000000000004,80_17,0.01
10.174999999999999,-61.105000000000004,80_18,0.01
10.184999999999999,-61.105000000000004,80_19,0.01
10.195,-61.105000000000004,80_20,0.01
10.205,-61.10499999999999,80_21,0.01
10.215,-61.105000000000004,80_22,0.01
10.225,-61.105000000000004,80_23,0.01
10.235000000000001,-61.105000000000004,80_24,0.01
10.245000000000003,-61.105000000000004,80_25,0.01
10.254999999999999,-61.105000000000004,80_26,0.01
10.265,-61.105000000000004,80_27,0.01
10.275,-61.105000000000004,80_28,0.01
10.285000000000002,-61.105000000000004,80_29,0.01
10.295,-61.10499999999999,80_30,0.01
10.305,-61.105000000000004,80_31,0.01
10.315000000000001,-61.105000000000004,80_32,0.01
10.325,-61.105000000000004,80_33,0.01
10.334999999999999,-61.105000000000004,80_34,0.01
10.344999999999999,-61.105000000000004,80_35,0.01
10.355,-61.105000000000004,80_36,0.01
10.364999999999997,-61.105000000000004,80_37,0.01
10.375,-61.10499999999999,80_38,0.01
10.385000000000002,-61.105000000000004,80_39,0.01
10.395,-61.105000000000004,80_40,0.01
10.405,-61.105000000000004,80_41,0.01
10.415000000000001,-61.105000000000004,80_42,0.01
10.425,-61.105000000000004,80_43,0.01
10.435,-61.105000000000004,80_44,0.01
10.444999999999999,-61.105000000000004,80_45,0.01
10.455000000000002,-61.10499999999999,80_46,0.01
10.465000000000002,-61.105000000000004,80_47,0.01
10.475000000000001,-61.105000000000004,80_48,0.01
10.485,-61.105000000000004,80_49,0.01
10.495,-61.105000000000004,80_50,0.01
10.504999999999999,-61.105000000000004,80_51,0.01
10.515,-61.105000000000004,80_52,0.01
10.524999999999999,-61.105000000000004,80_53,0.01
10.535,-61.105000000000004,80_54,0.01
10.545,-61.10499999999999,80_55,0.01
10.555000000000001,-61.105000000000004,80_56,0.01
10.565000000000003,-61.105000000000004,80_57,0.01
10.575,-61.105000000000004,80_58,0.01
10.585,-61.105000000000004,80_59,0.01
10.595,-61.105000000000004,80_60,0.01
10.605000000000002,-61.105000000000004,80_61,0.01
10.614999999999998,-61.105000000000004,80_62,0.01
10.625,-61.10499999999999,80_63,0.01
10.635000000000002,-61.105000000000004,80_64,0.01
10.645,-61.105000000000004,80_65,0.01
10.655,-61.105000000000004,80_66,0.01
10.665,-61.105000000000004,80_67,0.01
10.675,-61.105000000000004,80_68,0.01
10.684999999999997,-61.105000000000004,80_69,0.01
10.695,-61.105000000000004,80_70,0.01
10.705,-61.10499999999999,80_71,0.01
10.715,-61.105000000000004,80_72,0.01
10.725000000000003,-61.105000000000004,80_73,0.01
10.735000000000001,-61.105000000000004,80_74,0.01
10.745000000000001,-61.105000000000004,80_75,0.01
10.755,-61.105000000000004,80_76,0.01
10.764999999999999,-61.105000000000004,80_77,0.01
10.774999999999999,-61.105000000000004,80_78,0.01
10.785000000000002,-61.105000000000004,80_79,0.01
10.795,-61.10499999999999,80_80,0.01
10.805,-61.105000000000004,80_81,0.01
10.815,-61.105000000000004,80_82,0.01
10.825,-61.105000000000004,80_83,0.01
10.105,-61.09499999999999,81_11,0.01
10.114999999999998,-61.09499999999999,81_12,0.01
10.125,-61.095,81_13,0.01
10.135,-61.09499999999999,81_14,0.01
10.145000000000001,-61.09499999999999,81_15,0.01
10.155,-61.09499999999999,81_16,0.01
10.164999999999997,-61.09499999999999,81_17,0.01
10.175,-61.09499999999999,81_18,0.01
10.184999999999999,-61.09499999999999,81_19,0.01
10.195,-61.09499999999999,81_20,0.01
10.205,-61.095,81_21,0.01
10.215,-61.09499999999999,81_22,0.01
10.225,-61.09499999999999,81_23,0.01
10.235,-61.09499999999999,81_24,0.01
10.245000000000001,-61.09499999999999,81_25,0.01
10.254999999999999,-61.09499999999999,81_26,0.01
10.265,-61.09499999999999,81_27,0.01
10.275,-61.09499999999999,81_28,0.01
10.285,-61.09499999999999,81_29,0.01
10.295,-61.095,81_30,0.01
10.305,-61.09499999999999,81_31,0.01
10.315000000000001,-61.09499999999999,81_32,0.01
10.325,-61.09499999999999,81_33,0.01
10.335000000000003,-61.09499999999999,81_34,0.01
10.344999999999999,-61.09499999999999,81_35,0.01
10.354999999999999,-61.09499999999999,81_36,0.01
10.364999999999998,-61.09499999999999,81_37,0.01
10.375,-61.095,81_38,0.01
10.385000000000002,-61.09499999999999,81_39,0.01
10.395,-61.09499999999999,81_40,0.01
10.405,-61.09499999999999,81_41,0.01
10.415,-61.09499999999999,81_42,0.01
10.425,-61.09499999999999,81_43,0.01
10.434999999999999,-61.09499999999999,81_44,0.01
10.445,-61.09499999999999,81_45,0.01
10.455000000000002,-61.095,81_46,0.01
10.465,-61.09499999999999,81_47,0.01
10.475,-61.09499999999999,81_48,0.01
10.485000000000001,-61.09499999999999,81_49,0.01
10.495000000000001,-61.09499999999999,81_50,0.01
10.504999999999997,-61.09499999999999,81_51,0.01
10.515,-61.09499999999999,81_52,0.01
10.524999999999999,-61.09499999999999,81_53,0.01
10.535,-61.09499999999999,81_54,0.01
10.545,-61.095,81_55,0.01
10.555000000000001,-61.09499999999999,81_56,0.01
10.565000000000003,-61.09499999999999,81_57,0.01
10.575,-61.09499999999999,81_58,0.01
10.584999999999999,-61.09499999999999,81_59,0.01
10.594999999999999,-61.09499999999999,81_60,0.01
10.605,-61.09499999999999,81_61,0.01
10.614999999999997,-61.09499999999999,81_62,0.01
10.625,-61.095,81_63,0.01
10.635000000000002,-61.09499999999999,81_64,0.01
10.645,-61.09499999999999,81_65,0.01
10.655000000000001,-61.09499999999999,81_66,0.01
10.665,-61.09499999999999,81_67,0.01
10.675000000000002,-61.09499999999999,81_68,0.01
10.684999999999999,-61.09499999999999,81_69,0.01
10.694999999999999,-61.09499999999999,81_70,0.01
10.705,-61.095,81_71,0.01
10.715000000000002,-61.09499999999999,81_72,0.01
10.725000000000001,-61.09499999999999,81_73,0.01
10.735,-61.09499999999999,81_74,0.01
10.745000000000001,-61.09499999999999,81_75,0.01
10.754999999999999,-61.09499999999999,81_76,0.01
10.765,-61.09499999999999,81_77,0.01
10.774999999999999,-61.09499999999999,81_78,0.01
10.785,-61.09499999999999,81_79,0.01
10.795,-61.095,81_80,0.01
10.805,-61.09499999999999,81_81,0.01
10.815,-61.09499999999999,81_82,0.01
10.825000000000001,-61.09499999999999,81_83,0.01
10.105,-61.085,82_11,0.01
10.115,-61.085,82_12,0.01
10.125,-61.084999999999994,82_13,0.01
10.135000000000002,-61.085,82_14,0.01
10.145,-61.085,82_15,0.01
10.155000000000001,-61.085,82_16,0.01
10.165,-61.085,82_17,0.01
10.174999999999999,-61.085,82_18,0.01
10.184999999999999,-61.085,82_19,0.01
10.195,-61.085,82_20,0.01
10.205,-61.084999999999994,82_21,0.01
10.215,-61.085,82_22,0.01
10.225,-61.085,82_23,0.01
10.235000000000001,-61.085,82_24,0.01
10.245000000000003,-61.085,82_25,0.01
10.254999999999999,-61.085,82_26,0.01
10.265,-61.085,82_27,0.01
10.275,-61.085,82_28,0.01
10.285000000000002,-61.085,82_29,0.01
10.295,-61.084999999999994,82_30,0.01
10.305,-61.085,82_31,0.01
10.315000000000001,-61.085,82_32,0.01
10.325,-61.085,82_33,0.01
10.334999999999999,-61.085,82_34,0.01
10.344999999999999,-61.085,82_35,0.01
10.355,-61.085,82_36,0.01
10.364999999999997,-61.085,82_37,0.01
10.375,-61.084999999999994,82_38,0.01
10.385000000000002,-61.085,82_39,0.01
10.395,-61.085,82_40,0.01
10.405,-61.085,82_41,0.01
10.415000000000001,-61.085,82_42,0.01
10.425,-61.085,82_43,0.01
10.435,-61.085,82_44,0.01
10.444999999999999,-61.085,82_45,0.01
10.455000000000002,-61.084999999999994,82_46,0.01
10.465000000000002,-61.085,82_47,0.01
10.475000000000001,-61.085,82_48,0.01
10.485,-61.085,82_49,0.01
10.495,-61.085,82_50,0.01
10.504999999999999,-61.085,82_51,0.01
10.515,-61.085,82_52,0.01
10.524999999999999,-61.085,82_53,0.01
10.535,-61.085,82_54,0.01
10.545,-61.084999999999994,82_55,0.01
10.555000000000001,-61.085,82_56,0.01
10.565000000000003,-61.085,82_57,0.01
10.575,-61.085,82_58,0.01
10.585,-61.085,82_59,0.01
10.595,-61.085,82_60,0.01
10.605000000000002,-61.085,82_61,0.01
10.614999999999998,-61.085,82_62,0.01
10.625,-61.084999999999994,82_63,0.01
10.635000000000002,-61.085,82_64,0.01
10.645,-61.085,82_65,0.01
10.655,-61.085,82_66,0.01
10.665,-61.085,82_67,0.01
10.675,-61.085,82_68,0.01
10.684999999999997,-61.085,82_69,0.01
10.695,-61.085,82_70,0.01
10.705,-61.084999999999994,82_71,0.01
10.715,-61.085,82_72,0.01
10.725000000000003,-61.085,82_73,0.01
10.735000000000001,-61.085,82_74,0.01
10.745000000000001,-61.085,82_75,0.01
10.755,-61.085,82_76,0.01
10.764999999999999,-61.085,82_77,0.01
10.774999999999999,-61.085,82_78,0.01
10.785000000000002,-61.085,82_79,0.01
10.795,-61.084999999999994,82_80,0.01
10.805,-61.085,82_81,0.01
10.815,-61.085,82_82,0.01
10.825,-61.085,82_83,0.01
10.115,-61.075,83_12,0.01
10.125,-61.07500000000001,83_13,0.01
10.135000000000002,-61.075,83_14,0.01
10.145,-61.075,83_15,0.01
10.155000000000001,-61.075,83_16,0.01
10.165,-61.075,83_17,0.01
10.174999999999999,-61.075,83_18,0.01
10.184999999999999,-61.075,83_19,0.01
10.195,-61.075,83_20,0.01
10.205,-61.07500000000001,83_21,0.01
10.215,-61.075,83_22,0.01
10.225,-61.075,83_23,0.01
10.235000000000001,-61.075,83_24,0.01
10.245000000000003,-61.075,83_25,0.01
10.254999999999999,-61.075,83_26,0.01
10.265,-61.075,83_27,0.01
10.275,-61.075,83_28,0.01
10.285000000000002,-61.075,83_29,0.01
10.295,-61.07500000000001,83_30,0.01
10.305,-61.075,83_31,0.01
10.315000000000001,-61.075,83_32,0.01
10.325,-61.075,83_33,0.01
10.334999999999999,-61.075,83_34,0.01
10.344999999999999,-61.075,83_35,0.01
10.355,-61.075,83_36,0.01
10.364999999999997,-61.075,83_37,0.01
10.375,-61.07500000000001,83_38,0.01
10.385000000000002,-61.075,83_39,0.01
10.395,-61.075,83_40,0.01
10.405,-61.075,83_41,0.01
10.415000000000001,-61.075,83_42,0.01
10.425,-61.075,83_43,0.01
10.435,-61.075,83_44,0.01
10.444999999999999,-61.075,83_45,0.01
10.455000000000002,-61.07500000000001,83_46,0.01
10.465000000000002,-61.075,83_47,0.01
10.475000000000001,-61.075,83_48,0.01
10.485,-61.075,83_49,0.01
10.495,-61.075,83_50,0.01
10.504999999999999,-61.075,83_51,0.01
10.515,-61.075,83_52,0.01
10.524999999999999,-61.075,83_53,0.01
10.535,-61.075,83_54,0.01
10.545,-61.07500000000001,83_55,0.01
10.555000000000001,-61.075,83_56,0.01
10.565000000000003,-61.075,83_57,0.01
10.575,-61.075,83_58,0.01
10.585,-61.075,83_59,0.01
10.595,-61.075,83_60,0.01
10.605000000000002,-61.075,83_61,0.01
10.614999999999998,-61.075,83_62,0.01
10.625,-61.07500000000001,83_63,0.01
10.635000000000002,-61.075,83_64,0.01
10.645,-61.075,83_65,0.01
10.655,-61.075,83_66,0.01
10.665,-61.075,83_67,0.01
10.675,-61.075,83_68,0.01
10.684999999999997,-61.075,83_69,0.01
10.695,-61.075,83_70,0.01
10.705,-61.07500000000001,83_71,0.01
10.715,-61.075,83_72,0.01
10.725000000000003,-61.075,83_73,0.01
10.735000000000001,-61.075,83_74,0.01
10.745000000000001,-61.075,83_75,0.01
10.755,-61.075,83_76,0.01
10.764999999999999,-61.075,83_77,0.01
10.774999999999999,-61.075,83_78,0.01
10.785000000000002,-61.075,83_79,0.01
10.795,-61.07500000000001,83_80,0.01
10.805,-61.075,83_81,0.01
10.815,-61.075,83_82,0.01
10.825,-61.075,83_83,0.01
10.835000000000003,-61.075,83_84,0.01
10.114999999999998,-61.065000000000005,84_12,0.01
10.125,-61.065,84_13,0.01
10.135,-61.065000000000005,84_14,0.01
10.145000000000001,-61.065000000000005,84_15,0.01
10.155,-61.065000000000005,84_16,0.01
10.164999999999997,-61.065000000000005,84_17,0.01
10.175,-61.065000000000005,84_18,0.01
10.184999999999999,-61.065000000000005,84_19,0.01
10.195,-61.065000000000005,84_20,0.01
10.205,-61.065,84_21,0.01
10.215,-61.065000000000005,84_22,0.01
10.225,-61.065000000000005,84_23,0.01
10.235,-61.065000000000005,84_24,0.01
10.245000000000001,-61.065000000000005,84_25,0.01
10.254999999999999,-61.065000000000005,84_26,0.01
10.265,-61.065000000000005,84_27,0.01
10.275,-61.065000000000005,84_28,0.01
10.285,-61.065000000000005,84_29,0.01
10.295,-61.065,84_30,0.01
10.305,-61.065000000000005,84_31,0.01
10.315000000000001,-61.065000000000005,84_32,0.01
10.325,-61.065000000000005,84_33,0.01
10.335000000000003,-61.065000000000005,84_34,0.01
10.344999999999999,-61.065000000000005,84_35,0.01
10.354999999999999,-61.065000000000005,84_36,0.01
10.364999999999998,-61.065000000000005,84_37,0.01
10.375,-61.065,84_38,0.01
10.385000000000002,-61.065000000000005,84_39,0.01
10.395,-61.065000000000005,84_40,0.01
10.405,-61.065000000000005,84_41,0.01
10.415,-61.065000000000005,84_42,0.01
10.425,-61.065000000000005,84_43,0.01
10.434999999999999,-61.065000000000005,84_44,0.01
10.445,-61.065000000000005,84_45,0.01
10.455000000000002,-61.065,84_46,0.01
10.465,-61.065000000000005,84_47,0.01
10.475,-61.065000000000005,84_48,0.01
10.485000000000001,-61.065000000000005,84_49,0.01
10.495000000000001,-61.065000000000005,84_50,0.01
10.504999999999997,-61.065000000000005,84_51,0.01
10.515,-61.065000000000005,84_52,0.01
10.524999999999999,-61.065000000000005,84_53,0.01
10.535,-61.065000000000005,84_54,0.01
10.545,-61.065,84_55,0.01
10.555000000000001,-61.065000000000005,84_56,0.01
10.565000000000003,-61.065000000000005,84_57,0.01
10.575,-61.065000000000005,84_58,0.01
10.584999999999999,-61.065000000000005,84_59,0.01
10.594999999999999,-61.065000000000005,84_60,0.01
10.605,-61.065000000000005,84_61,0.01
10.614999999999997,-61.065000000000005,84_62,0.01
10.625,-61.065,84_63,0.01
10.635000000000002,-61.065000000000005,84_64,0.01
10.645,-61.065000000000005,84_65,0.01
10.655000000000001,-61.065000000000005,84_66,0.01
10.665,-61.065000000000005,84_67,0.01
10.675000000000002,-61.065000000000005,84_68,0.01
10.684999999999999,-61.065000000000005,84_69,0.01
10.694999999999999,-61.065000000000005,84_70,0.01
10.705,-61.065,84_71,0.01
10.715000000000002,-61.065000000000005,84_72,0.01
10.725000000000001,-61.065000000000005,84_73,0.01
10.735,-61.065000000000005,84_74,0.01
10.745000000000001,-61.065000000000005,84_75,0.01
10.754999999999999,-61.065000000000005,84_76,0.01
10.765,-61.065000000000005,84_77,0.01
10.774999999999999,-61.065000000000005,84_78,0.01
10.785,-61.065000000000005,84_79,0.01
10.795,-61.065,84_80,0.01
10.805,-61.065000000000005,84_81,0.01
10.815,-61.065000000000005,84_82,0.01
10.825000000000001,-61.065000000000005,84_83,0.01
10.835,-61.065000000000005,84_84,0.01
10.115,-61.054999999999986,85_12,0.01
10.125,-61.055,85_13,0.01
10.135000000000002,-61.054999999999986,85_14,0.01
10.145,-61.054999999999986,85_15,0.01
10.155000000000001,-61.054999999999986,85_16,0.01
10.165,-61.054999999999986,85_17,0.01
10.174999999999999,-61.054999999999986,85_18,0.01
10.184999999999999,-61.054999999999986,85_19,0.01
10.195,-61.054999999999986,85_20,0.01
10.205,-61.055,85_21,0.01
10.215,-61.054999999999986,85_22,0.01
10.225,-61.054999999999986,85_23,0.01
10.235000000000001,-61.054999999999986,85_24,0.01
10.245000000000003,-61.054999999999986,85_25,0.01
10.254999999999999,-61.054999999999986,85_26,0.01
10.265,-61.054999999999986,85_27,0.01
10.275,-61.054999999999986,85_28,0.01
10.285000000000002,-61.054999999999986,85_29,0.01
10.295,-61.055,85_30,0.01
10.305,-61.054999999999986,85_31,0.01
10.315000000000001,-61.054999999999986,85_32,0.01
10.325,-61.054999999999986,85_33,0.01
10.334999999999999,-61.054999999999986,85_34,0.01
10.344999999999999,-61.054999999999986,85_35,0.01
10.355,-61.054999999999986,85_36,0.01
10.364999999999997,-61.054999999999986,85_37,0.01
10.375,-61.055,85_38,0.01
10.385000000000002,-61.054999999999986,85_39,0.01
10.395,-61.054999999999986,85_40,0.01
10.405,-61.054999999999986,85_41,0.01
10.415000000000001,-61.054999999999986,85_42,0.01
10.425,-61.054999999999986,85_43,0.01
10.435,-61.054999999999986,85_44,0.01
10.444999999999999,-61.054999999999986,85_45,0.01
10.455000000000002,-61.055,85_46,0.01
10.465000000000002,-61.054999999999986,85_47,0.01
10.475000000000001,-61.054999999999986,85_48,0.01
10.485,-61.054999999999986,85_49,0.01
10.495,-61.054999999999986,85_50,0.01
10.504999999999999,-61.054999999999986,85_51,0.01
10.515,-61.054999999999986,85_52,0.01
10.524999999999999,-61.054999999999986,85_53,0.01
10.535,-61.054999999999986,85_54,0.01
10.545,-61.055,85_55,0.01
10.555000000000001,-61.054999999999986,85_56,0.01
10.565000000000003,-61.054999999999986,85_57,0.01
10.575,-61.054999999999986,85_58,0.01
10.585,-61.054999999999986,85_59,0.01
10.595,-61.054999999999986,85_60,0.01
10.605000000000002,-61.054999999999986,85_61,0.01
10.614999999999998,-61.054999999999986,85_62,0.01
10.625,-61.055,85_63,0.01
10.635000000000002,-61.054999999999986,85_64,0.01
10.645,-61.054999999999986,85_65,0.01
10.655,-61.054999999999986,85_66,0.01
10.665,-61.054999999999986,85_67,0.01
10.675,-61.054999999999986,85_68,0.01
10.684999999999997,-61.054999999999986,85_69,0.01
10.695,-61.054999999999986,85_70,0.01
10.705,-61.055,85_71,0.01
10.715,-61.054999999999986,85_72,0.01
10.725000000000003,-61.054999999999986,85_73,0.01
10.735000000000001,-61.054999999999986,85_74,0.01
10.745000000000001,-61.054999999999986,85_75,0.01
10.755,-61.054999999999986,85_76,0.01
10.764999999999999,-61.054999999999986,85_77,0.01
10.774999999999999,-61.054999999999986,85_78,0.01
10.785000000000002,-61.054999999999986,85_79,0.01
10.795,-61.055,85_80,0.01
10.805,-61.054999999999986,85_81,0.01
10.815,-61.054999999999986,85_82,0.01
10.825,-61.054999999999986,85_83,0.01
10.835000000000003,-61.054999999999986,85_84,0.01
10.135000000000002,-61.045,86_14,0.01
10.145,-61.045,86_15,0.01
10.155000000000001,-61.045,86_16,0.01
10.165,-61.045,86_17,0.01
10.174999999999999,-61.045,86_18,0.01
10.184999999999999,-61.045,86_19,0.01
10.195,-61.045,86_20,0.01
10.205,-61.044999999999995,86_21,0.01
10.215,-61.045,86_22,0.01
10.225,-61.045,86_23,0.01
10.235000000000001,-61.045,86_24,0.01
10.245000000000003,-61.045,86_25,0.01
10.254999999999999,-61.045,86_26,0.01
10.265,-61.045,86_27,0.01
10.275,-61.045,86_28,0.01
10.285000000000002,-61.045,86_29,0.01
10.295,-61.044999999999995,86_30,0.01
10.305,-61.045,86_31,0.01
10.315000000000001,-61.045,86_32,0.01
10.325,-61.045,86_33,0.01
10.334999999999999,-61.045,86_34,0.01
10.344999999999999,-61.045,86_35,0.01
10.355,-61.045,86_36,0.01
10.364999999999997,-61.045,86_37,0.01
10.375,-61.044999999999995,86_38,0.01
10.385000000000002,-61.045,86_39,0.01
10.395,-61.045,86_40,0.01
10.405,-61.045,86_41,0.01
10.415000000000001,-61.045,86_42,0.01
10.425,-61.045,86_43,0.01
10.435,-61.045,86_44,0.01
10.444999999999999,-61.045,86_45,0.01
10.455000000000002,-61.044999999999995,86_46,0.01
10.465000000000002,-61.045,86_47,0.01
10.475000000000001,-61.045,86_48,0.01
10.485,-61.045,86_49,0.01
10.495,-61.045,86_50,0.01
10.504999999999999,-61.045,86_51,0.01
10.515,-61.045,86_52,0.01
10.524999999999999,-61.045,86_53,0.01
10.535,-61.045,86_54,0.01
10.545,-61.044999999999995,86_55,0.01
10.555000000000001,-61.045,86_56,0.01
10.565000000000003,-61.045,86_57,0.01
10.575,-61.045,86_58,0.01
10.585,-61.045,86_59,0.01
10.595,-61.045,86_60,0.01
10.605000000000002,-61.045,86_61,0.01
10.614999999999998,-61.045,86_62,0.01
10.625,-61.044999999999995,86_63,0.01
10.635000000000002,-61.045,86_64,0.01
10.645,-61.045,86_65,0.01
10.655,-61.045,86_66,0.01
10.665,-61.045,86_67,0.01
10.675,-61.045,86_68,0.01
10.684999999999997,-61.045,86_69,0.01
10.695,-61.045,86_70,0.01
10.705,-61.044999999999995,86_71,0.01
10.715,-61.045,86_72,0.01
10.725000000000003,-61.045,86_73,0.01
10.735000000000001,-61.045,86_74,0.01
10.745000000000001,-61.045,86_75,0.01
10.755,-61.045,86_76,0.01
10.764999999999999,-61.045,86_77,0.01
10.774999999999999,-61.045,86_78,0.01
10.785000000000002,-61.045,86_79,0.01
10.795,-61.044999999999995,86_80,0.01
10.805,-61.045,86_81,0.01
10.815,-61.045,86_82,0.01
10.825,-61.045,86_83,0.01
10.835000000000003,-61.045,86_84,0.01
10.844999999999999,-61.045,86_85,0.01
10.145,-61.035,87_15,0.01
10.155000000000001,-61.035,87_16,0.01
10.165,-61.035,87_17,0.01
10.174999999999999,-61.035,87_18,0.01
10.184999999999999,-61.035,87_19,0.01
10.195,-61.035,87_20,0.01
10.205,-61.03499999999999,87_21,0.01
10.215,-61.035,87_22,0.01
10.225,-61.035,87_23,0.01
10.235000000000001,-61.035,87_24,0.01
10.245000000000003,-61.035,87_25,0.01
10.254999999999999,-61.035,87_26,0.01
10.265,-61.035,87_27,0.01
10.275,-61.035,87_28,0.01
10.285000000000002,-61.035,87_29,0.01
10.295,-61.03499999999999,87_30,0.01
10.305,-61.035,87_31,0.01
10.315000000000001,-61.035,87_32,0.01
10.325,-61.035,87_33,0.01
10.334999999999999,-61.035,87_34,0.01
10.344999999999999,-61.035,87_35,0.01
10.355,-61.035,87_36,0.01
10.364999999999997,-61.035,87_37,0.01
10.375,-61.03499999999999,87_38,0.01
10.385000000000002,-61.035,87_39,0.01
10.395,-61.035,87_40,0.01
10.405,-61.035,87_41,0.01
10.415000000000001,-61.035,87_42,0.01
10.425,-61.035,87_43,0.01
10.435,-61.035,87_44,0.01
10.444999999999999,-61.035,87_45,0.01
10.455000000000002,-61.03499999999999,87_46,0.01
10.465000000000002,-61.035,87_47,0.01
10.515,-61.035,87_52,0.01
10.524999999999999,-61.035,87_53,0.01
10.535,-61.035,87_54,0.01
10.545,-61.03499999999999,87_55,0.01
10.555000000000001,-61.035,87_56,0.01
10.565000000000003,-61.035,87_57,0.01
10.575,-61.035,87_58,0.01
10.585,-61.035,87_59,0.01
10.595,-61.035,87_60,0.01
10.605000000000002,-61.035,87_61,0.01
10.614999999999998,-61.035,87_62,0.01
10.625,-61.03499999999999,87_63,0.01
10.635000000000002,-61.035,87_64,0.01
10.645,-61.035,87_65,0.01
10.655,-61.035,87_66,0.01
10.665,-61.035,87_67,0.01
10.675,-61.035,87_68,0.01
10.684999999999997,-61.035,87_69,0.01
10.695,-61.035,87_70,0.01
10.705,-61.03499999999999,87_71,0.01
10.715,-61.035,87_72,0.01
10.725000000000003,-61.035,87_73,0.01
10.735000000000001,-61.035,87_74,0.01
10.745000000000001,-61.035,87_75,0.01
10.755,-61.035,87_76,0.01
10.764999999999999,-61.035,87_77,0.01
10.774999999999999,-61.035,87_78,0.01
10.785000000000002,-61.035,87_79,0.01
10.795,-61.03499999999999,87_80,0.01
10.805,-61.035,87_81,0.01
10.815,-61.035,87_82,0.01
10.825,-61.035,87_83,0.01
10.835000000000003,-61.035,87_84,0.01
10.844999999999999,-61.035,87_85,0.01
10.145000000000001,-61.025,88_15,0.01
10.155,-61.025,88_16,0.01
10.164999999999997,-61.025,88_17,0.01
10.175,-61.025,88_18,0.01
10.184999999999999,-61.025,88_19,0.01
10.195,-61.025,88_20,0.01
10.205,-61.025,88_21,0.01
10.215,-61.025,88_22,0.01
10.225,-61.025,88_23,0.01
10.235,-61.025,88_24,0.01
10.245000000000001,-61.025,88_25,0.01
10.254999999999999,-61.025,88_26,0.01
10.265,-61.025,88_27,0.01
10.275,-61.025,88_28,0.01
10.285,-61.025,88_29,0.01
10.295,-61.025,88_30,0.01
10.305,-61.025,88_31,0.01
10.315000000000001,-61.025,88_32,0.01
10.325,-61.025,88_33,0.01
10.335000000000003,-61.025,88_34,0.01
10.344999999999999,-61.025,88_35,0.01
10.354999999999999,-61.025,88_36,0.01
10.364999999999998,-61.025,88_37,0.01
10.375,-61.025,88_38,0.01
10.385000000000002,-61.025,88_39,0.01
10.395,-61.025,88_40,0.01
10.405,-61.025,88_41,0.01
10.415,-61.025,88_42,0.01
10.425,-61.025,88_43,0.01
10.515,-61.025,88_52,0.01
10.524999999999999,-61.025,88_53,0.01
10.535,-61.025,88_54,0.01
10.545,-61.025,88_55,0.01
10.555000000000001,-61.025,88_56,0.01
10.565000000000003,-61.025,88_57,0.01
10.575,-61.025,88_58,0.01
10.584999999999999,-61.025,88_59,0.01
10.594999999999999,-61.025,88_60,0.01
10.605,-61.025,88_61,0.01
10.614999999999997,-61.025,88_62,0.01
10.625,-61.025,88_63,0.01
10.694999999999999,-61.025,88_70,0.01
10.705,-61.025,88_71,0.01
10.715000000000002,-61.025,88_72,0.01
10.725000000000001,-61.025,88_73,0.01
10.735,-61.025,88_74,0.01
10.745000000000001,-61.025,88_75,0.01
10.754999999999999,-61.025,88_76,0.01
10.765,-61.025,88_77,0.01
10.774999999999999,-61.025,88_78,0.01
10.785,-61.025,88_79,0.01
10.795,-61.025,88_80,0.01
10.805,-61.025,88_81,0.01
10.815,-61.025,88_82,0.01
10.825000000000001,-61.025,88_83,0.01
10.835,-61.025,88_84,0.01
10.845,-61.025,88_85,0.01
10.155000000000001,-61.015,89_16,0.01
10.165,-61.015,89_17,0.01
10.174999999999999,-61.015,89_18,0.01
10.184999999999999,-61.015,89_19,0.01
10.195,-61.015,89_20,0.01
10.205,-61.015,89_21,0.01
10.215,-61.015,89_22,0.01
10.225,-61.015,89_23,0.01
10.235000000000001,-61.015,89_24,0.01
10.245000000000003,-61.015,89_25,0.01
10.254999999999999,-61.015,89_26,0.01
10.265,-61.015,89_27,0.01
10.275,-61.015,89_28,0.01
10.285000000000002,-61.015,89_29,0.01
10.295,-61.015,89_30,0.01
10.305,-61.015,89_31,0.01
10.315000000000001,-61.015,89_32,0.01
10.325,-61.015,89_33,0.01
10.334999999999999,-61.015,89_34,0.01
10.344999999999999,-61.015,89_35,0.01
10.355,-61.015,89_36,0.01
10.364999999999997,-61.015,89_37,0.01
10.375,-61.015,89_38,0.01
10.385000000000002,-61.015,89_39,0.01
10.395,-61.015,89_40,0.01
10.524999999999999,-61.015,89_53,0.01
10.535,-61.015,89_54,0.01
10.545,-61.015,89_55,0.01
10.555000000000001,-61.015,89_56,0.01
10.575,-61.015,89_58,0.01
10.705,-61.015,89_71,0.01
10.715,-61.015,89_72,0.01
10.725000000000003,-61.015,89_73,0.01
10.735000000000001,-61.015,89_74,0.01
10.745000000000001,-61.015,89_75,0.01
10.755,-61.015,89_76,0.01
10.764999999999999,-61.015,89_77,0.01
10.774999999999999,-61.015,89_78,0.01
10.785000000000002,-61.015,89_79,0.01
10.795,-61.015,89_80,0.01
10.805,-61.015,89_81,0.01
10.815,-61.015,89_82,0.01
10.825,-61.015,89_83,0.01
10.835000000000003,-61.015,89_84,0.01
10.844999999999999,-61.015,89_85,0.01
10.135000000000002,-61.004999999999995,90_14,0.01
10.145,-61.004999999999995,90_15,0.01
10.155000000000001,-61.004999999999995,90_16,0.01
10.165,-61.004999999999995,90_17,0.01
10.174999999999999,-61.004999999999995,90_18,0.01
10.184999999999999,-61.004999999999995,90_19,0.01
10.195,-61.004999999999995,90_20,0.01
10.205,-61.00499999999999,90_21,0.01
10.215,-61.004999999999995,90_22,0.01
10.225,-61.004999999999995,90_23,0.01
10.235000000000001,-61.004999999999995,90_24,0.01
10.245000000000003,-61.004999999999995,90_25,0.01
10.254999999999999,-61.004999999999995,90_26,0.01
10.265,-61.004999999999995,90_27,0.01
10.275,-61.004999999999995,90_28,0.01
10.285000000000002,-61.004999999999995,90_29,0.01
10.295,-61.00499999999999,90_30,0.01
10.305,-61.004999999999995,90_31,0.01
10.315000000000001,-61.004999999999995,90_32,0.01
10.325,-61.004999999999995,90_33,0.01
10.334999999999999,-61.004999999999995,90_34,0.01
10.344999999999999,-61.004999999999995,90_35,0.01
10.355,-61.004999999999995,90_36,0.01
10.364999999999997,-61.004999999999995,90_37,0.01
10.705,-61.00499999999999,90_71,0.01
10.715,-61.004999999999995,90_72,0.01
10.725000000000003,-61.004999999999995,90_73,0.01
10.735000000000001,-61.004999999999995,90_74,0.01
10.745000000000001,-61.004999999999995,90_75,0.01
10.755,-61.004999999999995,90_76,0.01
10.764999999999999,-61.004999999999995,90_77,0.01
10.774999999999999,-61.004999999999995,90_78,0.01
10.785000000000002,-61.004999999999995,90_79,0.01
10.795,-61.00499999999999,90_80,0.01
10.805,-61.004999999999995,90_81,0.01
10.815,-61.004999999999995,90_82,0.01
10.825,-61.004999999999995,90_83,0.01
10.835000000000003,-61.004999999999995,90_84,0.01
10.844999999999999,-61.004999999999995,90_85,0.01
10.995000000000001,-61.004999999999995,90_100,0.01
11.004999999999997,-61.004999999999995,90_101,0.01
10.135000000000002,-60.99500000000001,91_14,0.01
10.145,-60.99500000000001,91_15,0.01
10.155000000000001,-60.99500000000001,91_16,0.01
10.165,-60.99500000000001,91_17,0.01
10.174999999999999,-60.99500000000001,91_18,0.01
10.254999999999999,-60.99500000000001,91_26,0.01
10.265,-60.99500000000001,91_27,0.01
10.275,-60.99500000000001,91_28,0.01
10.285000000000002,-60.99500000000001,91_29,0.01
10.295,-60.995000000000005,91_30,0.01
10.305,-60.99500000000001,91_31,0.01
10.315000000000001,-60.99500000000001,91_32,0.01
10.325,-60.99500000000001,91_33,0.01
10.334999999999999,-60.99500000000001,91_34,0.01
10.344999999999999,-60.99500000000001,91_35,0.01
10.705,-60.995000000000005,91_71,0.01
10.715,-60.99500000000001,91_72,0.01
10.725000000000003,-60.99500000000001,91_73,0.01
10.735000000000001,-60.99500000000001,91_74,0.01
10.745000000000001,-60.99500000000001,91_75,0.01
10.755,-60.99500000000001,91_76,0.01
10.764999999999999,-60.99500000000001,91_77,0.01
10.774999999999999,-60.99500000000001,91_78,0.01
10.785000000000002,-60.99500000000001,91_79,0.01
10.795,-60.995000000000005,91_80,0.01
10.805,-60.99500000000001,91_81,0.01
10.815,-60.99500000000001,91_82,0.01
10.825,-60.99500000000001,91_83,0.01
10.835000000000003,-60.99500000000001,91_84,0.01
10.995000000000001,-60.99500000000001,91_100,0.01
11.004999999999997,-60.99500000000001,91_101,0.01
10.135,-60.98500000000001,92_14,0.01
10.145000000000001,-60.98500000000001,92_15,0.01
10.315000000000001,-60.98500000000001,92_32,0.01
10.325,-60.98500000000001,92_33,0.01
10.335000000000003,-60.98500000000001,92_34,0.01
10.715000000000002,-60.98500000000001,92_72,0.01
10.725000000000001,-60.98500000000001,92_73,0.01
10.735,-60.98500000000001,92_74,0.01
10.745000000000001,-60.98500000000001,92_75,0.01
10.754999999999999,-60.98500000000001,92_76,0.01
10.765,-60.98500000000001,92_77,0.01
10.774999999999999,-60.98500000000001,92_78,0.01
10.785,-60.98500000000001,92_79,0.01
10.795,-60.985,92_80,0.01
10.805,-60.98500000000001,92_81,0.01
10.815,-60.98500000000001,92_82,0.01
10.825000000000001,-60.98500000000001,92_83,0.01
10.835,-60.98500000000001,92_84,0.01
10.325,-60.974999999999994,93_33,0.01
10.334999999999999,-60.974999999999994,93_34,0.01
10.344999999999999,-60.974999999999994,93_35,0.01
10.735000000000001,-60.974999999999994,93_74,0.01
10.745000000000001,-60.974999999999994,93_75,0.01
10.755,-60.974999999999994,93_76,0.01
10.764999999999999,-60.974999999999994,93_77,0.01
10.774999999999999,-60.974999999999994,93_78,0.01
10.785000000000002,-60.974999999999994,93_79,0.01
10.795,-60.974999999999994,93_80,0.01
10.805,-60.974999999999994,93_81,0.01
10.815,-60.974999999999994,93_82,0.01
10.825,-60.974999999999994,93_83,0.01
10.835000000000003,-60.974999999999994,93_84,0.01
10.325,-60.96499999999999,94_33,0.01
10.334999999999999,-60.96499999999999,94_34,0.01
10.344999999999999,-60.96499999999999,94_35,0.01
10.745000000000001,-60.96499999999999,94_75,0.01
10.755,-60.96499999999999,94_76,0.01
10.764999999999999,-60.96499999999999,94_77,0.01
10.774999999999999,-60.96499999999999,94_78,0.01
10.785000000000002,-60.96499999999999,94_79,0.01
10.795,-60.965,94_80,0.01
10.805,-60.96499999999999,94_81,0.01
10.815,-60.96499999999999,94_82,0.01
10.825,-60.96499999999999,94_83,0.01
10.835000000000003,-60.96499999999999,94_84,0.01
10.754999999999999,-60.95499999999999,95_76,0.01
10.765,-60.95499999999999,95_77,0.01
10.774999999999999,-60.95499999999999,95_78,0.01
10.785,-60.95499999999999,95_79,0.01
10.795,-60.95499999999999,95_80,0.01
10.805,-60.95499999999999,95_81,0.01
10.815,-60.95499999999999,95_82,0.01
10.825000000000001,-60.95499999999999,95_83,0.01
10.835,-60.95499999999999,95_84,0.01
10.764999999999999,-60.94499999999999,96_77,0.01
10.774999999999999,-60.94499999999999,96_78,0.01
10.785000000000002,-60.94499999999999,96_79,0.01
10.795,-60.944999999999986,96_80,0.01
10.805,-60.94499999999999,96_81,0.01
10.815,-60.94499999999999,96_82,0.01
10.825,-60.94499999999999,96_83,0.01
10.835000000000003,-60.94499999999999,96_84,0.01
10.844999999999999,-60.94499999999999,96_85,0.01
10.795,-60.935,97_80,0.01
10.805,-60.93500000000001,97_81,0.01
10.815,-60.93500000000001,97_82,0.01
10.825,-60.93500000000001,97_83,0.01
10.835000000000003,-60.93500000000001,97_84,0.01
10.844999999999999,-60.93500000000001,97_85,0.01
10.805,-60.925000000000004,98_81,0.01
10.815,-60.925000000000004,98_82,0.01
10.825,-60.925000000000004,98_83,0.01
10.835000000000003,-60.925000000000004,98_84,0.01
10.805,-60.915,99_81,0.01
10.815,-60.915,99_82,0.01
10.825000000000001,-60.915,99_83,0.01
10.835,-60.915,99_84,0.01
10.835000000000003,-60.90499999999999,100_84,0.01
11.145,-60.845000000000006,106_115,0.01
11.155,-60.845000000000006,106_116,0.01
11.165000000000001,-60.845000000000006,106_117,0.01
11.175,-60.845000000000006,106_118,0.01
11.145,-60.834999999999994,107_115,0.01
11.154999999999998,-60.834999999999994,107_116,0.01
11.165,-60.834999999999994,107_117,0.01
11.175,-60.834999999999994,107_118,0.01
11.145,-60.82500000000001,108_115,0.01
11.154999999999998,-60.82500000000001,108_116,0.01
11.165,-60.82500000000001,108_117,0.01
11.175,-60.82500000000001,108_118,0.01
11.145,-60.815,109_115,0.01
11.155,-60.815,109_116,0.01
11.165000000000001,-60.815,109_117,0.01
11.175,-60.815,109_118,0.01
11.184999999999997,-60.815,109_119,0.01
11.135,-60.80499999999999,110_114,0.01
11.145,-60.80499999999999,110_115,0.01
11.154999999999998,-60.80499999999999,110_116,0.01
11.165,-60.80499999999999,110_117,0.01
11.175,-60.80499999999999,110_118,0.01
11.184999999999999,-60.80499999999999,110_119,0.01
11.135,-60.794999999999995,111_114,0.01
11.145,-60.794999999999995,111_115,0.01
11.154999999999998,-60.794999999999995,111_116,0.01
11.165,-60.794999999999995,111_117,0.01
11.175,-60.794999999999995,111_118,0.01
11.184999999999999,-60.794999999999995,111_119,0.01
11.194999999999999,-60.794999999999995,111_120,0.01
11.205,-60.794999999999995,111_121,0.01
11.135,-60.785000000000004,112_114,0.01
11.145,-60.785000000000004,112_115,0.01
11.154999999999998,-60.785000000000004,112_116,0.01
11.165,-60.785000000000004,112_117,0.01
11.175,-60.785000000000004,112_118,0.01
11.184999999999999,-60.785000000000004,112_119,0.01
11.194999999999999,-60.785000000000004,112_120,0.01
11.205,-60.785,112_121,0.01
11.215,-60.785000000000004,112_122,0.01
11.225000000000001,-60.785000000000004,112_123,0.01
11.145,-60.775,113_115,0.01
11.155,-60.775,113_116,0.01
11.165000000000001,-60.775,113_117,0.01
11.175,-60.775,113_118,0.01
11.184999999999997,-60.775,113_119,0.01
11.195,-60.775,113_120,0.01
11.205000000000002,-60.775,113_121,0.01
11.215,-60.775,113_122,0.01
11.225000000000001,-60.775,113_123,0.01
11.154999999999998,-60.76500000000001,114_116,0.01
11.165,-60.76500000000001,114_117,0.01
11.175,-60.76500000000001,114_118,0.01
11.184999999999999,-60.76500000000001,114_119,0.01
11.194999999999999,-60.76500000000001,114_120,0.01
11.205,-60.765,114_121,0.01
11.215,-60.76500000000001,114_122,0.01
11.225000000000001,-60.76500000000001,114_123,0.01
11.235000000000001,-60.76500000000001,114_124,0.01
11.165,-60.754999999999995,115_117,0.01
11.175,-60.754999999999995,115_118,0.01
11.184999999999999,-60.754999999999995,115_119,0.01
11.194999999999999,-60.754999999999995,115_120,0.01
11.205,-60.755,115_121,0.01
11.215,-60.754999999999995,115_122,0.01
11.225000000000001,-60.754999999999995,115_123,0.01
11.235000000000001,-60.754999999999995,115_124,0.01
11.245000000000001,-60.754999999999995,115_125,0.01
11.175,-60.745,116_118,0.01
11.184999999999999,-60.745,116_119,0.01
11.194999999999999,-60.745,116_120,0.01
11.205,-60.74500000000001,116_121,0.01
11.215,-60.745,116_122,0.01
11.225000000000001,-60.745,116_123,0.01
11.235000000000001,-60.745,116_124,0.01
11.245000000000001,-60.745,116_125,0.01
11.254999999999999,-60.745,116_126,0.01
11.175,-60.73499999999999,117_118,0.01
11.184999999999997,-60.73499999999999,117_119,0.01
11.195,-60.73499999999999,117_120,0.01
11.205000000000002,-60.73500000000001,117_121,0.01
11.215,-60.73499999999999,117_122,0.01
11.225000000000001,-60.73499999999999,117_123,0.01
11.235000000000001,-60.73499999999999,117_124,0.01
11.245000000000003,-60.73499999999999,117_125,0.01
11.254999999999999,-60.73499999999999,117_126,0.01
11.165,-60.725,118_117,0.01
11.175,-60.725,118_118,0.01
11.184999999999999,-60.725,118_119,0.01
11.194999999999999,-60.725,118_120,0.01
11.205,-60.724999999999994,118_121,0.01
11.215,-60.725,118_122,0.01
11.225000000000001,-60.725,118_123,0.01
11.235000000000001,-60.725,118_124,0.01
11.245000000000001,-60.725,118_125,0.01
11.254999999999999,-60.725,118_126,0.01
11.265,-60.725,118_127,0.01
11.165,-60.714999999999996,119_117,0.01
11.175,-60.714999999999996,119_118,0.01
11.184999999999999,-60.714999999999996,119_119,0.01
11.194999999999999,-60.714999999999996,119_120,0.01
11.205,-60.715,119_121,0.01
11.215,-60.714999999999996,119_122,0.01
11.225000000000001,-60.714999999999996,119_123,0.01
11.235000000000001,-60.714999999999996,119_124,0.01
11.245000000000001,-60.714999999999996,119_125,0.01
11.254999999999999,-60.714999999999996,119_126,0.01
11.265,-60.714999999999996,119_127,0.01
11.175,-60.705000000000005,120_118,0.01
11.184999999999997,-60.705000000000005,120_119,0.01
11.195,-60.705000000000005,120_120,0.01
11.205000000000002,-60.705,120_121,0.01
11.215,-60.705000000000005,120_122,0.01
11.225000000000001,-60.705000000000005,120_123,0.01
11.235000000000001,-60.705000000000005,120_124,0.01
11.245000000000003,-60.705000000000005,120_125,0.01
11.254999999999999,-60.705000000000005,120_126,0.01
11.264999999999999,-60.705000000000005,120_127,0.01
11.274999999999999,-60.705000000000005,120_128,0.01
11.175,-60.69499999999999,121_118,0.01
11.184999999999999,-60.69499999999999,121_119,0.01
11.194999999999999,-60.69499999999999,121_120,0.01
11.205,-60.695,121_121,0.01
11.215,-60.69499999999999,121_122,0.01
11.225000000000001,-60.69499999999999,121_123,0.01
11.235000000000001,-60.69499999999999,121_124,0.01
11.245000000000001,-60.69499999999999,121_125,0.01
11.254999999999999,-60.69499999999999,121_126,0.01
11.265,-60.69499999999999,121_127,0.01
11.274999999999997,-60.69499999999999,121_128,0.01
11.285,-60.69499999999999,121_129,0.01
11.194999999999999,-60.684999999999995,122_120,0.01
11.205,-60.684999999999995,122_121,0.01
11.215,-60.684999999999995,122_122,0.01
11.225000000000001,-60.684999999999995,122_123,0.01
11.235000000000001,-60.684999999999995,122_124,0.01
11.245000000000001,-60.684999999999995,122_125,0.01
11.254999999999999,-60.684999999999995,122_126,0.01
11.265,-60.684999999999995,122_127,0.01
11.274999999999997,-60.684999999999995,122_128,0.01
11.285,-60.684999999999995,122_129,0.01
11.294999999999998,-60.684999999999995,122_130,0.01
11.194999999999999,-60.67500000000001,123_120,0.01
11.205,-60.67500000000001,123_121,0.01
11.215,-60.67500000000001,123_122,0.01
11.225000000000001,-60.67500000000001,123_123,0.01
11.235000000000001,-60.67500000000001,123_124,0.01
11.245000000000001,-60.67500000000001,123_125,0.01
11.254999999999999,-60.67500000000001,123_126,0.01
11.265,-60.67500000000001,123_127,0.01
11.274999999999997,-60.67500000000001,123_128,0.01
11.285,-60.67500000000001,123_129,0.01
11.294999999999998,-60.67500000000001,123_130,0.01
11.184999999999997,-60.665000000000006,124_119,0.01
11.195,-60.665000000000006,124_120,0.01
11.205000000000002,-60.665,124_121,0.01
11.215,-60.665000000000006,124_122,0.01
11.225000000000001,-60.665000000000006,124_123,0.01
11.235000000000001,-60.665000000000006,124_124,0.01
11.245000000000003,-60.665000000000006,124_125,0.01
11.254999999999999,-60.665000000000006,124_126,0.01
11.264999999999999,-60.665000000000006,124_127,0.01
11.274999999999999,-60.665000000000006,124_128,0.01
11.285,-60.665000000000006,124_129,0.01
11.294999999999998,-60.665,124_130,0.01
11.305,-60.665000000000006,124_131,0.01
11.184999999999999,-60.654999999999994,125_119,0.01
11.194999999999999,-60.654999999999994,125_120,0.01
11.205,-60.655,125_121,0.01
11.215,-60.654999999999994,125_122,0.01
11.225000000000001,-60.654999999999994,125_123,0.01
11.235000000000001,-60.654999999999994,125_124,0.01
11.245000000000001,-60.654999999999994,125_125,0.01
11.254999999999999,-60.654999999999994,125_126,0.01
11.265,-60.654999999999994,125_127,0.01
11.274999999999997,-60.654999999999994,125_128,0.01
11.285,-60.654999999999994,125_129,0.01
11.294999999999998,-60.655,125_130,0.01
11.305,-60.654999999999994,125_131,0.01
11.184999999999999,-60.644999999999996,126_119,0.01
11.194999999999999,-60.644999999999996,126_120,0.01
11.205,-60.644999999999996,126_121,0.01
11.215,-60.644999999999996,126_122,0.01
11.225000000000001,-60.644999999999996,126_123,0.01
11.235000000000001,-60.644999999999996,126_124,0.01
11.245000000000001,-60.644999999999996,126_125,0.01
11.254999999999999,-60.644999999999996,126_126,0.01
11.265,-60.644999999999996,126_127,0.01
11.274999999999997,-60.644999999999996,126_128,0.01
11.285,-60.644999999999996,126_129,0.01
11.294999999999998,-60.644999999999996,126_130,0.01
11.305,-60.644999999999996,126_131,0.01
11.195,-60.63499999999999,127_120,0.01
11.205000000000002,-60.63499999999999,127_121,0.01
11.215,-60.63499999999999,127_122,0.01
11.225000000000001,-60.63499999999999,127_123,0.01
11.235000000000001,-60.63499999999999,127_124,0.01
11.245000000000003,-60.63499999999999,127_125,0.01
11.254999999999999,-60.63499999999999,127_126,0.01
11.264999999999999,-60.63499999999999,127_127,0.01
11.274999999999999,-60.63499999999999,127_128,0.01
11.285,-60.63499999999999,127_129,0.01
11.294999999999998,-60.63499999999999,127_130,0.01
11.305,-60.63499999999999,127_131,0.01
11.315000000000001,-60.63499999999999,127_132,0.01
11.205,-60.625,128_121,0.01
11.215,-60.62499999999999,128_122,0.01
11.225000000000001,-60.62499999999999,128_123,0.01
11.235000000000001,-60.62499999999999,128_124,0.01
11.245000000000001,-60.62499999999999,128_125,0.01
11.254999999999999,-60.62499999999999,128_126,0.01
11.265,-60.62499999999999,128_127,0.01
11.274999999999997,-60.62499999999999,128_128,0.01
11.285,-60.62499999999999,128_129,0.01
11.294999999999998,-60.625,128_130,0.01
11.305,-60.62499999999999,128_131,0.01
11.315000000000001,-60.62499999999999,128_132,0.01
11.215,-60.61500000000001,129_122,0.01
11.225000000000001,-60.61500000000001,129_123,0.01
11.235000000000001,-60.61500000000001,129_124,0.01
11.245000000000001,-60.61500000000001,129_125,0.01
11.254999999999999,-60.61500000000001,129_126,0.01
11.265,-60.61500000000001,129_127,0.01
11.274999999999997,-60.61500000000001,129_128,0.01
11.285,-60.61500000000001,129_129,0.01
11.294999999999998,-60.614999999999995,129_130,0.01
11.305,-60.61500000000001,129_131,0.01
11.315000000000001,-60.61500000000001,129_132,0.01
11.324999999999998,-60.61500000000001,129_133,0.01
11.215,-60.605,130_122,0.01
11.225000000000001,-60.605,130_123,0.01
11.235000000000001,-60.605,130_124,0.01
11.245000000000001,-60.605,130_125,0.01
11.254999999999999,-60.605,130_126,0.01
11.265,-60.605,130_127,0.01
11.274999999999997,-60.605,130_128,0.01
11.285,-60.605,130_129,0.01
11.294999999999998,-60.605000000000004,130_130,0.01
11.305,-60.605,130_131,0.01
11.315000000000001,-60.605,130_132,0.01
11.324999999999998,-60.605,130_133,0.01
11.215,-60.59499999999999,131_122,0.01
11.225000000000001,-60.59499999999999,131_123,0.01
11.235000000000001,-60.59499999999999,131_124,0.01
11.245000000000003,-60.59499999999999,131_125,0.01
11.254999999999999,-60.59499999999999,131_126,0.01
11.264999999999999,-60.59499999999999,131_127,0.01
11.274999999999999,-60.59499999999999,131_128,0.01
11.285,-60.59499999999999,131_129,0.01
11.294999999999998,-60.595000000000006,131_130,0.01
11.305,-60.59499999999999,131_131,0.01
11.315000000000001,-60.59499999999999,131_132,0.01
11.325,-60.59499999999999,131_133,0.01
11.235000000000001,-60.584999999999994,132_124,0.01
11.245000000000001,-60.584999999999994,132_125,0.01
11.254999999999999,-60.584999999999994,132_126,0.01
11.265,-60.584999999999994,132_127,0.01
11.274999999999997,-60.584999999999994,132_128,0.01
11.285,-60.584999999999994,132_129,0.01
11.294999999999998,-60.585,132_130,0.01
11.305,-60.584999999999994,132_131,0.01
11.315000000000001,-60.584999999999994,132_132,0.01
11.324999999999998,-60.584999999999994,132_133,0.01
11.335,-60.584999999999994,132_134,0.01
11.245000000000001,-60.575,133_125,0.01
11.254999999999999,-60.575,133_126,0.01
11.265,-60.575,133_127,0.01
11.274999999999997,-60.575,133_128,0.01
11.285,-60.575,133_129,0.01
11.294999999999998,-60.574999999999996,133_130,0.01
11.305,-60.575,133_131,0.01
11.315000000000001,-60.575,133_132,0.01
11.324999999999998,-60.575,133_133,0.01
11.235000000000001,-60.565,134_124,0.01
11.245000000000003,-60.565,134_125,0.01
11.254999999999999,-60.565,134_126,0.01
11.264999999999999,-60.565,134_127,0.01
11.274999999999999,-60.565,134_128,0.01
11.285,-60.565,134_129,0.01
11.294999999999998,-60.565,134_130,0.01
11.305,-60.565,134_131,0.01
11.315000000000001,-60.565,134_132,0.01
11.235000000000001,-60.555,135_124,0.01
11.245000000000001,-60.555,135_125,0.01
11.254999999999999,-60.555,135_126,0.01
11.265,-60.555,135_127,0.01
11.274999999999997,-60.555,135_128,0.01
11.285,-60.555,135_129,0.01
11.294999999999998,-60.555,135_130,0.01
11.305,-60.555,135_131,0.01
11.315000000000001,-60.555,135_132,0.01
11.324999999999998,-60.555,135_133,0.01
11.335,-60.555,135_134,0.01
11.254999999999999,-60.54499999999999,136_126,0.01
11.265,-60.54499999999999,136_127,0.01
11.274999999999997,-60.54499999999999,136_128,0.01
11.285,-60.54499999999999,136_129,0.01
11.294999999999998,-60.54499999999999,136_130,0.01
11.305,-60.54499999999999,136_131,0.01
11.315000000000001,-60.54499999999999,136_132,0.01
11.324999999999998,-60.54499999999999,136_133,0.01
11.335,-60.54499999999999,136_134,0.01
11.345,-60.54499999999999,136_135,0.01
11.254999999999999,-60.535000000000004,137_126,0.01
11.265,-60.535000000000004,137_127,0.01
11.274999999999997,-60.535000000000004,137_128,0.01
11.285,-60.535000000000004,137_129,0.01
11.294999999999998,-60.535000000000004,137_130,0.01
11.305,-60.535000000000004,137_131,0.01
11.315000000000001,-60.535000000000004,137_132,0.01
11.324999999999998,-60.535000000000004,137_133,0.01
11.335,-60.535000000000004,137_134,0.01
11.345,-60.535000000000004,137_135,0.01
11.264999999999999,-60.525000000000006,138_127,0.01
11.274999999999999,-60.525000000000006,138_128,0.01
11.285,-60.525000000000006,138_129,0.01
11.294999999999998,-60.52499999999999,138_130,0.01
11.305,-60.525000000000006,138_131,0.01
11.315000000000001,-60.525000000000006,138_132,0.01
11.325,-60.525000000000006,138_133,0.01
11.335,-60.525000000000006,138_134,0.01
11.345,-60.525000000000006,138_135,0.01
11.355000000000002,-60.525000000000006,138_136,0.01
11.294999999999998,-60.515,139_130,0.01
11.305,-60.51499999999999,139_131,0.01
11.315000000000001,-60.51499999999999,139_132,0.01
11.324999999999998,-60.51499999999999,139_133,0.01
11.335,-60.51499999999999,139_134,0.01
11.354999999999999,-60.51499999999999,139_136,0.01
11.294999999999998,-60.50499999999999,140_130,0.01
11.305,-60.50499999999998,140_131,0.01
